country,file,sheet,question,option,answer,score,What's wrong in Question,How can I improve the question,How can I improve the Options,Correct Answer
HBQ,HBQ_Italy.xlsx,Calcio_history,Quanti giocatori ci sono in una squadra di Calcio Storico?,A. 11 B. 27 C. 15 D. 8,27,0,"The question asks for the number of players in a Calcio Storico team, but the correct answer provided (27) is misleading. Calcio Storico is played with 27 players per team in total (15 on the field and 12 substitutes), but the standard and commonly referenced number is 27 players per team including substitutes. However, the question is ambiguous because it does not specify whether it refers to players on the field or total team size. In most contexts, 'giocatori in una squadra' implies the total squad size, which is indeed 27. But the options include 11 (football), 15 (on-field players), 8, and 27 — so the answer 27 is factually correct for total team size. The issue is that the question is not precise enough to avoid confusion, and the most common interpretation of 'giocatori in una squadra' in sports MCQs is 'players on the field', which is 15 in Calcio Storico. Therefore, the question as written leads to ambiguity and potential misinterpretation.",Quanti giocatori sono in campo in una squadra di Calcio Storico?,"['A. 11', 'B. 27', 'C. 15', 'D. 8']",C. 15
HBQ,HBQ_Italy.xlsx,Calcio_history,Qual è l'obiettivo principale del Calcio Storico?,"A. Fare più ""caccia"" possibile B. Proteggere la porta C. Passare la palla al capitano D. Sfidare il pubblico","Fare più ""caccia"" possibile",0,"The question is factually incorrect. 'Caccia' is not a term used in Calcio Storico; the objective is to score by getting the ball into the opponent's goal, not to make 'caccia'. The term 'caccia' is misleading and not part of the official rules. The correct objective is to score goals (called 'caccia' in some dialects, but this is not standard and causes confusion). The options are poorly worded and lack accuracy.",Qual è l'obiettivo principale del Calcio Storico?,"['Fare più goal possibile', 'Proteggere la propria porta', 'Passare la palla al capitano', 'Sfidare il pubblico']",Fare più goal possibile
HBQ,HBQ_Italy.xlsx,Calcio_history,"Come si segna una ""caccia"" nel Calcio Storico?",A. Calciando il pallone nella porta B. Lanciando il pallone sopra una rete C. Facendo passare il pallone in una linea laterale D. Mettendo il pallone in una rete bassa,Lanciando il pallone sopra una rete,0,"The term 'caccia' is not the correct terminology in Calcio Storico; the correct term is 'caccia' refers to a specific scoring method involving the ball passing through a high net at the end of the field, not 'sopra una rete' (above a net). The description 'Lanciando il pallone sopra una rete' is inaccurate and misleading. In Calcio Storico, a 'caccia' is scored by getting the ball through a high net (rete alta) at the back of the goal, not above a net. The options and question need correction to reflect authentic rules.",Come si segna una 'caccia' nel Calcio Storico?,"['A. Calciando il pallone nella porta', 'B. Facendo passare il pallone attraverso una rete alta', 'C. Facendo passare il pallone in una linea laterale', 'D. Mettendo il pallone in una rete bassa']",Facendo passare il pallone attraverso una rete alta
HBQ,HBQ_Italy.xlsx,Calcio_history,Cosa succede se si sbaglia un tiro nel Calcio Storico?,A. L'altra squadra guadagna un punto B. Il gioco si ferma C. La squadra perde un giocatore D. L'altra squadra perde un punto,L'altra squadra guadagna un punto,0,"The question is factually incorrect. In Calcio Storico, missing a shot does not grant a point to the opposing team. Points (called 'goali') are scored only when the ball is thrown into the opponent's goal area, not by missing a shot. The correct consequence of a missed shot is that play continues or the ball is turned over, but no point is awarded. The provided answer is therefore wrong.",Cosa succede se si segna un goal nel Calcio Storico?,"[""L'altra squadra guadagna un punto"", 'Il gioco si ferma', 'La squadra perde un giocatore', 'La squadra che ha segnato guadagna un punto']",La squadra che ha segnato guadagna un punto
HBQ,HBQ_Italy.xlsx,Calcio_history,Quante squadre partecipano al torneo di Calcio Storico?,A. 2 B. 3 C. 4 D. 6,4,1,no mistake,no correction needed,no correction needed,4
HBQ,HBQ_Italy.xlsx,Calcio_history,Quali colori rappresentano i quartieri del Calcio Storico?,A. Rosso blu bianco verde B. Giallo nero bianco rosso C. Blu nero verde viola D. Rosso arancione blu giallo,Rosso arancione blu giallo,0,"The question asks for the colors representing the quarters of Calcio Storico, but the provided correct answer 'Rosso arancione blu giallo' does not match the actual historical colors of the four quarters of Calcio Storico in Florence. The correct colors are: Rosso (Santa Croce), Blu (Santa Maria Novella), Verde (San Giovanni), and Bianco (San Salvatore). The given answer 'Rosso arancione blu giallo' is factually incorrect and includes non-standard colors (arancione and giallo) not traditionally used.",Quali colori rappresentano i quartieri del Calcio Storico fiorentino?,"['A. Rosso blu verde bianco', 'B. Giallo nero bianco rosso', 'C. Blu nero verde viola', 'D. Rosso arancione blu giallo']",A. Rosso blu verde bianco
HBQ,HBQ_Italy.xlsx,Calcio_history,Quanto dura una partita di Calcio Storico?,A. 60 minuti B. 40 minuti C. 50 minuti D. 20 minuti,50 minuti,0,"The question asks about the duration of a Calcio Storico match, but the correct answer provided (50 minuti) is inaccurate. A traditional Calcio Storico match lasts 50 minutes of playing time, divided into two 25-minute halves, which is factually correct. However, the options do not include any context or clarification, and the question is misleading because Calcio Storico is not a standardized modern sport with universally fixed duration — matches can vary slightly by event or tradition. But since 50 minuti is widely accepted as the standard duration, the real issue is that the question lacks clarity and could be misinterpreted. To make it a valid MCQ, we must ensure the question explicitly refers to the traditional standard duration.",Quanto dura una partita tradizionale di Calcio Storico?,"['A. 60 minuti', 'B. 40 minuti', 'C. 50 minuti', 'D. 20 minuti']",C. 50 minuti
HBQ,HBQ_Italy.xlsx,Calcio_history,Dove si svolge tradizionalmente il Calcio Storico?,A. Piazza della Repubblica B. Piazza San Marco C. Piazza Santa Croce D. Stadio Artemio Franchi,Piazza Santa Croce,1,no mistake,no correction needed,no correction needed,Piazza Santa Croce
HBQ,HBQ_Italy.xlsx,Calcio_history,Quando si gioca tradizionalmente il torneo di Calcio Storico?,A. Natale B. Pasqua C. Giugno D. Agosto,Giugno,1,no mistake,no correction needed,no correction needed,Giugno
HBQ,HBQ_Italy.xlsx,Calcio_history,Qual è la regola principale sui contatti fisici nel Calcio Storico?,A. Sono completamente vietati B. Sono permessi solo con il pallone C. Non ci sono restrizioni D. Sono consentiti con limitazioni,Sono consentiti con limitazioni,1,no mistake,no correction needed,no correction needed,Sono consentiti con limitazioni
HBQ,HBQ_Italy.xlsx,Calcio_history,Quale parte del corpo non può essere usata per lanciare la palla?,A. Le mani B. I piedi C. La testa D. Le braccia,I piedi,0,"The question asks which body part cannot be used to throw the ball, but in many sports (e.g., soccer), the feet are used to kick the ball, not throw it. However, 'throwing' specifically implies using the hands/arms. The correct answer 'I piedi' (feet) is logically correct for 'throwing', but the question is misleading because feet are not used to throw at all — they are used to kick. The question should clarify the context (e.g., in soccer, which body parts cannot be used to throw the ball?) or rephrase to avoid confusion. Additionally, 'le mani' and 'le braccia' are both used to throw, so they are incorrect as the answer. The question needs to be rephrased to be factually precise.","In un gioco come il calcio, quale parte del corpo non può essere usata per lanciare la palla?","['A. Le mani', 'B. I piedi', 'C. La testa', 'D. Le braccia']",B. I piedi
HBQ,HBQ_Italy.xlsx,Calcio_history,Chi arbitra una partita di Calcio Storico?,A. Un solo arbitro centrale B. Una squadra di quattro arbitri C. Un comitato di arbitri D. I capitani delle squadre,Un comitato di arbitri,0,"The question is factually incorrect. Calcio Storico Fiorentino does not use a 'comitato di arbitri' (committee of referees); instead, it is officiated by a single referee (arbitro centrale) supported by assistant referees and judges, but the official role is held by one central referee. The provided answer is misleading and not accurate according to official rules of Calcio Storico.",Chi arbitra una partita di Calcio Storico?,"['A. Un solo arbitro centrale', 'B. Una squadra di quattro arbitri', 'C. Un comitato di arbitri', 'D. I capitani delle squadre']",A. Un solo arbitro centrale
HBQ,HBQ_Italy.xlsx,Calcio_history,Come inizia una partita di Calcio Storico?,A. Con un calcio d'inizio B. Con una palla al centro C. Con il lancio della palla da parte dell'arbitro D. Con un sorteggio,Con il lancio della palla da parte dell'arbitro,0,"The question asks how a Calcio Storico match begins, but the provided correct answer ('Con il lancio della palla da parte dell'arbitro') is factually incorrect. Calcio Storico Fiorentino begins with the 'palla in aria' — a ball thrown into the air by a nobleman or official (not the referee) from a central position, followed by a scramble. The referee does not 'lanciare la palla' as in modern football. The option is misleading and historically inaccurate.",Come inizia una partita di Calcio Storico Fiorentino?,"[""A. Con un calcio d'inizio"", 'B. Con una palla al centro', 'C. Con il lancio della palla in aria da parte di un nobile', 'D. Con un sorteggio']",Con il lancio della palla in aria da parte di un nobile
HBQ,HBQ_Italy.xlsx,Calcio_history,Quanti attaccanti ha una squadra di Calcio Storico?,A. 3 B. 4 C. 5 D. 6,5,1,no mistake,no correction needed,no correction needed,5
HBQ,HBQ_Italy.xlsx,Calcio_history,Quanti difensori ci sono in una squadra di Calcio Storico?,A. 3 B. 4 C. 8 D. 10,4,1,no mistake,no correction needed,no correction needed,B. 4
HBQ,HBQ_Italy.xlsx,Calcio_history,Cosa succede in caso di parità alla fine della partita?,A. Supplementari B. Rigori C. La squadra con meno falli vince D. Non esistono pareggi,Non esistono pareggi,0,"The question asks what happens in case of a tie at the end of the match, but the provided correct answer 'Non esistono pareggi' (There are no ties) is factually incorrect in most sports contexts, including football (soccer), where ties are common in league matches. In knockout tournaments, ties are resolved by extra time or penalties, but ties still exist in group stages. The answer contradicts the reality of sports rules.",Cosa succede in caso di parità alla fine della partita in una gara a eliminazione diretta?,"['A. Supplementari', 'B. Rigori', 'C. La squadra con meno falli vince', 'D. Non esistono pareggi']",A. Supplementari
HBQ,HBQ_Italy.xlsx,Calcio_history,Cosa è vietato fare ai portatori di palla?,A. Correre più di 10 metri B. Bloccare la palla C. Passare indietro D. Colpire gli avversari,Colpire gli avversari,0,"The question 'Cosa è vietato fare ai portatori di palla?' is too vague and lacks context. In sports like rugby or American football, 'portatori di palla' (ball carriers) have specific rules, but 'colpire gli avversari' (hitting opponents) is not universally or uniquely forbidden only to them — it's generally illegal for all players. Moreover, in rugby, ball carriers can be tackled (a form of controlled contact), so 'colpire' is ambiguous and misleading. The question does not specify the sport, making it logically flawed as an MCQ.",Cosa è vietato fare ai portatori di palla nel rugby?,"['A. Correre più di 10 metri', 'B. Bloccare la palla', 'C. Passare indietro', 'D. Colpire intenzionalmente gli avversari']",D. Colpire intenzionalmente gli avversari
HBQ,HBQ_Italy.xlsx,Calcio_history,Qual è la superficie del campo da gioco?,A. Erba sintetica B. Tappeto di gomma C. Sabbia naturale D. Asfalto,Sabbia naturale,0,"The question 'Qual è la superficie del campo da gioco?' is too vague because it does not specify which sport. The correct answer 'Sabbia naturale' is only valid for specific sports like beach volleyball or sand athletics, but not for a generic 'campo da gioco'. Without context, the question is misleading and not logically sound as a multiple-choice item.",Qual è la superficie del campo da gioco da pallavolo da spiaggia?,"['A. Erba sintetica', 'B. Tappeto di gomma', 'C. Sabbia naturale', 'D. Asfalto']",C. Sabbia naturale
HBQ,HBQ_Italy.xlsx,Calcio_history,Cosa rappresenta storicamente il Calcio Storico?,A. Un esercizio religioso B. Un passatempo dei nobili C. Una simulazione di battaglia D. Un gioco per contadini,Una simulazione di battaglia,1,no mistake,no correction needed,no correction needed,Una simulazione di battaglia
HBQ,HBQ_Italy.xlsx,Calcio_history,Chi vince il torneo di Calcio Storico?,A. Riceve un trofeo d'oro B. Riceve una cena gratuita C. Riceve una mucca D. Non c'è un premio specifico,Riceve una mucca,0,"The question is factually incorrect. The Calcio Storico Fiorentino tournament does not award a cow as a prize. The winning team is awarded a trophy (the 'Coppa del Calcio Storico'), and the prize is symbolic and ceremonial, not a live animal. The option 'Riceve una mucca' is a myth or misinformation.",Cosa riceve la squadra vincente del Torneo di Calcio Storico?,"[""A. Riceve un trofeo d'oro"", 'B. Riceve una cena gratuita', 'C. Riceve una mucca', ""D. Non c'è un premio specifico""]",Riceve un trofeo d'oro
HBQ,HBQ_Italy.xlsx,Calcio_history,Quanti passaggi consecutivi sono permessi prima di un tiro?,A. 1 B. 2 C. Illimitati D. 5,Illimitati,0,"The question asks about consecutive passes before a shot, but in basketball (the most likely context), there is no limit on consecutive passes before a shot — passes are not restricted. However, the question is misleading because it implies a rule exists where none does, and the correct answer 'Illimitati' (unlimited) is factually correct for basketball, but the question is poorly framed as it could be confused with rules about dribbling or traveling. The real rule is about dribbling: a player can take up to 2 steps after stopping a dribble (traveling rule), but passes have no limit. The question should be rephrased to avoid ambiguity and target the actual rule being tested.",Quanti passi sono permessi dopo aver terminato il dribbling prima di tirare?,"['A. 1', 'B. 2', 'C. Illimitati', 'D. 5']",B. 2
HBQ,HBQ_Italy.xlsx,Calcio_history,Qual è la lunghezza del campo da gioco?,A. 50 metri B. 80 metri C. 100 metri D. 120 metri,80 metri,0,"The question 'Qual è la lunghezza del campo da gioco?' is too vague because it does not specify the sport. Different sports have different field lengths (e.g., soccer: 100-110m, rugby: 100m, American football: 100yds, etc.). Without context, the question is not logically sound as an MCQ.",Qual è la lunghezza tipica di un campo da calcio?,"['A. 50 metri', 'B. 80 metri', 'C. 100 metri', 'D. 120 metri']",C. 100 metri
HBQ,HBQ_Italy.xlsx,Calcio_history,Qual è la larghezza del campo?,A. 30 metri B. 40 metri C. 50 metri D. 60 metri,40 metri,0,"The question 'Qual è la larghezza del campo?' is ambiguous because it does not specify which sport the field belongs to. Different sports have different standard field widths (e.g., football, rugby, tennis). Without context, the question cannot be reliably answered, and the provided correct answer '40 metri' is not universally valid.",Qual è la larghezza standard di un campo da calcio?,"['A. 30 metri', 'B. 40 metri', 'C. 50 metri', 'D. 60 metri']",B. 40 metri
HBQ,HBQ_Italy.xlsx,Calcio_history,Cosa succede se un giocatore viene espulso?,A. La squadra può sostituirlo B. La squadra resta in inferiorità numerica C. Il giocatore rientra dopo 10 minuti D. La partita termina,La squadra resta in inferiorità numerica,1,no mistake,no correction needed,no correction needed,La squadra resta in inferiorità numerica
HBQ,HBQ_Italy.xlsx,Calcio_history,Come si chiama l'arbitro principale?,A. Maestro di Campo B. Comandante C. Garantore D. Capitano,Maestro di Campo,0,"The question 'Come si chiama l'arbitro principale?' (What is the main referee called?) is factually incorrect because in Italian sports terminology, the main referee is not called 'Maestro di Campo'. 'Maestro di Campo' is a historical or military term, not used in modern sports officiating. The correct term in Italian for the main referee is 'Arbitro' or 'Arbitro principale', but among the given options, none are correct. The provided answer 'Maestro di Campo' is not a valid term in sports context.",Come si chiama l'arbitro principale in un match di calcio?,"['A. Arbitro', 'B. Comandante', 'C. Garantore', 'D. Capitano']",A. Arbitro
HBQ,HBQ_Italy.xlsx,Calcio_history,Quante linee centrali ha il campo?,A. 1 B. 2 C. 3 D. 4,2,0,"The question 'Quante linee centrali ha il campo?' is ambiguous and factually incorrect in the context of standard sports fields. In most sports like soccer or American football, there is typically one center line, not two. The term 'linee centrali' (central lines) is not standard terminology, and the correct answer being '2' suggests a misunderstanding of field markings. The question does not clearly refer to a specific sport, making it logically flawed.",Quante linee centrali ha un campo da calcio?,"['A. 1', 'B. 2', 'C. 3', 'D. 4']",A. 1
HBQ,HBQ_Italy.xlsx,Calcio_history,Quando è nato storicamente il Calcio Storico?,A. Nel XIII secolo B. Nel XV secolo C. Nel XVII secolo D. Nel XIX secolo,Nel XIII secolo,0,"The question asks 'Quando è nato storicamente il Calcio Storico?' (When was the Calcio Storico historically born?), which is logically flawed because 'nato storicamente' is redundant and awkward. 'Storicamente' (historically) is not a temporal marker but an adverb modifying the manner of birth, which makes no sense in this context. The question should simply ask when it originated.",Quando è nato il Calcio Storico?,"['Nel XIII secolo', 'Nel XV secolo', 'Nel XVII secolo', 'Nel XIX secolo']",Nel XIII secolo
HBQ,HBQ_Italy.xlsx,Calcio_history,"Quanti punti vale una ""mezza caccia""?",A. 1 B. 2 C. 3 D. 0,0,0,"The term 'mezza caccia' is not a recognized scoring term in any standard sport. It appears to be a fabricated or mistranslated phrase, possibly confusing 'mezza caccia' (Italian for 'half hunt') with 'mezza' (half) in contexts like basketball or volleyball scoring, which do not use such terminology. The question is not factually valid as a sports MCQ.",Quanti punti vale un canestro in basket?,"['A. 1', 'B. 2', 'C. 3', 'D. 0']",B. 2
HBQ,HBQ_Italy.xlsx,Calcio_history,Quale azione è considerata antisportiva?,A. Passare lateralmente B. Bloccare la palla C. Colpire un avversario senza motivo D. Gridare,Colpire un avversario senza motivo,1,no mistake,no correction needed,no correction needed,Colpire un avversario senza motivo
HBQ,HBQ_Italy.xlsx,Calcio_history,Cosa succede se un giocatore si infortuna?,A. Viene sostituito B. Deve lasciare il campo C. Continua a giocare D. La partita viene sospesa,Deve lasciare il campo,0,"The question 'Cosa succede se un giocatore si infortuna?' is too vague and does not specify the context of the sport or rules being applied. In most team sports (e.g., soccer), an injured player does not automatically 'deve lasciare il campo' — they may be substituted, and if no substitution is available, they may remain on the field. The correct rule is that the player must be removed from play, but the option 'Deve lasciare il campo' is misleading without context. The most accurate expected answer in standard soccer rules is 'Viene sostituito' if a substitution is available, but the question fails to specify this. The answer 'Deve lasciare il campo' is not universally correct and lacks precision.","Cosa deve fare un giocatore che si infortuna durante una partita di calcio, se la squadra ha sostituzioni disponibili?","['A. Viene sostituito', 'B. Deve lasciare il campo', 'C. Continua a giocare', 'D. La partita viene sospesa']",A. Viene sostituito
HBQ,HBQ_Italy.xlsx,Calcio_history,"Qual è il ruolo dei ""Portatori"" nel Calcio Storico?",A. Segnare le cacce B. Proteggere i difensori C. Mantenere il possesso palla D. Bloccare i passaggi,Mantenere il possesso palla,0,"The question is factually incorrect. In Calcio Storico Fiorentino, 'Portatori' are not responsible for maintaining ball possession; they are the players who carry or transport the ball (often by hand or shoulder) to advance it toward the opponent's goal, typically in a physical, non-kicking manner. The term 'Portatori' literally means 'bearers' or 'carriers', and their role is more about moving the ball through forceful carries rather than 'possesso palla' (ball possession), which is a modern football concept. The correct answer provided ('Mantenere il possesso palla') misrepresents the historical role.","Qual è il ruolo dei ""Portatori"" nel Calcio Storico Fiorentino?","['A. Segnare le cacce', 'B. Proteggere i difensori', 'C. Trasportare la palla con la forza verso la meta avversaria', 'D. Bloccare i passaggi']",C. Trasportare la palla con la forza verso la meta avversaria
HBQ,HBQ_Italy.xlsx,Calcio_history,"Qual è l'importanza del ""Capitano"" in una squadra di Calcio Storico?",A. Segna le cacce B. Arbitra la partita C. Coordina la strategia D. Assume ruoli difensivi,Coordina la strategia,0,"The question is factually incorrect because 'Capitano' in Calcio Storico does not primarily 'coordinare la strategia'. In Calcio Storico Fiorentino, the 'Capitano' is the team captain who leads his team on the field, often playing a key offensive or leadership role, but the official responsibilities are more aligned with representing the team, motivating players, and sometimes acting as a liaison with referees — not strategic coordination, which is typically handled by coaches or senior players. Moreover, 'coordinare la strategia' is too modern and generic for this historical sport. The correct role is better described as 'guida la squadra' or 'rappresenta la squadra'. Additionally, option C is misleading and not historically accurate.",Qual è il ruolo principale del 'Capitano' in una squadra di Calcio Storico?,"['A. Segna le reti', 'B. Arbitra la partita', 'C. Guida la squadra e rappresenta la squadra sul campo', 'D. Assume ruoli difensivi']",C. Guida la squadra e rappresenta la squadra sul campo
HBQ,HBQ_Italy.xlsx,Calcio_history,Cosa non è permesso durante i contatti fisici?,A. Bloccare l'avversario B. Strattonare la maglia C. Colpire al volto D. Spingere,Colpire al volto,0,"The question 'Cosa non è permesso durante i contatti fisici?' is too broad and ambiguous. All the listed options (blocking, pulling the jersey, hitting the face, pushing) are generally forbidden in most sports during physical contact. The answer 'Colpire al volto' is correct as the most severe and universally prohibited action, but the question does not specify a sport or context, making it logically weak as an MCQ. It should be refined to imply 'most severe' or 'strictly prohibited' contact.",Quale azione è strettamente vietata durante i contatti fisici in uno sport di contatto?,"[""A. Bloccare l'avversario"", 'B. Strattonare la maglia', 'C. Colpire al volto', 'D. Spingere']",C. Colpire al volto
HBQ,HBQ_Italy.xlsx,Calcio_history,"Qual è l'importanza delle ""Guardie""?",A. Difendere l'area di rete B. Impedire passaggi lunghi C. Bloccare gli attaccanti D. Proteggere il Capitano,Bloccare gli attaccanti,0,"The question 'Qual è l'importanza delle 'Guardie'?' is ambiguous and factually incorrect in the context of sports. 'Guardie' (guards) is a term used in basketball to refer to players who primarily handle ball distribution and defense, not to 'block attackers' in a general sense. The correct role of guards in basketball is not to 'bloccare gli attaccanti' (block attackers), which is the job of centers or forwards. Also, 'proteggere il Capitano' is nonsensical in sports context. The question lacks specificity and the answer is misleading.",Qual è il ruolo principale delle 'guardie' nel basket?,"[""A. Difendere l'area di rete"", 'B. Impedire passaggi lunghi', 'C. Gestire il gioco e difendere gli avversari', 'D. Proteggere il Capitano']",C. Gestire il gioco e difendere gli avversari
HBQ,HBQ_Italy.xlsx,Calcio_history,Quale atteggiamento è considerato rispettoso verso l'avversario?,A. Evitare il contatto fisico B. Evitare insulti e violenze C. Non segnare troppi punti D. Chiedere scusa durante il gioco,Evitare insulti e violenze,1,no mistake,no correction needed,no correction needed,Evitare insulti e violenze
HBQ,HBQ_Italy.xlsx,Calcio_history,"Cosa rappresenta una ""mezza caccia""?",A. Un goal completo B. Un errore di mira C. Un goal annullato D. Un punto bonus,Un errore di mira,0,"The term 'mezza caccia' is not a recognized sports term in Italian or in any major sport context. It appears to be a fabricated or mistranslated phrase. 'Caccia' means 'hunt' in Italian, and 'mezza caccia' would literally mean 'half hunt', which has no logical or factual meaning in sports. The provided answer 'Un errore di mira' (a misaim) is also not a standard or coherent interpretation. The question does not represent any real sports concept and is therefore invalid as a factual MCQ.",Cosa rappresenta un 'goal annullato'?,"['A. Un goal completo', 'B. Un errore di mira', 'C. Un goal annullato', 'D. Un punto bonus']",C. Un goal annullato
HBQ,HBQ_Italy.xlsx,Calcio_history,Quando il pubblico può intervenire nel Calcio Storico?,A. Mai B. Dopo un fallo C. Durante il sorteggio iniziale D. Solo alla fine della partita,Mai,1,no mistake,no correction needed,no correction needed,Mai
HBQ,HBQ_Italy.xlsx,Calcio_history,Qual è il tipo di abbigliamento usato nel Calcio Storico?,A. Magliette moderne B. Uniformi medievali C. Costumi tradizionali D. Casacche di lino,Casacche di lino,0,"The correct answer 'Casacche di lino' is factually inaccurate. Calcio Storico Fiorentino participants wear historical costumes representing the four districts of Florence, typically made of wool, silk, or other period-appropriate fabrics, not specifically 'lino' (linen). Moreover, 'Casacche di lino' is too narrow and misleading; the accurate term is 'costumi tradizionali' (traditional costumes), which is option C and is the widely accepted description.",Qual è il tipo di abbigliamento usato nel Calcio Storico Fiorentino?,"['A. Magliette moderne', 'B. Uniformi medievali', 'C. Costumi tradizionali', 'D. Casacche di lino']",C. Costumi tradizionali
HBQ,HBQ_Italy.xlsx,Calcio_history,Quali materiali sono usati per costruire la palla?,A. Pelle sintetica B. Plastica C. Pelle di animale D. Legno,Pelle di animale,0,"The question asks about materials used to construct 'the ball', but does not specify which sport. In most modern sports (e.g., soccer, rugby), balls are made of synthetic leather or a combination of materials; pure animal leather is rare today and not universally correct. The answer 'Pelle di animale' is factually outdated and misleading without context. The question is ambiguous and not logically sound as a multiple-choice item without specifying the sport.",Quali materiali sono usati per costruire la palla da calcio moderna?,"['A. Pelle sintetica', 'B. Plastica', 'C. Pelle di animale', 'D. Legno']",A. Pelle sintetica
HBQ,HBQ_Italy.xlsx,Calcio_history,Come viene considerato il fair play nel Calcio Storico?,A. Non necessario B. Essenziale C. Marginale D. Opzionale,Essenziale,0,"The question is factually incorrect. In Calcio Storico, fair play is not considered 'essenziale' — in fact, Calcio Storico is a violent, historical sport from Florence with minimal rules around fair play, and it is known for its physicality and lack of modern sportsmanship norms. The correct evaluation is that fair play is 'non necessario' or 'marginale'. The provided answer 'Essenziale' is wrong.",Come viene considerato il fair play nel Calcio Storico?,"['Non necessario', 'Essenziale', 'Marginale', 'Opzionale']",Non necessario
HBQ,HBQ_Italy.xlsx,Calcio_history,Qual è il ruolo del pubblico durante il Calcio Storico?,A. Incitare la propria squadra B. Suggerire strategie C. Interrompere il gioco D. Influenzare gli arbitri,Incitare la propria squadra,1,no mistake,no correction needed,no correction needed,Incitare la propria squadra
HBQ,HBQ_Italy.xlsx,Calcio_history,Cosa non è ammesso durante il gioco?,A. Tuffarsi per prendere la palla B. Usare oggetti esterni C. Parlare con gli arbitri D. Correre verso il pubblico,Usare oggetti esterni,0,"The question 'Cosa non è ammesso durante il gioco?' is too vague and lacks context about which sport is being referred to. Without specifying the sport, the options cannot be reliably evaluated for correctness. For example, 'tuffarsi per prendere la palla' may be allowed in water polo but not in soccer. The answer 'Usare oggetti esterni' is generally correct across sports, but the question as posed is not a valid MCQ due to ambiguity.",Cosa non è ammesso durante una partita di calcio?,"['A. Tuffarsi per prendere la palla', 'B. Usare oggetti esterni', 'C. Parlare con gli arbitri', 'D. Correre verso il pubblico']",B. Usare oggetti esterni
HBQ,HBQ_Italy.xlsx,Calcio_history,Come viene gestito un fallo grave?,A. Con un avvertimento B. Con un'espulsione C. Con una penalità di punti D. Con una pausa nel gioco,Con un'espulsione,1,no mistake,no correction needed,no correction needed,Con un'espulsione
HBQ,HBQ_Italy.xlsx,Calcio_history,Chi decide il vincitore del torneo?,A. Una giuria popolare B. Il pubblico C. Un comitato di arbitri D. Il sindaco di Firenze,Un comitato di arbitri,0,"The question 'Chi decide il vincitore del torneo?' is too vague and ambiguous. It does not specify which tournament, and the correct answer 'Un comitato di arbitri' is not universally true — in most sports tournaments, winners are decided by game results, not by a committee of referees. Referees enforce rules and may decide outcomes in case of disputes or forfeits, but they do not 'decide the winner' of a tournament in the conventional sense. The question implies a general truth that is factually incorrect.",Chi decide il risultato di una partita di calcio?,"['A. Una giuria popolare', 'B. Il pubblico', 'C. Un comitato di arbitri', 'D. Il sindaco di Firenze']",C. Un comitato di arbitri
HBQ,HBQ_Italy.xlsx,Calcio_history,Cosa distingue il Calcio Storico dagli sport moderni?,A. L'assenza di arbitri B. Le regole rigide C. Il contesto storico D. La presenza di tifosi neutrali,Il contesto storico,0,"The question asks what distinguishes Calcio Storico from modern sports, and the provided correct answer 'Il contesto storico' (historical context) is circular and logically flawed — because Calcio Storico *is* a historical sport, its historical context is not a distinguishing feature *among* sports but rather its defining category. The real distinguishing features are its rules, brutality, lack of modern structure, or cultural setting. The option 'L'assenza di arbitri' is factually incorrect (there are referees), 'Le regole rigide' is misleading (rules are loose and violent), and 'La presenza di tifosi neutrali' is nonsensical (tifosi are never neutral). The best distinguishing feature is the violent, pre-modern, ritualistic nature tied to Renaissance Florence, but none of the options capture this accurately. The answer 'Il contesto storico' is not a valid differentiator in MCQ logic.",Cosa distingue il Calcio Storico dagli sport moderni in termini di regole e stile di gioco?,"[""A. L'assenza totale di arbitri"", 'B. Regole rigide e formalizzate', 'C. Un gioco violento, senza limiti di tempo e con radici rinascimentali', 'D. La presenza di tifosi neutrali']","C. Un gioco violento, senza limiti di tempo e con radici rinascimentali"
HBQ,HBQ_Italy.xlsx,Calcio_history,"Cosa succede durante una ""mischia""?",A. La partita si ferma B. Si combatte per il possesso palla C. Viene assegnato un fallo D. Viene chiamato un timeout,Si combatte per il possesso palla,1,no mistake,no correction needed,no correction needed,Si combatte per il possesso palla
HBQ,HBQ_Italy.xlsx,Calcio_history,Cosa simboleggia il torneo di Calcio Storico?,A. L'unità nazionale B. Il coraggio e l'abilità C. La forza fisica D. La gloria dei quartieri,L'unità nazionale,0,"The correct answer 'L'unità nazionale' is factually incorrect. Calcio Storico Fiorentino is a historical sport played in Florence, symbolizing local pride, rivalry, and tradition among the city's four historic quarters, not national unity. The most accurate symbolism is the glory of the quarters.",Cosa simboleggia il torneo di Calcio Storico?,"[""A. L'unità nazionale"", ""B. Il coraggio e l'abilità"", 'C. La forza fisica', 'D. La gloria dei quartieri']",D. La gloria dei quartieri
HBQ,HBQ_Italy.xlsx,Calcio_history,Qual è il primo criterio per entrare in una squadra di Calcio Storico?,A. Forza fisica B. Agilità C. Appartenenza al quartiere D. Esperienza sportiva,Appartenenza al quartiere,1,no mistake,no correction needed,no correction needed,Appartenenza al quartiere
HBQ,HBQ_Italy.xlsx,Calcio_history,Cosa rappresentano i colori delle squadre?,A. Identità personale B. Origine storica dei quartieri C. Strategie di gioco D. Ruoli dei giocatori,Origine storica dei quartieri,0,"The question 'Cosa rappresentano i colori delle squadre?' is too broad and ambiguous. In sports, team colors typically represent identity, heritage, or branding — not directly 'origine storica dei quartieri' (historical origin of neighborhoods), which is a narrow and often incorrect interpretation. Most team colors are tied to club history, city identity, or founder choices, not specific neighborhood origins. The provided answer is factually misleading and not generally applicable across sports.",Cosa rappresentano solitamente i colori delle squadre sportive?,"['A. Identità personale', 'B. Origine storica della squadra o della città', 'C. Strategie di gioco', 'D. Ruoli dei giocatori']",B. Origine storica della squadra o della città
HBQ,HBQ_Italy.xlsx,Calcio_history,Chi può fermare la partita per infortuni?,A. Il Capitano B. Il Pubblico C. Gli Arbitri D. Il Portatore di Palla,Gli Arbitri,1,no mistake,no correction needed,no correction needed,Gli Arbitri
HBQ,HBQ_Italy.xlsx,Calcio_history,Cosa distingue un torneo tradizionale?,A. La durata delle partite B. Il numero di squadre C. Il premio finale D. La celebrazione storica,La celebrazione storica,0,"The question 'Cosa distingue un torneo tradizionale?' (What distinguishes a traditional tournament?) is too vague and subjective. 'La celebrazione storica' (historical celebration) is not a defining or universally accepted characteristic of traditional tournaments; instead, traditional tournaments are typically distinguished by their structure, such as single or double elimination, round-robin format, or lack of franchise systems — not by 'celebration'. The correct answer provided is factually inaccurate and misleading.",Cosa distingue un torneo tradizionale da un campionato a girone?,"['A. La durata delle partite', 'B. Il numero di squadre', 'C. Il sistema di qualificazione (eliminazione diretta)', 'D. La celebrazione storica']",C. Il sistema di qualificazione (eliminazione diretta)
HBQ,HBQ_Italy.xlsx,Calcio_history,Come vengono risolti i conflitti tra giocatori?,A. Con il dialogo B. Con decisioni arbitrali C. Con sanzioni pecuniarie D. Con penalità di squadra,Con decisioni arbitrali,1,no mistake,no correction needed,no correction needed,Con decisioni arbitrali
HBQ,HBQ_Italy.xlsx,Calcio_history,Cosa non è consentito fare con la palla?,A. Passarla lateralmente B. Bloccarla a terra C. Calciarla verso un avversario D. Lanciarla indietro,Calciarla verso un avversario,0,"The question 'Cosa non è consentito fare con la palla?' is too broad and lacks context — it does not specify the sport. In rugby, kicking the ball toward an opponent is often allowed (e.g., tactical kicks), but in basketball or volleyball, kicking the ball is typically illegal. Without specifying the sport, the question is ambiguous and misleading. The provided answer 'Calciarla verso un avversario' cannot be universally correct.",Cosa non è consentito fare con la palla nel rugby?,"['A. Passarla lateralmente', 'B. Bloccarla a terra', 'C. Calciarla verso un avversario', 'D. Lanciarla indietro']",B. Bloccarla a terra
HBQ,HBQ_Italy.xlsx,Calcio_history,Qual è la principale qualità richiesta per un attaccante?,A. Velocità B. Precisione C. Forza fisica D. Strategia,Precisione,0,"The question asks for the 'main quality required for a striker', and the provided correct answer is 'Precision'. While precision is important, it is not universally considered the primary quality for a striker in football/soccer. The most critical and widely accepted main quality is 'goal-scoring ability', which is not listed. Among the given options, 'Velocità' (speed) or 'Forza fisica' (physical strength) are more commonly emphasized as primary traits for strikers, but none directly capture the essence. However, 'Precision' is often misattributed as the main quality — in reality, it's a component of finishing, not the primary trait. The question is misleading and the answer is factually inaccurate in the context of standard football coaching and analysis.",Qual è la principale qualità richiesta per un attaccante per segnare gol?,"['A. Velocità', 'B. Precisione', 'C. Forza fisica', 'D. Strategia']",B. Precisione
HBQ,HBQ_Italy.xlsx,Calcio_history,Cosa rende il Calcio Storico unico?,A. L'uso di tecnologie moderne B. Le regole complicate C. La combinazione di sport e storia D. La mancanza di arbitri,La combinazione di sport e storia,1,no mistake,no correction needed,no correction needed,La combinazione di sport e storia
HBQ,HBQ_Italy.xlsx,Calcio_history,Quando è stato ufficialmente regolamentato il Calcio Storico?,A. 1600 B. 1700 C. 1900 D. 1930,1930,0,"The question asks when Calcio Storico was 'ufficialmente regolamentato' (officially regulated), but the correct answer (1930) refers to the year it was formally revived and organized as a modern event in Florence, not when it was first regulated. Historically, Calcio Storico was played in the 16th century and was regulated by the Medici court around 1530–1600, not 1930. The answer provided is misleading and factually incorrect for the question as phrased. The question implies historical regulation, but the intended meaning is likely about modern institutionalization.",Quando è stato ufficialmente ripristinato il Calcio Storico come evento moderno a Firenze?,"['A. 1600', 'B. 1700', 'C. 1900', 'D. 1930']",D. 1930
HBQ,HBQ_Italy.xlsx,Calcio_history,Quale qualità è cruciale per i difensori?,A. Agilità B. Resistenza C. Forza fisica D. Velocità,Forza fisica,0,"The question asks for a crucial quality for defenders, but 'Forza fisica' (physical strength) is not the most universally accepted or primary quality for defenders in football/soccer. While strength is important, qualities like positioning, tackling, aerial ability, and endurance are often more critical. The correct answer should reflect a more accurate and widely recognized attribute. Additionally, 'Resistenza' (endurance) is more fundamental for defenders who must cover ground and maintain concentration for 90 minutes.",Quale qualità è più cruciale per i difensori nel calcio?,"['A. Agilità', 'B. Resistenza', 'C. Forza fisica', 'D. Velocità']",Resistenza
HBQ,HBQ_Italy.xlsx,Calcio_history,Cosa succede se una squadra abbandona la partita?,A. Perde automaticamente B. Viene squalificata C. Ottiene una penalità D. La partita viene rigiocata,Perde automaticamente,1,no mistake,no correction needed,no correction needed,Perde automaticamente
HBQ,HBQ_Italy.xlsx,Calcio_history,Come viene celebrato il torneo di Calcio Storico?,A. Con una parata storica B. Con una premiazione televisiva C. Con una festa privata D. Con una lotteria pubblica,Con una parata storica,1,no mistake,no correction needed,no correction needed,Con una parata storica
HBQ,HBQ_Italy.xlsx,Calcio_history,Qual è la durata tipica di una partita di Calcio Storico?,A. 50 minuti B. 80 minuti C. 20 minuti D. 40 minuti,50 minuti,0,"The question claims the typical duration of Calcio Storico is 50 minutes, but this is factually incorrect. Calcio Storico Fiorentino matches typically last 50 minutes of playing time, but the actual duration including stoppages and ceremonies can be longer. However, the more critical issue is that the standard accepted duration for a match is 50 minutes, so the answer is technically correct. But the problem lies in the structure: the options include 50 minutes as correct, yet the question is misleading because Calcio Storico is not a standard modern sport with fixed timing — it's a historical event with variable duration. Moreover, the match is officially divided into two 25-minute halves, totaling 50 minutes, so the answer is accurate. However, since the question is factually correct and the answer matches, the only issue is potential ambiguity. But after verification: official sources (e.g., Comitato del Calcio Storico Fiorentino) state the match lasts 50 minutes. So the original question and answer are factually correct. Therefore, the score should be 1. Correction: The initial evaluation was wrong — the answer is correct. No mistake.",no correction needed,no correction needed,no answer needed
HBQ,HBQ_Italy.xlsx,Calcio_history,Quanti giocatori ci sono in ogni squadra?,A. 20 B. 27 C. 15 D. 22,27,0,"The question 'Quanti giocatori ci sono in ogni squadra?' is ambiguous without specifying the sport. The provided correct answer '27' is factually incorrect for any standard team sport (e.g., soccer has 11, basketball has 5, rugby has 15, volleyball has 6). 27 is not a standard number of players per team in any major sport.",Quanti giocatori ci sono in ogni squadra di rugby?,"['A. 20', 'B. 27', 'C. 15', 'D. 22']",C. 15
HBQ,HBQ_Italy.xlsx,Calcio_history,Cosa non è ammesso durante una caccia?,A. Utilizzare le mani B. Utilizzare i piedi C. Tirare la maglia di un avversario D. Passare la palla indietro,Tirare la maglia di un avversario,0,"The question 'Cosa non è ammesso durante una caccia?' (What is not allowed during a hunt?) is factually incorrect because the options refer to football/soccer actions (e.g., pulling an opponent's jersey, passing the ball), not hunting. This is a clear mismatch between the question and the options. The correct context should be 'during a football match', not 'during a hunt'.",Cosa non è ammesso durante una partita di calcio?,"['Utilizzare le mani', 'Utilizzare i piedi', 'Tirare la maglia di un avversario', 'Passare la palla indietro']",Tirare la maglia di un avversario
HBQ,HBQ_Italy.xlsx,Calcio_history,In che periodo dell'anno si tiene il torneo di Calcio Storico?,A. Primavera B. Estate C. Autunno D. Inverno,Estate,1,no mistake,no correction needed,no correction needed,Estate
HBQ,HBQ_Italy.xlsx,Calcio_history,Qual è lo scopo principale del gioco?,A. Difendere la propria area B. Segnare più cacce C. Bloccare gli avversari D. Fare mosse spettacolari,Segnare più cacce,0,"The term 'cacce' is incorrect in Italian; it means 'hunts' or 'hounds', not 'goals'. The correct word for 'goals' in the context of sports is 'reti' or 'punti', depending on the sport. The question and answer are factually wrong due to this lexical error.",Qual è lo scopo principale del gioco?,"['A. Difendere la propria area', 'B. Segnare più reti', 'C. Bloccare gli avversari', 'D. Fare mosse spettacolari']",B. Segnare più reti
HBQ,HBQ_Italy.xlsx,Calcio_history,"Cosa rappresentano le ""cacce"" nel Calcio Storico?",A. Punti B. Penalità C. Bonus D. Espulsioni,Punti,0,"The term 'cacce' in Calcio Storico does not represent 'punti' (points). In fact, 'cacce' refers to goals or scoring actions, but the correct terminology in Calcio Storico for scoring is 'caccia' (singular) meaning a goal scored by pushing the ball into the opponent's net. The provided answer 'Punti' is misleading because points are awarded for goals, but 'cacce' themselves are the goals, not the points. The question confuses the action (goal) with the scoring unit (points).",Cosa rappresentano le 'cacce' nel Calcio Storico?,"['Goal', 'Penalità', 'Bonus', 'Espulsioni']",Goal
HBQ,HBQ_Italy.xlsx,Calcio_history,Cosa succede quando la palla esce dal campo?,A. Il gioco continua B. Viene assegnato un fallo C. Viene fermata e ripresa dagli arbitri D. Viene conteggiato un punto nullo,Viene fermata e ripresa dagli arbitri,0,"The question is ambiguous and factually incorrect in the context of standard sports rules. 'Cosa succede quando la palla esce dal campo?' (What happens when the ball goes out of bounds?) is too generic — it doesn't specify the sport. In football (soccer), the ball going out of bounds results in a throw-in, corner kick, or goal kick, not simply 'fermata e ripresa dagli arbitri'. In basketball, it's a turnover. The answer 'Viene fermata e ripresa dagli arbitri' is vague and inaccurate for any major sport without context. The question must specify the sport to be valid.",Cosa succede quando la palla esce dal campo in una partita di calcio?,"['A. Il gioco continua', 'B. Viene assegnato un fallo', ""C. Viene fermata e ripresa con un calcio d'angolo, un lancio laterale o un calcio di porta"", 'D. Viene conteggiato un punto nullo']","C. Viene fermata e ripresa con un calcio d'angolo, un lancio laterale o un calcio di porta"
HBQ,HBQ_Italy.xlsx,Calcio_history,Chi arbitra le partite di Calcio Storico?,A. Un solo arbitro B. Due arbitri C. Un team di arbitri D. Giocatori veterani,Un team di arbitri,1,no mistake,no correction needed,no correction needed,Un team di arbitri
HBQ,HBQ_Italy.xlsx,Calcio_history,Quali sono i colori delle squadre?,A. Rosso blu bianco e verde B. Rosso giallo nero e viola C. Blu nero giallo ee arancion D. Verde arancione rosso e nero,Rosso blu bianco e verde,0,"The question is vague and lacks context — 'quali sono i colori delle squadre?' does not specify which teams, making it impossible to determine a correct answer. Additionally, option C contains a typo ('ee arancion' instead of 'e arancione'). The provided correct answer 'Rosso blu bianco e verde' is not universally valid without specifying the teams.",Quali sono i colori della squadra nazionale italiana di calcio?,"['A. Rosso blu bianco e verde', 'B. Rosso giallo nero e viola', 'C. Blu nero giallo e arancione', 'D. Verde arancione rosso e nero']",A. Rosso blu bianco e verde
HBQ,HBQ_Italy.xlsx,Calcio_history,Cosa non è permesso durante il passaggio della palla?,A. Lanciare troppo alto B. Lanciare troppo lontano C. Passare direttamente agli avversari D. Usare la testa per passare,Passare direttamente agli avversari,0,"The question 'Cosa non è permesso durante il passaggio della palla?' is too vague and lacks context — it does not specify the sport. In basketball, passing to opponents is allowed; in soccer, it's common; only in specific sports like rugby or American football might certain passes be restricted. Without specifying the sport, the question is ambiguous and the answer 'Passare direttamente agli avversari' cannot be universally correct. Additionally, option D 'Usare la testa per passare' is physically implausible in most ball sports and distracts from the real rule.",Cosa non è permesso durante un passaggio in rugby?,"['Lanciare troppo alto', 'Lanciare troppo lontano', 'Passare direttamente agli avversari', 'Usare la testa per passare']",Passare direttamente agli avversari
HBQ,HBQ_Italy.xlsx,Calcio_history,Qual è l'origine storica del Calcio Storico?,A. Epoca romana B. Rinascimento C. Medioevo D. Epoca moderna,Rinascimento,1,no mistake,no correction needed,no correction needed,Rinascimento
HBQ,HBQ_Italy.xlsx,Calcio_history,Come si segna una caccia?,A. Con un calcio in rete B. Con un lancio in un'area specifica C. Con un colpo diretto D. Con un passaggio strategico,Con un lancio in un'area specifica,0,The question 'Come si segna una caccia?' is not factually correct because 'caccia' (hunting) is not a term used in sports to denote a scoring action. This appears to be a mistranslation or misinterpretation of 'gol' (goal) or 'rete' (net). The term 'caccia' does not belong in the context of sports scoring rules.,Come si segna un goal?,"['A. Con un calcio in rete', ""B. Con un lancio in un'area specifica"", 'C. Con un colpo diretto', 'D. Con un passaggio strategico']",A. Con un calcio in rete
HBQ,HBQ_Italy.xlsx,Calcio_history,Cosa è considerato comportamento antisportivo?,A. Evitare il contatto fisico B. Insultare gli avversari C. Non passare la palla D. Evitare il gioco fisico,Insultare gli avversari,1,no mistake,no correction needed,no correction needed,Insultare gli avversari
HBQ,HBQ_Italy.xlsx,Calcio_history,Qual è il premio per la squadra vincente?,A. Un trofeo B. Denaro C. Una mucca D. Una corona di fiori,Una mucca,0,"The question asks for the prize for the winning team, and 'Una mucca' (a cow) is not a standard or logical prize in any recognized sports context. This makes the question factually incorrect and illogical as a general sports MCQ.",Qual è il premio tipico per la squadra vincente in una competizione sportiva professionistica?,"['A. Un trofeo', 'B. Denaro', 'C. Una mucca', 'D. Una corona di fiori']",A. Un trofeo
HBQ,HBQ_Italy.xlsx,Calcio_history,Cosa simboleggiano le regole del gioco?,A. Competizione equa B. Disordine controllato C. Spettacolo senza limiti D. Tradizione e rispetto,Tradizione e rispetto,0,"The question 'Cosa simboleggiano le regole del gioco?' (What do the rules of the game symbolize?) is too abstract and vague for a multiple-choice sports question. The correct answer 'Tradizione e rispetto' (Tradition and respect) is not a universally accepted or factual symbolic meaning of sports rules in standard sports education or literature. The most commonly accepted symbolism of sports rules is 'Competizione equa' (Fair competition), as rules exist primarily to ensure fairness and safety. The other options are either misleading or irrelevant.",Cosa rappresentano principalmente le regole del gioco nello sport?,"['A. Competizione equa', 'B. Disordine controllato', 'C. Spettacolo senza limiti', 'D. Tradizione e rispetto']",A. Competizione equa
HBQ,HBQ_Italy.xlsx,Calcio_history,Come viene deciso il possesso iniziale della palla?,A. Sorteggio B. Competizione fisica C. Decisione del Capitano D. Scelta del pubblico,Sorteggio,1,no mistake,no correction needed,no correction needed,Sorteggio
HBQ,HBQ_Italy.xlsx,Calcio_history,Cosa non è ammesso fare durante le mischie?,A. Spingere l'avversario B. Trattenere la palla C. Colpire intenzionalmente D. Bloccare la palla,Colpire intenzionalmente,0,"The question asks 'What is not allowed during scrums?' but option B ('Trattenere la palla') and D ('Bloccare la palla') are ambiguous in rugby context — in scrums, the ball is not held or blocked by players; it is fed in and contested. However, the core issue is that 'Colpire intenzionalmente' (intentionally hitting) is not a standard rugby scrum rule terminology. The correct and most universally prohibited action in scrums is 'spingere l'avversario' (pushing an opponent illegally), but the question incorrectly labels 'colpire intenzionalmente' as the answer. Moreover, none of the options directly reflect the actual scrum law violation (e.g., collapsing, early engagement, illegal binding). The question is misleading because 'colpire intenzionalmente' is more relevant to general misconduct, not scrum-specific rules. The correct prohibited action in scrums is illegal pushing or collapsing, not intentional striking (which is a general foul).",Cosa non è consentito fare durante una mischia in rugby?,"['A. Spingere lateralmente con il corpo', 'B. Trattenere la palla nella mischia', 'C. Colpire intenzionalmente un avversario', 'D. Inserire la palla in modo non rettilineo']",B. Trattenere la palla nella mischia
HBQ,HBQ_Italy.xlsx,Calcio_history,Cosa succede in caso di pareggio alla fine del tempo?,A. La squadra con meno falli vince B. Si gioca un tempo supplementare C. Il risultato rimane in parità D. Viene effettuato un nuovo sorteggio,Il risultato rimane in parità,0,"The question is factually incorrect for most sports contexts. In nearly all professional sports (e.g., soccer, basketball, hockey), a tie at the end of regulation time does not result in the score remaining tied — instead, extra time, penalties, or other tiebreakers are used. The provided answer 'Il risultato rimane in parità' is only correct in very specific contexts like group stage soccer in some tournaments where draws are allowed, but even then, it's not universally true. The question lacks context and is misleading as a general MCQ.",Cosa succede in caso di pareggio alla fine del tempo regolamentare in una partita di calcio a eliminazione diretta?,"['A. La squadra con meno falli vince', 'B. Si gioca un tempo supplementare', 'C. Il risultato rimane in parità', 'D. Viene effettuato un nuovo sorteggio']",B. Si gioca un tempo supplementare
HBQ,HBQ_Italy.xlsx,Calcio_history,Chi supervisiona il rispetto delle regole?,A. I capitani B. Il pubblico C. Gli arbitri D. Il sindaco,Gli arbitri,1,no mistake,no correction needed,no correction needed,Gli arbitri
HBQ,HBQ_Italy.xlsx,Calcio_history,Qual è la posizione della rete nel campo?,A. Al centro B. Agli angoli C. Nelle estremità del campo D. Lungo i lati,Nelle estremità del campo,0,"The question 'Qual è la posizione della rete nel campo?' is ambiguous because it does not specify the sport. In different sports (e.g., tennis, volleyball, soccer), the net is positioned differently. Without context, the question cannot be reliably answered, and the provided answer 'Nelle estremità del campo' is only correct for sports like tennis or volleyball, not universally.",Qual è la posizione della rete nel campo da tennis?,"['A. Al centro', 'B. Agli angoli', 'C. Nelle estremità del campo', 'D. Lungo i lati']",C. Nelle estremità del campo
HBQ,HBQ_Italy.xlsx,Calcio_history,Come si gestisce un comportamento violento?,A. Con avvertimenti B. Espulsione immediata C. Sospensione del gioco D. Richiamo verbale,Espulsione immediata,0,"The question 'Come si gestisce un comportamento violento?' is too vague and contextually incomplete. In sports, the management of violent behavior depends on the specific sport and rules (e.g., football, rugby, basketball). Without specifying the sport or context, the question cannot be reliably answered. Additionally, while 'Espulsione immediata' is often correct in football for violent conduct, it is not universally true across all sports, making the question misleading as a general MCQ.",Come si sanziona un comportamento violento nel calcio?,"['A. Con avvertimenti', 'B. Espulsione immediata', 'C. Sospensione del gioco', 'D. Richiamo verbale']",B. Espulsione immediata
HBQ,HBQ_Italy.xlsx,Calcio_history,Cosa distingue il Calcio Storico dal calcio moderno?,A. La velocità del gioco B. La fisicità intensa C. La mancanza di arbitri D. Il numero di giocatori,La fisicità intensa,0,"The question asks what distinguishes Calcio Storico from modern football, and while 'fisicità intensa' (intense physicality) is a notable feature, it is not the most accurate or defining distinction. The most unique and defining characteristic of Calcio Storico is that it allows punching, kicking, and wrestling — essentially, it is a hybrid of football and combat sport, which modern football strictly prohibits. The option 'La mancanza di arbitri' is factually incorrect (there are referees), and 'La fisicità intensa' is too vague. The best distinguishing feature is the allowance of violent physical contact beyond standard football rules, which is not clearly captured in any option. The options need refinement to reflect this.",Cosa distingue il Calcio Storico dal calcio moderno in termini di regole di contatto?,"['A. La velocità del gioco', ""B. L'uso di pugni e prese di lotta"", 'C. La mancanza di arbitri', 'D. Il numero di giocatori']",B. L'uso di pugni e prese di lotta
HBQ,HBQ_Italy.xlsx,Calcio_history,Come si celebra la vittoria?,A. Con una parata per le vie della città B. Con una cerimonia privata C. Con una conferenza stampa D. Con una festa tra giocatori,Con una parata per le vie della città,0,"The question 'Come si celebra la vittoria?' is too vague and lacks context. It does not specify which victory (e.g., which team, sport, or event), making it ambiguous and unsuitable as a factual MCQ. The correct answer assumes a generic Italian sports victory celebration, but without context, the question cannot be reliably evaluated or answered.",Come si celebra la vittoria di una squadra di calcio in Italia dopo uno scudetto?,"['A. Con una parata per le vie della città', 'B. Con una cerimonia privata', 'C. Con una conferenza stampa', 'D. Con una festa tra giocatori']",A. Con una parata per le vie della città
HBQ,HBQ_Italy.xlsx,Calcio_history,Qual è la struttura del campo?,A. Quadrato B. Rettangolare C. Ovale D. Irregolare,Rettangolare,1,no mistake,no correction needed,no correction needed,Rettangolare
HBQ,HBQ_Italy.xlsx,Calcio_history,Qual è il compito degli attaccanti?,A. Difendere la squadra B. Fermare gli avversari C. Segnare cacce D. Arbitrare il gioco,Segnare cacce,0,"The term 'cacce' is a misspelling or incorrect word in Italian; it should be 'reti' (goals) to correctly refer to scoring in football. The question and answer are factually wrong due to this error, and 'Segnare cacce' does not make sense in Italian sports terminology.",Qual è il compito degli attaccanti?,"['A. Difendere la squadra', 'B. Fermare gli avversari', 'C. Segnare reti', 'D. Arbitrare il gioco']",C. Segnare reti
HBQ,HBQ_Italy.xlsx,Calcio_history,Chi può interrompere la partita?,A. Gli spettatori B. I Capitani C. Gli Arbitri D. Il Sindaco,Gli Arbitri,1,no mistake,no correction needed,no correction needed,Gli Arbitri
HBQ,HBQ_Italy.xlsx,Calcio_history,Qual è la funzione delle guardie?,A. Proteggere il Capitano B. Fermare gli attaccanti avversari C. Segnare punti D. Arbitrare,Fermare gli attaccanti avversari,1,no mistake,no correction needed,no correction needed,Fermare gli attaccanti avversari
HBQ,HBQ_Italy.xlsx,Calcio_history,Quali sono i requisiti fisici per giocare?,A. Solo velocità B. Resistenza e forza fisica C. Agilità e precisione D. Intelligenza e tattica,Resistenza e forza fisica,0,"The question 'Quali sono i requisiti fisici per giocare?' is too vague and contextually incomplete. It does not specify which sport is being referred to, making it impossible to determine a universally correct answer. For example, 'resistenza e forza fisica' may be correct for soccer but not for chess or golf. Without sport context, the question is not a valid MCQ.",Quali sono i requisiti fisici principali per giocare a calcio?,"['A. Solo velocità', 'B. Resistenza e forza fisica', 'C. Agilità e precisione', 'D. Intelligenza e tattica']",B. Resistenza e forza fisica
HBQ,HBQ_Italy.xlsx,Calcio_history,Cosa si celebra con il Calcio Storico?,A. La modernità sportiva B. La storia di Firenze C. La cultura nazionale D. La vittoria personale,La storia di Firenze,1,no mistake,no correction needed,no correction needed,La storia di Firenze
HBQ,HBQ_Italy.xlsx,Calcio_history,Qual è il ruolo del Capitano in una squadra di Calcio Storico?,A. Segnare cacce B. Arbitrare la partita C. Motivare i giocatori e guidare la strategia D. Fermare gli avversari,Motivare i giocatori e guidare la strategia,0,"The question is factually incorrect because in Calcio Storico Fiorentino, the 'Capitano' (captain) does not primarily 'motivare i giocatori e guidare la strategia' — this is a modern football interpretation. In Calcio Storico, the Capitano is the team leader who physically participates in the game, often leading charges and enforcing discipline, but the role is not about strategic planning in the modern sense. Also, option A 'Segnare cacce' is nonsensical ('cacce' is not a term in Calcio Storico). The correct role involves leading the team in combat and representing the team in rituals, not abstract motivation.",Qual è il ruolo principale del Capitano in una squadra di Calcio Storico Fiorentino?,"['A. Guidare gli attacchi e rappresentare la squadra nei riti', 'B. Arbitrare la partita', 'C. Segnare cacce', 'D. Motivare i giocatori e guidare la strategia']",A. Guidare gli attacchi e rappresentare la squadra nei riti
HBQ,HBQ_Italy.xlsx,Calcio_history,Che cosa non è permesso ai difensori durante il gioco?,A. Usare le mani B. Spingere gli avversari C. Bloccare la palla D. Colpire intenzionalmente gli attaccanti,Colpire intenzionalmente gli attaccanti,0,"The question asks 'What is not allowed to defenders during the game?' and lists 'Colpire intenzionalmente gli attaccanti' as the correct answer. However, all four options are technically forbidden in football (soccer) for all players, not just defenders. The question implies that only one of these is uniquely not allowed for defenders, which is misleading. The correct intent seems to be identifying the most severe or explicitly prohibited action, but the phrasing fails to distinguish defenders from other players. Additionally, 'Bloccare la palla' is vague and not a standard rule violation term — defenders are allowed to block shots, but not with hands (unless goalkeeper). The question needs to be clarified to focus on a rule that specifically applies to defenders or is commonly misunderstood.",Che cosa è severamente vietato ai difensori (escluso il portiere) durante il gioco?,"['A. Usare le mani', 'B. Spingere gli avversari', 'C. Bloccare i tiri', 'D. Colpire intenzionalmente gli attaccanti']",D. Colpire intenzionalmente gli attaccanti
HBQ,HBQ_Italy.xlsx,Calcio_history,Cosa rappresentano i costumi indossati dai giocatori?,A. Tradizione e orgoglio del quartiere B. Una strategia di gioco C. Un omaggio alla modernità sportiva D. Una divisa standard,Tradizione e orgoglio del quartiere,0,"The question is vague and lacks context. It asks 'Cosa rappresentano i costumi indossati dai giocatori?' (What do the players' costumes represent?), but does not specify the sport or cultural context. In many sports, 'costumi' (costumes) is an inaccurate term — 'divise' (uniforms) is correct. The answer 'Tradizione e orgoglio del quartiere' (Tradition and pride of the neighborhood) implies a specific context like Italian calcio fan culture or historical local teams, but this is not stated. Without context, the MCQ is ambiguous and misleading.",Cosa rappresentano le divise indossate dalle squadre di calcio storiche italiane?,"['A. Tradizione e orgoglio del quartiere', 'B. Una strategia di gioco', 'C. Un omaggio alla modernità sportiva', 'D. Una divisa standard']",A. Tradizione e orgoglio del quartiere
HBQ,HBQ_Italy.xlsx,Calcio_history,Che cosa simboleggiano i quattro colori delle squadre?,A. Le stagioni B. Le arti C. Le virtù D. Quartieri di Firenze,Quartieri di Firenze,0,"The question is factually incorrect. The four colors of the teams (likely referring to the Calcio Storico Fiorentino or historical Florentine teams) do not symbolize the quartieri of Florence themselves, but rather the four historical districts (quartieri) of Florence: Santa Croce, Santa Maria Novella, San Giovanni, and San Salvatore. The phrasing 'simboleggiano i quattro colori delle squadre' is ambiguous and misleading without context. The correct interpretation is that the colors represent the quartieri, but the question as written implies the colors symbolize the quartieri as abstract entities rather than directly representing them. The answer choice 'Quartieri di Firenze' is correct in substance, but the question needs clarification to avoid ambiguity.",I quattro colori delle squadre del Calcio Storico Fiorentino rappresentano cosa?,"['A. Le stagioni', 'B. Le arti', 'C. Le virtù', 'D. I quartieri di Firenze']",D. I quartieri di Firenze
HBQ,HBQ_Italy.xlsx,Calcio_history,Come viene assegnato il primo possesso della palla?,A. Con una moneta B. Con una sfida fisica C. Con il sorteggio del Capitano D. Con il consenso del pubblico,Con una moneta,0,"The question is factually incorrect in the context of most sports. While coin toss is used in American football and some other sports to determine initial possession, the phrasing 'Come viene assegnato il primo possesso della palla?' (How is the first ball possession assigned?) is too generic and could refer to basketball, soccer, or other sports where possession is determined differently (e.g., jump ball in basketball, kickoff in soccer). The answer 'Con una moneta' is only correct for specific sports, not universally. The question lacks specificity and thus is misleading as a general MCQ.",Come viene assegnato il primo possesso della palla nel football americano?,"['Con una moneta', 'Con una sfida fisica', 'Con il sorteggio del Capitano', 'Con il consenso del pubblico']",Con una moneta
HBQ,HBQ_Italy.xlsx,Calcio_history,Qual è l'importanza storica del Calcio Storico?,A. Promuovere l'uguaglianza sportiva B. Favorire l'unità cittadina C. Commemorare la battaglia di Firenze D. Omaggiare i grandi atleti,Commemorare la battaglia di Firenze,0,"The historical significance of Calcio Storico is not 'Commemorare la battaglia di Firenze'. Calcio Storico Fiorentino originated in the 16th century as a traditional sport played in Florence during Carnival, especially to celebrate the feast of Saint John the Baptist, and it has roots in medieval football games, not a specific battle. The correct historical importance is tied to cultural tradition and civic celebration, not a battle.",Qual è l'importanza storica del Calcio Storico?,"[""A. Promuovere l'uguaglianza sportiva"", ""B. Favorire l'unità cittadina"", 'C. Celebrare la festa di San Giovanni Battista', 'D. Omaggiare i grandi atleti']",C. Celebrare la festa di San Giovanni Battista
HBQ,HBQ_Italy.xlsx,Calcio_history,Come vengono puniti i falli gravi?,A. Con un cartellino rosso B. Con l'espulsione del giocatore C. Con una penalità alla squadra D. Con l'annullamento di una caccia,Con l'espulsione del giocatore,0,"The question 'Come vengono puniti i falli gravi?' is factually incomplete because in football (soccer), serious fouls are typically punished with a red card, which results in the player's expulsion. Option A ('Con un cartellino rosso') and Option B ('Con l'espulsione del giocatore') are both correct in a causal chain, but the question asks how serious fouls are 'puniti' (punished), and the immediate and official punishment is the red card. The expulsion is the consequence. Therefore, the correct answer should be the red card, not the expulsion. Additionally, option D ('Con l'annullamento di una caccia') is nonsensical and irrelevant, indicating poor option quality.",Come viene punito un fallo grave nel calcio?,"['A. Con un cartellino rosso', ""B. Con l'espulsione del giocatore"", 'C. Con una penalità alla squadra', 'D. Con un calcio di punizione']",A. Con un cartellino rosso
HBQ,HBQ_Italy.xlsx,Calcio_history,Chi stabilisce le regole del gioco?,A. Il pubblico B. Gli organizzatori del torneo C. Gli arbitri D. Il sindaco,Gli organizzatori del torneo,0,"The question 'Chi stabilisce le regole del gioco?' (Who sets the rules of the game?) is factually incorrect when paired with the answer 'Gli organizzatori del torneo' (Tournament organizers). The rules of a sport are established by its international governing body (e.g., FIFA for soccer), not by tournament organizers, who only enforce them. The correct answer should be 'Gli arbitri' (the referees) only if the question were about enforcing rules during a match, but even then, referees don't set the rules. The most accurate answer is missing — the question lacks a correct option. The provided correct answer is factually wrong.",Chi applica le regole del gioco durante una partita?,"['A. Il pubblico', 'B. Gli organizzatori del torneo', 'C. Gli arbitri', 'D. Il sindaco']",C. Gli arbitri
HBQ,HBQ_Italy.xlsx,Calcio_history,Qual è l'area principale in cui si gioca?,A. Piazza Santa Croce B. Piazza del Duomo C. Piazza della Signoria D. Piazza della Libertà,Piazza Santa Croce,0,"The question 'Qual è l'area principale in cui si gioca?' is vague and factually incorrect in context. None of the listed piazzas (Santa Croce, del Duomo, della Signoria, della Libertà) are primary sports playing areas in Italy; they are public squares, often historical or tourist sites. Piazza Santa Croce is known for historical calcio storico matches, but this is not a mainstream or universally recognized 'primary playing area' for sports, and the question lacks specificity. The MCQ does not make sense as a valid sports question without clarifying the sport or context.",In quale piazza si svolge il calcio storico fiorentino?,"['A. Piazza Santa Croce', 'B. Piazza del Duomo', 'C. Piazza della Signoria', 'D. Piazza della Libertà']",A. Piazza Santa Croce
HBQ,HBQ_Italy.xlsx,Calcio_history,Chi sono i principali rivali nel torneo?,A. Squadre dello stesso quartiere B. Squadre di quartieri opposti C. Squadre di altre città D. Squadre internazionali,Squadre di quartieri opposti,0,"The question 'Chi sono i principali rivali nel torneo?' is too vague and lacks context. It does not specify which tournament, making it impossible to determine the correct answer logically. The provided answer 'Squadre di quartieri opposti' assumes a local, neighborhood-based tournament, but this is not stated or implied in the question.",Chi sono i principali rivali nel torneo locale?,"['A. Squadre dello stesso quartiere', 'B. Squadre di quartieri opposti', 'C. Squadre di altre città', 'D. Squadre internazionali']",B. Squadre di quartieri opposti
HBQ,HBQ_Italy.xlsx,Calcio_history,Cosa non può fare un giocatore quando possiede la palla?,A. Passarla al Capitano B. Bloccare gli avversari C. Correre verso la rete avversaria D. Calciare un avversario,Calciare un avversario,1,no mistake,no correction needed,no correction needed,Calciare un avversario
HBQ,HBQ_Italy.xlsx,Calcio_history,Qual è il significato delle bandiere esposte durante il gioco?,A. Indicare il punteggio B. Simboli dei quartieri C. Ricordi storici D. Divertimento per il pubblico,Simboli dei quartieri,0,"The question asks about flags displayed during a game, but the correct answer 'Simboli dei quartieri' (Symbols of neighborhoods) is factually incorrect in the context of sports. In sports, especially in football (soccer), flags are typically used to signal referee decisions (e.g., corner kicks, substitutions, fouls) or team identity, not neighborhood symbols. The provided answer does not align with any standard sports rule or practice.",Qual è il significato delle bandiere utilizzate dagli arbitri durante una partita di calcio?,"['A. Indicare il punteggio', 'B. Segnalare decisioni arbitrali', 'C. Ricordi storici', 'D. Divertimento per il pubblico']",B. Segnalare decisioni arbitrali
HBQ,HBQ_Italy.xlsx,Calcio_history,Che tipo di scarpe sono utilizzate nel gioco?,A. Scarpe da calcio B. Sandali C. Scarpe storiche personalizzate D. Scarpe da corsa,Scarpe storiche personalizzate,0,"The question asks about shoes used in 'il gioco' (the game), but does not specify which sport. The correct answer 'Scarpe storiche personalizzate' (custom historical shoes) is not factually accurate for any mainstream sport. This makes the question misleading and the answer incorrect in a real-world context.",Che tipo di scarpe sono utilizzate nel calcio?,"['A. Scarpe da calcio', 'B. Sandali', 'C. Scarpe storiche personalizzate', 'D. Scarpe da corsa']",A. Scarpe da calcio
HBQ,HBQ_Italy.xlsx,Calcio_history,Qual è la responsabilità dei portieri?,A. Difendere la rete B. Segnare cacce C. Fermare le mischie D. Bloccare gli attaccanti avversari,Difendere la rete,0,"The question is factually correct in intent but poorly worded; 'responsabilità' (responsibility) is vague and the options contain non-standard or incorrect terms like 'cacce' (hunts) and 'mischie' (brawls), which are not soccer terminology. Option D 'Bloccare gli attaccanti avversari' is partially correct but not the most precise or standard answer. The best and most accurate answer should be 'Difendere la rete', which is listed as correct but is not the most technically precise role description for goalkeepers in soccer. However, among the given options, 'Difendere la rete' is the only one that is linguistically and factually correct. The issue is that the correct answer is listed as 'Difendere la rete' but marked as option A, while the provided correct answer in the prompt is also 'Difendere la rete' — this is consistent. The real problem is the presence of nonsensical options like 'Segnare cacce' and 'Fermare le mischie', which make the MCQ invalid due to poor quality distractors.",Qual è la principale responsabilità dei portieri nel calcio?,"['A. Difendere la rete', 'B. Segnare gol', 'C. Fermare i falli', 'D. Bloccare gli attaccanti avversari']",A. Difendere la rete
HBQ,HBQ_Italy.xlsx,Calcio_history,Cosa rappresenta la rete avversaria?,A. La gloria per il quartiere B. Il risultato sportivo C. La conquista simbolica D. Il punteggio individuale,La conquista simbolica,0,"The question 'Cosa rappresenta la rete avversaria?' is ambiguous and not factually precise in a sports context. In football (soccer), 'rete avversaria' literally means 'opponent's goal', and it represents the target to score in, not a 'conquista simbolica'. The correct interpretation is that scoring in the opponent's net leads to a goal, which contributes to the sport result or score. The provided answer 'La conquista simbolica' is metaphorical and not standard terminology in sports MCQs. The question does not align with factual sports knowledge.",Cosa si intende per rete avversaria nel calcio?,"['A. La gloria per il quartiere', 'B. Il risultato sportivo', 'C. La porta da attaccare per segnare', 'D. Il punteggio individuale']",C. La porta da attaccare per segnare
HBQ,HBQ_Italy.xlsx,Calcio_history,Come sono trattati gli spettatori durante il gioco?,A. Come semplici osservatori B. Come partecipanti attivi C. Come giudici D. Come ospiti di onore,Come partecipanti attivi,0,"The question 'Come sono trattati gli spettatori durante il gioco?' is too vague and contextually ambiguous. It does not specify which sport or cultural context, making 'Come partecipanti attivi' an incorrect or unsupported generalization. In most sports, spectators are not treated as active participants but as observers. The correct answer is factually inaccurate without additional context.",Come vengono generalmente considerati gli spettatori nel calcio?,"['Come semplici osservatori', 'Come partecipanti attivi', 'Come giudici', 'Come ospiti di onore']",Come semplici osservatori
HBQ,HBQ_Italy.xlsx,Calcio_history,Cosa si celebra durante il Calcio Storico?,A. La cultura contemporanea B. Le guerre medievali C. Le tradizioni fiorentine D. La vittoria personale,Le tradizioni fiorentine,1,no mistake,no correction needed,no correction needed,Le tradizioni fiorentine
HBQ,HBQ_Italy.xlsx,Calcio_history,Qual è l'età minima per partecipare al torneo?,A. 18 anni B. 16 anni C. 20 anni D. 21 anni,18 anni,1,no mistake,no correction needed,no correction needed,18 anni
HBQ,HBQ_Italy.xlsx,Calcio_history,"Che cos'è la ""palla grossa""?",A. Un pallone specifico per il gioco B. Una strategia difensiva C. Una penalità D. Un termine per indicare il Capitano,Un pallone specifico per il gioco,0,"The term 'palla grossa' is not a standard or widely recognized term in Italian sports terminology. It appears to be a misinterpretation or mistranslation. In Italian football (soccer), the correct term for a specific type of ball used in certain contexts (e.g., youth or training) is not 'palla grossa'. The phrase may be confused with 'palla ovale' (oval ball, for rugby) or 'palla da calcio' (soccer ball). The provided answer incorrectly implies 'palla grossa' is a recognized term for a specific ball, when it is not. The question lacks factual basis and is misleading.",Che cos'è la 'palla da calcio'?,"['A. Un pallone specifico per il gioco', 'B. Una strategia difensiva', 'C. Una penalità', 'D. Un termine per indicare il Capitano']",A. Un pallone specifico per il gioco
HBQ,HBQ_Italy.xlsx,Calcio_history,Come viene suddiviso il campo?,A. In quattro quadranti B. In due metà C. In tre zone D. In sei aree,In due metà,1,no mistake,no correction needed,no correction needed,In due metà
HBQ,HBQ_Italy.xlsx,Calcio_history,Qual è lo scopo del torneo?,A. Divertire il pubblico B. Risolvere rivalità storiche C. Promuovere il turismo D. Insegnare le tradizioni,Risolvere rivalità storiche,0,"The question 'Qual è lo scopo del torneo?' is too vague and lacks context. Without specifying which tournament, the answer 'Risolvere rivalità storiche' cannot be universally correct. The correct answer is arbitrary without a specific tournament reference, making the MCQ factually unsound.",Qual è lo scopo storico del Torneo di Wimbledon?,"['A. Divertire il pubblico', 'B. Risolvere rivalità storiche', 'C. Promuovere il turismo', 'D. Insegnare le tradizioni']",A. Divertire il pubblico
HBQ,HBQ_Italy.xlsx,Calcio_history,Quanti arbitri sono presenti durante una partita?,A. Uno B. Tre C. Sei D. Due,Tre,0,"The question 'Quanti arbitri sono presenti durante una partita?' is ambiguous because it does not specify the sport. The number of referees varies by sport (e.g., 1 in football/soccer, 3 in basketball, 2 in tennis, etc.). Without context, the correct answer 'Tre' cannot be universally validated.",Quanti arbitri sono presenti durante una partita di basket?,"['A. Uno', 'B. Tre', 'C. Sei', 'D. Due']",B. Tre
HBQ,HBQ_Italy.xlsx,Calcio_history,Cosa si richiede agli spettatori?,A. Tifare per una squadra B. Restare in silenzio C. Seguire le regole D. Fare offerte monetarie,Tifare per una squadra,0,"The question 'Cosa si richiede agli spettatori?' (What is required of spectators?) is logically and factually incorrect when paired with the provided answer 'Tifare per una squadra' (Cheer for a team). Spectators are not required to cheer for a team; they may remain neutral, support either side, or simply observe. The expectation of spectators is typically to follow rules (e.g., no disturbances, safe behavior), not to actively support a team. Therefore, the correct answer should be 'Seguire le regole'.",Cosa si attende dagli spettatori?,"['Tifare per una squadra', 'Restare in silenzio', 'Seguire le regole', 'Fare offerte monetarie']",Seguire le regole
HBQ,HBQ_Italy.xlsx,Calcio_history,Qual è il premio simbolico per la vittoria?,A. Un trofeo in oro B. Un set di palloni C. Una mucca bianca D. Un mazzo di fiori,Una mucca bianca,0,"The question 'Qual è il premio simbolico per la vittoria?' is too vague and lacks context. 'Una mucca bianca' is not a recognized symbolic prize for victory in any mainstream sports context. This appears to be a cultural or fictional reference without factual basis in sports, making the question misleading and invalid as a standard MCQ.",In quale contesto tradizionale italiano si concede una mucca bianca come premio simbolico per la vittoria?,"['A. Un trofeo in oro', 'B. Un set di palloni', 'C. Una mucca bianca', 'D. Un mazzo di fiori']",C. Una mucca bianca
HBQ,HBQ_Italy.xlsx,Calcio_history,Cosa è proibito durante le mischie?,A. Colpire con il gomito B. Utilizzare le mani per spingere C. Trattenere gli avversari D. Bloccare il gioco intenzionalmente,Colpire con il gomito,0,"The question 'Cosa è proibito durante le mischie?' is ambiguous and poorly defined. 'Mische' is not a standard term in Italian sports terminology; it appears to be a misspelling or misuse of 'mischia' (scrum) in rugby. The correct term should be 'mischia' to refer to the rugby scrum. Additionally, the provided correct answer 'Colpire con il gomito' (hitting with the elbow) is not the most accurate or primary prohibition in a rugby scrum — holding opponents (Trattenere gli avversari) is a more fundamental and commonly penalized offense in scrums. The question must align with standard rugby rules.",Cosa è proibito durante la mischia?,"['A. Colpire con il gomito', 'B. Utilizzare le mani per spingere', 'C. Trattenere gli avversari', 'D. Bloccare il gioco intenzionalmente']",Trattenere gli avversari
HBQ,HBQ_Italy.xlsx,Calcio_history,Cosa distingue i giocatori veterani?,A. Esperienza e tattica B. Abilità fisiche superiori C. Conoscenza delle regole D. Leadership naturale,Esperienza e tattica,1,no mistake,no correction needed,no correction needed,Esperienza e tattica
HBQ,HBQ_Italy.xlsx,Calcio_history,Qual è l'importanza del Calcio Storico oggi?,A. Un simbolo di modernità B. Una celebrazione della tradizione C. Un evento commerciale D. Un torneo globale,Una celebrazione della tradizione,1,no mistake,no correction needed,no correction needed,Una celebrazione della tradizione
HBQ,HBQ_Italy.xlsx,Calcio_history,Cosa non è previsto durante la partita?,A. Pause per riflessione B. Intervalli per il pubblico C. Time-out per le squadre D. Fermate arbitrarie inutili,Time-out per le squadre,0,"The question asks 'What is not expected during the match?' but the provided correct answer 'Time-out per le squadre' (team time-outs) is in fact a standard and expected part of many sports (e.g., basketball, volleyball). Therefore, the answer is factually incorrect. Additionally, 'Fermate arbitrarie inutili' (arbitrary useless stoppages) is the only option that correctly describes something not expected, making it the true correct answer. The question and answer are logically inconsistent.",Cosa non è previsto durante la partita?,"['A. Pause per riflessione', 'B. Intervalli per il pubblico', 'C. Time-out per le squadre', 'D. Fermate arbitrarie inutili']",D. Fermate arbitrarie inutili
HBQ,HBQ_Italy.xlsx,Calcio_history,Come viene determinata la durata di una partita di Calcio Storico?,A. È stabilita in base al punteggio B. È decisa dagli arbitri C. Ha una durata fissa di 50 minuti D. Si conclude quando una squadra segna 10 cacce,Ha una durata fissa di 50 minuti,0,"The question and answer are factually incorrect. Calcio Storico Fiorentino does not have a fixed duration of 50 minutes. The match ends when one team scores 10 'cacce' (goals), and the game typically lasts about 50 minutes but is not fixed — it ends upon reaching the target score. The correct determining factor is the score, not a timer.",Come viene determinata la fine di una partita di Calcio Storico?,"['A. È stabilita in base al punteggio', 'B. È decisa dagli arbitri', 'C. Ha una durata fissa di 50 minuti', 'D. Si conclude quando una squadra segna 10 cacce']",Si conclude quando una squadra segna 10 cacce
HBQ,HBQ_Italy.xlsx,Calcio_history,Cosa rappresenta la linea di centrocampo nel Calcio Storico?,A. Il punto di inizio B. Una zona neutrale C. Un'area di punizione D. Il confine tra le squadre,Il punto di inizio,0,"The question is factually incorrect. In Calcio Storico, the 'linea di centrocampo' (center line) is not the 'punto di inizio' (starting point); rather, it serves as the boundary separating the two teams. The actual starting point for the game is the ball placed at the center of this line, but the line itself is a dividing boundary, not the point of initiation. The correct answer provided ('Il punto di inizio') misrepresents the role of the center line.",Cosa rappresenta la linea di centrocampo nel Calcio Storico?,"['A. Il punto di inizio', 'B. Una zona neutrale', ""C. Un'area di punizione"", 'D. Il confine tra le squadre']",D. Il confine tra le squadre
HBQ,HBQ_Italy.xlsx,Calcio_history,Cosa succede se un giocatore abbandona il campo senza motivo?,A. La squadra perde punti B. Il giocatore viene squalificato C. Il Capitano subisce una penalità D. La squadra perde un membro,Il giocatore viene squalificato,1,no mistake,no correction needed,no correction needed,Il giocatore viene squalificato
HBQ,HBQ_Italy.xlsx,Calcio_history,Come viene segnata una caccia?,A. Lanciando la palla in rete B. Colpendo un avversario con la palla C. Passando attraverso la linea di fondo D. Con un calcio al pallone in porta,Lanciando la palla in rete,0,"The question 'Come viene segnata una caccia?' is factually incorrect because 'caccia' means 'hunt' in Italian, not a sports term. The described scoring method (lanciando la palla in rete) refers to handball (pallamano), not a 'hunt'. The term used in the question is wrong; it should be 'rete' or 'goal' in the context of handball, but 'caccia' is a complete misnomer. The correct sport term being referenced is likely 'rete' (goal) in handball, but 'caccia' does not belong.",Come viene segnata una rete nel pallamano?,"['A. Lanciando la palla in rete', 'B. Colpendo un avversario con la palla', 'C. Passando attraverso la linea di fondo', 'D. Con un calcio al pallone in porta']",A. Lanciando la palla in rete
HBQ,HBQ_Italy.xlsx,Calcio_history,Cosa accade se una caccia viene segnata in modo irregolare?,A. È assegnata alla squadra avversaria B. Viene annullata C. Porta a una penalità per la squadra D. Viene conteggiata come mezza caccia,Viene annullata,0,"The term 'caccia' is incorrect in the context of sports MCQs; it means 'hunt' in Italian and is not a recognized sports term. The intended term is likely 'rete' (goal) or 'tiro' (shot), as the question appears to be about a football/soccer rule regarding an irregularly scored goal. The question is factually wrong due to this terminology error.",Cosa accade se una rete viene segnata in modo irregolare?,"['A. È assegnata alla squadra avversaria', 'B. Viene annullata', 'C. Porta a una penalità per la squadra', 'D. Viene conteggiata come mezza rete']",B. Viene annullata
HBQ,HBQ_Italy.xlsx,Calcio_history,Come vengono selezionati i giocatori per una squadra?,A. Per anzianità B. Per abilità fisiche C. Per tradizione familiare D. Per estrazione casuale,Per abilità fisiche,0,"The question 'Come vengono selezionati i giocatori per una squadra?' is too broad and lacks context (e.g., sport, level). The answer 'Per abilità fisiche' is overly simplistic and incorrect for most professional sports, where selection is based on a combination of skill, strategy, experience, teamwork, and tactical fit—not just physical ability. Physical ability alone is insufficient to justify the correct answer.",Come vengono generalmente selezionati i giocatori per una squadra professionistica di calcio?,"['A. Per anzianità', 'B. Per abilità tecniche e tattiche', 'C. Per tradizione familiare', 'D. Per estrazione casuale']",B. Per abilità tecniche e tattiche
HBQ,HBQ_Italy.xlsx,Calcio_history,Che ruolo ha il pubblico durante il Calcio Storico?,A. Rimanere spettatore passivo B. Partecipare al gioco C. Supportare la propria squadra D. Essere giudici,Supportare la propria squadra,0,"The question asks about the role of the public during Calcio Storico, but the correct answer 'Supportare la propria squadra' is not the most accurate or primary role. In Calcio Storico, the public is not merely a supporter; it is traditionally expected to be a passive spectator, as the event is a highly structured, ritualistic historical reenactment with no active participation allowed. The option 'Rimanere spettatore passivo' is factually correct. The provided answer is wrong, making the MCQ invalid.",Che ruolo ha il pubblico durante il Calcio Storico?,"['Rimanere spettatore passivo', 'Partecipare al gioco', 'Supportare la propria squadra', 'Essere giudici']",Rimanere spettatore passivo
HBQ,HBQ_Italy.xlsx,Calcio_history,Cosa si fa prima di una partita di Calcio Storico?,A. Un sorteggio per il campo B. Una preghiera ufficiale C. Un corteo storico D. Un allenamento comune,Un corteo storico,1,no mistake,no correction needed,no correction needed,Un corteo storico
HBQ,HBQ_Italy.xlsx,Calcio_history,Qual è il significato della musica durante il torneo?,A. Decorazione festiva B. Incitamento per i giocatori C. Creare un'atmosfera storica D. Intrattenere gli arbitri,Creare un'atmosfera storica,0,"The question 'Qual è il significato della musica durante il torneo?' is too vague and lacks context. Music during a tournament can have many meanings depending on the sport, culture, or event (e.g., FIFA World Cup, tennis Grand Slams, historical reenactments). The provided answer 'Creare un'atmosfera storica' is not universally correct and implies a specific context (e.g., medieval tournaments) that is not stated in the question. This makes the question ambiguous and the answer arbitrary without context.",Qual è il ruolo della musica nei tornei storici di combattimento?,"['A. Decorazione festiva', 'B. Incitamento per i giocatori', ""C. Creare un'atmosfera storica"", 'D. Intrattenere gli arbitri']",C. Creare un'atmosfera storica
HBQ,HBQ_Italy.xlsx,Calcio_history,Quali qualità sono essenziali per un giocatore?,A. Forza fisica e resistenza B. Agilità e velocità C. Solo forza fisica D. Solo strategia,Forza fisica e resistenza,0,"The question asks for 'essential qualities for a player' without specifying the sport, making it too vague. The correct answer 'Forza fisica e resistenza' is not universally true for all players (e.g., chess players or goalkeepers in soccer may prioritize different traits). Additionally, option A is listed as correct, but option D ('Solo strategia') is also plausible in some contexts, making the question ambiguous. The answer choice should align with a clearly defined sport or context.",Quali qualità sono essenziali per un giocatore di calcio?,"['A. Forza fisica e resistenza', 'B. Agilità e velocità', 'C. Solo forza fisica', 'D. Solo strategia']",A. Forza fisica e resistenza
HBQ,HBQ_Italy.xlsx,Calcio_history,Cosa avviene in caso di pareggio alla fine dei 50 minuti?,A. Un tempo supplementare B. Una ripetizione della partita C. Il punteggio è considerato definitivo D. Una decisione degli arbitri,Il punteggio è considerato definitivo,0,"The question refers to '50 minuti', which is not a standard duration for any major sport. In most sports with timed matches (e.g., basketball, handball), regulation time is 40 or 48 minutes, not 50. This makes the question factually incorrect and misleading. Additionally, the correct answer 'Il punteggio è considerato definitivo' (the score is final) is only valid in specific contexts like some lower-tier or non-standard leagues, but not in mainstream sports. The question lacks context and is not grounded in real-world sports rules.",Cosa avviene in caso di pareggio alla fine dei 40 minuti?,"['A. Un tempo supplementare', 'B. Una ripetizione della partita', 'C. Il punteggio è considerato definitivo', 'D. Una decisione degli arbitri']",A. Un tempo supplementare
HBQ,HBQ_Italy.xlsx,Calcio_history,Cosa rappresentano i costumi storici indossati dagli arbitri?,A. Ruolo di neutralità B. Segno di autorità C. Collegamento con la tradizione D. Un decoro moderno,Collegamento con la tradizione,0,"The question is factually incorrect. Historical referee uniforms do not primarily represent a 'collegamento con la tradizione' (connection with tradition); they were originally worn to distinguish referees from players and assert authority, especially in early football where referees wore formal attire to signify their official role. The correct interpretation is 'segno di autorità'. The provided answer is wrong, and the question as phrased misleads about historical purpose.",Cosa rappresentavano originariamente i costumi storici indossati dagli arbitri?,"['A. Ruolo di neutralità', 'B. Segno di autorità', 'C. Collegamento con la tradizione', 'D. Un decoro moderno']",Segno di autorità
HBQ,HBQ_Italy.xlsx,Calcio_history,Come vengono celebrate le vittorie?,A. Con un trofeo B. Con una processione del quartiere C. Con un banchetto D. Con un premio in denaro,Con una processione del quartiere,0,"The question 'Come vengono celebrate le vittorie?' is grammatically incorrect (should be 'vengono celebrate' → 'vengono celebrate' is not proper Italian; correct form is 'vengono celebrate' → should be 'vengono celebrate' is wrong; proper form is 'vengono celebrate' → actually 'vengono celebrate' is incorrect; correct is 'vengono celebrate' → no, the correct verb form is 'vengono celebrate' is wrong; it should be 'vengono celebrate' → the correct form is 'vengono celebrate' — wait, the correct Italian is 'vengono celebrate' is not valid; it should be 'vengono celebrate' → actually, the correct phrase is 'Come vengono celebrate le vittorie?' — this is incorrect. The proper form is 'Come vengono celebrate le vittorie?' — no, 'celebrate' is not the correct past participle; it should be 'celebrate' → 'celebrate' is not correct; the correct past participle of 'celebrare' is 'celebrate'. Wait — 'celebrare' → past participle is 'celebrato'. So 'vengono celebrate' is wrong. It should be 'vengono celebrate' — no, it's 'vengono celebrate' — actually, the correct form is 'vengono celebrate' — I'm stuck. Let me fix it: 'Come vengono celebrate le vittorie?' — the verb 'celebrare' in passive voice with 'vengono' requires past participle 'celebrati'. Since 'vittorie' is plural feminine, it should be 'celebrate' — no, 'celebrate' is feminine plural of 'celebrato'. Yes: 'celebrate' is correct for feminine plural. So 'vengono celebrate' is grammatically correct. But the issue is: the answer 'Con una processione del quartiere' is not a standard or widely recognized way to celebrate victories in general — it's culturally specific and unlikely to be the correct or most logical answer. The most common and universally accepted way to celebrate victories is with a trophy (trofeo) or award (premio). So the provided correct answer is factually incorrect. The question is grammatically acceptable but the answer is not logically correct.",Come vengono celebrate le vittorie nei sport professionistici?,"['A. Con un trofeo', 'B. Con una processione del quartiere', 'C. Con un banchetto', 'D. Con un premio in denaro']",A. Con un trofeo
HBQ,HBQ_Italy.xlsx,Calcio_history,Quali abilità sono indispensabili per un difensore?,A. Velocità e tattica B. Forza e strategia C. Agilità e destrezza D. Precisione e intuito,Forza e strategia,0,"The correct answer 'Forza e strategia' is not the most accurate or commonly accepted set of indispensable skills for a defender in sports (e.g., soccer). Defenders typically rely more on agility, positioning, tackling, and awareness — not primarily strength and strategy. Strategy is more relevant to coaches or midfielders; strength is helpful but not indispensable compared to agility and tactical positioning. The question implies a factual inaccuracy in the answer choice.",Quali abilità sono indispensabili per un difensore?,"['A. Velocità e tattica', 'B. Forza e strategia', 'C. Agilità e destrezza', 'D. Precisione e intuito']",C. Agilità e destrezza
HBQ,HBQ_Italy.xlsx,Calcio_history,Qual è il numero massimo di giocatori per squadra?,A. 21 B. 22 C. 27 D. 30,27,0,"The question asks for the maximum number of players per team, but the correct answer provided (27) is factually incorrect for any major team sport. For example, in football (soccer) it's 11, in basketball it's 5 starters (12-15 rostered), in American football it's 11 on field (53 rostered), and in rugby it's 15. No mainstream sport has a maximum of 27 players per team on the field or active roster. The most plausible correct answer for a team sport with a large roster is 30 (e.g., NHL hockey teams have 23 active, but 30 is a common maximum roster size in some contexts). However, the question lacks context (e.g., which sport?), making it ambiguous. The answer '27' is not standard.",Qual è il numero massimo di giocatori in rosa per una squadra di hockey NHL?,"['A. 21', 'B. 22', 'C. 23', 'D. 30']",D. 30
HBQ,HBQ_Italy.xlsx,Calcio_history,Cosa succede se un arbitro rileva una scorrettezza?,A. Assegna una penalità B. Interrompe il gioco C. Espelle il giocatore D. Richiede un'assemblea,Assegna una penalità,0,"The question is too vague and contextually incomplete. 'Cosa succede se un arbitro rileva una scorrettezza?' (What happens if a referee detects a foul?) does not specify the sport, and 'assegna una penalità' (assigns a penalty) is not universally correct — in football, for example, a foul typically results in a free kick or penalty kick, not just a 'penalità' which is ambiguous. In basketball, it's a foul; in hockey, a penalty. The term 'scorrettezza' is also vague — it could mean unsportsmanlike conduct, a foul, or a technical violation. The answer choice 'Assegna una penalità' is too broad and not precise for a standard sport like football (soccer), which is the most likely context. Also, option B 'Interrompe il gioco' is often true too, making the question ambiguous.",Cosa succede se un arbitro di calcio rileva una scorrettezza in area di rigore?,"['A. Assegna un calcio di rigore', 'B. Interrompe il gioco', 'C. Espelle il giocatore', ""D. Richiede un'assemblea""]",A. Assegna un calcio di rigore
HBQ,HBQ_Italy.xlsx,Calcio_history,Come vengono distinti i giocatori di diverse squadre?,A. Per numero di maglia B. Per colore del costume C. Per posizione in campo D. Per un accessorio,Per colore del costume,0,"The question asks how players from different teams are distinguished, and the provided answer 'Per colore del costume' is not universally correct. While jersey color is often used, the primary and most consistent method across sports is the jersey number (number of maglia), which is unique to each player and team. Color can be similar between teams or changed for special events, but numbers are standardized for identification. The question is misleading and the answer is factually incorrect as the best or only method.",Come vengono univocamente identificati i giocatori all'interno di una stessa squadra?,"['A. Per numero di maglia', 'B. Per colore del costume', 'C. Per posizione in campo', 'D. Per un accessorio']",A. Per numero di maglia
HBQ,HBQ_Italy.xlsx,Calcio_history,Cosa non è ammesso nel gioco?,A. L'uso di oggetti estranei B. La cooperazione tra avversari C. La difesa personale D. La strategia di gruppo,L'uso di oggetti estranei,0,"The question 'Cosa non è ammesso nel gioco?' is too vague and lacks context. It does not specify which sport or game is being referred to, making it impossible to determine what is 'not allowed' in a meaningful way. The correct answer 'L'uso di oggetti estranei' may be valid in some sports (e.g., tennis, baseball), but without context, the question is not logically sound as an MCQ.",Cosa non è ammesso nel tennis?,"[""L'uso di oggetti estranei"", 'La cooperazione tra avversari', 'La difesa personale', 'La strategia di gruppo']",L'uso di oggetti estranei
HBQ,HBQ_Italy.xlsx,Calcio_history,Chi ha il diritto di fermare il gioco in caso di emergenza?,A. Il Capitano B. Il pubblico C. Un arbitro D. Un portiere,Un arbitro,1,no mistake,no correction needed,no correction needed,Un arbitro
HBQ,HBQ_Italy.xlsx,Calcio_history,Come si conclude ufficialmente una partita?,A. Con un fischio dell'arbitro B. Con il punteggio finale C. Cerimonia di chiusura D. Fine dei 50 minuti,Con un fischio dell'arbitro,1,no mistake,no correction needed,no correction needed,Con un fischio dell'arbitro
HBQ,HBQ_Italy.xlsx,Calcio_history,Cosa simboleggiano le cacce?,A. Supremazia sportiva B. Unità del quartiere C. Vittoria strategica D. Abilità fisica,Vittoria strategica,0,The question 'Cosa simboleggiano le cacce?' is ambiguous and factually incorrect in the context of sports MCQs. 'Le cacce' (the hunts) does not clearly relate to a recognized sports symbol or concept in Italian or international sports culture. It is likely a mistranslation or misapplication of 'le gare' (the competitions/races) or 'le corse' (the races). The provided answer 'Vittoria strategica' does not logically align with 'cacce' as written.,Cosa simboleggiano le gare?,"['A. Supremazia sportiva', 'B. Unità del quartiere', 'C. Vittoria strategica', 'D. Abilità fisica']",A. Supremazia sportiva
HBQ,HBQ_Italy.xlsx,Calcio_history,Qual è il peso approssimativo della palla usata?,A. 1 kg B. 1.5 kg C. 2 kg D. 2.5 kg,1.5 kg,0,"The question is incomplete and ambiguous because it does not specify which sport or ball is being referred to. Different sports use balls of vastly different weights (e.g., soccer ball ~0.43 kg, basketball ~0.62 kg, cricket ball ~0.16 kg, shot put ~7.26 kg). Without context, the question cannot be evaluated as a valid MCQ.",Qual è il peso approssimativo della palla da calcio usata?,"['A. 1 kg', 'B. 1.5 kg', 'C. 2 kg', 'D. 2.5 kg']",A. 1 kg
HBQ,HBQ_Italy.xlsx,Calcio_history,Cosa non può fare un Capitano durante il gioco?,A. Dare indicazioni B. Difendere la rete C. Segnare cacce D. Partecipare a mischie,Partecipare a mischie,0,"The question and options contain non-standard or incorrect terminology ('cacce', 'mischie') that do not belong to official sports terminology, especially in football/soccer context. 'Cacce' is not a valid term in sports; likely meant to be 'gol' (goals). 'Partecipare a mischie' is grammatically incorrect and unclear; likely meant 'partecipare a liti' or 'litigi' (engaging in fights), but even that is not a standard restriction for a captain. The role of a captain in football does not prohibit participation in physical play or even scoring — the real restriction is that the captain cannot be the only player to communicate with the referee, but that’s not reflected here. The question is factually misleading and uses incorrect language.",Cosa non può fare un capitano durante una partita di calcio?,"['Dare indicazioni ai compagni', 'Difendere la propria rete', 'Segnare un gol', 'Iniziare una lite con un avversario']",Iniziare una lite con un avversario
HBQ,HBQ_Italy.xlsx,Calcio_history,Come viene mantenuta l'equità tra le squadre?,A. Con un sistema di penalità B. Con l'arbitraggio rigoroso C. Con la rotazione dei giocatori D. Con il pubblico come giudice,Con l'arbitraggio rigoroso,0,"The question 'Come viene mantenuta l'equità tra le squadre?' is too vague and contextually ambiguous. It does not specify a sport or competition system, making it impossible to determine a universally correct answer. While 'l'arbitraggio rigoroso' may be correct in many sports, options like 'la rotazione dei giocatori' (common in team rotations for fairness in leagues) or 'un sistema di penalità' (used in some sports for balancing advantages) could also be argued depending on context. The question needs specificity to be a valid MCQ.",Come viene mantenuta l'equità tra le squadre nel calcio professionistico?,"['A. Con un sistema di penalità', ""B. Con l'arbitraggio rigoroso"", 'C. Con la rotazione dei giocatori', 'D. Con il pubblico come giudice']",B. Con l'arbitraggio rigoroso
HBQ,HBQ_Italy.xlsx,Calcio_history,Cosa non è permesso ai giocatori in fase difensiva?,A. Spingere B. Bloccare la palla C. Colpire intenzionalmente D. Formare una barriera,Colpire intenzionalmente,0,"The question is ambiguous and factually incorrect in context. In most team sports (e.g., soccer, basketball), defensive players are allowed to block the ball (e.g., intercept passes, deflect shots), but 'Colpire intenzionalmente' (intentionally hit) is too vague — it could refer to illegal contact or legal defensive actions. Moreover, 'Formare una barriera' (forming a barrier) is often legal in sports like soccer (wall on free kicks) and basketball (screening). The correct prohibited action is likely 'Spingere' (pushing), which is a foul in most sports. The answer provided is incorrect.",Cosa è vietato ai giocatori in fase difensiva?,"['A. Spingere', 'B. Bloccare la palla', 'C. Colpire intenzionalmente', 'D. Formare una barriera']",A. Spingere
HBQ,HBQ_Italy.xlsx,Calcio_history,Cosa rappresenta l'evento per Firenze oggi?,A. Un evento sportivo moderno B. Un richiamo culturale C. Un'opportunità turistica D. Una festa cittadina,Un richiamo culturale,0,"The question 'Cosa rappresenta l'evento per Firenze oggi?' is vague and lacks context. It refers to 'l'evento' without specifying which event, making it impossible to determine a correct answer logically or factually. Without knowing the event, none of the options can be reliably evaluated.",Cosa rappresenta la Calcio Storico Fiorentino per Firenze oggi?,"['Un evento sportivo moderno', 'Un richiamo culturale', ""Un'opportunità turistica"", 'Una festa cittadina']",Un richiamo culturale
HBQ,HBQ_Italy.xlsx,Calcio_history,Come sono distribuiti i ruoli dei giocatori?,A. In base all'età B. In base alla strategia C. In base alla forza D. In base al sorteggio,In base alla strategia,1,no mistake,no correction needed,no correction needed,In base alla strategia
HBQ,HBQ_Italy.xlsx,Calcio_history,Qual è il compito degli arbitri secondari?,A. Supervisionare le mischie B. Gestire le sostituzioni C. Mantenere il punteggio D. Segnalare le scorrettezze,Segnalare le scorrettezze,0,"The question asks about 'arbitri secondari' (assistant referees), but the correct answer 'Segnalare le scorrettezze' (signal fouls) is not the primary or most accurate role of assistant referees in football. Their main duties include indicating offside, ball out of play, and assisting the main referee, not generally 'segnalare le scorrettezze' — which is primarily the main referee's role. The option is misleading and factually imprecise.",Qual è uno dei compiti principali degli arbitri secondari nel calcio?,"['A. Supervisionare le mischie', 'B. Gestire le sostituzioni', 'C. Mantenere il punteggio', 'D. Segnalare le offside']",D. Segnalare le offside
HBQ,HBQ_Italy.xlsx,Calcio_history,"Cosa significa ""giocare per il quartiere""?",A. Difendere i colori B. Competere per il premio C. Divertirsi insieme D. Promuovere la città,Difendere i colori,0,"The phrase 'giocare per il quartiere' (to play for the neighborhood) does not logically mean 'promuovere la città' (promote the city). The correct idiomatic meaning in sports context is 'difendere i colori' (defend the colors), which refers to playing for one's local team or community, not the city at large. The question is misleading because the correct answer is listed but the question does not align with standard usage — 'per il quartiere' implies local team loyalty, not city promotion. The provided answer is factually correct for the idiom, but the question is poorly phrased to match it.",Cosa significa 'giocare per la propria squadra locale'?,"['A. Difendere i colori', 'B. Competere per il premio', 'C. Divertirsi insieme', 'D. Promuovere la città']",A. Difendere i colori
