Started at: 09:32:29
['/DATA/rohan_kirti/country/india/RBQ/India_RBQ.xlsx']

📌 Processing: /DATA/rohan_kirti/country/india/RBQ/India_RBQ.xlsx
✅ Saved → RBQ | Kabaddi | Row 0
✅ Saved → RBQ | Kabaddi | Row 1
✅ Saved → RBQ | Kabaddi | Row 2
✅ Saved → RBQ | Kabaddi | Row 3
✅ Saved → RBQ | Kabaddi | Row 4
✅ Saved → RBQ | Kabaddi | Row 5
✅ Saved → RBQ | Kabaddi | Row 6
✅ Saved → RBQ | Kabaddi | Row 7
✅ Saved → RBQ | Kabaddi | Row 8
✅ Saved → RBQ | Kabaddi | Row 9
✅ Saved → RBQ | Kabaddi | Row 10
✅ Saved → RBQ | Kabaddi | Row 11
✅ Saved → RBQ | Kabaddi | Row 12
✅ Saved → RBQ | Kabaddi | Row 13
✅ Saved → RBQ | Kabaddi | Row 14
✅ Saved → RBQ | Kabaddi | Row 15
✅ Saved → RBQ | Kabaddi | Row 16
✅ Saved → RBQ | Kabaddi | Row 17
✅ Saved → RBQ | Kabaddi | Row 18
✅ Saved → RBQ | Kabaddi | Row 19
✅ Saved → RBQ | Kabaddi | Row 20
✅ Saved → RBQ | Kabaddi | Row 21
✅ Saved → RBQ | Kabaddi | Row 22
✅ Saved → RBQ | Kabaddi | Row 23
✅ Saved → RBQ | Kabaddi | Row 24
✅ Saved → RBQ | Kabaddi | Row 25
✅ Saved → RBQ | Kabaddi | Row 26
✅ Saved → RBQ | Kabaddi | Row 27
✅ Saved → RBQ | Kabaddi | Row 28
✅ Saved → RBQ | Kabaddi | Row 29
✅ Saved → RBQ | Kabaddi | Row 30
✅ Saved → RBQ | Kabaddi | Row 31
✅ Saved → RBQ | Kabaddi | Row 32
✅ Saved → RBQ | Kabaddi | Row 33
✅ Saved → RBQ | Kabaddi | Row 34
✅ Saved → RBQ | Kabaddi | Row 36
✅ Saved → RBQ | Kabaddi | Row 37
✅ Saved → RBQ | Kabaddi | Row 38
✅ Saved → RBQ | Kabaddi | Row 39
✅ Saved → RBQ | Kabaddi | Row 40
✅ Saved → RBQ | Kabaddi | Row 41
✅ Saved → RBQ | Kabaddi | Row 42
✅ Saved → RBQ | Kabaddi | Row 43
✅ Saved → RBQ | Kabaddi | Row 44
✅ Saved → RBQ | Kabaddi | Row 45
✅ Saved → RBQ | Kabaddi | Row 46
✅ Saved → RBQ | Kabaddi | Row 47
✅ Saved → RBQ | Kabaddi | Row 48
✅ Saved → RBQ | Kabaddi | Row 49
✅ Saved → RBQ | Kabaddi | Row 50
✅ Saved → RBQ | Kabaddi | Row 51
✅ Saved → RBQ | Kabaddi | Row 53
✅ Saved → RBQ | Kabaddi | Row 54
✅ Saved → RBQ | Kabaddi | Row 55
✅ Saved → RBQ | Kabaddi | Row 56
✅ Saved → RBQ | Kabaddi | Row 57
✅ Saved → RBQ | Kabaddi | Row 58
✅ Saved → RBQ | Kabaddi | Row 59
✅ Saved → RBQ | Kabaddi | Row 60
✅ Saved → RBQ | Kabaddi | Row 61
✅ Saved → RBQ | Kabaddi | Row 62
✅ Saved → RBQ | Kabaddi | Row 63
✅ Saved → RBQ | Kabaddi | Row 64
✅ Saved → RBQ | Kabaddi | Row 65
✅ Saved → RBQ | Kabaddi | Row 66
✅ Saved → RBQ | Kabaddi | Row 67
✅ Saved → RBQ | Kabaddi | Row 68
✅ Saved → RBQ | Kabaddi | Row 69
✅ Saved → RBQ | Kabaddi | Row 70
✅ Saved → RBQ | Kabaddi | Row 71
✅ Saved → RBQ | Kabaddi | Row 72
✅ Saved → RBQ | Kabaddi | Row 73
✅ Saved → RBQ | Kabaddi | Row 74
✅ Saved → RBQ | Kabaddi | Row 75
✅ Saved → RBQ | Kabaddi | Row 76
✅ Saved → RBQ | Kabaddi | Row 77
✅ Saved → RBQ | Kabaddi | Row 78
✅ Saved → RBQ | Kabaddi | Row 79
✅ Saved → RBQ | Kabaddi | Row 80
✅ Saved → RBQ | Kabaddi | Row 81
✅ Saved → RBQ | Kabaddi | Row 82
✅ Saved → RBQ | Kabaddi | Row 83
✅ Saved → RBQ | Kabaddi | Row 84
✅ Saved → RBQ | Kabaddi | Row 85
✅ Saved → RBQ | Kabaddi | Row 87
✅ Saved → RBQ | Kabaddi | Row 88
✅ Saved → RBQ | Kabaddi | Row 89
✅ Saved → RBQ | Kabaddi | Row 90
✅ Saved → RBQ | Kabaddi | Row 91
✅ Saved → RBQ | Kabaddi | Row 92
✅ Saved → RBQ | Kabaddi | Row 93
✅ Saved → RBQ | Kabaddi | Row 94
✅ Saved → RBQ | Kabaddi | Row 95
✅ Saved → RBQ | Kabaddi | Row 96
✅ Saved → RBQ | Kabaddi | Row 97
✅ Saved → RBQ | Kabaddi | Row 98
✅ Saved → RBQ | Kabaddi | Row 99
✅ Saved → RBQ | Kabaddi | Row 100
✅ Saved → RBQ | Kabaddi | Row 101
✅ Saved → RBQ | Kabaddi | Row 102
✅ Saved → RBQ | Kabaddi | Row 103
✅ Saved → RBQ | Kabaddi | Row 104
✅ Saved → RBQ | Kabaddi | Row 105
✅ Saved → RBQ | Kabaddi | Row 106
✅ Saved → RBQ | Kabaddi | Row 107
✅ Saved → RBQ | Kabaddi | Row 108
✅ Saved → RBQ | Kabaddi | Row 109
✅ Saved → RBQ | Kabaddi | Row 110
✅ Saved → RBQ | Kabaddi | Row 111
✅ Saved → RBQ | Kabaddi | Row 112
✅ Saved → RBQ | Kabaddi | Row 113
✅ Saved → RBQ | Kabaddi | Row 114
✅ Saved → RBQ | Kabaddi | Row 116
✅ Saved → RBQ | Kabaddi | Row 117
✅ Saved → RBQ | Kabaddi | Row 118
✅ Saved → RBQ | Kabaddi | Row 119
✅ Saved → RBQ | Kabaddi | Row 120
✅ Saved → RBQ | Kabaddi | Row 121
✅ Saved → RBQ | Kabaddi | Row 122
✅ Saved → RBQ | Kabaddi | Row 123
✅ Saved → RBQ | Kabaddi | Row 124
✅ Saved → RBQ | Kabaddi | Row 125
✅ Saved → RBQ | Kabaddi | Row 126
✅ Saved → RBQ | Kabaddi | Row 127
✅ Saved → RBQ | Kabaddi | Row 128
✅ Saved → RBQ | Kabaddi | Row 129
✅ Saved → RBQ | Kabaddi | Row 130
✅ Saved → RBQ | Kabaddi | Row 131
✅ Saved → RBQ | Kabaddi | Row 132
✅ Saved → RBQ | Kabaddi | Row 133
✅ Saved → RBQ | Kabaddi | Row 134
✅ Saved → RBQ | Kabaddi | Row 135
✅ Saved → RBQ | Kabaddi | Row 136
✅ Saved → RBQ | Kabaddi | Row 137
✅ Saved → RBQ | Kabaddi | Row 138
✅ Saved → RBQ | Kabaddi | Row 139
✅ Saved → RBQ | Kabaddi | Row 140
✅ Saved → RBQ | Kabaddi | Row 141
✅ Saved → RBQ | Kabaddi | Row 142
✅ Saved → RBQ | Kabaddi | Row 143
✅ Saved → RBQ | Kabaddi | Row 144
✅ Saved → RBQ | Kabaddi | Row 145
✅ Saved → RBQ | Kabaddi | Row 146
✅ Saved → RBQ | Kabaddi | Row 147
✅ Saved → RBQ | Kabaddi | Row 148
✅ Saved → RBQ | Kabaddi | Row 149
✅ Saved → RBQ | Kabaddi | Row 150
✅ Saved → RBQ | Kabaddi | Row 151
✅ Saved → RBQ | Kabaddi | Row 152
✅ Saved → RBQ | Kabaddi | Row 153
✅ Saved → RBQ | Kabaddi | Row 154
✅ Saved → RBQ | Kabaddi | Row 155
✅ Saved → RBQ | Kabaddi | Row 156
✅ Saved → RBQ | Kabaddi | Row 157
✅ Saved → RBQ | Kabaddi | Row 158
✅ Saved → RBQ | Kabaddi | Row 159
✅ Saved → RBQ | Kabaddi | Row 160
✅ Saved → RBQ | Kabaddi | Row 161
✅ Saved → RBQ | Kabaddi | Row 162
✅ Saved → RBQ | Kabaddi | Row 163
✅ Saved → RBQ | Kabaddi | Row 164
✅ Saved → RBQ | Kabaddi | Row 165
✅ Saved → RBQ | Kabaddi | Row 166
✅ Saved → RBQ | Kabaddi | Row 167
✅ Saved → RBQ | Kabaddi | Row 168
✅ Saved → RBQ | Kabaddi | Row 170
✅ Saved → RBQ | Kabaddi | Row 171
✅ Saved → RBQ | Kabaddi | Row 172
✅ Saved → RBQ | Kabaddi | Row 173
✅ Saved → RBQ | Kabaddi | Row 174
✅ Saved → RBQ | Kabaddi | Row 175
✅ Saved → RBQ | Kabaddi | Row 176
✅ Saved → RBQ | Kabaddi | Row 177
✅ Saved → RBQ | Kabaddi | Row 178
✅ Saved → RBQ | Kabaddi | Row 179
✅ Saved → RBQ | Kabaddi | Row 180
✅ Saved → RBQ | Kabaddi | Row 181
✅ Saved → RBQ | Kabaddi | Row 182
✅ Saved → RBQ | Kabaddi | Row 183
✅ Saved → RBQ | Kabaddi | Row 184
✅ Saved → RBQ | Kabaddi | Row 185
✅ Saved → RBQ | Kabaddi | Row 186
✅ Saved → RBQ | Kabaddi | Row 187
✅ Saved → RBQ | Kabaddi | Row 188
✅ Saved → RBQ | Kabaddi | Row 189
✅ Saved → RBQ | Kabaddi | Row 190
✅ Saved → RBQ | Kabaddi | Row 191
✅ Saved → RBQ | Kabaddi | Row 192
✅ Saved → RBQ | Kabaddi | Row 193
✅ Saved → RBQ | Kabaddi | Row 194
✅ Saved → RBQ | Kabaddi | Row 195
✅ Saved → RBQ | Kabaddi | Row 196
✅ Saved → RBQ | Kabaddi | Row 197
✅ Saved → RBQ | Kabaddi | Row 198
✅ Saved → RBQ | Kabaddi | Row 199
✅ Saved → RBQ | Kabaddi | Row 200
✅ Saved → RBQ | Kabaddi | Row 201
✅ Saved → RBQ | Kabaddi | Row 202
✅ Saved → RBQ | Kabaddi | Row 203
✅ Saved → RBQ | Kabaddi | Row 204
✅ Saved → RBQ | Kabaddi | Row 205
✅ Saved → RBQ | Kabaddi | Row 206
✅ Saved → RBQ | Kabaddi | Row 207
✅ Saved → RBQ | Kabaddi | Row 208
✅ Saved → RBQ | Kabaddi | Row 209
✅ Saved → RBQ | Kabaddi | Row 210
✅ Saved → RBQ | Kabaddi | Row 211
✅ Saved → RBQ | Kabaddi | Row 212
✅ Saved → RBQ | Kabaddi | Row 213
✅ Saved → RBQ | Kabaddi | Row 214
✅ Saved → RBQ | Kabaddi | Row 216
✅ Saved → RBQ | Kabaddi | Row 217
✅ Saved → RBQ | Kabaddi | Row 218
✅ Saved → RBQ | Kabaddi | Row 220
✅ Saved → RBQ | Kabaddi | Row 221
✅ Saved → RBQ | Kabaddi | Row 222
✅ Saved → RBQ | Kabaddi | Row 225
✅ Saved → RBQ | Kabaddi | Row 228
✅ Saved → RBQ | Kabaddi | Row 229
✅ Saved → RBQ | Kabaddi | Row 230
✅ Saved → RBQ | Kabaddi | Row 231
✅ Saved → RBQ | Kabaddi | Row 234
✅ Saved → RBQ | Kabaddi | Row 235
✅ Saved → RBQ | Kabaddi | Row 236
✅ Saved → RBQ | Kabaddi | Row 239
✅ Saved → RBQ | Kabaddi | Row 240
✅ Saved → RBQ | Kabaddi | Row 243
✅ Saved → RBQ | Kabaddi | Row 244
✅ Saved → RBQ | Kabaddi | Row 246
✅ Saved → RBQ | Kabaddi | Row 247
✅ Saved → RBQ | Kabaddi | Row 248
✅ Saved → RBQ | Kabaddi | Row 249
✅ Saved → RBQ | Kabaddi | Row 250
✅ Saved → RBQ | Kabaddi | Row 251
✅ Saved → RBQ | Kabaddi | Row 252
✅ Saved → RBQ | Kabaddi | Row 253
✅ Saved → RBQ | Kabaddi | Row 254
✅ Saved → RBQ | Kabaddi | Row 255
✅ Saved → RBQ | Kabaddi | Row 256
✅ Saved → RBQ | Kabaddi | Row 257
✅ Saved → RBQ | Kabaddi | Row 258
✅ Saved → RBQ | Kabaddi | Row 259
✅ Saved → RBQ | Kabaddi | Row 260
✅ Saved → RBQ | Kabaddi | Row 261
✅ Saved → RBQ | Kabaddi | Row 262
✅ Saved → RBQ | Kabaddi | Row 263
✅ Saved → RBQ | Kabaddi | Row 264
✅ Saved → RBQ | Kabaddi | Row 265
✅ Saved → RBQ | Kabaddi | Row 266
✅ Saved → RBQ | Kabaddi | Row 267
✅ Saved → RBQ | Kabaddi | Row 268
✅ Saved → RBQ | Kabaddi | Row 269
✅ Saved → RBQ | Kabaddi | Row 270
✅ Saved → RBQ | Kabaddi | Row 271
✅ Saved → RBQ | Kabaddi | Row 272
✅ Saved → RBQ | Kabaddi | Row 273
✅ Saved → RBQ | Kabaddi | Row 274
✅ Saved → RBQ | Kabaddi | Row 275
✅ Saved → RBQ | Kabaddi | Row 276
✅ Saved → RBQ | Kabaddi | Row 277
✅ Saved → RBQ | Kabaddi | Row 278
✅ Saved → RBQ | Kabaddi | Row 279
✅ Saved → RBQ | Kabaddi | Row 280
✅ Saved → RBQ | Kabaddi | Row 281
✅ Saved → RBQ | Kabaddi | Row 282
✅ Saved → RBQ | Kabaddi | Row 283
✅ Saved → RBQ | Kabaddi | Row 284
✅ Saved → RBQ | Kabaddi | Row 285
✅ Saved → RBQ | Kabaddi | Row 286
✅ Saved → RBQ | Kabaddi | Row 287
✅ Saved → RBQ | Kabaddi | Row 288
✅ Saved → RBQ | Kabaddi | Row 289
✅ Saved → RBQ | Kabaddi | Row 290
✅ Saved → RBQ | Kabaddi | Row 291
✅ Saved → RBQ | Kabaddi | Row 292
✅ Saved → RBQ | Kabaddi | Row 293
✅ Saved → RBQ | Kabaddi | Row 294
✅ Saved → RBQ | Kabaddi | Row 295
✅ Saved → RBQ | Kabaddi | Row 296
✅ Saved → RBQ | Kabaddi | Row 297
✅ Saved → RBQ | Kabaddi | Row 298
✅ Saved → RBQ | Kabaddi | Row 299
✅ Saved → RBQ | Kabaddi | Row 300
✅ Saved → RBQ | Kabaddi | Row 301
✅ Saved → RBQ | Kabaddi | Row 302
✅ Saved → RBQ | Kabaddi | Row 303
✅ Saved → RBQ | Kabaddi | Row 304
✅ Saved → RBQ | Kabaddi | Row 305
✅ Saved → RBQ | Kabaddi | Row 306
✅ Saved → RBQ | Kabaddi | Row 307
✅ Saved → RBQ | Kabaddi | Row 308
✅ Saved → RBQ | Kabaddi | Row 309
✅ Saved → RBQ | Kabaddi | Row 310
✅ Saved → RBQ | Kabaddi | Row 311
✅ Saved → RBQ | Kabaddi | Row 312
✅ Saved → RBQ | Kabaddi | Row 313
✅ Saved → RBQ | Kabaddi | Row 314
✅ Saved → RBQ | Kabaddi | Row 315
✅ Saved → RBQ | Kabaddi | Row 316
✅ Saved → RBQ | Kabaddi | Row 317
✅ Saved → RBQ | Kabaddi | Row 318
✅ Saved → RBQ | Kabaddi | Row 319
✅ Saved → RBQ | Kabaddi | Row 320
✅ Saved → RBQ | Kabaddi | Row 321
✅ Saved → RBQ | Kabaddi | Row 322
✅ Saved → RBQ | Kabaddi | Row 323
✅ Saved → RBQ | Kabaddi | Row 324
✅ Saved → RBQ | Kabaddi | Row 325
✅ Saved → RBQ | Kabaddi | Row 326
✅ Saved → RBQ | Kabaddi | Row 327
✅ Saved → RBQ | Kabaddi | Row 328
✅ Saved → RBQ | Kabaddi | Row 329
✅ Saved → RBQ | Kabaddi | Row 330
✅ Saved → RBQ | Kabaddi | Row 331
✅ Saved → RBQ | Kabaddi | Row 332
✅ Saved → RBQ | Kabaddi | Row 333
✅ Saved → RBQ | Kabaddi | Row 334
✅ Saved → RBQ | Kabaddi | Row 335
✅ Saved → RBQ | Kabaddi | Row 336
✅ Saved → RBQ | Kabaddi | Row 337
✅ Saved → RBQ | Kabaddi | Row 338
✅ Saved → RBQ | Kabaddi | Row 339
✅ Saved → RBQ | Kabaddi | Row 340
✅ Saved → RBQ | Kabaddi | Row 341
✅ Saved → RBQ | Kabaddi | Row 342
✅ Saved → RBQ | Kabaddi | Row 343
✅ Saved → RBQ | Kabaddi | Row 344
✅ Saved → RBQ | Kabaddi | Row 345
✅ Saved → RBQ | Kabaddi | Row 346
✅ Saved → RBQ | Kabaddi | Row 347
✅ Saved → RBQ | Kabaddi | Row 348
✅ Saved → RBQ | Kabaddi | Row 349
✅ Saved → RBQ | Kabaddi | Row 350
✅ Saved → RBQ | Kabaddi | Row 351
✅ Saved → RBQ | Kabaddi | Row 352
✅ Saved → RBQ | Kabaddi | Row 353
✅ Saved → RBQ | Kabaddi | Row 354
✅ Saved → RBQ | Kabaddi | Row 355
✅ Saved → RBQ | Kabaddi | Row 356
✅ Saved → RBQ | Kabaddi | Row 357
✅ Saved → RBQ | Kabaddi | Row 358
✅ Saved → RBQ | Kabaddi | Row 359
✅ Saved → RBQ | Kabaddi | Row 360
✅ Saved → RBQ | Kabaddi | Row 361
✅ Saved → RBQ | Kabaddi | Row 362
✅ Saved → RBQ | Kabaddi | Row 363
✅ Saved → RBQ | Kabaddi | Row 364
✅ Saved → RBQ | Kabaddi | Row 365
✅ Saved → RBQ | Kabaddi | Row 366
✅ Saved → RBQ | Kabaddi | Row 367
✅ Saved → RBQ | Kabaddi | Row 368
✅ Saved → RBQ | Kabaddi | Row 369
✅ Saved → RBQ | Kabaddi | Row 370
✅ Saved → RBQ | Kabaddi | Row 371
✅ Saved → RBQ | Kabaddi | Row 372
✅ Saved → RBQ | Kabaddi | Row 373
✅ Saved → RBQ | Kabaddi | Row 374
✅ Saved → RBQ | Kabaddi | Row 375
✅ Saved → RBQ | Kabaddi | Row 376
✅ Saved → RBQ | Kabaddi | Row 377
✅ Saved → RBQ | Kabaddi | Row 378
✅ Saved → RBQ | Kabaddi | Row 379
✅ Saved → RBQ | Kabaddi | Row 380
✅ Saved → RBQ | Kabaddi | Row 381
✅ Saved → RBQ | Kabaddi | Row 382
✅ Saved → RBQ | Kabaddi | Row 383
✅ Saved → RBQ | Kabaddi | Row 384
✅ Saved → RBQ | Kabaddi | Row 385
✅ Saved → RBQ | Kabaddi | Row 386
✅ Saved → RBQ | Kabaddi | Row 387
✅ Saved → RBQ | Kabaddi | Row 388
✅ Saved → RBQ | Kabaddi | Row 389
✅ Saved → RBQ | Kabaddi | Row 390
✅ Saved → RBQ | Kabaddi | Row 391
✅ Saved → RBQ | Kabaddi | Row 392
✅ Saved → RBQ | Kabaddi | Row 393
✅ Saved → RBQ | Kabaddi | Row 394
✅ Saved → RBQ | Kabaddi | Row 395
✅ Saved → RBQ | Kabaddi | Row 396
✅ Saved → RBQ | Kabaddi | Row 397
✅ Saved → RBQ | Kabaddi | Row 398
✅ Saved → RBQ | Kabaddi | Row 399
✅ Saved → RBQ | Kabaddi | Row 400
✅ Saved → RBQ | Kabaddi | Row 401
✅ Saved → RBQ | Kabaddi | Row 402
✅ Saved → RBQ | Kabaddi | Row 403
✅ Saved → RBQ | Kabaddi | Row 404
✅ Saved → RBQ | Kabaddi | Row 405
✅ Saved → RBQ | Kabaddi | Row 406
✅ Saved → RBQ | Kabaddi | Row 407
✅ Saved → RBQ | Kabaddi | Row 408
✅ Saved → RBQ | Kabaddi | Row 409
✅ Saved → RBQ | Kabaddi | Row 410
✅ Saved → RBQ | Kabaddi | Row 411
✅ Saved → RBQ | Kabaddi | Row 412
✅ Saved → RBQ | Kabaddi | Row 413
✅ Saved → RBQ | Kabaddi | Row 414
✅ Saved → RBQ | Kabaddi | Row 415
✅ Saved → RBQ | Kabaddi | Row 416
✅ Saved → RBQ | Kabaddi | Row 417
✅ Saved → RBQ | Kabaddi | Row 418
✅ Saved → RBQ | Kabaddi | Row 419
✅ Saved → RBQ | Kabaddi | Row 420
✅ Saved → RBQ | Kabaddi | Row 421
✅ Saved → RBQ | Kabaddi | Row 422
✅ Saved → RBQ | Kabaddi | Row 423
✅ Saved → RBQ | Kabaddi | Row 424
✅ Saved → RBQ | Kabaddi | Row 425
✅ Saved → RBQ | Kabaddi | Row 426
✅ Saved → RBQ | Kabaddi | Row 427
✅ Saved → RBQ | Kabaddi | Row 428
✅ Saved → RBQ | Kabaddi | Row 429
✅ Saved → RBQ | Kabaddi | Row 430
✅ Saved → RBQ | Kabaddi | Row 431
✅ Saved → RBQ | Kabaddi | Row 432
✅ Saved → RBQ | Kabaddi | Row 433
✅ Saved → RBQ | Kabaddi | Row 434
✅ Saved → RBQ | Kabaddi | Row 435
✅ Saved → RBQ | Kabaddi | Row 436
✅ Saved → RBQ | Kabaddi | Row 437
✅ Saved → RBQ | Kabaddi | Row 438
✅ Saved → RBQ | Kabaddi | Row 439
✅ Saved → RBQ | Kabaddi | Row 440
✅ Saved → RBQ | Kabaddi | Row 441
✅ Saved → RBQ | Kabaddi | Row 442
✅ Saved → RBQ | Kabaddi | Row 443
✅ Saved → RBQ | Kabaddi | Row 444
✅ Saved → RBQ | Kabaddi | Row 445
✅ Saved → RBQ | Kabaddi | Row 446
✅ Saved → RBQ | Kabaddi | Row 447
✅ Saved → RBQ | Kabaddi | Row 448
✅ Saved → RBQ | Kabaddi | Row 450
✅ Saved → RBQ | Kabaddi | Row 451
✅ Saved → RBQ | Kabaddi | Row 452
✅ Saved → RBQ | Kabaddi | Row 453
✅ Saved → RBQ | Kabaddi | Row 454
✅ Saved → RBQ | Kabaddi | Row 455
✅ Saved → RBQ | Kabaddi | Row 456
✅ Saved → RBQ | Kabaddi | Row 457
✅ Saved → RBQ | Kabaddi | Row 458
✅ Saved → RBQ | Kabaddi | Row 459
✅ Saved → RBQ | Kabaddi | Row 460
✅ Saved → RBQ | Kabaddi | Row 461
✅ Saved → RBQ | Kabaddi | Row 462
✅ Saved → RBQ | Kabaddi | Row 463
✅ Saved → RBQ | Kabaddi | Row 464
✅ Saved → RBQ | Kabaddi | Row 465
✅ Saved → RBQ | Kabaddi | Row 466
✅ Saved → RBQ | Kabaddi | Row 467
✅ Saved → RBQ | Kabaddi | Row 468
✅ Saved → RBQ | Kabaddi | Row 469
✅ Saved → RBQ | Kabaddi | Row 470
✅ Saved → RBQ | Kabaddi | Row 471
✅ Saved → RBQ | Kabaddi | Row 472
✅ Saved → RBQ | Kabaddi | Row 473
✅ Saved → RBQ | Kabaddi | Row 474
✅ Saved → RBQ | Kabaddi | Row 475
✅ Saved → RBQ | Kabaddi | Row 476
✅ Saved → RBQ | Kabaddi | Row 477
✅ Saved → RBQ | Kabaddi | Row 478
✅ Saved → RBQ | Kabaddi | Row 479
✅ Saved → RBQ | Kabaddi | Row 480
✅ Saved → RBQ | Kabaddi | Row 481
✅ Saved → RBQ | Kabaddi | Row 482
✅ Saved → RBQ | Kabaddi | Row 483
✅ Saved → RBQ | Kabaddi | Row 484
✅ Saved → RBQ | Kabaddi | Row 485
✅ Saved → RBQ | Kabaddi | Row 486
✅ Saved → RBQ | Kabaddi | Row 487
✅ Saved → RBQ | Kabaddi | Row 488
✅ Saved → RBQ | Kabaddi | Row 489
✅ Saved → RBQ | Kabaddi | Row 490
✅ Saved → RBQ | Kabaddi | Row 491
✅ Saved → RBQ | Kabaddi | Row 492
✅ Saved → RBQ | Kabaddi | Row 493
✅ Saved → RBQ | Kabaddi | Row 494
✅ Saved → RBQ | Kabaddi | Row 495
✅ Saved → RBQ | Kabaddi | Row 497
✅ Saved → RBQ | Kabaddi | Row 498
✅ Saved → RBQ | Kabaddi | Row 499
✅ Saved → RBQ | Kabaddi | Row 500
✅ Saved → RBQ | Kabaddi | Row 501
✅ Saved → RBQ | Kabaddi | Row 502
✅ Saved → RBQ | Kabaddi | Row 504
✅ Saved → RBQ | Kabaddi | Row 505
✅ Saved → RBQ | Kabaddi | Row 506
✅ Saved → RBQ | Kabaddi | Row 507
✅ Saved → RBQ | Kabaddi | Row 509
✅ Saved → RBQ | Kabaddi | Row 510
✅ Saved → RBQ | Kabaddi | Row 511
✅ Saved → RBQ | Kabaddi | Row 512
✅ Saved → RBQ | Kabaddi | Row 514
✅ Saved → RBQ | Kabaddi | Row 515
✅ Saved → RBQ | Kabaddi | Row 516
✅ Saved → RBQ | Kabaddi | Row 517
✅ Saved → RBQ | Kabaddi | Row 518
✅ Saved → RBQ | Chess | Row 0
✅ Saved → RBQ | Chess | Row 1
✅ Saved → RBQ | Chess | Row 2
✅ Saved → RBQ | Chess | Row 3
✅ Saved → RBQ | Chess | Row 4
✅ Saved → RBQ | Chess | Row 5
✅ Saved → RBQ | Chess | Row 6
✅ Saved → RBQ | Chess | Row 7
✅ Saved → RBQ | Chess | Row 8
✅ Saved → RBQ | Chess | Row 9
✅ Saved → RBQ | Chess | Row 10
✅ Saved → RBQ | Chess | Row 11
✅ Saved → RBQ | Chess | Row 12
✅ Saved → RBQ | Chess | Row 13
✅ Saved → RBQ | Chess | Row 14
✅ Saved → RBQ | Chess | Row 15
✅ Saved → RBQ | Chess | Row 16
✅ Saved → RBQ | Chess | Row 17
✅ Saved → RBQ | Chess | Row 18
✅ Saved → RBQ | Chess | Row 19
✅ Saved → RBQ | Chess | Row 20
✅ Saved → RBQ | Chess | Row 21
✅ Saved → RBQ | Chess | Row 22
✅ Saved → RBQ | Chess | Row 23
✅ Saved → RBQ | Chess | Row 24
✅ Saved → RBQ | Chess | Row 25
✅ Saved → RBQ | Chess | Row 26
✅ Saved → RBQ | Chess | Row 27
✅ Saved → RBQ | Chess | Row 28
✅ Saved → RBQ | Chess | Row 29
✅ Saved → RBQ | Chess | Row 30
✅ Saved → RBQ | Chess | Row 31
✅ Saved → RBQ | Chess | Row 32
✅ Saved → RBQ | Chess | Row 33
✅ Saved → RBQ | Chess | Row 34
✅ Saved → RBQ | Chess | Row 35
✅ Saved → RBQ | Chess | Row 36
✅ Saved → RBQ | Chess | Row 37
✅ Saved → RBQ | Chess | Row 38
✅ Saved → RBQ | Chess | Row 39
✅ Saved → RBQ | Chess | Row 40
✅ Saved → RBQ | Chess | Row 41
✅ Saved → RBQ | Chess | Row 42
✅ Saved → RBQ | Chess | Row 43
✅ Saved → RBQ | Chess | Row 44
✅ Saved → RBQ | Chess | Row 45
✅ Saved → RBQ | Chess | Row 46
✅ Saved → RBQ | Chess | Row 47
✅ Saved → RBQ | Chess | Row 48
✅ Saved → RBQ | Chess | Row 49
✅ Saved → RBQ | Chess | Row 50
✅ Saved → RBQ | Chess | Row 51
✅ Saved → RBQ | Chess | Row 52
✅ Saved → RBQ | Chess | Row 53
✅ Saved → RBQ | Chess | Row 54
✅ Saved → RBQ | Chess | Row 55
✅ Saved → RBQ | Chess | Row 56
✅ Saved → RBQ | Chess | Row 57
✅ Saved → RBQ | Chess | Row 58
✅ Saved → RBQ | Chess | Row 59
✅ Saved → RBQ | Chess | Row 60
✅ Saved → RBQ | Chess | Row 61
✅ Saved → RBQ | Chess | Row 62
✅ Saved → RBQ | Chess | Row 63
✅ Saved → RBQ | Chess | Row 64
✅ Saved → RBQ | Chess | Row 65
✅ Saved → RBQ | Chess | Row 66
✅ Saved → RBQ | Chess | Row 67
✅ Saved → RBQ | Chess | Row 68
✅ Saved → RBQ | Chess | Row 69
✅ Saved → RBQ | Chess | Row 70
✅ Saved → RBQ | Chess | Row 71
✅ Saved → RBQ | Chess | Row 72
✅ Saved → RBQ | Chess | Row 73
✅ Saved → RBQ | Chess | Row 74
✅ Saved → RBQ | Chess | Row 75
✅ Saved → RBQ | Chess | Row 76
✅ Saved → RBQ | Chess | Row 77
✅ Saved → RBQ | Chess | Row 78
✅ Saved → RBQ | Chess | Row 79
✅ Saved → RBQ | Chess | Row 80
✅ Saved → RBQ | Chess | Row 81
✅ Saved → RBQ | Chess | Row 82
✅ Saved → RBQ | Chess | Row 83
✅ Saved → RBQ | Chess | Row 84
✅ Saved → RBQ | Chess | Row 85
✅ Saved → RBQ | Chess | Row 86
✅ Saved → RBQ | Chess | Row 87
✅ Saved → RBQ | Chess | Row 88
✅ Saved → RBQ | Chess | Row 89
✅ Saved → RBQ | Chess | Row 90
✅ Saved → RBQ | Chess | Row 91
✅ Saved → RBQ | Chess | Row 92
✅ Saved → RBQ | Chess | Row 93
✅ Saved → RBQ | Chess | Row 94
✅ Saved → RBQ | Chess | Row 95
✅ Saved → RBQ | Chess | Row 96
✅ Saved → RBQ | Chess | Row 97
✅ Saved → RBQ | Chess | Row 98
✅ Saved → RBQ | Chess | Row 99
✅ Saved → RBQ | Chess | Row 100
✅ Saved → RBQ | Chess | Row 101
✅ Saved → RBQ | Chess | Row 102
✅ Saved → RBQ | Chess | Row 103
✅ Saved → RBQ | Chess | Row 104
✅ Saved → RBQ | Chess | Row 105
✅ Saved → RBQ | Chess | Row 106
✅ Saved → RBQ | Chess | Row 107
✅ Saved → RBQ | Chess | Row 108
✅ Saved → RBQ | Chess | Row 109
✅ Saved → RBQ | Chess | Row 110
✅ Saved → RBQ | Chess | Row 111
✅ Saved → RBQ | Chess | Row 112
✅ Saved → RBQ | Chess | Row 113
✅ Saved → RBQ | Chess | Row 114
✅ Saved → RBQ | Chess | Row 115
✅ Saved → RBQ | Chess | Row 116
✅ Saved → RBQ | Chess | Row 117
✅ Saved → RBQ | Chess | Row 118
✅ Saved → RBQ | Chess | Row 119
✅ Saved → RBQ | Chess | Row 120
✅ Saved → RBQ | Chess | Row 121
✅ Saved → RBQ | Chess | Row 122
✅ Saved → RBQ | Chess | Row 123
✅ Saved → RBQ | Chess | Row 124
✅ Saved → RBQ | Chess | Row 125
✅ Saved → RBQ | Chess | Row 126
✅ Saved → RBQ | Chess | Row 127
✅ Saved → RBQ | Chess | Row 128
✅ Saved → RBQ | Chess | Row 129
✅ Saved → RBQ | Chess | Row 130
✅ Saved → RBQ | Chess | Row 131
✅ Saved → RBQ | Chess | Row 132
✅ Saved → RBQ | Chess | Row 133
✅ Saved → RBQ | Chess | Row 134
✅ Saved → RBQ | Chess | Row 135
✅ Saved → RBQ | Chess | Row 136
✅ Saved → RBQ | Chess | Row 137
✅ Saved → RBQ | Chess | Row 138
✅ Saved → RBQ | Chess | Row 139
✅ Saved → RBQ | Chess | Row 140
✅ Saved → RBQ | Chess | Row 141
✅ Saved → RBQ | Chess | Row 142
✅ Saved → RBQ | Chess | Row 143
✅ Saved → RBQ | Chess | Row 144
✅ Saved → RBQ | Chess | Row 145
✅ Saved → RBQ | Chess | Row 146
✅ Saved → RBQ | Chess | Row 147
✅ Saved → RBQ | Chess | Row 148
✅ Saved → RBQ | Chess | Row 149
✅ Saved → RBQ | Chess | Row 150
✅ Saved → RBQ | Chess | Row 151
✅ Saved → RBQ | Chess | Row 152
✅ Saved → RBQ | Chess | Row 153
✅ Saved → RBQ | Chess | Row 154
✅ Saved → RBQ | Chess | Row 155
✅ Saved → RBQ | Chess | Row 156
✅ Saved → RBQ | Chess | Row 157
✅ Saved → RBQ | Chess | Row 158
✅ Saved → RBQ | Chess | Row 159
✅ Saved → RBQ | Chess | Row 160
✅ Saved → RBQ | Chess | Row 161
✅ Saved → RBQ | Chess | Row 162
✅ Saved → RBQ | Chess | Row 163
✅ Saved → RBQ | Chess | Row 164
✅ Saved → RBQ | Chess | Row 165
✅ Saved → RBQ | Chess | Row 166
✅ Saved → RBQ | Chess | Row 167
✅ Saved → RBQ | Chess | Row 168
✅ Saved → RBQ | Chess | Row 169
✅ Saved → RBQ | Chess | Row 170
✅ Saved → RBQ | Chess | Row 171
✅ Saved → RBQ | Chess | Row 172
✅ Saved → RBQ | Chess | Row 173
✅ Saved → RBQ | Chess | Row 174
✅ Saved → RBQ | Chess | Row 175
✅ Saved → RBQ | Chess | Row 176
✅ Saved → RBQ | Chess | Row 177
✅ Saved → RBQ | Chess | Row 178
✅ Saved → RBQ | Chess | Row 179
✅ Saved → RBQ | Chess | Row 180
✅ Saved → RBQ | Chess | Row 181
✅ Saved → RBQ | Chess | Row 182
✅ Saved → RBQ | Chess | Row 183
✅ Saved → RBQ | Chess | Row 184
✅ Saved → RBQ | Chess | Row 185
✅ Saved → RBQ | Chess | Row 186
✅ Saved → RBQ | Chess | Row 187
✅ Saved → RBQ | Chess | Row 188
✅ Saved → RBQ | Chess | Row 189
✅ Saved → RBQ | Chess | Row 190
✅ Saved → RBQ | Chess | Row 191
✅ Saved → RBQ | Chess | Row 192
✅ Saved → RBQ | Chess | Row 193
✅ Saved → RBQ | Chess | Row 194
✅ Saved → RBQ | Chess | Row 195
✅ Saved → RBQ | Chess | Row 196
✅ Saved → RBQ | Chess | Row 197
✅ Saved → RBQ | Chess | Row 198
✅ Saved → RBQ | Chess | Row 199
✅ Saved → RBQ | Chess | Row 200
✅ Saved → RBQ | Chess | Row 202
✅ Saved → RBQ | Chess | Row 203
✅ Saved → RBQ | Chess | Row 204
✅ Saved → RBQ | Chess | Row 205
✅ Saved → RBQ | Chess | Row 206
✅ Saved → RBQ | Chess | Row 207
✅ Saved → RBQ | Chess | Row 208
✅ Saved → RBQ | Chess | Row 209
✅ Saved → RBQ | Chess | Row 210
✅ Saved → RBQ | Chess | Row 211
✅ Saved → RBQ | Chess | Row 212
✅ Saved → RBQ | Chess | Row 213
✅ Saved → RBQ | Chess | Row 214
✅ Saved → RBQ | Chess | Row 215
✅ Saved → RBQ | Chess | Row 216
✅ Saved → RBQ | Chess | Row 217
✅ Saved → RBQ | Chess | Row 218
✅ Saved → RBQ | Chess | Row 219
✅ Saved → RBQ | Chess | Row 220
✅ Saved → RBQ | Chess | Row 221
✅ Saved → RBQ | Chess | Row 222
✅ Saved → RBQ | Chess | Row 223
✅ Saved → RBQ | Chess | Row 224
✅ Saved → RBQ | Chess | Row 225
✅ Saved → RBQ | Chess | Row 226
✅ Saved → RBQ | Chess | Row 227
✅ Saved → RBQ | Chess | Row 228
✅ Saved → RBQ | Chess | Row 229
✅ Saved → RBQ | Chess | Row 230
✅ Saved → RBQ | Chess | Row 231
✅ Saved → RBQ | Chess | Row 232
✅ Saved → RBQ | Chess | Row 233
✅ Saved → RBQ | Chess | Row 234
✅ Saved → RBQ | Chess | Row 235
✅ Saved → RBQ | Chess | Row 237
✅ Saved → RBQ | Chess | Row 238
✅ Saved → RBQ | Chess | Row 239
✅ Saved → RBQ | Chess | Row 240
✅ Saved → RBQ | Chess | Row 241
✅ Saved → RBQ | Chess | Row 242
✅ Saved → RBQ | Chess | Row 243
✅ Saved → RBQ | Chess | Row 244
✅ Saved → RBQ | Chess | Row 245
✅ Saved → RBQ | Chess | Row 246
✅ Saved → RBQ | Chess | Row 247
✅ Saved → RBQ | Chess | Row 248
✅ Saved → RBQ | Chess | Row 250
✅ Saved → RBQ | Chess | Row 251
✅ Saved → RBQ | Chess | Row 252
✅ Saved → RBQ | Chess | Row 253
✅ Saved → RBQ | Chess | Row 254
✅ Saved → RBQ | Chess | Row 255
✅ Saved → RBQ | Chess | Row 256
✅ Saved → RBQ | Chess | Row 257
✅ Saved → RBQ | Chess | Row 258
✅ Saved → RBQ | Chess | Row 259
✅ Saved → RBQ | Chess | Row 260
✅ Saved → RBQ | Chess | Row 261
✅ Saved → RBQ | Chess | Row 262
✅ Saved → RBQ | Chess | Row 263
✅ Saved → RBQ | Chess | Row 264
✅ Saved → RBQ | Chess | Row 265
✅ Saved → RBQ | Chess | Row 266
✅ Saved → RBQ | Chess | Row 267
✅ Saved → RBQ | Chess | Row 268
✅ Saved → RBQ | Chess | Row 269
✅ Saved → RBQ | Chess | Row 270
✅ Saved → RBQ | Chess | Row 271
✅ Saved → RBQ | Chess | Row 272
✅ Saved → RBQ | Chess | Row 273
✅ Saved → RBQ | Chess | Row 274
✅ Saved → RBQ | Chess | Row 275
✅ Saved → RBQ | Chess | Row 276
✅ Saved → RBQ | Chess | Row 277
✅ Saved → RBQ | Chess | Row 278
✅ Saved → RBQ | Chess | Row 279
✅ Saved → RBQ | Chess | Row 280
✅ Saved → RBQ | Chess | Row 281
✅ Saved → RBQ | Chess | Row 282
✅ Saved → RBQ | Chess | Row 283
✅ Saved → RBQ | Chess | Row 284
✅ Saved → RBQ | Chess | Row 285
✅ Saved → RBQ | Chess | Row 286
✅ Saved → RBQ | Chess | Row 287
✅ Saved → RBQ | Chess | Row 288
✅ Saved → RBQ | Chess | Row 289
✅ Saved → RBQ | Chess | Row 290
✅ Saved → RBQ | Chess | Row 291
✅ Saved → RBQ | Chess | Row 292
✅ Saved → RBQ | Chess | Row 293
✅ Saved → RBQ | Chess | Row 294
✅ Saved → RBQ | Chess | Row 295
✅ Saved → RBQ | Chess | Row 296
✅ Saved → RBQ | Chess | Row 297
✅ Saved → RBQ | Chess | Row 298
✅ Saved → RBQ | Chess | Row 299
✅ Saved → RBQ | Chess | Row 300
✅ Saved → RBQ | Chess | Row 301
✅ Saved → RBQ | Chess | Row 302
✅ Saved → RBQ | Chess | Row 305
✅ Saved → RBQ | Chess | Row 306
✅ Saved → RBQ | Chess | Row 307
✅ Saved → RBQ | Chess | Row 308
✅ Saved → RBQ | Chess | Row 310
✅ Saved → RBQ | Chess | Row 311
✅ Saved → RBQ | Chess | Row 312
✅ Saved → RBQ | Chess | Row 313
✅ Saved → RBQ | Chess | Row 314
✅ Saved → RBQ | Chess | Row 315
✅ Saved → RBQ | Chess | Row 316
✅ Saved → RBQ | Chess | Row 317
✅ Saved → RBQ | Chess | Row 318
✅ Saved → RBQ | Chess | Row 319
✅ Saved → RBQ | Chess | Row 320
✅ Saved → RBQ | Chess | Row 321
✅ Saved → RBQ | Chess | Row 322
✅ Saved → RBQ | Chess | Row 323
✅ Saved → RBQ | Chess | Row 324
✅ Saved → RBQ | Chess | Row 325
✅ Saved → RBQ | Chess | Row 326
✅ Saved → RBQ | Chess | Row 327
✅ Saved → RBQ | Chess | Row 328
✅ Saved → RBQ | Chess | Row 329
✅ Saved → RBQ | Chess | Row 330
✅ Saved → RBQ | Chess | Row 331
✅ Saved → RBQ | Chess | Row 332
✅ Saved → RBQ | Chess | Row 333
✅ Saved → RBQ | Chess | Row 334
✅ Saved → RBQ | Chess | Row 335
✅ Saved → RBQ | Chess | Row 336
✅ Saved → RBQ | Chess | Row 337
✅ Saved → RBQ | Chess | Row 338
✅ Saved → RBQ | Chess | Row 339
✅ Saved → RBQ | Chess | Row 340
✅ Saved → RBQ | Chess | Row 341
✅ Saved → RBQ | Chess | Row 342
✅ Saved → RBQ | Chess | Row 343
✅ Saved → RBQ | Chess | Row 344
✅ Saved → RBQ | Chess | Row 345
✅ Saved → RBQ | Chess | Row 346
✅ Saved → RBQ | Chess | Row 347
✅ Saved → RBQ | Chess | Row 348
✅ Saved → RBQ | Chess | Row 349
✅ Saved → RBQ | Chess | Row 350
✅ Saved → RBQ | Chess | Row 351
✅ Saved → RBQ | Chess | Row 352
✅ Saved → RBQ | Chess | Row 353
✅ Saved → RBQ | Chess | Row 354
✅ Saved → RBQ | Chess | Row 355
✅ Saved → RBQ | Chess | Row 356
✅ Saved → RBQ | Chess | Row 357
✅ Saved → RBQ | Chess | Row 358
✅ Saved → RBQ | Chess | Row 359
✅ Saved → RBQ | Chess | Row 360
✅ Saved → RBQ | Chess | Row 361
✅ Saved → RBQ | Chess | Row 362
✅ Saved → RBQ | Chess | Row 363
✅ Saved → RBQ | Chess | Row 364
✅ Saved → RBQ | Chess | Row 365
✅ Saved → RBQ | Chess | Row 366
✅ Saved → RBQ | Chess | Row 367
✅ Saved → RBQ | Chess | Row 368
✅ Saved → RBQ | Chess | Row 369
✅ Saved → RBQ | Chess | Row 370
✅ Saved → RBQ | Chess | Row 371
✅ Saved → RBQ | Chess | Row 372
✅ Saved → RBQ | Chess | Row 373
✅ Saved → RBQ | Chess | Row 374
✅ Saved → RBQ | Chess | Row 375
✅ Saved → RBQ | Chess | Row 376
✅ Saved → RBQ | Chess | Row 377
✅ Saved → RBQ | Chess | Row 378
✅ Saved → RBQ | Chess | Row 379
✅ Saved → RBQ | Chess | Row 380
✅ Saved → RBQ | Chess | Row 381
✅ Saved → RBQ | Chess | Row 382
✅ Saved → RBQ | Chess | Row 383
✅ Saved → RBQ | Chess | Row 384
✅ Saved → RBQ | Chess | Row 385
✅ Saved → RBQ | Chess | Row 386
✅ Saved → RBQ | Chess | Row 387
✅ Saved → RBQ | Chess | Row 388
✅ Saved → RBQ | Chess | Row 389
✅ Saved → RBQ | Chess | Row 390
✅ Saved → RBQ | Chess | Row 392
✅ Saved → RBQ | Chess | Row 393
✅ Saved → RBQ | Chess | Row 394
✅ Saved → RBQ | Chess | Row 395
✅ Saved → RBQ | Chess | Row 396
✅ Saved → RBQ | Chess | Row 397
✅ Saved → RBQ | Chess | Row 398
✅ Saved → RBQ | Chess | Row 399
✅ Saved → RBQ | Chess | Row 400
✅ Saved → RBQ | Chess | Row 401
✅ Saved → RBQ | Chess | Row 402
✅ Saved → RBQ | Chess | Row 403
✅ Saved → RBQ | Chess | Row 404
✅ Saved → RBQ | Chess | Row 405
✅ Saved → RBQ | Chess | Row 406
✅ Saved → RBQ | Chess | Row 407
✅ Saved → RBQ | Chess | Row 408
✅ Saved → RBQ | Chess | Row 409
✅ Saved → RBQ | Chess | Row 410
✅ Saved → RBQ | Chess | Row 411
✅ Saved → RBQ | Chess | Row 412
✅ Saved → RBQ | Chess | Row 413
✅ Saved → RBQ | Chess | Row 414
✅ Saved → RBQ | Chess | Row 415
✅ Saved → RBQ | Chess | Row 416
✅ Saved → RBQ | Chess | Row 417
✅ Saved → RBQ | Chess | Row 418
✅ Saved → RBQ | Chess | Row 419
✅ Saved → RBQ | Chess | Row 420
✅ Saved → RBQ | Chess | Row 421
✅ Saved → RBQ | Chess | Row 422
✅ Saved → RBQ | Chess | Row 423
✅ Saved → RBQ | Chess | Row 424
✅ Saved → RBQ | Chess | Row 425
✅ Saved → RBQ | Chess | Row 426
✅ Saved → RBQ | Chess | Row 427
✅ Saved → RBQ | Chess | Row 428
✅ Saved → RBQ | Chess | Row 429
✅ Saved → RBQ | Chess | Row 430
✅ Saved → RBQ | Chess | Row 432
✅ Saved → RBQ | Chess | Row 433
✅ Saved → RBQ | Chess | Row 434
✅ Saved → RBQ | Chess | Row 435
✅ Saved → RBQ | Chess | Row 436
✅ Saved → RBQ | Chess | Row 437
✅ Saved → RBQ | Chess | Row 438
✅ Saved → RBQ | Chess | Row 439
✅ Saved → RBQ | Chess | Row 440
✅ Saved → RBQ | Chess | Row 441
✅ Saved → RBQ | Chess | Row 442
✅ Saved → RBQ | Chess | Row 443
✅ Saved → RBQ | Chess | Row 444
✅ Saved → RBQ | Chess | Row 445
✅ Saved → RBQ | Chess | Row 446
✅ Saved → RBQ | Chess | Row 447
✅ Saved → RBQ | Chess | Row 448
✅ Saved → RBQ | Chess | Row 449
✅ Saved → RBQ | Chess | Row 450
✅ Saved → RBQ | Chess | Row 451
✅ Saved → RBQ | Chess | Row 452
✅ Saved → RBQ | Chess | Row 453
✅ Saved → RBQ | Chess | Row 454
✅ Saved → RBQ | Chess | Row 455
✅ Saved → RBQ | Chess | Row 456
✅ Saved → RBQ | Chess | Row 457
✅ Saved → RBQ | Chess | Row 458
✅ Saved → RBQ | Chess | Row 459
✅ Saved → RBQ | Chess | Row 460
✅ Saved → RBQ | Chess | Row 461
✅ Saved → RBQ | Chess | Row 462
✅ Saved → RBQ | Chess | Row 463
✅ Saved → RBQ | Chess | Row 464
✅ Saved → RBQ | Chess | Row 465
✅ Saved → RBQ | Chess | Row 466
✅ Saved → RBQ | Chess | Row 467
✅ Saved → RBQ | Chess | Row 468
✅ Saved → RBQ | Chess | Row 469
✅ Saved → RBQ | Chess | Row 470
✅ Saved → RBQ | Chess | Row 471
✅ Saved → RBQ | Chess | Row 472
✅ Saved → RBQ | Chess | Row 473
✅ Saved → RBQ | Chess | Row 474
✅ Saved → RBQ | Chess | Row 475
✅ Saved → RBQ | Chess | Row 476
✅ Saved → RBQ | Chess | Row 477
✅ Saved → RBQ | Chess | Row 478
✅ Saved → RBQ | Chess | Row 479
✅ Saved → RBQ | Chess | Row 480
✅ Saved → RBQ | Chess | Row 481
✅ Saved → RBQ | Chess | Row 482
✅ Saved → RBQ | Chess | Row 483
✅ Saved → RBQ | Chess | Row 484
✅ Saved → RBQ | Chess | Row 485
✅ Saved → RBQ | Chess | Row 486
✅ Saved → RBQ | Chess | Row 487
✅ Saved → RBQ | Chess | Row 488
✅ Saved → RBQ | Chess | Row 489
✅ Saved → RBQ | Chess | Row 490
✅ Saved → RBQ | Chess | Row 491
✅ Saved → RBQ | Chess | Row 492
✅ Saved → RBQ | Chess | Row 493
✅ Saved → RBQ | Chess | Row 494
✅ Saved → RBQ | Chess | Row 495
✅ Saved → RBQ | Chess | Row 496
✅ Saved → RBQ | Chess | Row 497
✅ Saved → RBQ | Chess | Row 498
✅ Saved → RBQ | Chess | Row 499
✅ Saved → RBQ | Chess | Row 500
✅ Saved → RBQ | Chess | Row 501
✅ Saved → RBQ | Chess | Row 502
✅ Saved → RBQ | Chess | Row 503
✅ Saved → RBQ | Chess | Row 504
✅ Saved → RBQ | Chess | Row 505
✅ Saved → RBQ | Chess | Row 506
✅ Saved → RBQ | Chess | Row 507
✅ Saved → RBQ | Chess | Row 508
✅ Saved → RBQ | Chess | Row 509
✅ Saved → RBQ | Chess | Row 510
✅ Saved → RBQ | Chess | Row 512
✅ Saved → RBQ | Chess | Row 514
✅ Saved → RBQ | Kho kho | Row 0
✅ Saved → RBQ | Kho kho | Row 1
✅ Saved → RBQ | Kho kho | Row 2
✅ Saved → RBQ | Kho kho | Row 3
✅ Saved → RBQ | Kho kho | Row 4
✅ Saved → RBQ | Kho kho | Row 5
✅ Saved → RBQ | Kho kho | Row 6
✅ Saved → RBQ | Kho kho | Row 7
✅ Saved → RBQ | Kho kho | Row 8
✅ Saved → RBQ | Kho kho | Row 9
✅ Saved → RBQ | Kho kho | Row 10
✅ Saved → RBQ | Kho kho | Row 11
✅ Saved → RBQ | Kho kho | Row 12
✅ Saved → RBQ | Kho kho | Row 13
✅ Saved → RBQ | Kho kho | Row 14
✅ Saved → RBQ | Kho kho | Row 15
✅ Saved → RBQ | Kho kho | Row 16
✅ Saved → RBQ | Kho kho | Row 17
✅ Saved → RBQ | Kho kho | Row 18
✅ Saved → RBQ | Kho kho | Row 19
✅ Saved → RBQ | Kho kho | Row 20
✅ Saved → RBQ | Kho kho | Row 21
✅ Saved → RBQ | Kho kho | Row 22
✅ Saved → RBQ | Kho kho | Row 23
✅ Saved → RBQ | Kho kho | Row 24
✅ Saved → RBQ | Kho kho | Row 25
✅ Saved → RBQ | Kho kho | Row 26
✅ Saved → RBQ | Kho kho | Row 27
✅ Saved → RBQ | Kho kho | Row 28
✅ Saved → RBQ | Kho kho | Row 29
✅ Saved → RBQ | Kho kho | Row 30
✅ Saved → RBQ | Kho kho | Row 31
✅ Saved → RBQ | Kho kho | Row 32
✅ Saved → RBQ | Kho kho | Row 33
✅ Saved → RBQ | Kho kho | Row 34
✅ Saved → RBQ | Kho kho | Row 35
✅ Saved → RBQ | Kho kho | Row 36
✅ Saved → RBQ | Kho kho | Row 37
✅ Saved → RBQ | Kho kho | Row 38
✅ Saved → RBQ | Kho kho | Row 39
✅ Saved → RBQ | Kho kho | Row 40
✅ Saved → RBQ | Kho kho | Row 41
✅ Saved → RBQ | Kho kho | Row 42
✅ Saved → RBQ | Kho kho | Row 43
✅ Saved → RBQ | Kho kho | Row 44
✅ Saved → RBQ | Kho kho | Row 45
✅ Saved → RBQ | Kho kho | Row 46
✅ Saved → RBQ | Kho kho | Row 47
✅ Saved → RBQ | Kho kho | Row 48
✅ Saved → RBQ | Kho kho | Row 49
✅ Saved → RBQ | Kho kho | Row 50
✅ Saved → RBQ | Kho kho | Row 51
✅ Saved → RBQ | Kho kho | Row 52
✅ Saved → RBQ | Kho kho | Row 53
✅ Saved → RBQ | Kho kho | Row 54
✅ Saved → RBQ | Kho kho | Row 55
✅ Saved → RBQ | Kho kho | Row 56
✅ Saved → RBQ | Kho kho | Row 57
✅ Saved → RBQ | Kho kho | Row 58
✅ Saved → RBQ | Kho kho | Row 59
✅ Saved → RBQ | Kho kho | Row 60
✅ Saved → RBQ | Kho kho | Row 61
✅ Saved → RBQ | Kho kho | Row 62
✅ Saved → RBQ | Kho kho | Row 63
✅ Saved → RBQ | Kho kho | Row 64
✅ Saved → RBQ | Kho kho | Row 65
✅ Saved → RBQ | Kho kho | Row 66
✅ Saved → RBQ | Kho kho | Row 67
✅ Saved → RBQ | Kho kho | Row 68
✅ Saved → RBQ | Kho kho | Row 69
✅ Saved → RBQ | Kho kho | Row 70
✅ Saved → RBQ | Kho kho | Row 71
✅ Saved → RBQ | Kho kho | Row 72
✅ Saved → RBQ | Kho kho | Row 73
✅ Saved → RBQ | Kho kho | Row 74
✅ Saved → RBQ | Kho kho | Row 75
✅ Saved → RBQ | Kho kho | Row 76
✅ Saved → RBQ | Kho kho | Row 77
✅ Saved → RBQ | Kho kho | Row 78
✅ Saved → RBQ | Kho kho | Row 79
✅ Saved → RBQ | Kho kho | Row 80
✅ Saved → RBQ | Kho kho | Row 81
✅ Saved → RBQ | Kho kho | Row 82
✅ Saved → RBQ | Kho kho | Row 84
✅ Saved → RBQ | Kho kho | Row 85
✅ Saved → RBQ | Kho kho | Row 86
✅ Saved → RBQ | Kho kho | Row 87
✅ Saved → RBQ | Kho kho | Row 88
✅ Saved → RBQ | Kho kho | Row 89
✅ Saved → RBQ | Kho kho | Row 90
✅ Saved → RBQ | Kho kho | Row 91
✅ Saved → RBQ | Kho kho | Row 92
✅ Saved → RBQ | Kho kho | Row 93
✅ Saved → RBQ | Kho kho | Row 94
✅ Saved → RBQ | Kho kho | Row 95
✅ Saved → RBQ | Kho kho | Row 96
✅ Saved → RBQ | Kho kho | Row 97
✅ Saved → RBQ | Kho kho | Row 98
✅ Saved → RBQ | Kho kho | Row 99
✅ Saved → RBQ | Kho kho | Row 100
✅ Saved → RBQ | Kho kho | Row 101
✅ Saved → RBQ | Kho kho | Row 102
✅ Saved → RBQ | Kho kho | Row 103
✅ Saved → RBQ | Kho kho | Row 104
✅ Saved → RBQ | Kho kho | Row 105
✅ Saved → RBQ | Kho kho | Row 107
✅ Saved → RBQ | Kho kho | Row 108
✅ Saved → RBQ | Kho kho | Row 109
✅ Saved → RBQ | Kho kho | Row 110
✅ Saved → RBQ | Kho kho | Row 111
✅ Saved → RBQ | Kho kho | Row 112
✅ Saved → RBQ | Kho kho | Row 113
✅ Saved → RBQ | Kho kho | Row 114
✅ Saved → RBQ | Kho kho | Row 115
✅ Saved → RBQ | Kho kho | Row 116
✅ Saved → RBQ | Kho kho | Row 117
✅ Saved → RBQ | Kho kho | Row 118
✅ Saved → RBQ | Kho kho | Row 119
✅ Saved → RBQ | Kho kho | Row 120
✅ Saved → RBQ | Kho kho | Row 121
✅ Saved → RBQ | Kho kho | Row 122
✅ Saved → RBQ | Kho kho | Row 123
✅ Saved → RBQ | Kho kho | Row 124
✅ Saved → RBQ | Kho kho | Row 125
✅ Saved → RBQ | Kho kho | Row 126
✅ Saved → RBQ | Kho kho | Row 127
✅ Saved → RBQ | Kho kho | Row 128
✅ Saved → RBQ | Kho kho | Row 129
✅ Saved → RBQ | Kho kho | Row 130
✅ Saved → RBQ | Kho kho | Row 131
✅ Saved → RBQ | Kho kho | Row 132
✅ Saved → RBQ | Kho kho | Row 133
✅ Saved → RBQ | Kho kho | Row 134
✅ Saved → RBQ | Kho kho | Row 135
✅ Saved → RBQ | Kho kho | Row 136
✅ Saved → RBQ | Kho kho | Row 137
✅ Saved → RBQ | Kho kho | Row 138
✅ Saved → RBQ | Kho kho | Row 139
✅ Saved → RBQ | Kho kho | Row 140
✅ Saved → RBQ | Kho kho | Row 141
✅ Saved → RBQ | Kho kho | Row 142
✅ Saved → RBQ | Kho kho | Row 143
✅ Saved → RBQ | Kho kho | Row 144
✅ Saved → RBQ | Kho kho | Row 145
✅ Saved → RBQ | Kho kho | Row 146
✅ Saved → RBQ | Kho kho | Row 147
✅ Saved → RBQ | Kho kho | Row 148
✅ Saved → RBQ | Kho kho | Row 149
✅ Saved → RBQ | Kho kho | Row 150
✅ Saved → RBQ | Kho kho | Row 151
✅ Saved → RBQ | Kho kho | Row 152
✅ Saved → RBQ | Kho kho | Row 153
✅ Saved → RBQ | Kho kho | Row 154
✅ Saved → RBQ | Kho kho | Row 155
✅ Saved → RBQ | Kho kho | Row 156
✅ Saved → RBQ | Kho kho | Row 157
✅ Saved → RBQ | Kho kho | Row 158
✅ Saved → RBQ | Kho kho | Row 159
✅ Saved → RBQ | Kho kho | Row 160
✅ Saved → RBQ | Kho kho | Row 161
❌ Error on row 162: ('Connection aborted.', RemoteDisconnected('Remote end closed connection without response'))
✅ Saved → RBQ | Kho kho | Row 162
✅ Saved → RBQ | Kho kho | Row 163
✅ Saved → RBQ | Kho kho | Row 164
✅ Saved → RBQ | Kho kho | Row 165
✅ Saved → RBQ | Kho kho | Row 166
✅ Saved → RBQ | Kho kho | Row 168
✅ Saved → RBQ | Kho kho | Row 169
✅ Saved → RBQ | Kho kho | Row 170
✅ Saved → RBQ | Kho kho | Row 172
✅ Saved → RBQ | Kho kho | Row 173
✅ Saved → RBQ | Kho kho | Row 174
✅ Saved → RBQ | Kho kho | Row 175
✅ Saved → RBQ | Kho kho | Row 176
✅ Saved → RBQ | Kho kho | Row 177
✅ Saved → RBQ | Kho kho | Row 178
✅ Saved → RBQ | Kho kho | Row 179
✅ Saved → RBQ | Kho kho | Row 180
✅ Saved → RBQ | Kho kho | Row 181
✅ Saved → RBQ | Kho kho | Row 182
✅ Saved → RBQ | Kho kho | Row 183
✅ Saved → RBQ | Kho kho | Row 184
✅ Saved → RBQ | Kho kho | Row 185
✅ Saved → RBQ | Kho kho | Row 186
✅ Saved → RBQ | Kho kho | Row 187
✅ Saved → RBQ | Kho kho | Row 188
✅ Saved → RBQ | Kho kho | Row 189
✅ Saved → RBQ | Kho kho | Row 190
✅ Saved → RBQ | Kho kho | Row 191
✅ Saved → RBQ | Kho kho | Row 192
✅ Saved → RBQ | Kho kho | Row 193
✅ Saved → RBQ | Kho kho | Row 194
✅ Saved → RBQ | Kho kho | Row 195
✅ Saved → RBQ | Kho kho | Row 196
✅ Saved → RBQ | Kho kho | Row 197
✅ Saved → RBQ | Kho kho | Row 198
✅ Saved → RBQ | Kho kho | Row 199
✅ Saved → RBQ | Kho kho | Row 200
✅ Saved → RBQ | Kho kho | Row 201
✅ Saved → RBQ | Kho kho | Row 202
✅ Saved → RBQ | Kho kho | Row 203
✅ Saved → RBQ | Kho kho | Row 204
✅ Saved → RBQ | Kho kho | Row 205
✅ Saved → RBQ | Kho kho | Row 206
✅ Saved → RBQ | Kho kho | Row 207
✅ Saved → RBQ | Kho kho | Row 208
✅ Saved → RBQ | Kho kho | Row 209
✅ Saved → RBQ | Kho kho | Row 210
✅ Saved → RBQ | Kho kho | Row 211
✅ Saved → RBQ | Kho kho | Row 212
✅ Saved → RBQ | Kho kho | Row 213
✅ Saved → RBQ | Kho kho | Row 214
✅ Saved → RBQ | Kho kho | Row 215
✅ Saved → RBQ | Kho kho | Row 216
✅ Saved → RBQ | Kho kho | Row 217
✅ Saved → RBQ | Kho kho | Row 218
✅ Saved → RBQ | Kho kho | Row 219
✅ Saved → RBQ | Kho kho | Row 220
✅ Saved → RBQ | Kho kho | Row 223
✅ Saved → RBQ | Kho kho | Row 224
✅ Saved → RBQ | Kho kho | Row 225
✅ Saved → RBQ | Kho kho | Row 227
✅ Saved → RBQ | Kho kho | Row 229
✅ Saved → RBQ | Kho kho | Row 231
✅ Saved → RBQ | Kho kho | Row 233
✅ Saved → RBQ | Kho kho | Row 234
✅ Saved → RBQ | Kho kho | Row 236
✅ Saved → RBQ | Kho kho | Row 237
✅ Saved → RBQ | Kho kho | Row 238
✅ Saved → RBQ | Kho kho | Row 239
✅ Saved → RBQ | Kho kho | Row 244
✅ Saved → RBQ | Kho kho | Row 245
✅ Saved → RBQ | Kho kho | Row 249
✅ Saved → RBQ | Kho kho | Row 250
✅ Saved → RBQ | Kho kho | Row 253
✅ Saved → RBQ | Kho kho | Row 254
✅ Saved → RBQ | Kho kho | Row 255
✅ Saved → RBQ | Kho kho | Row 256
✅ Saved → RBQ | Kho kho | Row 257
✅ Saved → RBQ | Kho kho | Row 258
✅ Saved → RBQ | Kho kho | Row 259
✅ Saved → RBQ | Kho kho | Row 260
✅ Saved → RBQ | Kho kho | Row 261
✅ Saved → RBQ | Kho kho | Row 262
✅ Saved → RBQ | Kho kho | Row 263
✅ Saved → RBQ | Kho kho | Row 272
✅ Saved → RBQ | Kho kho | Row 273
✅ Saved → RBQ | Kho kho | Row 274
✅ Saved → RBQ | Kho kho | Row 275
✅ Saved → RBQ | Kho kho | Row 276
✅ Saved → RBQ | Kho kho | Row 277
✅ Saved → RBQ | Kho kho | Row 278
✅ Saved → RBQ | Kho kho | Row 279
✅ Saved → RBQ | Kho kho | Row 280
✅ Saved → RBQ | Kho kho | Row 281
✅ Saved → RBQ | Kho kho | Row 282
✅ Saved → RBQ | Kho kho | Row 283
✅ Saved → RBQ | Kho kho | Row 284
✅ Saved → RBQ | Kho kho | Row 285
✅ Saved → RBQ | Kho kho | Row 286
✅ Saved → RBQ | Kho kho | Row 287
✅ Saved → RBQ | Kho kho | Row 288
✅ Saved → RBQ | Kho kho | Row 289
✅ Saved → RBQ | Kho kho | Row 290
✅ Saved → RBQ | Kho kho | Row 291
✅ Saved → RBQ | Kho kho | Row 292
✅ Saved → RBQ | Kho kho | Row 293
✅ Saved → RBQ | Kho kho | Row 294
✅ Saved → RBQ | Kho kho | Row 295
✅ Saved → RBQ | Kho kho | Row 296
✅ Saved → RBQ | Kho kho | Row 297
✅ Saved → RBQ | Kho kho | Row 298
✅ Saved → RBQ | Kho kho | Row 299
✅ Saved → RBQ | Kho kho | Row 300
✅ Saved → RBQ | Kho kho | Row 301
✅ Saved → RBQ | Kho kho | Row 302
✅ Saved → RBQ | Kho kho | Row 303
✅ Saved → RBQ | Kho kho | Row 304
✅ Saved → RBQ | Kho kho | Row 305
✅ Saved → RBQ | Kho kho | Row 306
✅ Saved → RBQ | Kho kho | Row 307
✅ Saved → RBQ | Kho kho | Row 308
✅ Saved → RBQ | Kho kho | Row 309
✅ Saved → RBQ | Kho kho | Row 310
✅ Saved → RBQ | Kho kho | Row 311
✅ Saved → RBQ | Kho kho | Row 312
✅ Saved → RBQ | Kho kho | Row 313
✅ Saved → RBQ | Kho kho | Row 314
✅ Saved → RBQ | Kho kho | Row 315
✅ Saved → RBQ | Kho kho | Row 316
✅ Saved → RBQ | Kho kho | Row 317
✅ Saved → RBQ | Kho kho | Row 318
✅ Saved → RBQ | Kho kho | Row 319
✅ Saved → RBQ | Kho kho | Row 320
✅ Saved → RBQ | Kho kho | Row 321
✅ Saved → RBQ | Kho kho | Row 322
✅ Saved → RBQ | Kho kho | Row 323
✅ Saved → RBQ | Kho kho | Row 324
✅ Saved → RBQ | Kho kho | Row 325
✅ Saved → RBQ | Kho kho | Row 326
✅ Saved → RBQ | Kho kho | Row 327
✅ Saved → RBQ | Kho kho | Row 328
✅ Saved → RBQ | Kho kho | Row 329
✅ Saved → RBQ | Kho kho | Row 330
✅ Saved → RBQ | Kho kho | Row 331
✅ Saved → RBQ | Kho kho | Row 332
✅ Saved → RBQ | Kho kho | Row 333
✅ Saved → RBQ | Kho kho | Row 334
✅ Saved → RBQ | Kho kho | Row 335
✅ Saved → RBQ | Kho kho | Row 336
✅ Saved → RBQ | Kho kho | Row 337
✅ Saved → RBQ | Kho kho | Row 338
✅ Saved → RBQ | Kho kho | Row 339
✅ Saved → RBQ | Kho kho | Row 340
✅ Saved → RBQ | Kho kho | Row 341
✅ Saved → RBQ | Kho kho | Row 342
✅ Saved → RBQ | Kho kho | Row 343
✅ Saved → RBQ | Kho kho | Row 344
✅ Saved → RBQ | Kho kho | Row 345
✅ Saved → RBQ | Kho kho | Row 346
✅ Saved → RBQ | Kho kho | Row 347
✅ Saved → RBQ | Kho kho | Row 348
✅ Saved → RBQ | Kho kho | Row 349
✅ Saved → RBQ | Kho kho | Row 350
✅ Saved → RBQ | Kho kho | Row 351
✅ Saved → RBQ | Kho kho | Row 352
✅ Saved → RBQ | Kho kho | Row 353
✅ Saved → RBQ | Kho kho | Row 354
✅ Saved → RBQ | Kho kho | Row 355
✅ Saved → RBQ | Kho kho | Row 356
✅ Saved → RBQ | Kho kho | Row 357
✅ Saved → RBQ | Kho kho | Row 358
✅ Saved → RBQ | Kho kho | Row 359
✅ Saved → RBQ | Kho kho | Row 360
✅ Saved → RBQ | Kho kho | Row 361
✅ Saved → RBQ | Kho kho | Row 362
✅ Saved → RBQ | Kho kho | Row 363
✅ Saved → RBQ | Kho kho | Row 364
✅ Saved → RBQ | Kho kho | Row 365
✅ Saved → RBQ | Kho kho | Row 366
✅ Saved → RBQ | Kho kho | Row 367
✅ Saved → RBQ | Kho kho | Row 368
✅ Saved → RBQ | Kho kho | Row 369
✅ Saved → RBQ | Kho kho | Row 370
✅ Saved → RBQ | Kho kho | Row 371
✅ Saved → RBQ | Kho kho | Row 372
✅ Saved → RBQ | Kho kho | Row 373
✅ Saved → RBQ | Kho kho | Row 374
✅ Saved → RBQ | Kho kho | Row 375
✅ Saved → RBQ | Kho kho | Row 376
✅ Saved → RBQ | Kho kho | Row 377
✅ Saved → RBQ | Kho kho | Row 378
✅ Saved → RBQ | Kho kho | Row 379
✅ Saved → RBQ | Kho kho | Row 380
✅ Saved → RBQ | Kho kho | Row 381
✅ Saved → RBQ | Kho kho | Row 382
✅ Saved → RBQ | Kho kho | Row 383
✅ Saved → RBQ | Kho kho | Row 384
✅ Saved → RBQ | Kho kho | Row 385
✅ Saved → RBQ | Kho kho | Row 386
✅ Saved → RBQ | Kho kho | Row 387
✅ Saved → RBQ | Kho kho | Row 388
✅ Saved → RBQ | Kho kho | Row 389
✅ Saved → RBQ | Kho kho | Row 390
✅ Saved → RBQ | Kho kho | Row 391
✅ Saved → RBQ | Kho kho | Row 392
✅ Saved → RBQ | Kho kho | Row 393
✅ Saved → RBQ | Kho kho | Row 394
✅ Saved → RBQ | Kho kho | Row 395
✅ Saved → RBQ | Kho kho | Row 396
✅ Saved → RBQ | Kho kho | Row 397
✅ Saved → RBQ | Kho kho | Row 398
✅ Saved → RBQ | Kho kho | Row 399
✅ Saved → RBQ | Musti Yuddha | Row 0
✅ Saved → RBQ | Musti Yuddha | Row 1
✅ Saved → RBQ | Musti Yuddha | Row 2
✅ Saved → RBQ | Musti Yuddha | Row 3
✅ Saved → RBQ | Musti Yuddha | Row 4
✅ Saved → RBQ | Musti Yuddha | Row 5
✅ Saved → RBQ | Musti Yuddha | Row 6
✅ Saved → RBQ | Musti Yuddha | Row 7
✅ Saved → RBQ | Musti Yuddha | Row 8
✅ Saved → RBQ | Musti Yuddha | Row 9
✅ Saved → RBQ | Musti Yuddha | Row 10
✅ Saved → RBQ | Musti Yuddha | Row 11
✅ Saved → RBQ | Musti Yuddha | Row 12
✅ Saved → RBQ | Musti Yuddha | Row 13
✅ Saved → RBQ | Musti Yuddha | Row 14
✅ Saved → RBQ | Musti Yuddha | Row 15
✅ Saved → RBQ | Musti Yuddha | Row 16
✅ Saved → RBQ | Musti Yuddha | Row 17
✅ Saved → RBQ | Musti Yuddha | Row 18
✅ Saved → RBQ | Musti Yuddha | Row 19
✅ Saved → RBQ | Musti Yuddha | Row 20
✅ Saved → RBQ | Musti Yuddha | Row 21
✅ Saved → RBQ | Musti Yuddha | Row 22
✅ Saved → RBQ | Musti Yuddha | Row 23
✅ Saved → RBQ | Musti Yuddha | Row 24
✅ Saved → RBQ | Musti Yuddha | Row 25
✅ Saved → RBQ | Musti Yuddha | Row 26
✅ Saved → RBQ | Musti Yuddha | Row 27
✅ Saved → RBQ | Musti Yuddha | Row 28
✅ Saved → RBQ | Musti Yuddha | Row 29
✅ Saved → RBQ | Musti Yuddha | Row 30
✅ Saved → RBQ | Musti Yuddha | Row 31
✅ Saved → RBQ | Musti Yuddha | Row 32
✅ Saved → RBQ | Musti Yuddha | Row 33
✅ Saved → RBQ | Musti Yuddha | Row 34
✅ Saved → RBQ | Musti Yuddha | Row 35
✅ Saved → RBQ | Musti Yuddha | Row 36
✅ Saved → RBQ | Musti Yuddha | Row 37
✅ Saved → RBQ | Musti Yuddha | Row 38
✅ Saved → RBQ | Musti Yuddha | Row 39
✅ Saved → RBQ | Musti Yuddha | Row 40
✅ Saved → RBQ | Musti Yuddha | Row 41
✅ Saved → RBQ | Musti Yuddha | Row 42
✅ Saved → RBQ | Musti Yuddha | Row 43
✅ Saved → RBQ | Musti Yuddha | Row 44
✅ Saved → RBQ | Musti Yuddha | Row 45
✅ Saved → RBQ | Musti Yuddha | Row 46
✅ Saved → RBQ | Musti Yuddha | Row 47
✅ Saved → RBQ | Musti Yuddha | Row 48
✅ Saved → RBQ | Musti Yuddha | Row 49
✅ Saved → RBQ | Musti Yuddha | Row 50
✅ Saved → RBQ | Musti Yuddha | Row 51
✅ Saved → RBQ | Musti Yuddha | Row 52
✅ Saved → RBQ | Musti Yuddha | Row 53
✅ Saved → RBQ | Musti Yuddha | Row 54
✅ Saved → RBQ | Musti Yuddha | Row 55
✅ Saved → RBQ | Musti Yuddha | Row 56
✅ Saved → RBQ | Musti Yuddha | Row 57
✅ Saved → RBQ | Musti Yuddha | Row 58
✅ Saved → RBQ | Musti Yuddha | Row 59
✅ Saved → RBQ | Musti Yuddha | Row 60
✅ Saved → RBQ | Musti Yuddha | Row 61
✅ Saved → RBQ | Musti Yuddha | Row 62
✅ Saved → RBQ | Musti Yuddha | Row 63
✅ Saved → RBQ | Musti Yuddha | Row 64
✅ Saved → RBQ | Musti Yuddha | Row 65
✅ Saved → RBQ | Musti Yuddha | Row 66
✅ Saved → RBQ | Musti Yuddha | Row 67
✅ Saved → RBQ | Musti Yuddha | Row 68
✅ Saved → RBQ | Musti Yuddha | Row 69
✅ Saved → RBQ | Musti Yuddha | Row 70
✅ Saved → RBQ | Musti Yuddha | Row 71
✅ Saved → RBQ | Musti Yuddha | Row 72
✅ Saved → RBQ | Musti Yuddha | Row 73
✅ Saved → RBQ | Musti Yuddha | Row 74
✅ Saved → RBQ | Musti Yuddha | Row 75
✅ Saved → RBQ | Musti Yuddha | Row 76
✅ Saved → RBQ | Musti Yuddha | Row 77
✅ Saved → RBQ | Musti Yuddha | Row 78
✅ Saved → RBQ | Musti Yuddha | Row 79
✅ Saved → RBQ | Musti Yuddha | Row 80
✅ Saved → RBQ | Musti Yuddha | Row 81
✅ Saved → RBQ | Musti Yuddha | Row 82
✅ Saved → RBQ | Musti Yuddha | Row 83
✅ Saved → RBQ | Musti Yuddha | Row 84
✅ Saved → RBQ | Musti Yuddha | Row 85
✅ Saved → RBQ | Musti Yuddha | Row 86
✅ Saved → RBQ | Musti Yuddha | Row 87
✅ Saved → RBQ | Musti Yuddha | Row 88
✅ Saved → RBQ | Musti Yuddha | Row 89
✅ Saved → RBQ | Musti Yuddha | Row 90
✅ Saved → RBQ | Musti Yuddha | Row 91
✅ Saved → RBQ | Musti Yuddha | Row 92
✅ Saved → RBQ | Musti Yuddha | Row 93
✅ Saved → RBQ | Musti Yuddha | Row 94
✅ Saved → RBQ | Musti Yuddha | Row 95
✅ Saved → RBQ | Musti Yuddha | Row 96
✅ Saved → RBQ | Musti Yuddha | Row 97
✅ Saved → RBQ | Musti Yuddha | Row 98
✅ Saved → RBQ | Musti Yuddha | Row 99
✅ Saved → RBQ | Musti Yuddha | Row 100
✅ Saved → RBQ | Musti Yuddha | Row 101
✅ Saved → RBQ | Musti Yuddha | Row 102
✅ Saved → RBQ | Musti Yuddha | Row 103
✅ Saved → RBQ | Musti Yuddha | Row 104
✅ Saved → RBQ | Musti Yuddha | Row 105
✅ Saved → RBQ | Musti Yuddha | Row 106
✅ Saved → RBQ | Musti Yuddha | Row 107
✅ Saved → RBQ | Musti Yuddha | Row 108
✅ Saved → RBQ | Musti Yuddha | Row 109
✅ Saved → RBQ | Musti Yuddha | Row 110
✅ Saved → RBQ | Musti Yuddha | Row 111
✅ Saved → RBQ | Musti Yuddha | Row 112
✅ Saved → RBQ | Musti Yuddha | Row 113
✅ Saved → RBQ | Musti Yuddha | Row 114
✅ Saved → RBQ | Musti Yuddha | Row 115
✅ Saved → RBQ | Musti Yuddha | Row 116
✅ Saved → RBQ | Musti Yuddha | Row 117
✅ Saved → RBQ | Musti Yuddha | Row 119
✅ Saved → RBQ | Musti Yuddha | Row 120
✅ Saved → RBQ | Musti Yuddha | Row 121
✅ Saved → RBQ | Musti Yuddha | Row 122
✅ Saved → RBQ | Musti Yuddha | Row 123
✅ Saved → RBQ | Musti Yuddha | Row 124
✅ Saved → RBQ | Musti Yuddha | Row 125
✅ Saved → RBQ | Musti Yuddha | Row 126
✅ Saved → RBQ | Musti Yuddha | Row 127
✅ Saved → RBQ | Musti Yuddha | Row 128
✅ Saved → RBQ | Musti Yuddha | Row 129
✅ Saved → RBQ | Musti Yuddha | Row 130
✅ Saved → RBQ | Musti Yuddha | Row 131
✅ Saved → RBQ | Musti Yuddha | Row 132
✅ Saved → RBQ | Musti Yuddha | Row 133
✅ Saved → RBQ | Musti Yuddha | Row 134
✅ Saved → RBQ | Musti Yuddha | Row 135
✅ Saved → RBQ | Musti Yuddha | Row 136
✅ Saved → RBQ | Musti Yuddha | Row 137
✅ Saved → RBQ | Musti Yuddha | Row 138
✅ Saved → RBQ | Musti Yuddha | Row 139
✅ Saved → RBQ | Musti Yuddha | Row 140
✅ Saved → RBQ | Musti Yuddha | Row 141
✅ Saved → RBQ | Musti Yuddha | Row 142
✅ Saved → RBQ | Musti Yuddha | Row 143
✅ Saved → RBQ | Musti Yuddha | Row 144
✅ Saved → RBQ | Musti Yuddha | Row 145
✅ Saved → RBQ | Musti Yuddha | Row 146
✅ Saved → RBQ | Musti Yuddha | Row 147
✅ Saved → RBQ | Musti Yuddha | Row 148
✅ Saved → RBQ | Musti Yuddha | Row 149
✅ Saved → RBQ | Musti Yuddha | Row 150
✅ Saved → RBQ | Musti Yuddha | Row 151
✅ Saved → RBQ | Musti Yuddha | Row 152
✅ Saved → RBQ | Musti Yuddha | Row 153
✅ Saved → RBQ | Musti Yuddha | Row 154
✅ Saved → RBQ | Musti Yuddha | Row 155
✅ Saved → RBQ | Musti Yuddha | Row 156
✅ Saved → RBQ | Musti Yuddha | Row 157
✅ Saved → RBQ | Musti Yuddha | Row 158
✅ Saved → RBQ | Musti Yuddha | Row 160
✅ Saved → RBQ | Musti Yuddha | Row 161
✅ Saved → RBQ | Musti Yuddha | Row 162
✅ Saved → RBQ | Musti Yuddha | Row 163
✅ Saved → RBQ | Musti Yuddha | Row 164
✅ Saved → RBQ | Musti Yuddha | Row 165
✅ Saved → RBQ | Musti Yuddha | Row 166
✅ Saved → RBQ | Musti Yuddha | Row 167
✅ Saved → RBQ | Musti Yuddha | Row 168
✅ Saved → RBQ | Musti Yuddha | Row 169
✅ Saved → RBQ | Musti Yuddha | Row 170
✅ Saved → RBQ | Musti Yuddha | Row 171
✅ Saved → RBQ | Musti Yuddha | Row 172
✅ Saved → RBQ | Musti Yuddha | Row 173
✅ Saved → RBQ | Musti Yuddha | Row 174
✅ Saved → RBQ | Musti Yuddha | Row 175
✅ Saved → RBQ | Musti Yuddha | Row 176
✅ Saved → RBQ | Musti Yuddha | Row 177
✅ Saved → RBQ | Musti Yuddha | Row 178
✅ Saved → RBQ | Musti Yuddha | Row 179
✅ Saved → RBQ | Musti Yuddha | Row 180
✅ Saved → RBQ | Musti Yuddha | Row 181
✅ Saved → RBQ | Musti Yuddha | Row 182
✅ Saved → RBQ | Musti Yuddha | Row 183
✅ Saved → RBQ | Musti Yuddha | Row 184
✅ Saved → RBQ | Musti Yuddha | Row 185
✅ Saved → RBQ | Musti Yuddha | Row 186
✅ Saved → RBQ | Musti Yuddha | Row 187
✅ Saved → RBQ | Musti Yuddha | Row 188
✅ Saved → RBQ | Musti Yuddha | Row 189
✅ Saved → RBQ | Musti Yuddha | Row 190
✅ Saved → RBQ | Musti Yuddha | Row 191
✅ Saved → RBQ | Musti Yuddha | Row 192
✅ Saved → RBQ | Musti Yuddha | Row 193
✅ Saved → RBQ | Musti Yuddha | Row 194
✅ Saved → RBQ | Musti Yuddha | Row 195
✅ Saved → RBQ | Musti Yuddha | Row 196
✅ Saved → RBQ | Musti Yuddha | Row 197
✅ Saved → RBQ | Musti Yuddha | Row 198
✅ Saved → RBQ | Musti Yuddha | Row 199
✅ Saved → RBQ | Musti Yuddha | Row 200
✅ Saved → RBQ | Musti Yuddha | Row 201
✅ Saved → RBQ | Musti Yuddha | Row 202
✅ Saved → RBQ | Musti Yuddha | Row 203
✅ Saved → RBQ | Musti Yuddha | Row 204
✅ Saved → RBQ | Musti Yuddha | Row 205
✅ Saved → RBQ | Musti Yuddha | Row 206
✅ Saved → RBQ | Musti Yuddha | Row 207
✅ Saved → RBQ | Musti Yuddha | Row 208
✅ Saved → RBQ | Musti Yuddha | Row 209
✅ Saved → RBQ | Musti Yuddha | Row 210
✅ Saved → RBQ | Musti Yuddha | Row 211
✅ Saved → RBQ | Musti Yuddha | Row 212
✅ Saved → RBQ | Musti Yuddha | Row 213
✅ Saved → RBQ | Musti Yuddha | Row 214
✅ Saved → RBQ | Musti Yuddha | Row 215
✅ Saved → RBQ | Musti Yuddha | Row 216
✅ Saved → RBQ | Musti Yuddha | Row 217
✅ Saved → RBQ | Musti Yuddha | Row 218
✅ Saved → RBQ | Musti Yuddha | Row 219
✅ Saved → RBQ | Musti Yuddha | Row 220
✅ Saved → RBQ | Musti Yuddha | Row 221
✅ Saved → RBQ | Musti Yuddha | Row 222
✅ Saved → RBQ | Musti Yuddha | Row 223
✅ Saved → RBQ | Musti Yuddha | Row 224
✅ Saved → RBQ | Musti Yuddha | Row 225
✅ Saved → RBQ | Musti Yuddha | Row 226
✅ Saved → RBQ | Musti Yuddha | Row 227
✅ Saved → RBQ | Musti Yuddha | Row 228
✅ Saved → RBQ | Musti Yuddha | Row 229
✅ Saved → RBQ | Musti Yuddha | Row 230
✅ Saved → RBQ | Musti Yuddha | Row 231
✅ Saved → RBQ | Musti Yuddha | Row 232
✅ Saved → RBQ | Musti Yuddha | Row 233
✅ Saved → RBQ | Musti Yuddha | Row 234
✅ Saved → RBQ | Musti Yuddha | Row 235
✅ Saved → RBQ | Musti Yuddha | Row 236
✅ Saved → RBQ | Musti Yuddha | Row 237
✅ Saved → RBQ | Musti Yuddha | Row 238
✅ Saved → RBQ | Musti Yuddha | Row 239
✅ Saved → RBQ | Musti Yuddha | Row 240
✅ Saved → RBQ | Musti Yuddha | Row 241
✅ Saved → RBQ | Musti Yuddha | Row 242
✅ Saved → RBQ | Musti Yuddha | Row 243
✅ Saved → RBQ | Musti Yuddha | Row 245
✅ Saved → RBQ | Musti Yuddha | Row 246
✅ Saved → RBQ | Musti Yuddha | Row 247
✅ Saved → RBQ | Musti Yuddha | Row 248
✅ Saved → RBQ | Musti Yuddha | Row 249
✅ Saved → RBQ | Musti Yuddha | Row 250
✅ Saved → RBQ | Musti Yuddha | Row 251
✅ Saved → RBQ | Musti Yuddha | Row 252
✅ Saved → RBQ | Musti Yuddha | Row 253
✅ Saved → RBQ | Musti Yuddha | Row 254
✅ Saved → RBQ | Musti Yuddha | Row 255
✅ Saved → RBQ | Musti Yuddha | Row 256
✅ Saved → RBQ | Musti Yuddha | Row 257
✅ Saved → RBQ | Musti Yuddha | Row 258
✅ Saved → RBQ | Musti Yuddha | Row 260
✅ Saved → RBQ | Musti Yuddha | Row 261
✅ Saved → RBQ | Musti Yuddha | Row 262
✅ Saved → RBQ | Musti Yuddha | Row 263
✅ Saved → RBQ | Musti Yuddha | Row 264
✅ Saved → RBQ | Musti Yuddha | Row 265
✅ Saved → RBQ | Musti Yuddha | Row 266
✅ Saved → RBQ | Musti Yuddha | Row 267
✅ Saved → RBQ | Musti Yuddha | Row 270
✅ Saved → RBQ | Musti Yuddha | Row 271
✅ Saved → RBQ | Musti Yuddha | Row 272
✅ Saved → RBQ | Musti Yuddha | Row 273
✅ Saved → RBQ | Musti Yuddha | Row 274
✅ Saved → RBQ | Musti Yuddha | Row 275
✅ Saved → RBQ | Musti Yuddha | Row 276
✅ Saved → RBQ | Musti Yuddha | Row 277
✅ Saved → RBQ | Musti Yuddha | Row 278
✅ Saved → RBQ | Musti Yuddha | Row 279
✅ Saved → RBQ | Musti Yuddha | Row 280
✅ Saved → RBQ | Musti Yuddha | Row 281
✅ Saved → RBQ | Musti Yuddha | Row 282
✅ Saved → RBQ | Musti Yuddha | Row 283
✅ Saved → RBQ | Musti Yuddha | Row 285
✅ Saved → RBQ | Musti Yuddha | Row 286
✅ Saved → RBQ | Musti Yuddha | Row 287
✅ Saved → RBQ | Musti Yuddha | Row 288
✅ Saved → RBQ | Musti Yuddha | Row 289
✅ Saved → RBQ | Musti Yuddha | Row 290
✅ Saved → RBQ | Musti Yuddha | Row 291
✅ Saved → RBQ | Musti Yuddha | Row 292
✅ Saved → RBQ | Musti Yuddha | Row 293
✅ Saved → RBQ | Musti Yuddha | Row 294
✅ Saved → RBQ | Musti Yuddha | Row 296
✅ Saved → RBQ | Musti Yuddha | Row 297
✅ Saved → RBQ | Musti Yuddha | Row 298
✅ Saved → RBQ | Musti Yuddha | Row 299
✅ Saved → RBQ | Musti Yuddha | Row 300
✅ Saved → RBQ | Musti Yuddha | Row 301
✅ Saved → RBQ | Musti Yuddha | Row 303
✅ Saved → RBQ | Musti Yuddha | Row 304
✅ Saved → RBQ | Musti Yuddha | Row 306
✅ Saved → RBQ | Musti Yuddha | Row 307
✅ Saved → RBQ | Musti Yuddha | Row 308
✅ Saved → RBQ | Musti Yuddha | Row 309
✅ Saved → RBQ | Musti Yuddha | Row 311
✅ Saved → RBQ | Musti Yuddha | Row 312
✅ Saved → RBQ | Musti Yuddha | Row 313
✅ Saved → RBQ | Musti Yuddha | Row 314
✅ Saved → RBQ | Musti Yuddha | Row 315
✅ Saved → RBQ | Musti Yuddha | Row 317
✅ Saved → RBQ | Musti Yuddha | Row 318
✅ Saved → RBQ | Musti Yuddha | Row 319
✅ Saved → RBQ | Musti Yuddha | Row 320
✅ Saved → RBQ | Musti Yuddha | Row 321
✅ Saved → RBQ | Musti Yuddha | Row 322
✅ Saved → RBQ | Musti Yuddha | Row 323
✅ Saved → RBQ | Musti Yuddha | Row 325
✅ Saved → RBQ | Musti Yuddha | Row 326
✅ Saved → RBQ | Musti Yuddha | Row 327
✅ Saved → RBQ | Musti Yuddha | Row 328
✅ Saved → RBQ | Musti Yuddha | Row 329
✅ Saved → RBQ | Musti Yuddha | Row 330
✅ Saved → RBQ | Musti Yuddha | Row 331
✅ Saved → RBQ | Musti Yuddha | Row 332
✅ Saved → RBQ | Musti Yuddha | Row 333
✅ Saved → RBQ | Musti Yuddha | Row 334
✅ Saved → RBQ | Musti Yuddha | Row 335
✅ Saved → RBQ | Musti Yuddha | Row 336
✅ Saved → RBQ | Musti Yuddha | Row 337
✅ Saved → RBQ | Musti Yuddha | Row 338
✅ Saved → RBQ | Musti Yuddha | Row 339
✅ Saved → RBQ | Musti Yuddha | Row 340
✅ Saved → RBQ | Musti Yuddha | Row 341
✅ Saved → RBQ | Musti Yuddha | Row 342
✅ Saved → RBQ | Musti Yuddha | Row 343
✅ Saved → RBQ | Musti Yuddha | Row 344
✅ Saved → RBQ | Musti Yuddha | Row 345
✅ Saved → RBQ | Musti Yuddha | Row 346
✅ Saved → RBQ | Musti Yuddha | Row 347
✅ Saved → RBQ | Musti Yuddha | Row 348
✅ Saved → RBQ | Musti Yuddha | Row 349
✅ Saved → RBQ | Musti Yuddha | Row 350
✅ Saved → RBQ | Musti Yuddha | Row 351
✅ Saved → RBQ | Musti Yuddha | Row 352
✅ Saved → RBQ | Musti Yuddha | Row 353
✅ Saved → RBQ | Musti Yuddha | Row 354
✅ Saved → RBQ | Musti Yuddha | Row 355
✅ Saved → RBQ | Musti Yuddha | Row 356
✅ Saved → RBQ | Musti Yuddha | Row 357
✅ Saved → RBQ | Musti Yuddha | Row 358
✅ Saved → RBQ | Musti Yuddha | Row 359
✅ Saved → RBQ | Musti Yuddha | Row 360
✅ Saved → RBQ | Musti Yuddha | Row 361
✅ Saved → RBQ | Musti Yuddha | Row 362
✅ Saved → RBQ | Musti Yuddha | Row 363
✅ Saved → RBQ | Musti Yuddha | Row 364
✅ Saved → RBQ | Musti Yuddha | Row 365
✅ Saved → RBQ | Musti Yuddha | Row 366
✅ Saved → RBQ | Musti Yuddha | Row 367
✅ Saved → RBQ | Musti Yuddha | Row 368
✅ Saved → RBQ | Musti Yuddha | Row 369
✅ Saved → RBQ | Musti Yuddha | Row 370
✅ Saved → RBQ | Musti Yuddha | Row 371
✅ Saved → RBQ | Musti Yuddha | Row 372
✅ Saved → RBQ | Musti Yuddha | Row 373
✅ Saved → RBQ | Musti Yuddha | Row 374
✅ Saved → RBQ | Musti Yuddha | Row 375
✅ Saved → RBQ | Musti Yuddha | Row 376
✅ Saved → RBQ | Musti Yuddha | Row 377
✅ Saved → RBQ | Musti Yuddha | Row 378
✅ Saved → RBQ | Musti Yuddha | Row 379
✅ Saved → RBQ | Musti Yuddha | Row 380
✅ Saved → RBQ | Musti Yuddha | Row 381
✅ Saved → RBQ | Musti Yuddha | Row 382
✅ Saved → RBQ | Musti Yuddha | Row 383
✅ Saved → RBQ | Musti Yuddha | Row 384
✅ Saved → RBQ | Musti Yuddha | Row 385
✅ Saved → RBQ | Musti Yuddha | Row 386
✅ Saved → RBQ | Musti Yuddha | Row 387
✅ Saved → RBQ | Musti Yuddha | Row 388
✅ Saved → RBQ | Musti Yuddha | Row 389
✅ Saved → RBQ | Musti Yuddha | Row 390
✅ Saved → RBQ | Musti Yuddha | Row 391
✅ Saved → RBQ | Musti Yuddha | Row 392
✅ Saved → RBQ | Musti Yuddha | Row 393
✅ Saved → RBQ | Musti Yuddha | Row 394
✅ Saved → RBQ | Musti Yuddha | Row 395
✅ Saved → RBQ | Musti Yuddha | Row 396
✅ Saved → RBQ | Musti Yuddha | Row 397
✅ Saved → RBQ | Musti Yuddha | Row 398
✅ Saved → RBQ | Musti Yuddha | Row 399
✅ Saved → RBQ | Musti Yuddha | Row 400
✅ Saved → RBQ | Musti Yuddha | Row 401
✅ Saved → RBQ | Musti Yuddha | Row 402
✅ Saved → RBQ | Musti Yuddha | Row 403
✅ Saved → RBQ | Musti Yuddha | Row 404
✅ Saved → RBQ | Musti Yuddha | Row 405
✅ Saved → RBQ | Musti Yuddha | Row 406
✅ Saved → RBQ | Musti Yuddha | Row 407
✅ Saved → RBQ | Musti Yuddha | Row 408
✅ Saved → RBQ | Musti Yuddha | Row 409
✅ Saved → RBQ | Musti Yuddha | Row 410
✅ Saved → RBQ | Musti Yuddha | Row 411
✅ Saved → RBQ | Musti Yuddha | Row 412
✅ Saved → RBQ | Musti Yuddha | Row 413
✅ Saved → RBQ | Musti Yuddha | Row 414
✅ Saved → RBQ | Musti Yuddha | Row 415
✅ Saved → RBQ | Musti Yuddha | Row 416
✅ Saved → RBQ | Musti Yuddha | Row 417
✅ Saved → RBQ | Musti Yuddha | Row 418
✅ Saved → RBQ | Musti Yuddha | Row 419
✅ Saved → RBQ | Musti Yuddha | Row 420
✅ Saved → RBQ | Musti Yuddha | Row 421
✅ Saved → RBQ | Musti Yuddha | Row 422
✅ Saved → RBQ | Musti Yuddha | Row 423
✅ Saved → RBQ | Musti Yuddha | Row 424
✅ Saved → RBQ | Musti Yuddha | Row 425
✅ Saved → RBQ | Musti Yuddha | Row 426
✅ Saved → RBQ | Musti Yuddha | Row 428
✅ Saved → RBQ | Musti Yuddha | Row 429
✅ Saved → RBQ | Musti Yuddha | Row 430
✅ Saved → RBQ | Musti Yuddha | Row 431
✅ Saved → RBQ | Musti Yuddha | Row 432
✅ Saved → RBQ | Musti Yuddha | Row 433
✅ Saved → RBQ | Musti Yuddha | Row 434
✅ Saved → RBQ | Musti Yuddha | Row 435
✅ Saved → RBQ | Lagori | Row 0
✅ Saved → RBQ | Lagori | Row 1
✅ Saved → RBQ | Lagori | Row 2
✅ Saved → RBQ | Lagori | Row 3
✅ Saved → RBQ | Lagori | Row 4
✅ Saved → RBQ | Lagori | Row 5
✅ Saved → RBQ | Lagori | Row 6
✅ Saved → RBQ | Lagori | Row 7
✅ Saved → RBQ | Lagori | Row 8
✅ Saved → RBQ | Lagori | Row 9
✅ Saved → RBQ | Lagori | Row 10
✅ Saved → RBQ | Lagori | Row 11
✅ Saved → RBQ | Lagori | Row 12
✅ Saved → RBQ | Lagori | Row 13
✅ Saved → RBQ | Lagori | Row 14
✅ Saved → RBQ | Lagori | Row 15
✅ Saved → RBQ | Lagori | Row 16
✅ Saved → RBQ | Lagori | Row 17
✅ Saved → RBQ | Lagori | Row 18
✅ Saved → RBQ | Lagori | Row 19
✅ Saved → RBQ | Lagori | Row 20
✅ Saved → RBQ | Lagori | Row 21
✅ Saved → RBQ | Lagori | Row 22
✅ Saved → RBQ | Lagori | Row 23
✅ Saved → RBQ | Lagori | Row 24
✅ Saved → RBQ | Lagori | Row 25
✅ Saved → RBQ | Lagori | Row 26
✅ Saved → RBQ | Lagori | Row 27
✅ Saved → RBQ | Lagori | Row 28
✅ Saved → RBQ | Lagori | Row 29
✅ Saved → RBQ | Lagori | Row 30
✅ Saved → RBQ | Lagori | Row 31
✅ Saved → RBQ | Lagori | Row 32
✅ Saved → RBQ | Lagori | Row 33
✅ Saved → RBQ | Lagori | Row 34
✅ Saved → RBQ | Lagori | Row 35
✅ Saved → RBQ | Lagori | Row 36
✅ Saved → RBQ | Lagori | Row 37
✅ Saved → RBQ | Lagori | Row 38
✅ Saved → RBQ | Lagori | Row 39
✅ Saved → RBQ | Lagori | Row 40
✅ Saved → RBQ | Lagori | Row 41
✅ Saved → RBQ | Lagori | Row 42
✅ Saved → RBQ | Lagori | Row 43
✅ Saved → RBQ | Lagori | Row 44
✅ Saved → RBQ | Lagori | Row 45
✅ Saved → RBQ | Lagori | Row 46
✅ Saved → RBQ | Lagori | Row 47
✅ Saved → RBQ | Lagori | Row 48
✅ Saved → RBQ | Lagori | Row 49
✅ Saved → RBQ | Lagori | Row 50
✅ Saved → RBQ | Lagori | Row 51
✅ Saved → RBQ | Lagori | Row 52
✅ Saved → RBQ | Lagori | Row 53
✅ Saved → RBQ | Lagori | Row 54
✅ Saved → RBQ | Lagori | Row 55
✅ Saved → RBQ | Lagori | Row 56
✅ Saved → RBQ | Lagori | Row 57
✅ Saved → RBQ | Lagori | Row 58
✅ Saved → RBQ | Lagori | Row 59
✅ Saved → RBQ | Lagori | Row 60
✅ Saved → RBQ | Lagori | Row 61
✅ Saved → RBQ | Lagori | Row 62
✅ Saved → RBQ | Lagori | Row 63
✅ Saved → RBQ | Lagori | Row 64
✅ Saved → RBQ | Lagori | Row 65
✅ Saved → RBQ | Lagori | Row 66
✅ Saved → RBQ | Lagori | Row 67
✅ Saved → RBQ | Lagori | Row 68
✅ Saved → RBQ | Lagori | Row 69
✅ Saved → RBQ | Lagori | Row 70
✅ Saved → RBQ | Lagori | Row 71
✅ Saved → RBQ | Lagori | Row 72
✅ Saved → RBQ | Lagori | Row 73
✅ Saved → RBQ | Lagori | Row 74
✅ Saved → RBQ | Lagori | Row 75
✅ Saved → RBQ | Lagori | Row 76
✅ Saved → RBQ | Lagori | Row 77
✅ Saved → RBQ | Lagori | Row 78
✅ Saved → RBQ | Lagori | Row 79
✅ Saved → RBQ | Lagori | Row 80
✅ Saved → RBQ | Lagori | Row 81
✅ Saved → RBQ | Lagori | Row 82
✅ Saved → RBQ | Lagori | Row 83
✅ Saved → RBQ | Lagori | Row 84
✅ Saved → RBQ | Lagori | Row 85
✅ Saved → RBQ | Lagori | Row 86
✅ Saved → RBQ | Lagori | Row 87
✅ Saved → RBQ | Lagori | Row 88
✅ Saved → RBQ | Lagori | Row 89
✅ Saved → RBQ | Lagori | Row 90
✅ Saved → RBQ | Lagori | Row 91
✅ Saved → RBQ | Lagori | Row 92
✅ Saved → RBQ | Lagori | Row 93
✅ Saved → RBQ | Lagori | Row 94
✅ Saved → RBQ | Lagori | Row 95
✅ Saved → RBQ | Lagori | Row 96
✅ Saved → RBQ | Lagori | Row 97
✅ Saved → RBQ | Lagori | Row 98
✅ Saved → RBQ | Lagori | Row 99
✅ Saved → RBQ | Lagori | Row 100
✅ Saved → RBQ | Lagori | Row 101
✅ Saved → RBQ | Lagori | Row 102
✅ Saved → RBQ | Lagori | Row 103
✅ Saved → RBQ | Lagori | Row 104
✅ Saved → RBQ | Lagori | Row 105
✅ Saved → RBQ | Lagori | Row 106
✅ Saved → RBQ | Lagori | Row 107
✅ Saved → RBQ | Lagori | Row 108
✅ Saved → RBQ | Lagori | Row 109
✅ Saved → RBQ | Lagori | Row 110
✅ Saved → RBQ | Lagori | Row 111
✅ Saved → RBQ | Lagori | Row 112
✅ Saved → RBQ | Lagori | Row 113
✅ Saved → RBQ | Lagori | Row 114
✅ Saved → RBQ | Lagori | Row 115
✅ Saved → RBQ | Lagori | Row 116
✅ Saved → RBQ | Lagori | Row 117
✅ Saved → RBQ | Lagori | Row 118
✅ Saved → RBQ | Lagori | Row 119
✅ Saved → RBQ | Lagori | Row 120
✅ Saved → RBQ | Lagori | Row 121
✅ Saved → RBQ | Lagori | Row 122
✅ Saved → RBQ | Lagori | Row 123
✅ Saved → RBQ | Lagori | Row 124
✅ Saved → RBQ | Lagori | Row 125
✅ Saved → RBQ | Lagori | Row 126
✅ Saved → RBQ | Lagori | Row 127
✅ Saved → RBQ | Lagori | Row 128
✅ Saved → RBQ | Lagori | Row 129
✅ Saved → RBQ | Lagori | Row 130
✅ Saved → RBQ | Lagori | Row 131
✅ Saved → RBQ | Lagori | Row 132
✅ Saved → RBQ | Lagori | Row 133
✅ Saved → RBQ | Lagori | Row 134
✅ Saved → RBQ | Lagori | Row 135
✅ Saved → RBQ | Lagori | Row 136
✅ Saved → RBQ | Lagori | Row 137
✅ Saved → RBQ | Lagori | Row 138
✅ Saved → RBQ | Lagori | Row 139
✅ Saved → RBQ | Lagori | Row 140
✅ Saved → RBQ | Lagori | Row 141
✅ Saved → RBQ | Lagori | Row 142
✅ Saved → RBQ | Lagori | Row 143
✅ Saved → RBQ | Lagori | Row 144
✅ Saved → RBQ | Lagori | Row 145
✅ Saved → RBQ | Lagori | Row 146
✅ Saved → RBQ | Lagori | Row 147
✅ Saved → RBQ | Lagori | Row 148
✅ Saved → RBQ | Lagori | Row 149
✅ Saved → RBQ | Lagori | Row 150
✅ Saved → RBQ | Lagori | Row 151
✅ Saved → RBQ | Lagori | Row 152
✅ Saved → RBQ | Lagori | Row 153
✅ Saved → RBQ | Lagori | Row 154
✅ Saved → RBQ | Lagori | Row 155
✅ Saved → RBQ | Lagori | Row 156
✅ Saved → RBQ | Lagori | Row 157
✅ Saved → RBQ | Lagori | Row 158
✅ Saved → RBQ | Lagori | Row 159
✅ Saved → RBQ | Lagori | Row 160
✅ Saved → RBQ | Lagori | Row 161
✅ Saved → RBQ | Lagori | Row 162
✅ Saved → RBQ | Lagori | Row 163
✅ Saved → RBQ | Lagori | Row 164
✅ Saved → RBQ | Lagori | Row 165
✅ Saved → RBQ | Lagori | Row 166
✅ Saved → RBQ | Lagori | Row 167
✅ Saved → RBQ | Lagori | Row 168
✅ Saved → RBQ | Lagori | Row 169
✅ Saved → RBQ | Lagori | Row 170
✅ Saved → RBQ | Lagori | Row 171
✅ Saved → RBQ | Lagori | Row 172
✅ Saved → RBQ | Lagori | Row 173
✅ Saved → RBQ | Lagori | Row 174
✅ Saved → RBQ | Lagori | Row 175
✅ Saved → RBQ | Lagori | Row 176
✅ Saved → RBQ | Lagori | Row 177
✅ Saved → RBQ | Lagori | Row 178
✅ Saved → RBQ | Lagori | Row 179
✅ Saved → RBQ | Lagori | Row 180
✅ Saved → RBQ | Lagori | Row 181
✅ Saved → RBQ | Lagori | Row 182
✅ Saved → RBQ | Lagori | Row 183
✅ Saved → RBQ | Lagori | Row 184
✅ Saved → RBQ | Lagori | Row 185
✅ Saved → RBQ | Lagori | Row 186
✅ Saved → RBQ | Lagori | Row 188
✅ Saved → RBQ | Lagori | Row 190
✅ Saved → RBQ | Lagori | Row 191
✅ Saved → RBQ | Lagori | Row 192
✅ Saved → RBQ | Lagori | Row 193
✅ Saved → RBQ | Lagori | Row 195
✅ Saved → RBQ | Lagori | Row 196
✅ Saved → RBQ | Lagori | Row 197
✅ Saved → RBQ | Lagori | Row 198
✅ Saved → RBQ | Lagori | Row 199
✅ Saved → RBQ | Lagori | Row 200
✅ Saved → RBQ | Lagori | Row 201
✅ Saved → RBQ | Lagori | Row 202
✅ Saved → RBQ | Lagori | Row 203
✅ Saved → RBQ | Lagori | Row 204
✅ Saved → RBQ | Lagori | Row 206
✅ Saved → RBQ | Lagori | Row 208
✅ Saved → RBQ | Lagori | Row 209
✅ Saved → RBQ | Lagori | Row 211
✅ Saved → RBQ | Lagori | Row 212
✅ Saved → RBQ | Lagori | Row 213
✅ Saved → RBQ | Lagori | Row 217
✅ Saved → RBQ | Lagori | Row 221
✅ Saved → RBQ | Lagori | Row 222
✅ Saved → RBQ | Lagori | Row 225
✅ Saved → RBQ | Lagori | Row 226
✅ Saved → RBQ | Lagori | Row 227
✅ Saved → RBQ | Lagori | Row 228
✅ Saved → RBQ | Lagori | Row 229
✅ Saved → RBQ | Lagori | Row 231
✅ Saved → RBQ | Lagori | Row 232
✅ Saved → RBQ | Lagori | Row 234
✅ Saved → RBQ | Lagori | Row 237
✅ Saved → RBQ | Lagori | Row 238
✅ Saved → RBQ | Lagori | Row 239
✅ Saved → RBQ | Lagori | Row 240
✅ Saved → RBQ | Lagori | Row 241
✅ Saved → RBQ | Lagori | Row 242
✅ Saved → RBQ | Lagori | Row 248
✅ Saved → RBQ | Lagori | Row 254
✅ Saved → RBQ | Lagori | Row 256
✅ Saved → RBQ | Lagori | Row 257
✅ Saved → RBQ | Lagori | Row 260
✅ Saved → RBQ | Lagori | Row 261
✅ Saved → RBQ | Lagori | Row 269
✅ Saved → RBQ | Lagori | Row 270
✅ Saved → RBQ | Lagori | Row 271
✅ Saved → RBQ | Lagori | Row 272
✅ Saved → RBQ | Lagori | Row 273
✅ Saved → RBQ | Lagori | Row 274
✅ Saved → RBQ | Lagori | Row 275
✅ Saved → RBQ | Lagori | Row 276
✅ Saved → RBQ | Lagori | Row 277
✅ Saved → RBQ | Lagori | Row 278
✅ Saved → RBQ | Lagori | Row 279
✅ Saved → RBQ | Lagori | Row 280
✅ Saved → RBQ | Lagori | Row 281
✅ Saved → RBQ | Lagori | Row 282
✅ Saved → RBQ | Lagori | Row 283
✅ Saved → RBQ | Lagori | Row 284
✅ Saved → RBQ | Lagori | Row 285
✅ Saved → RBQ | Lagori | Row 286
✅ Saved → RBQ | Lagori | Row 287
✅ Saved → RBQ | Lagori | Row 288
✅ Saved → RBQ | Lagori | Row 289
✅ Saved → RBQ | Lagori | Row 290
✅ Saved → RBQ | Lagori | Row 291
✅ Saved → RBQ | Lagori | Row 292
✅ Saved → RBQ | Lagori | Row 293
✅ Saved → RBQ | Lagori | Row 294
✅ Saved → RBQ | Lagori | Row 295
✅ Saved → RBQ | Lagori | Row 296
✅ Saved → RBQ | Lagori | Row 297
✅ Saved → RBQ | Lagori | Row 298
✅ Saved → RBQ | Lagori | Row 299
✅ Saved → RBQ | Lagori | Row 300
✅ Saved → RBQ | Lagori | Row 301
✅ Saved → RBQ | Lagori | Row 302
✅ Saved → RBQ | Lagori | Row 303
✅ Saved → RBQ | Lagori | Row 304
✅ Saved → RBQ | Lagori | Row 305
✅ Saved → RBQ | Lagori | Row 306
✅ Saved → RBQ | Lagori | Row 307
✅ Saved → RBQ | Lagori | Row 308
✅ Saved → RBQ | Lagori | Row 309
✅ Saved → RBQ | Lagori | Row 310
✅ Saved → RBQ | Lagori | Row 311
✅ Saved → RBQ | Lagori | Row 312
✅ Saved → RBQ | Lagori | Row 313
✅ Saved → RBQ | Lagori | Row 314
✅ Saved → RBQ | Lagori | Row 315
✅ Saved → RBQ | Lagori | Row 316
✅ Saved → RBQ | Lagori | Row 317
✅ Saved → RBQ | Lagori | Row 318
✅ Saved → RBQ | Lagori | Row 319
✅ Saved → RBQ | Lagori | Row 320
✅ Saved → RBQ | Lagori | Row 321
✅ Saved → RBQ | Lagori | Row 322
✅ Saved → RBQ | Lagori | Row 323
✅ Saved → RBQ | Lagori | Row 324
✅ Saved → RBQ | Lagori | Row 325
✅ Saved → RBQ | Lagori | Row 326
✅ Saved → RBQ | Lagori | Row 327
✅ Saved → RBQ | Lagori | Row 328
✅ Saved → RBQ | Lagori | Row 329
✅ Saved → RBQ | Lagori | Row 330
✅ Saved → RBQ | Lagori | Row 331
✅ Saved → RBQ | Lagori | Row 332
✅ Saved → RBQ | Lagori | Row 333
✅ Saved → RBQ | Lagori | Row 335
✅ Saved → RBQ | Lagori | Row 336
✅ Saved → RBQ | Lagori | Row 337
✅ Saved → RBQ | Lagori | Row 338
✅ Saved → RBQ | Lagori | Row 340
✅ Saved → RBQ | Lagori | Row 341
✅ Saved → RBQ | Lagori | Row 342
✅ Saved → RBQ | Lagori | Row 343
✅ Saved → RBQ | Lagori | Row 344
✅ Saved → RBQ | Lagori | Row 345
✅ Saved → RBQ | Lagori | Row 346
✅ Saved → RBQ | Lagori | Row 347
✅ Saved → RBQ | Lagori | Row 348
✅ Saved → RBQ | Lagori | Row 349
✅ Saved → RBQ | Lagori | Row 350
✅ Saved → RBQ | Lagori | Row 351
✅ Saved → RBQ | Lagori | Row 352
✅ Saved → RBQ | Lagori | Row 353
✅ Saved → RBQ | Lagori | Row 354
✅ Saved → RBQ | Lagori | Row 355
✅ Saved → RBQ | Lagori | Row 356
✅ Saved → RBQ | Lagori | Row 357
✅ Saved → RBQ | Lagori | Row 359
✅ Saved → RBQ | Lagori | Row 360
✅ Saved → RBQ | Lagori | Row 361
✅ Saved → RBQ | Lagori | Row 362
✅ Saved → RBQ | Lagori | Row 363
✅ Saved → RBQ | Lagori | Row 364
✅ Saved → RBQ | Lagori | Row 365
✅ Saved → RBQ | Lagori | Row 366
✅ Saved → RBQ | Lagori | Row 367
✅ Saved → RBQ | Lagori | Row 368
✅ Saved → RBQ | Lagori | Row 369
✅ Saved → RBQ | Lagori | Row 370
✅ Saved → RBQ | Lagori | Row 371
✅ Saved → RBQ | Lagori | Row 372
✅ Saved → RBQ | Lagori | Row 373
✅ Saved → RBQ | Lagori | Row 374
✅ Saved → RBQ | Lagori | Row 375
✅ Saved → RBQ | Lagori | Row 376
✅ Saved → RBQ | Lagori | Row 377
✅ Saved → RBQ | Lagori | Row 378
✅ Saved → RBQ | Lagori | Row 380
✅ Saved → RBQ | Lagori | Row 381
✅ Saved → RBQ | Lagori | Row 382
✅ Saved → RBQ | Lagori | Row 383
✅ Saved → RBQ | Lagori | Row 384
✅ Saved → RBQ | Lagori | Row 385
✅ Saved → RBQ | Lagori | Row 386
✅ Saved → RBQ | Lagori | Row 387
✅ Saved → RBQ | Lagori | Row 388
✅ Saved → RBQ | Lagori | Row 389
✅ Saved → RBQ | Lagori | Row 390
✅ Saved → RBQ | Lagori | Row 391
✅ Saved → RBQ | Lagori | Row 392
✅ Saved → RBQ | Lagori | Row 393
✅ Saved → RBQ | Lagori | Row 394
✅ Saved → RBQ | Lagori | Row 395
✅ Saved → RBQ | Lagori | Row 396
✅ Saved → RBQ | Lagori | Row 397
✅ Saved → RBQ | Lagori | Row 398
✅ Saved → RBQ | Lagori | Row 399
✅ Saved → RBQ | Lagori | Row 400
✅ Saved → RBQ | Lagori | Row 401
✅ Saved → RBQ | Lagori | Row 402
✅ Saved → RBQ | Lagori | Row 403
✅ Saved → RBQ | Lagori | Row 404
✅ Saved → RBQ | Lagori | Row 405
✅ Saved → RBQ | Lagori | Row 406
✅ Saved → RBQ | Lagori | Row 407
✅ Saved → RBQ | Lagori | Row 408
✅ Saved → RBQ | Lagori | Row 409
✅ Saved → RBQ | Lagori | Row 410
✅ Saved → RBQ | Lagori | Row 411
✅ Saved → RBQ | Lagori | Row 412
✅ Saved → RBQ | Lagori | Row 413
✅ Saved → RBQ | Lagori | Row 414
✅ Saved → RBQ | Lagori | Row 415
✅ Saved → RBQ | Lagori | Row 416
✅ Saved → RBQ | Lagori | Row 417
✅ Saved → RBQ | Lagori | Row 418
✅ Saved → RBQ | Lagori | Row 419
✅ Saved → RBQ | Lagori | Row 420
✅ Saved → RBQ | Lagori | Row 421
✅ Saved → RBQ | Lagori | Row 422
✅ Saved → RBQ | Lagori | Row 423
✅ Saved → RBQ | Lagori | Row 424
✅ Saved → RBQ | Lagori | Row 425
✅ Saved → RBQ | Lagori | Row 426
✅ Saved → RBQ | Lagori | Row 427
✅ Saved → RBQ | Lagori | Row 428
✅ Saved → RBQ | Lagori | Row 429
✅ Saved → RBQ | Lagori | Row 430
✅ Saved → RBQ | Lagori | Row 431
✅ Saved → RBQ | Lagori | Row 432
✅ Saved → RBQ | Lagori | Row 433
✅ Saved → RBQ | Lagori | Row 434
✅ Saved → RBQ | Lagori | Row 435
✅ Saved → RBQ | Lagori | Row 436
✅ Saved → RBQ | Lagori | Row 437
✅ Saved → RBQ | Lagori | Row 438
✅ Saved → RBQ | Lagori | Row 439
✅ Saved → RBQ | Lagori | Row 440
✅ Saved → RBQ | Lagori | Row 441
✅ Saved → RBQ | Lagori | Row 442
✅ Saved → RBQ | Lagori | Row 443
✅ Saved → RBQ | Lagori | Row 444
✅ Saved → RBQ | Lagori | Row 445
✅ Saved → RBQ | Lagori | Row 446
✅ Saved → RBQ | Lagori | Row 447
✅ Saved → RBQ | Lagori | Row 449
✅ Saved → RBQ | Lagori | Row 450
✅ Saved → RBQ | Lagori | Row 451
✅ Saved → RBQ | Lagori | Row 452
✅ Saved → RBQ | Lagori | Row 453
✅ Saved → RBQ | Lagori | Row 454
✅ Saved → RBQ | Lagori | Row 455
✅ Saved → RBQ | Lagori | Row 456
✅ Saved → RBQ | Lagori | Row 457
✅ Saved → RBQ | Lagori | Row 458
✅ Saved → RBQ | Lagori | Row 459
✅ Saved → RBQ | Lagori | Row 460
✅ Saved → RBQ | Lagori | Row 461
✅ Saved → RBQ | Lagori | Row 462
✅ Saved → RBQ | Lagori | Row 463
✅ Saved → RBQ | Lagori | Row 464
✅ Saved → RBQ | Lagori | Row 465
✅ Saved → RBQ | Lagori | Row 466
✅ Saved → RBQ | Lagori | Row 467
✅ Saved → RBQ | Lagori | Row 468
✅ Saved → RBQ | Lagori | Row 469
✅ Saved → RBQ | Lagori | Row 470
✅ Saved → RBQ | Lagori | Row 471
✅ Saved → RBQ | Lagori | Row 472
✅ Saved → RBQ | Lagori | Row 473
✅ Saved → RBQ | Lagori | Row 474
✅ Saved → RBQ | Lagori | Row 475
✅ Saved → RBQ | Lagori | Row 476
✅ Saved → RBQ | Lagori | Row 477
✅ Saved → RBQ | Lagori | Row 478
✅ Saved → RBQ | Lagori | Row 479
✅ Saved → RBQ | Lagori | Row 480
✅ Saved → RBQ | Lagori | Row 481
✅ Saved → RBQ | Lagori | Row 482
✅ Saved → RBQ | Lagori | Row 483
✅ Saved → RBQ | Lagori | Row 484
✅ Saved → RBQ | Lagori | Row 485
✅ Saved → RBQ | Lagori | Row 486
✅ Saved → RBQ | Lagori | Row 487
✅ Saved → RBQ | Lagori | Row 488
✅ Saved → RBQ | Lagori | Row 489
✅ Saved → RBQ | Lagori | Row 490
✅ Saved → RBQ | Lagori | Row 491
✅ Saved → RBQ | Lagori | Row 492
✅ Saved → RBQ | Lagori | Row 494
✅ Saved → RBQ | Lagori | Row 495
✅ Saved → RBQ | Lagori | Row 496
✅ Saved → RBQ | Lagori | Row 497
✅ Saved → RBQ | Lagori | Row 498
✅ Saved → RBQ | Lagori | Row 499
✅ Saved → RBQ | Lagori | Row 500
✅ Saved → RBQ | Lagori | Row 501
✅ Saved → RBQ | Lagori | Row 502
✅ Saved → RBQ | Lagori | Row 503
✅ Saved → RBQ | Lagori | Row 504
✅ Saved → RBQ | Lagori | Row 505
✅ Saved → RBQ | Lagori | Row 506
✅ Saved → RBQ | Lagori | Row 507
✅ Saved → RBQ | Lagori | Row 508
✅ Saved → RBQ | Lagori | Row 509
✅ Saved → RBQ | Lagori | Row 510
✅ Saved → RBQ | Lagori | Row 512
✅ Saved → RBQ | Lagori | Row 513
✅ Saved → RBQ | Lagori | Row 514
✅ Saved → RBQ | Lagori | Row 515
✅ Saved → RBQ | Lagori | Row 516
✅ Saved → RBQ | Lagori | Row 517
✅ Saved → RBQ | Lagori | Row 518
✅ Saved → RBQ | Lagori | Row 519
✅ Saved → RBQ | Lagori | Row 520
✅ Saved → RBQ | Lagori | Row 521
✅ Saved → RBQ | Lagori | Row 522
✅ Saved → RBQ | Lagori | Row 524
✅ Saved → RBQ | Lagori | Row 525
✅ Saved → RBQ | Lagori | Row 526
✅ Saved → RBQ | Lagori | Row 528
✅ Saved → RBQ | Lagori | Row 529
✅ Saved → RBQ | Lagori | Row 530
✅ Saved → RBQ | Lagori | Row 531
✅ Saved → RBQ | Lagori | Row 532
✅ Saved → RBQ | Lagori | Row 533
✅ Saved → RBQ | Lagori | Row 534
✅ Saved → RBQ | Lagori | Row 535
✅ Saved → RBQ | Lagori | Row 536
✅ Saved → RBQ | Lagori | Row 538
✅ Saved → RBQ | Lagori | Row 539
✅ Saved → RBQ | Lagori | Row 540
✅ Saved → RBQ | Lagori | Row 541
✅ Saved → RBQ | Lagori | Row 542
✅ Saved → RBQ | Lagori | Row 544
✅ Saved → RBQ | Lagori | Row 545
✅ Saved → RBQ | Lagori | Row 546
✅ Saved → RBQ | Pambaram | Row 0
✅ Saved → RBQ | Pambaram | Row 1
✅ Saved → RBQ | Pambaram | Row 2
✅ Saved → RBQ | Pambaram | Row 3
✅ Saved → RBQ | Pambaram | Row 4
✅ Saved → RBQ | Pambaram | Row 5
✅ Saved → RBQ | Pambaram | Row 6
✅ Saved → RBQ | Pambaram | Row 7
✅ Saved → RBQ | Pambaram | Row 8
✅ Saved → RBQ | Pambaram | Row 9
✅ Saved → RBQ | Pambaram | Row 10
✅ Saved → RBQ | Pambaram | Row 11
✅ Saved → RBQ | Pambaram | Row 12
✅ Saved → RBQ | Pambaram | Row 13
✅ Saved → RBQ | Pambaram | Row 14
✅ Saved → RBQ | Pambaram | Row 15
✅ Saved → RBQ | Pambaram | Row 16
✅ Saved → RBQ | Pambaram | Row 17
✅ Saved → RBQ | Pambaram | Row 18
✅ Saved → RBQ | Pambaram | Row 19
✅ Saved → RBQ | Pambaram | Row 20
✅ Saved → RBQ | Pambaram | Row 21
✅ Saved → RBQ | Pambaram | Row 22
✅ Saved → RBQ | Pambaram | Row 23
✅ Saved → RBQ | Pambaram | Row 24
✅ Saved → RBQ | Pambaram | Row 25
✅ Saved → RBQ | Pambaram | Row 26
✅ Saved → RBQ | Pambaram | Row 27
✅ Saved → RBQ | Pambaram | Row 28
✅ Saved → RBQ | Pambaram | Row 29
✅ Saved → RBQ | Pambaram | Row 30
✅ Saved → RBQ | Pambaram | Row 31
✅ Saved → RBQ | Pambaram | Row 32
✅ Saved → RBQ | Pambaram | Row 33
✅ Saved → RBQ | Pambaram | Row 34
✅ Saved → RBQ | Pambaram | Row 35
✅ Saved → RBQ | Pambaram | Row 36
✅ Saved → RBQ | Pambaram | Row 37
✅ Saved → RBQ | Pambaram | Row 38
✅ Saved → RBQ | Pambaram | Row 39
✅ Saved → RBQ | Pambaram | Row 40
✅ Saved → RBQ | Pambaram | Row 41
✅ Saved → RBQ | Pambaram | Row 42
✅ Saved → RBQ | Pambaram | Row 43
✅ Saved → RBQ | Pambaram | Row 44
✅ Saved → RBQ | Pambaram | Row 45
✅ Saved → RBQ | Pambaram | Row 46
✅ Saved → RBQ | Pambaram | Row 47
✅ Saved → RBQ | Pambaram | Row 48
✅ Saved → RBQ | Pambaram | Row 49
✅ Saved → RBQ | Pambaram | Row 50
✅ Saved → RBQ | Pambaram | Row 51
✅ Saved → RBQ | Pambaram | Row 52
✅ Saved → RBQ | Pambaram | Row 53
✅ Saved → RBQ | Pambaram | Row 54
✅ Saved → RBQ | Pambaram | Row 55
✅ Saved → RBQ | Pambaram | Row 56
✅ Saved → RBQ | Pambaram | Row 57
✅ Saved → RBQ | Pambaram | Row 58
✅ Saved → RBQ | Pambaram | Row 59
✅ Saved → RBQ | Pambaram | Row 60
✅ Saved → RBQ | Pambaram | Row 61
✅ Saved → RBQ | Pambaram | Row 62
✅ Saved → RBQ | Pambaram | Row 63
✅ Saved → RBQ | Pambaram | Row 64
✅ Saved → RBQ | Pambaram | Row 65
✅ Saved → RBQ | Pambaram | Row 67
✅ Saved → RBQ | Pambaram | Row 68
✅ Saved → RBQ | Pambaram | Row 69
✅ Saved → RBQ | Pambaram | Row 70
✅ Saved → RBQ | Pambaram | Row 71
✅ Saved → RBQ | Pambaram | Row 72
✅ Saved → RBQ | Pambaram | Row 73
✅ Saved → RBQ | Pambaram | Row 74
✅ Saved → RBQ | Pambaram | Row 76
✅ Saved → RBQ | Pambaram | Row 77
✅ Saved → RBQ | Pambaram | Row 78
✅ Saved → RBQ | Pambaram | Row 79
✅ Saved → RBQ | Pambaram | Row 80
✅ Saved → RBQ | Pambaram | Row 81
✅ Saved → RBQ | Pambaram | Row 83
✅ Saved → RBQ | Pambaram | Row 84
✅ Saved → RBQ | Pambaram | Row 85
✅ Saved → RBQ | Pambaram | Row 86
✅ Saved → RBQ | Pambaram | Row 87
✅ Saved → RBQ | Pambaram | Row 88
✅ Saved → RBQ | Pambaram | Row 89
✅ Saved → RBQ | Pambaram | Row 90
✅ Saved → RBQ | Pambaram | Row 92
✅ Saved → RBQ | Pambaram | Row 93
✅ Saved → RBQ | Pambaram | Row 94
✅ Saved → RBQ | Pambaram | Row 95
✅ Saved → RBQ | Pambaram | Row 96
✅ Saved → RBQ | Pambaram | Row 97
✅ Saved → RBQ | Pambaram | Row 98
✅ Saved → RBQ | Pambaram | Row 99
✅ Saved → RBQ | Pambaram | Row 100
✅ Saved → RBQ | Pambaram | Row 101
✅ Saved → RBQ | Pambaram | Row 102
✅ Saved → RBQ | Pambaram | Row 103
✅ Saved → RBQ | Pambaram | Row 104
✅ Saved → RBQ | Pambaram | Row 105
✅ Saved → RBQ | Pambaram | Row 107
✅ Saved → RBQ | Pambaram | Row 108
✅ Saved → RBQ | Pambaram | Row 109
✅ Saved → RBQ | Pambaram | Row 110
❌ Error on row 111: 502 Server Error: Bad Gateway for url: https://cloud.olakrutrim.com/v1/chat/completions
✅ Saved → RBQ | Pambaram | Row 111
✅ Saved → RBQ | Pambaram | Row 112
✅ Saved → RBQ | Pambaram | Row 113
✅ Saved → RBQ | Pambaram | Row 114
✅ Saved → RBQ | Pambaram | Row 115
✅ Saved → RBQ | Pambaram | Row 116
✅ Saved → RBQ | Pambaram | Row 117
✅ Saved → RBQ | Pambaram | Row 118
✅ Saved → RBQ | Pambaram | Row 119
✅ Saved → RBQ | Pambaram | Row 120
✅ Saved → RBQ | Pambaram | Row 121
✅ Saved → RBQ | Pambaram | Row 124
✅ Saved → RBQ | Pambaram | Row 125
✅ Saved → RBQ | Pambaram | Row 126
✅ Saved → RBQ | Pambaram | Row 127
✅ Saved → RBQ | Pambaram | Row 128
✅ Saved → RBQ | Pambaram | Row 129
✅ Saved → RBQ | Pambaram | Row 130
✅ Saved → RBQ | Pambaram | Row 131
✅ Saved → RBQ | Pambaram | Row 132
✅ Saved → RBQ | Pambaram | Row 133
✅ Saved → RBQ | Pambaram | Row 134
✅ Saved → RBQ | Pambaram | Row 135
✅ Saved → RBQ | Pambaram | Row 136
✅ Saved → RBQ | Pambaram | Row 137
✅ Saved → RBQ | Pambaram | Row 139
✅ Saved → RBQ | Pambaram | Row 140
✅ Saved → RBQ | Pambaram | Row 141
✅ Saved → RBQ | Pambaram | Row 143
✅ Saved → RBQ | Pambaram | Row 144
✅ Saved → RBQ | Pambaram | Row 146
✅ Saved → RBQ | Pambaram | Row 147
✅ Saved → RBQ | Pambaram | Row 148
✅ Saved → RBQ | Pambaram | Row 149
✅ Saved → RBQ | Pambaram | Row 150
✅ Saved → RBQ | Pambaram | Row 151
✅ Saved → RBQ | Pambaram | Row 153
✅ Saved → RBQ | Pambaram | Row 154
✅ Saved → RBQ | Pambaram | Row 155
✅ Saved → RBQ | Pambaram | Row 156
✅ Saved → RBQ | Pambaram | Row 157
✅ Saved → RBQ | Pambaram | Row 158
✅ Saved → RBQ | Pambaram | Row 159
✅ Saved → RBQ | Pambaram | Row 160
✅ Saved → RBQ | Pambaram | Row 161
✅ Saved → RBQ | Pambaram | Row 162
✅ Saved → RBQ | Pambaram | Row 163
✅ Saved → RBQ | Pambaram | Row 164
✅ Saved → RBQ | Pambaram | Row 165
✅ Saved → RBQ | Pambaram | Row 166
✅ Saved → RBQ | Pambaram | Row 167
✅ Saved → RBQ | Pambaram | Row 168
✅ Saved → RBQ | Pambaram | Row 169
✅ Saved → RBQ | Pambaram | Row 170
✅ Saved → RBQ | Pambaram | Row 171
✅ Saved → RBQ | Pambaram | Row 173
✅ Saved → RBQ | Pambaram | Row 174
✅ Saved → RBQ | Pambaram | Row 175
✅ Saved → RBQ | Pambaram | Row 176
✅ Saved → RBQ | Pambaram | Row 177
✅ Saved → RBQ | Pambaram | Row 178
✅ Saved → RBQ | Pambaram | Row 179
✅ Saved → RBQ | Pambaram | Row 180
✅ Saved → RBQ | Pambaram | Row 181
✅ Saved → RBQ | Pambaram | Row 182
✅ Saved → RBQ | Pambaram | Row 183
✅ Saved → RBQ | Pambaram | Row 184
✅ Saved → RBQ | Pambaram | Row 185
✅ Saved → RBQ | Pambaram | Row 186
✅ Saved → RBQ | Pambaram | Row 187
✅ Saved → RBQ | Pambaram | Row 188
✅ Saved → RBQ | Pambaram | Row 189
✅ Saved → RBQ | Pambaram | Row 190
✅ Saved → RBQ | Pambaram | Row 191
✅ Saved → RBQ | Pambaram | Row 192
✅ Saved → RBQ | Pambaram | Row 193
✅ Saved → RBQ | Pambaram | Row 194
✅ Saved → RBQ | Pambaram | Row 195
✅ Saved → RBQ | Pambaram | Row 196
✅ Saved → RBQ | Pambaram | Row 197
✅ Saved → RBQ | Pambaram | Row 198
✅ Saved → RBQ | Pambaram | Row 199
✅ Saved → RBQ | Pambaram | Row 200
✅ Saved → RBQ | Pambaram | Row 201
✅ Saved → RBQ | Pambaram | Row 202
✅ Saved → RBQ | Pambaram | Row 204
✅ Saved → RBQ | Pambaram | Row 206
✅ Saved → RBQ | Pambaram | Row 207
✅ Saved → RBQ | Pambaram | Row 209
✅ Saved → RBQ | Pambaram | Row 231
✅ Saved → RBQ | Pambaram | Row 232
✅ Saved → RBQ | Pambaram | Row 234
✅ Saved → RBQ | Pambaram | Row 235
✅ Saved → RBQ | Pambaram | Row 236
✅ Saved → RBQ | Pambaram | Row 237
✅ Saved → RBQ | Pambaram | Row 238
✅ Saved → RBQ | Pambaram | Row 239
✅ Saved → RBQ | Pambaram | Row 240
✅ Saved → RBQ | Pambaram | Row 241
✅ Saved → RBQ | Pambaram | Row 242
✅ Saved → RBQ | Pambaram | Row 243
✅ Saved → RBQ | Pambaram | Row 244
✅ Saved → RBQ | Pambaram | Row 245
✅ Saved → RBQ | Pambaram | Row 247
✅ Saved → RBQ | Pambaram | Row 251
✅ Saved → RBQ | Pambaram | Row 252
✅ Saved → RBQ | Pambaram | Row 253
✅ Saved → RBQ | Pambaram | Row 254
✅ Saved → RBQ | Pambaram | Row 255
✅ Saved → RBQ | Pambaram | Row 256
✅ Saved → RBQ | Pambaram | Row 259
✅ Saved → RBQ | Pambaram | Row 262
✅ Saved → RBQ | Pambaram | Row 263
✅ Saved → RBQ | Pambaram | Row 268
✅ Saved → RBQ | Pambaram | Row 278
✅ Saved → RBQ | Pambaram | Row 286
✅ Saved → RBQ | Pambaram | Row 308
✅ Saved → RBQ | Pambaram | Row 309
✅ Saved → RBQ | Pambaram | Row 310
✅ Saved → RBQ | Pambaram | Row 311
✅ Saved → RBQ | Pambaram | Row 312
✅ Saved → RBQ | Pambaram | Row 313
✅ Saved → RBQ | Pambaram | Row 314
✅ Saved → RBQ | Pambaram | Row 315
✅ Saved → RBQ | Pambaram | Row 316
✅ Saved → RBQ | Pambaram | Row 317
✅ Saved → RBQ | Pambaram | Row 318
✅ Saved → RBQ | Pambaram | Row 319
✅ Saved → RBQ | Pambaram | Row 320
✅ Saved → RBQ | Pambaram | Row 321
✅ Saved → RBQ | Pambaram | Row 322
✅ Saved → RBQ | Pambaram | Row 323
✅ Saved → RBQ | Pambaram | Row 324
✅ Saved → RBQ | Pambaram | Row 325
✅ Saved → RBQ | Pambaram | Row 326
✅ Saved → RBQ | Pambaram | Row 327
✅ Saved → RBQ | Pambaram | Row 328
✅ Saved → RBQ | Pambaram | Row 329
✅ Saved → RBQ | Pambaram | Row 330
✅ Saved → RBQ | Pambaram | Row 331
✅ Saved → RBQ | Pambaram | Row 332
✅ Saved → RBQ | Pambaram | Row 333
✅ Saved → RBQ | Pambaram | Row 334
✅ Saved → RBQ | Pambaram | Row 335
✅ Saved → RBQ | Pambaram | Row 336
✅ Saved → RBQ | Pambaram | Row 337
✅ Saved → RBQ | Pambaram | Row 338
✅ Saved → RBQ | Pambaram | Row 339
✅ Saved → RBQ | Pambaram | Row 340
✅ Saved → RBQ | Pambaram | Row 341
✅ Saved → RBQ | Pambaram | Row 342
✅ Saved → RBQ | Pambaram | Row 343
✅ Saved → RBQ | Pambaram | Row 344
✅ Saved → RBQ | Pambaram | Row 345
✅ Saved → RBQ | Pambaram | Row 346
✅ Saved → RBQ | Pambaram | Row 347
✅ Saved → RBQ | Pambaram | Row 348
✅ Saved → RBQ | Pambaram | Row 349
✅ Saved → RBQ | Pambaram | Row 350
✅ Saved → RBQ | Pambaram | Row 351
✅ Saved → RBQ | Pambaram | Row 352
✅ Saved → RBQ | Pambaram | Row 353
✅ Saved → RBQ | Pambaram | Row 354
✅ Saved → RBQ | Pambaram | Row 355
✅ Saved → RBQ | Pambaram | Row 356
✅ Saved → RBQ | Pambaram | Row 357
✅ Saved → RBQ | Pambaram | Row 358
✅ Saved → RBQ | Pambaram | Row 359
✅ Saved → RBQ | Pambaram | Row 360
✅ Saved → RBQ | Pambaram | Row 361
✅ Saved → RBQ | Pambaram | Row 362
✅ Saved → RBQ | Pambaram | Row 363
✅ Saved → RBQ | Pambaram | Row 364
✅ Saved → RBQ | Pambaram | Row 365
✅ Saved → RBQ | Pambaram | Row 366
✅ Saved → RBQ | Pambaram | Row 367
✅ Saved → RBQ | Pambaram | Row 368
✅ Saved → RBQ | Pambaram | Row 369
✅ Saved → RBQ | Pambaram | Row 370
✅ Saved → RBQ | Pambaram | Row 371
✅ Saved → RBQ | Pambaram | Row 372
✅ Saved → RBQ | Pambaram | Row 373
✅ Saved → RBQ | Pambaram | Row 374
✅ Saved → RBQ | Pambaram | Row 375
✅ Saved → RBQ | Pambaram | Row 376
✅ Saved → RBQ | Pambaram | Row 377
✅ Saved → RBQ | Pambaram | Row 378
✅ Saved → RBQ | Pambaram | Row 379
✅ Saved → RBQ | Pambaram | Row 380
✅ Saved → RBQ | Pambaram | Row 381
✅ Saved → RBQ | Pambaram | Row 382
✅ Saved → RBQ | Pambaram | Row 383
✅ Saved → RBQ | Pambaram | Row 384
✅ Saved → RBQ | Pambaram | Row 385
✅ Saved → RBQ | Pambaram | Row 386
✅ Saved → RBQ | Pambaram | Row 387
✅ Saved → RBQ | Pambaram | Row 388
✅ Saved → RBQ | Pambaram | Row 389
✅ Saved → RBQ | Pambaram | Row 390
✅ Saved → RBQ | Pambaram | Row 391
✅ Saved → RBQ | Pambaram | Row 392
✅ Saved → RBQ | Pambaram | Row 393
✅ Saved → RBQ | Pambaram | Row 394
✅ Saved → RBQ | Pambaram | Row 395
✅ Saved → RBQ | Pambaram | Row 396
✅ Saved → RBQ | Pambaram | Row 397
✅ Saved → RBQ | Pambaram | Row 398
✅ Saved → RBQ | Pambaram | Row 399
✅ Saved → RBQ | Pambaram | Row 400
✅ Saved → RBQ | Pambaram | Row 401
✅ Saved → RBQ | Pambaram | Row 402
✅ Saved → RBQ | Pambaram | Row 403
✅ Saved → RBQ | Pambaram | Row 404
✅ Saved → RBQ | Pambaram | Row 405
✅ Saved → RBQ | Pambaram | Row 406
✅ Saved → RBQ | Pambaram | Row 407
✅ Saved → RBQ | Pambaram | Row 408
✅ Saved → RBQ | Pambaram | Row 409
✅ Saved → RBQ | Pambaram | Row 410
✅ Saved → RBQ | Pambaram | Row 411
✅ Saved → RBQ | Pambaram | Row 412
✅ Saved → RBQ | Pambaram | Row 413
✅ Saved → RBQ | Pambaram | Row 414
✅ Saved → RBQ | Pambaram | Row 415
✅ Saved → RBQ | Pambaram | Row 416
✅ Saved → RBQ | Pambaram | Row 418
✅ Saved → RBQ | Pambaram | Row 419
✅ Saved → RBQ | Pambaram | Row 420
✅ Saved → RBQ | Pambaram | Row 422
✅ Saved → RBQ | Pambaram | Row 423
✅ Saved → RBQ | Pambaram | Row 424
✅ Saved → RBQ | Pambaram | Row 425
✅ Saved → RBQ | Pambaram | Row 426
✅ Saved → RBQ | Pambaram | Row 428
✅ Saved → RBQ | Pambaram | Row 429
✅ Saved → RBQ | Pambaram | Row 430
✅ Saved → RBQ | Pambaram | Row 431
✅ Saved → RBQ | Pambaram | Row 432
✅ Saved → RBQ | Pambaram | Row 433
✅ Saved → RBQ | Pambaram | Row 434
✅ Saved → RBQ | Pambaram | Row 435
✅ Saved → RBQ | Pambaram | Row 436
✅ Saved → RBQ | Pambaram | Row 437
✅ Saved → RBQ | Pambaram | Row 438
✅ Saved → RBQ | Pambaram | Row 439
✅ Saved → RBQ | Pambaram | Row 440
✅ Saved → RBQ | Pambaram | Row 441
✅ Saved → RBQ | Pambaram | Row 442
✅ Saved → RBQ | Pambaram | Row 444
✅ Saved → RBQ | Pambaram | Row 445
✅ Saved → RBQ | Pambaram | Row 446
✅ Saved → RBQ | Pambaram | Row 447
✅ Saved → RBQ | Pambaram | Row 448
✅ Saved → RBQ | Pambaram | Row 449
✅ Saved → RBQ | Pambaram | Row 450
✅ Saved → RBQ | Pambaram | Row 451
✅ Saved → RBQ | Pambaram | Row 452
✅ Saved → RBQ | Pambaram | Row 453
✅ Saved → RBQ | Pambaram | Row 454
✅ Saved → RBQ | Pambaram | Row 455
✅ Saved → RBQ | Pambaram | Row 456
✅ Saved → RBQ | Pambaram | Row 457
✅ Saved → RBQ | Pambaram | Row 458
✅ Saved → RBQ | Pambaram | Row 459
✅ Saved → RBQ | Pambaram | Row 460
✅ Saved → RBQ | Pambaram | Row 461
✅ Saved → RBQ | Pambaram | Row 462
✅ Saved → RBQ | Pambaram | Row 463
✅ Saved → RBQ | Pambaram | Row 464
✅ Saved → RBQ | Pambaram | Row 465
✅ Saved → RBQ | Pambaram | Row 466
✅ Saved → RBQ | Pambaram | Row 467
✅ Saved → RBQ | Pambaram | Row 468
✅ Saved → RBQ | Pambaram | Row 469
✅ Saved → RBQ | Pambaram | Row 470
✅ Saved → RBQ | Pambaram | Row 471
✅ Saved → RBQ | Pambaram | Row 472
✅ Saved → RBQ | Pambaram | Row 473
✅ Saved → RBQ | Pambaram | Row 474
✅ Saved → RBQ | Pambaram | Row 475
✅ Saved → RBQ | Pambaram | Row 476
✅ Saved → RBQ | Pambaram | Row 477
✅ Saved → RBQ | Pambaram | Row 478
✅ Saved → RBQ | Pambaram | Row 479
✅ Saved → RBQ | Pambaram | Row 480
✅ Saved → RBQ | Pambaram | Row 481
✅ Saved → RBQ | Pambaram | Row 482
✅ Saved → RBQ | Pambaram | Row 483
✅ Saved → RBQ | Pambaram | Row 484
✅ Saved → RBQ | Pambaram | Row 485
✅ Saved → RBQ | Pambaram | Row 486
✅ Saved → RBQ | Pambaram | Row 487
✅ Saved → RBQ | Pambaram | Row 488
✅ Saved → RBQ | Pambaram | Row 489
✅ Saved → RBQ | Pambaram | Row 490
✅ Saved → RBQ | Pambaram | Row 491
✅ Saved → RBQ | Pambaram | Row 492
✅ Saved → RBQ | Pambaram | Row 493
✅ Saved → RBQ | Dhop Khel | Row 0
✅ Saved → RBQ | Dhop Khel | Row 1
✅ Saved → RBQ | Dhop Khel | Row 2
✅ Saved → RBQ | Dhop Khel | Row 3
✅ Saved → RBQ | Dhop Khel | Row 4
✅ Saved → RBQ | Dhop Khel | Row 5
✅ Saved → RBQ | Dhop Khel | Row 6
✅ Saved → RBQ | Dhop Khel | Row 7
✅ Saved → RBQ | Dhop Khel | Row 8
✅ Saved → RBQ | Dhop Khel | Row 9
✅ Saved → RBQ | Dhop Khel | Row 10
✅ Saved → RBQ | Dhop Khel | Row 11
✅ Saved → RBQ | Dhop Khel | Row 12
✅ Saved → RBQ | Dhop Khel | Row 13
✅ Saved → RBQ | Dhop Khel | Row 14
✅ Saved → RBQ | Dhop Khel | Row 15
✅ Saved → RBQ | Dhop Khel | Row 16
✅ Saved → RBQ | Dhop Khel | Row 17
✅ Saved → RBQ | Dhop Khel | Row 18
✅ Saved → RBQ | Dhop Khel | Row 19
✅ Saved → RBQ | Dhop Khel | Row 20
✅ Saved → RBQ | Dhop Khel | Row 21
✅ Saved → RBQ | Dhop Khel | Row 22
✅ Saved → RBQ | Dhop Khel | Row 23
✅ Saved → RBQ | Dhop Khel | Row 24
✅ Saved → RBQ | Dhop Khel | Row 25
✅ Saved → RBQ | Dhop Khel | Row 26
✅ Saved → RBQ | Dhop Khel | Row 27
✅ Saved → RBQ | Dhop Khel | Row 28
✅ Saved → RBQ | Dhop Khel | Row 29
✅ Saved → RBQ | Dhop Khel | Row 30
✅ Saved → RBQ | Dhop Khel | Row 31
✅ Saved → RBQ | Dhop Khel | Row 32
✅ Saved → RBQ | Dhop Khel | Row 33
✅ Saved → RBQ | Dhop Khel | Row 34
✅ Saved → RBQ | Dhop Khel | Row 35
✅ Saved → RBQ | Dhop Khel | Row 36
✅ Saved → RBQ | Dhop Khel | Row 37
✅ Saved → RBQ | Dhop Khel | Row 38
✅ Saved → RBQ | Dhop Khel | Row 39
✅ Saved → RBQ | Dhop Khel | Row 40
✅ Saved → RBQ | Dhop Khel | Row 41
✅ Saved → RBQ | Dhop Khel | Row 42
✅ Saved → RBQ | Dhop Khel | Row 43
✅ Saved → RBQ | Dhop Khel | Row 44
✅ Saved → RBQ | Dhop Khel | Row 45
✅ Saved → RBQ | Dhop Khel | Row 46
✅ Saved → RBQ | Dhop Khel | Row 47
✅ Saved → RBQ | Dhop Khel | Row 48
✅ Saved → RBQ | Dhop Khel | Row 49
✅ Saved → RBQ | Dhop Khel | Row 50
✅ Saved → RBQ | Dhop Khel | Row 51
✅ Saved → RBQ | Dhop Khel | Row 52
✅ Saved → RBQ | Dhop Khel | Row 53
✅ Saved → RBQ | Dhop Khel | Row 54
✅ Saved → RBQ | Dhop Khel | Row 55
✅ Saved → RBQ | Dhop Khel | Row 56
✅ Saved → RBQ | Dhop Khel | Row 57
✅ Saved → RBQ | Dhop Khel | Row 58
✅ Saved → RBQ | Dhop Khel | Row 59
✅ Saved → RBQ | Dhop Khel | Row 60
✅ Saved → RBQ | Dhop Khel | Row 61
✅ Saved → RBQ | Dhop Khel | Row 62
✅ Saved → RBQ | Dhop Khel | Row 63
✅ Saved → RBQ | Dhop Khel | Row 64
✅ Saved → RBQ | Dhop Khel | Row 65
✅ Saved → RBQ | Dhop Khel | Row 66
✅ Saved → RBQ | Dhop Khel | Row 67
✅ Saved → RBQ | Dhop Khel | Row 68
✅ Saved → RBQ | Dhop Khel | Row 69
✅ Saved → RBQ | Dhop Khel | Row 70
✅ Saved → RBQ | Dhop Khel | Row 71
✅ Saved → RBQ | Dhop Khel | Row 72
✅ Saved → RBQ | Dhop Khel | Row 73
✅ Saved → RBQ | Dhop Khel | Row 74
✅ Saved → RBQ | Dhop Khel | Row 76
✅ Saved → RBQ | Dhop Khel | Row 77
✅ Saved → RBQ | Dhop Khel | Row 78
✅ Saved → RBQ | Dhop Khel | Row 79
✅ Saved → RBQ | Dhop Khel | Row 80
✅ Saved → RBQ | Dhop Khel | Row 81
✅ Saved → RBQ | Dhop Khel | Row 83
✅ Saved → RBQ | Dhop Khel | Row 84
✅ Saved → RBQ | Dhop Khel | Row 85
✅ Saved → RBQ | Dhop Khel | Row 86
✅ Saved → RBQ | Dhop Khel | Row 87
✅ Saved → RBQ | Dhop Khel | Row 88
✅ Saved → RBQ | Dhop Khel | Row 89
✅ Saved → RBQ | Dhop Khel | Row 90
✅ Saved → RBQ | Dhop Khel | Row 93
✅ Saved → RBQ | Dhop Khel | Row 94
✅ Saved → RBQ | Dhop Khel | Row 95
✅ Saved → RBQ | Dhop Khel | Row 96
✅ Saved → RBQ | Dhop Khel | Row 97
✅ Saved → RBQ | Dhop Khel | Row 98
✅ Saved → RBQ | Dhop Khel | Row 99
✅ Saved → RBQ | Dhop Khel | Row 100
✅ Saved → RBQ | Dhop Khel | Row 101
✅ Saved → RBQ | Dhop Khel | Row 102
✅ Saved → RBQ | Dhop Khel | Row 103
✅ Saved → RBQ | Dhop Khel | Row 105
✅ Saved → RBQ | Dhop Khel | Row 106
✅ Saved → RBQ | Dhop Khel | Row 107
✅ Saved → RBQ | Dhop Khel | Row 108
✅ Saved → RBQ | Dhop Khel | Row 109
✅ Saved → RBQ | Dhop Khel | Row 112
✅ Saved → RBQ | Dhop Khel | Row 113
✅ Saved → RBQ | Dhop Khel | Row 117
✅ Saved → RBQ | Dhop Khel | Row 118
✅ Saved → RBQ | Dhop Khel | Row 119
✅ Saved → RBQ | Dhop Khel | Row 120
✅ Saved → RBQ | Dhop Khel | Row 121
✅ Saved → RBQ | Dhop Khel | Row 123
✅ Saved → RBQ | Dhop Khel | Row 124
✅ Saved → RBQ | Dhop Khel | Row 125
✅ Saved → RBQ | Dhop Khel | Row 126
✅ Saved → RBQ | Dhop Khel | Row 127
✅ Saved → RBQ | Dhop Khel | Row 128
✅ Saved → RBQ | Dhop Khel | Row 129
✅ Saved → RBQ | Dhop Khel | Row 130
✅ Saved → RBQ | Dhop Khel | Row 133
✅ Saved → RBQ | Dhop Khel | Row 135
✅ Saved → RBQ | Dhop Khel | Row 137
✅ Saved → RBQ | Dhop Khel | Row 138
✅ Saved → RBQ | Dhop Khel | Row 139
✅ Saved → RBQ | Dhop Khel | Row 141
✅ Saved → RBQ | Dhop Khel | Row 143
✅ Saved → RBQ | Dhop Khel | Row 146
✅ Saved → RBQ | Dhop Khel | Row 152
✅ Saved → RBQ | Dhop Khel | Row 153
✅ Saved → RBQ | Dhop Khel | Row 155
✅ Saved → RBQ | Dhop Khel | Row 158
✅ Saved → RBQ | Dhop Khel | Row 166
✅ Saved → RBQ | Dhop Khel | Row 169
✅ Saved → RBQ | Dhop Khel | Row 171
✅ Saved → RBQ | Dhop Khel | Row 175
✅ Saved → RBQ | Dhop Khel | Row 193
✅ Saved → RBQ | Dhop Khel | Row 195
✅ Saved → RBQ | Dhop Khel | Row 196
✅ Saved → RBQ | Dhop Khel | Row 197
✅ Saved → RBQ | Dhop Khel | Row 198
✅ Saved → RBQ | Dhop Khel | Row 200
✅ Saved → RBQ | Dhop Khel | Row 201
✅ Saved → RBQ | Dhop Khel | Row 202
✅ Saved → RBQ | Dhop Khel | Row 204
✅ Saved → RBQ | Dhop Khel | Row 205
✅ Saved → RBQ | Dhop Khel | Row 206
✅ Saved → RBQ | Dhop Khel | Row 207
✅ Saved → RBQ | Dhop Khel | Row 208
✅ Saved → RBQ | Dhop Khel | Row 209
✅ Saved → RBQ | Dhop Khel | Row 210
✅ Saved → RBQ | Dhop Khel | Row 212
✅ Saved → RBQ | Dhop Khel | Row 213
✅ Saved → RBQ | Dhop Khel | Row 215
✅ Saved → RBQ | Dhop Khel | Row 217
✅ Saved → RBQ | Dhop Khel | Row 221
✅ Saved → RBQ | Dhop Khel | Row 222
✅ Saved → RBQ | Dhop Khel | Row 223
✅ Saved → RBQ | Dhop Khel | Row 224
✅ Saved → RBQ | Dhop Khel | Row 234
✅ Saved → RBQ | Dhop Khel | Row 245
✅ Saved → RBQ | Dhop Khel | Row 250
✅ Saved → RBQ | Dhop Khel | Row 267
✅ Saved → RBQ | Dhop Khel | Row 269
✅ Saved → RBQ | Dhop Khel | Row 274
✅ Saved → RBQ | Dhop Khel | Row 284
✅ Saved → RBQ | Dhop Khel | Row 285
✅ Saved → RBQ | Dhop Khel | Row 286
✅ Saved → RBQ | Dhop Khel | Row 287
✅ Saved → RBQ | Dhop Khel | Row 288
✅ Saved → RBQ | Dhop Khel | Row 289
✅ Saved → RBQ | Dhop Khel | Row 290
✅ Saved → RBQ | Dhop Khel | Row 291
✅ Saved → RBQ | Dhop Khel | Row 292
✅ Saved → RBQ | Dhop Khel | Row 293
✅ Saved → RBQ | Dhop Khel | Row 294
✅ Saved → RBQ | Dhop Khel | Row 295
✅ Saved → RBQ | Dhop Khel | Row 296
✅ Saved → RBQ | Dhop Khel | Row 297
✅ Saved → RBQ | Dhop Khel | Row 298
✅ Saved → RBQ | Dhop Khel | Row 299
✅ Saved → RBQ | Dhop Khel | Row 300
✅ Saved → RBQ | Dhop Khel | Row 301
✅ Saved → RBQ | Dhop Khel | Row 302
✅ Saved → RBQ | Dhop Khel | Row 303
✅ Saved → RBQ | Dhop Khel | Row 304
✅ Saved → RBQ | Dhop Khel | Row 305
✅ Saved → RBQ | Dhop Khel | Row 306
✅ Saved → RBQ | Dhop Khel | Row 307
✅ Saved → RBQ | Dhop Khel | Row 308
✅ Saved → RBQ | Dhop Khel | Row 309
✅ Saved → RBQ | Dhop Khel | Row 310
✅ Saved → RBQ | Dhop Khel | Row 311
✅ Saved → RBQ | Dhop Khel | Row 312
✅ Saved → RBQ | Dhop Khel | Row 313
✅ Saved → RBQ | Dhop Khel | Row 315
✅ Saved → RBQ | Dhop Khel | Row 316
✅ Saved → RBQ | Dhop Khel | Row 317
✅ Saved → RBQ | Dhop Khel | Row 318
✅ Saved → RBQ | Dhop Khel | Row 320
✅ Saved → RBQ | Dhop Khel | Row 323
✅ Saved → RBQ | Dhop Khel | Row 325
✅ Saved → RBQ | Dhop Khel | Row 326
✅ Saved → RBQ | Dhop Khel | Row 327
✅ Saved → RBQ | Dhop Khel | Row 328
✅ Saved → RBQ | Dhop Khel | Row 330
✅ Saved → RBQ | Dhop Khel | Row 333
✅ Saved → RBQ | Dhop Khel | Row 334
✅ Saved → RBQ | Dhop Khel | Row 339
✅ Saved → RBQ | Dhop Khel | Row 341
✅ Saved → RBQ | Dhop Khel | Row 342
✅ Saved → RBQ | Dhop Khel | Row 343
✅ Saved → RBQ | Dhop Khel | Row 344
✅ Saved → RBQ | Dhop Khel | Row 346
✅ Saved → RBQ | Dhop Khel | Row 347
✅ Saved → RBQ | Dhop Khel | Row 348
✅ Saved → RBQ | Dhop Khel | Row 349
✅ Saved → RBQ | Dhop Khel | Row 350
✅ Saved → RBQ | Dhop Khel | Row 351
✅ Saved → RBQ | Dhop Khel | Row 352
✅ Saved → RBQ | Dhop Khel | Row 353
✅ Saved → RBQ | Dhop Khel | Row 357
✅ Saved → RBQ | Dhop Khel | Row 358
✅ Saved → RBQ | Dhop Khel | Row 360
✅ Saved → RBQ | Dhop Khel | Row 361
✅ Saved → RBQ | Dhop Khel | Row 362
✅ Saved → RBQ | Dhop Khel | Row 363
✅ Saved → RBQ | Dhop Khel | Row 364
✅ Saved → RBQ | Dhop Khel | Row 365
✅ Saved → RBQ | Dhop Khel | Row 366
✅ Saved → RBQ | Dhop Khel | Row 367
✅ Saved → RBQ | Dhop Khel | Row 368
✅ Saved → RBQ | Dhop Khel | Row 369
✅ Saved → RBQ | Dhop Khel | Row 370
✅ Saved → RBQ | Dhop Khel | Row 371
✅ Saved → RBQ | Dhop Khel | Row 372
✅ Saved → RBQ | Dhop Khel | Row 373
✅ Saved → RBQ | Dhop Khel | Row 375
✅ Saved → RBQ | Dhop Khel | Row 376
✅ Saved → RBQ | Dhop Khel | Row 378
✅ Saved → RBQ | Dhop Khel | Row 379
✅ Saved → RBQ | Dhop Khel | Row 380
✅ Saved → RBQ | Dhop Khel | Row 382
✅ Saved → RBQ | Dhop Khel | Row 384
✅ Saved → RBQ | Dhop Khel | Row 385
✅ Saved → RBQ | Dhop Khel | Row 386
✅ Saved → RBQ | Dhop Khel | Row 387
✅ Saved → RBQ | Dhop Khel | Row 390
✅ Saved → RBQ | Dhop Khel | Row 391
✅ Saved → RBQ | Dhop Khel | Row 392
✅ Saved → RBQ | Dhop Khel | Row 393
✅ Saved → RBQ | Dhop Khel | Row 394
✅ Saved → RBQ | Dhop Khel | Row 395
✅ Saved → RBQ | Dhop Khel | Row 396
✅ Saved → RBQ | Dhop Khel | Row 397
✅ Saved → RBQ | Dhop Khel | Row 398
✅ Saved → RBQ | Dhop Khel | Row 399
✅ Saved → RBQ | Dhop Khel | Row 400
✅ Saved → RBQ | Dhop Khel | Row 401
✅ Saved → RBQ | Dhop Khel | Row 402
✅ Saved → RBQ | Dhop Khel | Row 404
✅ Saved → RBQ | Dhop Khel | Row 405
✅ Saved → RBQ | Dhop Khel | Row 406
✅ Saved → RBQ | Dhop Khel | Row 407
✅ Saved → RBQ | Dhop Khel | Row 408
✅ Saved → RBQ | Dhop Khel | Row 409
✅ Saved → RBQ | Dhop Khel | Row 410
✅ Saved → RBQ | Dhop Khel | Row 412
✅ Saved → RBQ | Dhop Khel | Row 413
✅ Saved → RBQ | Dhop Khel | Row 414
✅ Saved → RBQ | Dhop Khel | Row 415
✅ Saved → RBQ | Dhop Khel | Row 416
✅ Saved → RBQ | Dhop Khel | Row 417
✅ Saved → RBQ | Dhop Khel | Row 418
✅ Saved → RBQ | Dhop Khel | Row 419
✅ Saved → RBQ | Dhop Khel | Row 420
✅ Saved → RBQ | Dhop Khel | Row 422
✅ Saved → RBQ | Dhop Khel | Row 423
✅ Saved → RBQ | Dhop Khel | Row 424
✅ Saved → RBQ | Dhop Khel | Row 425
✅ Saved → RBQ | Dhop Khel | Row 426
✅ Saved → RBQ | Dhop Khel | Row 427
✅ Saved → RBQ | Dhop Khel | Row 428
✅ Saved → RBQ | Dhop Khel | Row 429
✅ Saved → RBQ | Dhop Khel | Row 430
✅ Saved → RBQ | Dhop Khel | Row 431
✅ Saved → RBQ | Dhop Khel | Row 432
✅ Saved → RBQ | Dhop Khel | Row 433
✅ Saved → RBQ | Kanche | Row 0
✅ Saved → RBQ | Kanche | Row 1
✅ Saved → RBQ | Kanche | Row 2
✅ Saved → RBQ | Kanche | Row 3
✅ Saved → RBQ | Kanche | Row 4
✅ Saved → RBQ | Kanche | Row 5
✅ Saved → RBQ | Kanche | Row 6
✅ Saved → RBQ | Kanche | Row 7
✅ Saved → RBQ | Kanche | Row 8
✅ Saved → RBQ | Kanche | Row 9
✅ Saved → RBQ | Kanche | Row 10
✅ Saved → RBQ | Kanche | Row 11
✅ Saved → RBQ | Kanche | Row 12
✅ Saved → RBQ | Kanche | Row 13
✅ Saved → RBQ | Kanche | Row 14
✅ Saved → RBQ | Kanche | Row 15
✅ Saved → RBQ | Kanche | Row 16
✅ Saved → RBQ | Kanche | Row 17
✅ Saved → RBQ | Kanche | Row 18
✅ Saved → RBQ | Kanche | Row 19
✅ Saved → RBQ | Kanche | Row 20
✅ Saved → RBQ | Kanche | Row 21
✅ Saved → RBQ | Kanche | Row 22
✅ Saved → RBQ | Kanche | Row 23
✅ Saved → RBQ | Kanche | Row 24
✅ Saved → RBQ | Kanche | Row 25
✅ Saved → RBQ | Kanche | Row 26
✅ Saved → RBQ | Kanche | Row 27
✅ Saved → RBQ | Kanche | Row 28
✅ Saved → RBQ | Kanche | Row 29
✅ Saved → RBQ | Kanche | Row 30
✅ Saved → RBQ | Kanche | Row 31
✅ Saved → RBQ | Kanche | Row 32
✅ Saved → RBQ | Kanche | Row 33
✅ Saved → RBQ | Kanche | Row 34
✅ Saved → RBQ | Kanche | Row 35
✅ Saved → RBQ | Kanche | Row 36
✅ Saved → RBQ | Kanche | Row 37
✅ Saved → RBQ | Kanche | Row 38
✅ Saved → RBQ | Kanche | Row 39
✅ Saved → RBQ | Kanche | Row 40
✅ Saved → RBQ | Kanche | Row 41
✅ Saved → RBQ | Kanche | Row 42
✅ Saved → RBQ | Kanche | Row 43
✅ Saved → RBQ | Kanche | Row 44
✅ Saved → RBQ | Kanche | Row 45
✅ Saved → RBQ | Kanche | Row 46
✅ Saved → RBQ | Kanche | Row 47
✅ Saved → RBQ | Kanche | Row 48
✅ Saved → RBQ | Kanche | Row 49
✅ Saved → RBQ | Kanche | Row 50
✅ Saved → RBQ | Kanche | Row 51
✅ Saved → RBQ | Kanche | Row 52
✅ Saved → RBQ | Kanche | Row 53
✅ Saved → RBQ | Kanche | Row 54
✅ Saved → RBQ | Kanche | Row 55
✅ Saved → RBQ | Kanche | Row 56
✅ Saved → RBQ | Kanche | Row 57
✅ Saved → RBQ | Kanche | Row 58
✅ Saved → RBQ | Kanche | Row 59
✅ Saved → RBQ | Kanche | Row 60
✅ Saved → RBQ | Kanche | Row 61
✅ Saved → RBQ | Kanche | Row 62
✅ Saved → RBQ | Kanche | Row 63
✅ Saved → RBQ | Kanche | Row 64
✅ Saved → RBQ | Kanche | Row 65
✅ Saved → RBQ | Kanche | Row 66
✅ Saved → RBQ | Kanche | Row 67
✅ Saved → RBQ | Kanche | Row 68
✅ Saved → RBQ | Kanche | Row 69
✅ Saved → RBQ | Kanche | Row 70
✅ Saved → RBQ | Kanche | Row 71
✅ Saved → RBQ | Kanche | Row 72
✅ Saved → RBQ | Kanche | Row 73
✅ Saved → RBQ | Kanche | Row 74
✅ Saved → RBQ | Kanche | Row 75
✅ Saved → RBQ | Kanche | Row 76
✅ Saved → RBQ | Kanche | Row 77
✅ Saved → RBQ | Kanche | Row 78
✅ Saved → RBQ | Kanche | Row 79
✅ Saved → RBQ | Kanche | Row 80
✅ Saved → RBQ | Kanche | Row 81
✅ Saved → RBQ | Kanche | Row 82
✅ Saved → RBQ | Kanche | Row 83
✅ Saved → RBQ | Kanche | Row 84
✅ Saved → RBQ | Kanche | Row 85
✅ Saved → RBQ | Kanche | Row 86
✅ Saved → RBQ | Kanche | Row 87
✅ Saved → RBQ | Kanche | Row 88
✅ Saved → RBQ | Kanche | Row 89
✅ Saved → RBQ | Kanche | Row 90
✅ Saved → RBQ | Kanche | Row 91
✅ Saved → RBQ | Kanche | Row 92
✅ Saved → RBQ | Kanche | Row 93
✅ Saved → RBQ | Kanche | Row 94
✅ Saved → RBQ | Kanche | Row 95
✅ Saved → RBQ | Kanche | Row 96
✅ Saved → RBQ | Kanche | Row 97
✅ Saved → RBQ | Kanche | Row 98
✅ Saved → RBQ | Kanche | Row 99
✅ Saved → RBQ | Kanche | Row 100
✅ Saved → RBQ | Kanche | Row 101
✅ Saved → RBQ | Kanche | Row 102
✅ Saved → RBQ | Kanche | Row 103
✅ Saved → RBQ | Kanche | Row 104
✅ Saved → RBQ | Kanche | Row 105
✅ Saved → RBQ | Kanche | Row 106
✅ Saved → RBQ | Kanche | Row 107
✅ Saved → RBQ | Kanche | Row 108
✅ Saved → RBQ | Kanche | Row 109
✅ Saved → RBQ | Kanche | Row 110
✅ Saved → RBQ | Kanche | Row 111
✅ Saved → RBQ | Kanche | Row 112
✅ Saved → RBQ | Kanche | Row 113
✅ Saved → RBQ | Kanche | Row 114
✅ Saved → RBQ | Kanche | Row 115
✅ Saved → RBQ | Kanche | Row 116
✅ Saved → RBQ | Kanche | Row 117
✅ Saved → RBQ | Kanche | Row 118
✅ Saved → RBQ | Kanche | Row 119
✅ Saved → RBQ | Kanche | Row 120
✅ Saved → RBQ | Kanche | Row 121
✅ Saved → RBQ | Kanche | Row 122
✅ Saved → RBQ | Kanche | Row 123
✅ Saved → RBQ | Kanche | Row 124
✅ Saved → RBQ | Kanche | Row 125
✅ Saved → RBQ | Kanche | Row 126
✅ Saved → RBQ | Kanche | Row 127
✅ Saved → RBQ | Kanche | Row 128
✅ Saved → RBQ | Kanche | Row 129
✅ Saved → RBQ | Kanche | Row 130
✅ Saved → RBQ | Kanche | Row 131
✅ Saved → RBQ | Kanche | Row 132
✅ Saved → RBQ | Kanche | Row 133
✅ Saved → RBQ | Kanche | Row 134
✅ Saved → RBQ | Kanche | Row 135
✅ Saved → RBQ | Kanche | Row 136
✅ Saved → RBQ | Kanche | Row 137
✅ Saved → RBQ | Kanche | Row 138
✅ Saved → RBQ | Kanche | Row 139
✅ Saved → RBQ | Kanche | Row 140
✅ Saved → RBQ | Kanche | Row 141
✅ Saved → RBQ | Kanche | Row 142
✅ Saved → RBQ | Kanche | Row 143
✅ Saved → RBQ | Kanche | Row 144
✅ Saved → RBQ | Kanche | Row 145
✅ Saved → RBQ | Kanche | Row 146
✅ Saved → RBQ | Kanche | Row 147
✅ Saved → RBQ | Kanche | Row 148
✅ Saved → RBQ | Kanche | Row 149
✅ Saved → RBQ | Kanche | Row 150
✅ Saved → RBQ | Kanche | Row 151
✅ Saved → RBQ | Kanche | Row 152
✅ Saved → RBQ | Kanche | Row 153
✅ Saved → RBQ | Kanche | Row 154
✅ Saved → RBQ | Kanche | Row 155
✅ Saved → RBQ | Kanche | Row 156
✅ Saved → RBQ | Kanche | Row 157
✅ Saved → RBQ | Kanche | Row 158
✅ Saved → RBQ | Kanche | Row 159
✅ Saved → RBQ | Kanche | Row 160
✅ Saved → RBQ | Kanche | Row 161
✅ Saved → RBQ | Kanche | Row 162
✅ Saved → RBQ | Kanche | Row 163
✅ Saved → RBQ | Kanche | Row 164
✅ Saved → RBQ | Kanche | Row 165
✅ Saved → RBQ | Kanche | Row 166
✅ Saved → RBQ | Kanche | Row 167
✅ Saved → RBQ | Kanche | Row 168
✅ Saved → RBQ | Kanche | Row 169
✅ Saved → RBQ | Kanche | Row 170
✅ Saved → RBQ | Kanche | Row 171
✅ Saved → RBQ | Kanche | Row 172
✅ Saved → RBQ | Kanche | Row 173
✅ Saved → RBQ | Kanche | Row 174
✅ Saved → RBQ | Kanche | Row 175
✅ Saved → RBQ | Kanche | Row 176
✅ Saved → RBQ | Kanche | Row 177
✅ Saved → RBQ | Kanche | Row 178
✅ Saved → RBQ | Kanche | Row 179
✅ Saved → RBQ | Kanche | Row 180
✅ Saved → RBQ | Kanche | Row 181
✅ Saved → RBQ | Kanche | Row 182
✅ Saved → RBQ | Kanche | Row 183
✅ Saved → RBQ | Kanche | Row 184
✅ Saved → RBQ | Kanche | Row 185
✅ Saved → RBQ | Kanche | Row 186
✅ Saved → RBQ | Kanche | Row 187
✅ Saved → RBQ | Kanche | Row 188
✅ Saved → RBQ | Kanche | Row 189
✅ Saved → RBQ | Kanche | Row 190
✅ Saved → RBQ | Kanche | Row 191
✅ Saved → RBQ | Kanche | Row 192
✅ Saved → RBQ | Kanche | Row 193
✅ Saved → RBQ | Kanche | Row 194
✅ Saved → RBQ | Kanche | Row 195
✅ Saved → RBQ | Kanche | Row 196
✅ Saved → RBQ | Kanche | Row 197
✅ Saved → RBQ | Kanche | Row 198
✅ Saved → RBQ | Kanche | Row 199
✅ Saved → RBQ | Kanche | Row 200
✅ Saved → RBQ | Kanche | Row 201
✅ Saved → RBQ | Kanche | Row 202
✅ Saved → RBQ | Kanche | Row 203
✅ Saved → RBQ | Kanche | Row 204
✅ Saved → RBQ | Kanche | Row 205
✅ Saved → RBQ | Kanche | Row 206
✅ Saved → RBQ | Kanche | Row 207
✅ Saved → RBQ | Kanche | Row 208
✅ Saved → RBQ | Kanche | Row 209
✅ Saved → RBQ | Kanche | Row 210
✅ Saved → RBQ | Kanche | Row 211
✅ Saved → RBQ | Kanche | Row 212
✅ Saved → RBQ | Kanche | Row 213
✅ Saved → RBQ | Kanche | Row 214
✅ Saved → RBQ | Kanche | Row 215
✅ Saved → RBQ | Kanche | Row 216
✅ Saved → RBQ | Kanche | Row 217
✅ Saved → RBQ | Kanche | Row 218
✅ Saved → RBQ | Kanche | Row 219
✅ Saved → RBQ | Kanche | Row 220
✅ Saved → RBQ | Kanche | Row 221
✅ Saved → RBQ | Kanche | Row 222
✅ Saved → RBQ | Kanche | Row 223
✅ Saved → RBQ | Kanche | Row 224
✅ Saved → RBQ | Kanche | Row 225
✅ Saved → RBQ | Kanche | Row 226
✅ Saved → RBQ | Kanche | Row 227
✅ Saved → RBQ | Kanche | Row 228
✅ Saved → RBQ | Kanche | Row 229
✅ Saved → RBQ | Kanche | Row 230
✅ Saved → RBQ | Kanche | Row 231
✅ Saved → RBQ | Kanche | Row 232
✅ Saved → RBQ | Kanche | Row 233
✅ Saved → RBQ | Kanche | Row 234
✅ Saved → RBQ | Kanche | Row 235
✅ Saved → RBQ | Kanche | Row 236
✅ Saved → RBQ | Kanche | Row 237
✅ Saved → RBQ | Kanche | Row 238
✅ Saved → RBQ | Kanche | Row 239
✅ Saved → RBQ | Kanche | Row 240
✅ Saved → RBQ | Kanche | Row 241
✅ Saved → RBQ | Kanche | Row 242
✅ Saved → RBQ | Kanche | Row 243
✅ Saved → RBQ | Kanche | Row 244
✅ Saved → RBQ | Kanche | Row 245
✅ Saved → RBQ | Kanche | Row 246
✅ Saved → RBQ | Kanche | Row 247
✅ Saved → RBQ | Kanche | Row 248
✅ Saved → RBQ | Kanche | Row 249
✅ Saved → RBQ | Kanche | Row 250
✅ Saved → RBQ | Kanche | Row 251
✅ Saved → RBQ | Kanche | Row 252
✅ Saved → RBQ | Kanche | Row 253
✅ Saved → RBQ | Kanche | Row 254
✅ Saved → RBQ | Kanche | Row 255
✅ Saved → RBQ | Kanche | Row 256
✅ Saved → RBQ | Kanche | Row 257
✅ Saved → RBQ | Kanche | Row 258
✅ Saved → RBQ | Kanche | Row 259
✅ Saved → RBQ | Kanche | Row 260
✅ Saved → RBQ | Kanche | Row 261
✅ Saved → RBQ | Kanche | Row 262
✅ Saved → RBQ | Kanche | Row 263
✅ Saved → RBQ | Kanche | Row 264
✅ Saved → RBQ | Kanche | Row 265
✅ Saved → RBQ | Kanche | Row 266
✅ Saved → RBQ | Kanche | Row 267
✅ Saved → RBQ | Kanche | Row 268
✅ Saved → RBQ | Kanche | Row 269
✅ Saved → RBQ | Kanche | Row 270
✅ Saved → RBQ | Kanche | Row 271
✅ Saved → RBQ | Kanche | Row 272
✅ Saved → RBQ | Kanche | Row 273
✅ Saved → RBQ | Kanche | Row 274
✅ Saved → RBQ | Kanche | Row 275
✅ Saved → RBQ | Kanche | Row 276
✅ Saved → RBQ | Kanche | Row 277
✅ Saved → RBQ | Kanche | Row 278
✅ Saved → RBQ | Kanche | Row 279
✅ Saved → RBQ | Kanche | Row 280
✅ Saved → RBQ | Kanche | Row 281
✅ Saved → RBQ | Kanche | Row 282
✅ Saved → RBQ | Kanche | Row 283
✅ Saved → RBQ | Kanche | Row 284
✅ Saved → RBQ | Kanche | Row 285
✅ Saved → RBQ | Kanche | Row 286
✅ Saved → RBQ | Kanche | Row 287
✅ Saved → RBQ | Kanche | Row 288
✅ Saved → RBQ | Kanche | Row 289
✅ Saved → RBQ | Kanche | Row 290
✅ Saved → RBQ | Kanche | Row 291
✅ Saved → RBQ | Kanche | Row 292
✅ Saved → RBQ | Kanche | Row 293
✅ Saved → RBQ | Kanche | Row 294
✅ Saved → RBQ | Kanche | Row 295
✅ Saved → RBQ | Kanche | Row 296
✅ Saved → RBQ | Kanche | Row 297
✅ Saved → RBQ | Kanche | Row 298
✅ Saved → RBQ | Kanche | Row 299
✅ Saved → RBQ | Kanche | Row 300
✅ Saved → RBQ | Kanche | Row 301
✅ Saved → RBQ | Kanche | Row 302
✅ Saved → RBQ | Kanche | Row 303
✅ Saved → RBQ | Kanche | Row 304
✅ Saved → RBQ | Kanche | Row 305
✅ Saved → RBQ | Kanche | Row 306
✅ Saved → RBQ | Kanche | Row 307
✅ Saved → RBQ | Kanche | Row 308
✅ Saved → RBQ | Kanche | Row 309
✅ Saved → RBQ | Kanche | Row 310
✅ Saved → RBQ | Kanche | Row 311
✅ Saved → RBQ | Kanche | Row 312
✅ Saved → RBQ | Kanche | Row 313
✅ Saved → RBQ | Kanche | Row 314
✅ Saved → RBQ | Kanche | Row 315
✅ Saved → RBQ | Kanche | Row 316
✅ Saved → RBQ | Kanche | Row 317
✅ Saved → RBQ | Kanche | Row 318
✅ Saved → RBQ | Kanche | Row 319
✅ Saved → RBQ | Kanche | Row 320
✅ Saved → RBQ | Kanche | Row 321
✅ Saved → RBQ | Kanche | Row 322
✅ Saved → RBQ | Kanche | Row 323
✅ Saved → RBQ | Kanche | Row 324
✅ Saved → RBQ | Kanche | Row 325
✅ Saved → RBQ | Kanche | Row 326
✅ Saved → RBQ | Kanche | Row 327
✅ Saved → RBQ | Kanche | Row 328
✅ Saved → RBQ | Kanche | Row 329
✅ Saved → RBQ | Kanche | Row 330
✅ Saved → RBQ | Kanche | Row 331
✅ Saved → RBQ | Kanche | Row 332
✅ Saved → RBQ | Kanche | Row 333
✅ Saved → RBQ | Kanche | Row 334
✅ Saved → RBQ | Kanche | Row 335
✅ Saved → RBQ | Kanche | Row 336
✅ Saved → RBQ | Kanche | Row 337
✅ Saved → RBQ | Kanche | Row 338
✅ Saved → RBQ | Kanche | Row 339
✅ Saved → RBQ | Kanche | Row 340
✅ Saved → RBQ | Kanche | Row 341
✅ Saved → RBQ | Kanche | Row 342
✅ Saved → RBQ | Kanche | Row 343
✅ Saved → RBQ | Kanche | Row 344
✅ Saved → RBQ | Kanche | Row 345
✅ Saved → RBQ | Kanche | Row 346
✅ Saved → RBQ | Kanche | Row 347
✅ Saved → RBQ | Kanche | Row 348
✅ Saved → RBQ | Kanche | Row 349
✅ Saved → RBQ | Kanche | Row 350
✅ Saved → RBQ | Kanche | Row 351
✅ Saved → RBQ | Kanche | Row 352
✅ Saved → RBQ | Kanche | Row 353
✅ Saved → RBQ | Kanche | Row 354
✅ Saved → RBQ | Kanche | Row 355
✅ Saved → RBQ | Kanche | Row 356
✅ Saved → RBQ | Kanche | Row 357
✅ Saved → RBQ | Kanche | Row 358
✅ Saved → RBQ | Kanche | Row 359
✅ Saved → RBQ | Kanche | Row 360
✅ Saved → RBQ | Kanche | Row 361
✅ Saved → RBQ | Kanche | Row 362
✅ Saved → RBQ | Kanche | Row 363
✅ Saved → RBQ | Kanche | Row 364
✅ Saved → RBQ | Kanche | Row 365
✅ Saved → RBQ | Kanche | Row 366
✅ Saved → RBQ | Kanche | Row 368
✅ Saved → RBQ | Kanche | Row 369
✅ Saved → RBQ | Kanche | Row 370
✅ Saved → RBQ | Kanche | Row 371
✅ Saved → RBQ | Kanche | Row 372
✅ Saved → RBQ | Kanche | Row 373
✅ Saved → RBQ | Kanche | Row 374
✅ Saved → RBQ | Kanche | Row 375
✅ Saved → RBQ | Kanche | Row 376
✅ Saved → RBQ | Kanche | Row 377
✅ Saved → RBQ | Kanche | Row 378
✅ Saved → RBQ | Kanche | Row 379
✅ Saved → RBQ | Kanche | Row 380
✅ Saved → RBQ | Kanche | Row 381
✅ Saved → RBQ | Kanche | Row 382
✅ Saved → RBQ | Kanche | Row 383
✅ Saved → RBQ | Kanche | Row 384
✅ Saved → RBQ | Kanche | Row 385
✅ Saved → RBQ | Kanche | Row 386
✅ Saved → RBQ | Kanche | Row 387
✅ Saved → RBQ | Kanche | Row 388
✅ Saved → RBQ | Kanche | Row 389
✅ Saved → RBQ | Kanche | Row 390
✅ Saved → RBQ | Kanche | Row 391
✅ Saved → RBQ | Kanche | Row 392
✅ Saved → RBQ | Kanche | Row 393
✅ Saved → RBQ | Kanche | Row 394
✅ Saved → RBQ | Kanche | Row 396
✅ Saved → RBQ | Kanche | Row 397
✅ Saved → RBQ | Kanche | Row 398
✅ Saved → RBQ | Kanche | Row 399
✅ Saved → RBQ | Kanche | Row 400
✅ Saved → RBQ | Kanche | Row 401
✅ Saved → RBQ | Kanche | Row 402
✅ Saved → RBQ | Kanche | Row 403
✅ Saved → RBQ | Kanche | Row 404
✅ Saved → RBQ | Kanche | Row 405
✅ Saved → RBQ | Kanche | Row 406
✅ Saved → RBQ | Kanche | Row 407
✅ Saved → RBQ | Kanche | Row 408
✅ Saved → RBQ | Kanche | Row 409
✅ Saved → RBQ | Kanche | Row 410
✅ Saved → RBQ | Kanche | Row 411
✅ Saved → RBQ | Kanche | Row 412
✅ Saved → RBQ | Kanche | Row 413
✅ Saved → RBQ | Kanche | Row 414
✅ Saved → RBQ | Kanche | Row 415
✅ Saved → RBQ | Kanche | Row 416
✅ Saved → RBQ | Kanche | Row 417
✅ Saved → RBQ | Kanche | Row 418
✅ Saved → RBQ | Kanche | Row 419
✅ Saved → RBQ | Kanche | Row 420
✅ Saved → RBQ | Kanche | Row 421
✅ Saved → RBQ | Kanche | Row 422
✅ Saved → RBQ | Kanche | Row 423
✅ Saved → RBQ | Kanche | Row 424
✅ Saved → RBQ | Kanche | Row 425
✅ Saved → RBQ | Kanche | Row 426
✅ Saved → RBQ | Kanche | Row 427
✅ Saved → RBQ | Kanche | Row 428
✅ Saved → RBQ | Kanche | Row 429
✅ Saved → RBQ | Kanche | Row 430
✅ Saved → RBQ | Kanche | Row 431
✅ Saved → RBQ | Kanche | Row 432
✅ Saved → RBQ | Kanche | Row 433
✅ Saved → RBQ | Kanche | Row 434
✅ Saved → RBQ | Kanche | Row 435
✅ Saved → RBQ | Kanche | Row 436
✅ Saved → RBQ | Kanche | Row 437
✅ Saved → RBQ | Kanche | Row 438
✅ Saved → RBQ | Kanche | Row 439
✅ Saved → RBQ | Kanche | Row 440
✅ Saved → RBQ | Kanche | Row 441
✅ Saved → RBQ | Kanche | Row 442
✅ Saved → RBQ | Kanche | Row 443
✅ Saved → RBQ | Kanche | Row 444
✅ Saved → RBQ | Kanche | Row 445
✅ Saved → RBQ | Kanche | Row 446
✅ Saved → RBQ | Kanche | Row 447
✅ Saved → RBQ | Kanche | Row 448
✅ Saved → RBQ | Kanche | Row 449
✅ Saved → RBQ | Kanche | Row 450
✅ Saved → RBQ | Kanche | Row 451
✅ Saved → RBQ | Kanche | Row 452
✅ Saved → RBQ | Kanche | Row 453
✅ Saved → RBQ | Kanche | Row 454
✅ Saved → RBQ | Kanche | Row 455
✅ Saved → RBQ | Kanche | Row 456
✅ Saved → RBQ | Kanche | Row 457
✅ Saved → RBQ | Kanche | Row 458
✅ Saved → RBQ | Kanche | Row 459
✅ Saved → RBQ | Kanche | Row 460
✅ Saved → RBQ | Kanche | Row 461
✅ Saved → RBQ | Kanche | Row 462
✅ Saved → RBQ | Kanche | Row 463
✅ Saved → RBQ | Kanche | Row 464
✅ Saved → RBQ | Kanche | Row 465
✅ Saved → RBQ | Kanche | Row 466
✅ Saved → RBQ | Kanche | Row 467
✅ Saved → RBQ | Kanche | Row 468
✅ Saved → RBQ | Kanche | Row 469
✅ Saved → RBQ | Kanche | Row 470
✅ Saved → RBQ | Kanche | Row 471
✅ Saved → RBQ | Kanche | Row 472
✅ Saved → RBQ | Kanche | Row 473
✅ Saved → RBQ | Kanche | Row 474
✅ Saved → RBQ | Kanche | Row 475
✅ Saved → RBQ | Kanche | Row 476
✅ Saved → RBQ | Kanche | Row 477
✅ Saved → RBQ | Kanche | Row 478
✅ Saved → RBQ | Kanche | Row 479
✅ Saved → RBQ | Kanche | Row 480
✅ Saved → RBQ | Kanche | Row 481
✅ Saved → RBQ | Kanche | Row 482
✅ Saved → RBQ | Kanche | Row 483
✅ Saved → RBQ | Kanche | Row 484
✅ Saved → RBQ | Kanche | Row 485
✅ Saved → RBQ | Kanche | Row 486
✅ Saved → RBQ | Kanche | Row 487
✅ Saved → RBQ | Kanche | Row 488
✅ Saved → RBQ | Kanche | Row 489
✅ Saved → RBQ | Kanche | Row 490
✅ Saved → RBQ | Kanche | Row 491
✅ Saved → RBQ | Kanche | Row 492
✅ Saved → RBQ | Kanche | Row 493
✅ Saved → RBQ | Kanche | Row 494
✅ Saved → RBQ | Kanche | Row 495
✅ Saved → RBQ | Kanche | Row 496
✅ Saved → RBQ | Kanche | Row 497
✅ Saved → RBQ | Kanche | Row 498
✅ Saved → RBQ | Kanche | Row 499
✅ Saved → RBQ | Kanche | Row 500
✅ Saved → RBQ | Kanche | Row 501
✅ Saved → RBQ | Kanche | Row 502
✅ Saved → RBQ | Kanche | Row 503
✅ Saved → RBQ | Kanche | Row 504
✅ Saved → RBQ | Kanche | Row 505
✅ Saved → RBQ | Kanche | Row 506
✅ Saved → RBQ | Kanche | Row 507
✅ Saved → RBQ | Kanche | Row 508
✅ Saved → RBQ | Kanche | Row 509
✅ Saved → RBQ | Kanche | Row 510
✅ Saved → RBQ | Kanche | Row 511
✅ Saved → RBQ | Kanche | Row 512
✅ Saved → RBQ | Kanche | Row 513
✅ Saved → RBQ | Kanche | Row 514
✅ Saved → RBQ | Kanche | Row 515
✅ Saved → RBQ | Kanche | Row 516
✅ Saved → RBQ | Kanche | Row 517
✅ Saved → RBQ | Kanche | Row 518
✅ Saved → RBQ | Kanche | Row 519
✅ Saved → RBQ | Kanche | Row 521
✅ Saved → RBQ | Kanche | Row 522
✅ Saved → RBQ | Kanche | Row 523
✅ Saved → RBQ | Kanche | Row 524
✅ Saved → RBQ | Kanche | Row 525
✅ Saved → RBQ | Kanche | Row 526
✅ Saved → RBQ | Kanche | Row 527
✅ Saved → RBQ | Kanche | Row 528
✅ Saved → RBQ | Kanche | Row 529
✅ Saved → RBQ | Kanche | Row 530
✅ Saved → RBQ | Kanche | Row 531
✅ Saved → RBQ | Kanche | Row 532
✅ Saved → RBQ | Kanche | Row 533
✅ Saved → RBQ | Kanche | Row 534
✅ Saved → RBQ | Kanche | Row 535
✅ Saved → RBQ | Carrom | Row 0
✅ Saved → RBQ | Carrom | Row 1
✅ Saved → RBQ | Carrom | Row 2
✅ Saved → RBQ | Carrom | Row 3
✅ Saved → RBQ | Carrom | Row 4
✅ Saved → RBQ | Carrom | Row 5
✅ Saved → RBQ | Carrom | Row 6
✅ Saved → RBQ | Carrom | Row 7
✅ Saved → RBQ | Carrom | Row 8
✅ Saved → RBQ | Carrom | Row 9
✅ Saved → RBQ | Carrom | Row 10
✅ Saved → RBQ | Carrom | Row 11
✅ Saved → RBQ | Carrom | Row 12
✅ Saved → RBQ | Carrom | Row 13
✅ Saved → RBQ | Carrom | Row 14
✅ Saved → RBQ | Carrom | Row 15
✅ Saved → RBQ | Carrom | Row 16
✅ Saved → RBQ | Carrom | Row 17
✅ Saved → RBQ | Carrom | Row 18
✅ Saved → RBQ | Carrom | Row 19
✅ Saved → RBQ | Carrom | Row 20
✅ Saved → RBQ | Carrom | Row 21
✅ Saved → RBQ | Carrom | Row 22
✅ Saved → RBQ | Carrom | Row 23
✅ Saved → RBQ | Carrom | Row 24
✅ Saved → RBQ | Carrom | Row 25
✅ Saved → RBQ | Carrom | Row 26
✅ Saved → RBQ | Carrom | Row 27
✅ Saved → RBQ | Carrom | Row 28
✅ Saved → RBQ | Carrom | Row 29
✅ Saved → RBQ | Carrom | Row 30
✅ Saved → RBQ | Carrom | Row 31
✅ Saved → RBQ | Carrom | Row 32
✅ Saved → RBQ | Carrom | Row 33
✅ Saved → RBQ | Carrom | Row 34
✅ Saved → RBQ | Carrom | Row 35
✅ Saved → RBQ | Carrom | Row 36
✅ Saved → RBQ | Carrom | Row 37
✅ Saved → RBQ | Carrom | Row 38
✅ Saved → RBQ | Carrom | Row 39
✅ Saved → RBQ | Carrom | Row 40
✅ Saved → RBQ | Carrom | Row 41
✅ Saved → RBQ | Carrom | Row 42
✅ Saved → RBQ | Carrom | Row 43
✅ Saved → RBQ | Carrom | Row 44
✅ Saved → RBQ | Carrom | Row 45
✅ Saved → RBQ | Carrom | Row 46
✅ Saved → RBQ | Carrom | Row 47
✅ Saved → RBQ | Carrom | Row 48
✅ Saved → RBQ | Carrom | Row 49
✅ Saved → RBQ | Carrom | Row 50
✅ Saved → RBQ | Carrom | Row 51
✅ Saved → RBQ | Carrom | Row 52
✅ Saved → RBQ | Carrom | Row 53
✅ Saved → RBQ | Carrom | Row 54
✅ Saved → RBQ | Carrom | Row 55
✅ Saved → RBQ | Carrom | Row 56
✅ Saved → RBQ | Carrom | Row 57
✅ Saved → RBQ | Carrom | Row 58
✅ Saved → RBQ | Carrom | Row 59
✅ Saved → RBQ | Carrom | Row 60
✅ Saved → RBQ | Carrom | Row 61
✅ Saved → RBQ | Carrom | Row 62
✅ Saved → RBQ | Carrom | Row 63
✅ Saved → RBQ | Carrom | Row 64
✅ Saved → RBQ | Carrom | Row 65
✅ Saved → RBQ | Carrom | Row 66
✅ Saved → RBQ | Carrom | Row 67
✅ Saved → RBQ | Carrom | Row 68
✅ Saved → RBQ | Carrom | Row 69
✅ Saved → RBQ | Carrom | Row 70
✅ Saved → RBQ | Carrom | Row 71
✅ Saved → RBQ | Carrom | Row 72
✅ Saved → RBQ | Carrom | Row 73
✅ Saved → RBQ | Carrom | Row 74
✅ Saved → RBQ | Carrom | Row 75
✅ Saved → RBQ | Carrom | Row 76
✅ Saved → RBQ | Carrom | Row 77
✅ Saved → RBQ | Carrom | Row 78
✅ Saved → RBQ | Carrom | Row 79
✅ Saved → RBQ | Carrom | Row 80
✅ Saved → RBQ | Carrom | Row 81
✅ Saved → RBQ | Carrom | Row 82
✅ Saved → RBQ | Carrom | Row 83
✅ Saved → RBQ | Carrom | Row 84
✅ Saved → RBQ | Carrom | Row 85
✅ Saved → RBQ | Carrom | Row 86
✅ Saved → RBQ | Carrom | Row 87
✅ Saved → RBQ | Carrom | Row 88
✅ Saved → RBQ | Carrom | Row 89
✅ Saved → RBQ | Carrom | Row 90
✅ Saved → RBQ | Carrom | Row 91
✅ Saved → RBQ | Carrom | Row 92
✅ Saved → RBQ | Carrom | Row 93
✅ Saved → RBQ | Carrom | Row 94
✅ Saved → RBQ | Carrom | Row 95
✅ Saved → RBQ | Carrom | Row 96
✅ Saved → RBQ | Carrom | Row 97
✅ Saved → RBQ | Carrom | Row 99
✅ Saved → RBQ | Carrom | Row 100
✅ Saved → RBQ | Carrom | Row 101
✅ Saved → RBQ | Carrom | Row 102
✅ Saved → RBQ | Carrom | Row 103
✅ Saved → RBQ | Carrom | Row 104
✅ Saved → RBQ | Carrom | Row 105
✅ Saved → RBQ | Carrom | Row 106
✅ Saved → RBQ | Carrom | Row 107
✅ Saved → RBQ | Carrom | Row 108
✅ Saved → RBQ | Carrom | Row 109
✅ Saved → RBQ | Carrom | Row 110
✅ Saved → RBQ | Carrom | Row 111
✅ Saved → RBQ | Carrom | Row 112
✅ Saved → RBQ | Carrom | Row 113
✅ Saved → RBQ | Carrom | Row 114
✅ Saved → RBQ | Carrom | Row 115
✅ Saved → RBQ | Carrom | Row 116
✅ Saved → RBQ | Carrom | Row 117
✅ Saved → RBQ | Carrom | Row 119
✅ Saved → RBQ | Carrom | Row 120
✅ Saved → RBQ | Carrom | Row 121
✅ Saved → RBQ | Carrom | Row 122
✅ Saved → RBQ | Carrom | Row 123
✅ Saved → RBQ | Carrom | Row 124
✅ Saved → RBQ | Carrom | Row 125
✅ Saved → RBQ | Carrom | Row 126
✅ Saved → RBQ | Carrom | Row 127
✅ Saved → RBQ | Carrom | Row 128
✅ Saved → RBQ | Carrom | Row 129
✅ Saved → RBQ | Carrom | Row 130
✅ Saved → RBQ | Carrom | Row 131
✅ Saved → RBQ | Carrom | Row 132
✅ Saved → RBQ | Carrom | Row 133
✅ Saved → RBQ | Carrom | Row 134
✅ Saved → RBQ | Carrom | Row 136
✅ Saved → RBQ | Carrom | Row 137
✅ Saved → RBQ | Carrom | Row 140
✅ Saved → RBQ | Carrom | Row 141
✅ Saved → RBQ | Carrom | Row 142
✅ Saved → RBQ | Carrom | Row 143
✅ Saved → RBQ | Carrom | Row 144
✅ Saved → RBQ | Carrom | Row 146
✅ Saved → RBQ | Carrom | Row 147
✅ Saved → RBQ | Carrom | Row 148
✅ Saved → RBQ | Carrom | Row 149
✅ Saved → RBQ | Carrom | Row 150
✅ Saved → RBQ | Carrom | Row 151
✅ Saved → RBQ | Carrom | Row 152
✅ Saved → RBQ | Carrom | Row 154
✅ Saved → RBQ | Carrom | Row 156
✅ Saved → RBQ | Carrom | Row 157
✅ Saved → RBQ | Carrom | Row 158
✅ Saved → RBQ | Carrom | Row 160
✅ Saved → RBQ | Carrom | Row 161
✅ Saved → RBQ | Carrom | Row 163
✅ Saved → RBQ | Carrom | Row 164
✅ Saved → RBQ | Carrom | Row 165
✅ Saved → RBQ | Carrom | Row 166
✅ Saved → RBQ | Carrom | Row 168
✅ Saved → RBQ | Carrom | Row 169
✅ Saved → RBQ | Carrom | Row 170
✅ Saved → RBQ | Carrom | Row 171
✅ Saved → RBQ | Carrom | Row 173
✅ Saved → RBQ | Carrom | Row 175
✅ Saved → RBQ | Carrom | Row 176
✅ Saved → RBQ | Carrom | Row 177
✅ Saved → RBQ | Carrom | Row 178
✅ Saved → RBQ | Carrom | Row 180
✅ Saved → RBQ | Carrom | Row 181
✅ Saved → RBQ | Carrom | Row 184
✅ Saved → RBQ | Carrom | Row 185
✅ Saved → RBQ | Carrom | Row 186
✅ Saved → RBQ | Carrom | Row 187
✅ Saved → RBQ | Carrom | Row 189
✅ Saved → RBQ | Carrom | Row 190
✅ Saved → RBQ | Carrom | Row 191
✅ Saved → RBQ | Carrom | Row 192
✅ Saved → RBQ | Carrom | Row 193
✅ Saved → RBQ | Carrom | Row 194
✅ Saved → RBQ | Carrom | Row 198
✅ Saved → RBQ | Carrom | Row 199
✅ Saved → RBQ | Carrom | Row 200
✅ Saved → RBQ | Carrom | Row 201
✅ Saved → RBQ | Carrom | Row 202
✅ Saved → RBQ | Carrom | Row 204
✅ Saved → RBQ | Carrom | Row 205
✅ Saved → RBQ | Carrom | Row 206
✅ Saved → RBQ | Carrom | Row 207
✅ Saved → RBQ | Carrom | Row 209
✅ Saved → RBQ | Carrom | Row 210
✅ Saved → RBQ | Carrom | Row 212
✅ Saved → RBQ | Carrom | Row 214
✅ Saved → RBQ | Carrom | Row 215
✅ Saved → RBQ | Carrom | Row 216
✅ Saved → RBQ | Carrom | Row 217
✅ Saved → RBQ | Carrom | Row 218
✅ Saved → RBQ | Carrom | Row 220
✅ Saved → RBQ | Carrom | Row 221
✅ Saved → RBQ | Carrom | Row 222
✅ Saved → RBQ | Carrom | Row 223
✅ Saved → RBQ | Carrom | Row 224
✅ Saved → RBQ | Carrom | Row 227
✅ Saved → RBQ | Carrom | Row 228
✅ Saved → RBQ | Carrom | Row 230
✅ Saved → RBQ | Carrom | Row 231
✅ Saved → RBQ | Carrom | Row 232
✅ Saved → RBQ | Carrom | Row 233
✅ Saved → RBQ | Carrom | Row 234
✅ Saved → RBQ | Carrom | Row 235
✅ Saved → RBQ | Carrom | Row 236
✅ Saved → RBQ | Carrom | Row 237
✅ Saved → RBQ | Carrom | Row 238
✅ Saved → RBQ | Carrom | Row 239
✅ Saved → RBQ | Carrom | Row 240
✅ Saved → RBQ | Carrom | Row 241
✅ Saved → RBQ | Carrom | Row 242
✅ Saved → RBQ | Carrom | Row 244
✅ Saved → RBQ | Carrom | Row 245
✅ Saved → RBQ | Carrom | Row 246
✅ Saved → RBQ | Carrom | Row 247
✅ Saved → RBQ | Carrom | Row 248
✅ Saved → RBQ | Carrom | Row 249
✅ Saved → RBQ | Carrom | Row 250
✅ Saved → RBQ | Carrom | Row 251
✅ Saved → RBQ | Carrom | Row 252
✅ Saved → RBQ | Carrom | Row 253
✅ Saved → RBQ | Carrom | Row 254
✅ Saved → RBQ | Carrom | Row 255
✅ Saved → RBQ | Carrom | Row 256
✅ Saved → RBQ | Carrom | Row 257
✅ Saved → RBQ | Carrom | Row 258
✅ Saved → RBQ | Carrom | Row 259
✅ Saved → RBQ | Carrom | Row 260
✅ Saved → RBQ | Carrom | Row 261
✅ Saved → RBQ | Carrom | Row 263
✅ Saved → RBQ | Carrom | Row 264
✅ Saved → RBQ | Carrom | Row 265
✅ Saved → RBQ | Carrom | Row 266
✅ Saved → RBQ | Carrom | Row 267
✅ Saved → RBQ | Carrom | Row 268
✅ Saved → RBQ | Carrom | Row 269
✅ Saved → RBQ | Carrom | Row 272
✅ Saved → RBQ | Carrom | Row 273
✅ Saved → RBQ | Carrom | Row 274
✅ Saved → RBQ | Carrom | Row 275
✅ Saved → RBQ | Carrom | Row 276
✅ Saved → RBQ | Carrom | Row 277
✅ Saved → RBQ | Carrom | Row 278
✅ Saved → RBQ | Carrom | Row 279
✅ Saved → RBQ | Carrom | Row 280
✅ Saved → RBQ | Carrom | Row 283
✅ Saved → RBQ | Carrom | Row 284
✅ Saved → RBQ | Carrom | Row 287
✅ Saved → RBQ | Carrom | Row 288
✅ Saved → RBQ | Carrom | Row 290
✅ Saved → RBQ | Carrom | Row 291
✅ Saved → RBQ | Carrom | Row 294
✅ Saved → RBQ | Carrom | Row 295
✅ Saved → RBQ | Carrom | Row 297
✅ Saved → RBQ | Carrom | Row 299
✅ Saved → RBQ | Carrom | Row 304
✅ Saved → RBQ | Carrom | Row 305
✅ Saved → RBQ | Carrom | Row 306
✅ Saved → RBQ | Carrom | Row 307
✅ Saved → RBQ | Carrom | Row 308
✅ Saved → RBQ | Carrom | Row 309
✅ Saved → RBQ | Carrom | Row 310
✅ Saved → RBQ | Carrom | Row 311
✅ Saved → RBQ | Carrom | Row 312
✅ Saved → RBQ | Carrom | Row 313
✅ Saved → RBQ | Carrom | Row 314
✅ Saved → RBQ | Carrom | Row 315
✅ Saved → RBQ | Carrom | Row 316
✅ Saved → RBQ | Carrom | Row 317
✅ Saved → RBQ | Carrom | Row 318
✅ Saved → RBQ | Carrom | Row 319
✅ Saved → RBQ | Carrom | Row 320
✅ Saved → RBQ | Carrom | Row 321
✅ Saved → RBQ | Carrom | Row 322
✅ Saved → RBQ | Carrom | Row 323
✅ Saved → RBQ | Carrom | Row 324
✅ Saved → RBQ | Carrom | Row 325
✅ Saved → RBQ | Carrom | Row 327
✅ Saved → RBQ | Carrom | Row 328
✅ Saved → RBQ | Carrom | Row 329
✅ Saved → RBQ | Carrom | Row 330
✅ Saved → RBQ | Carrom | Row 332
✅ Saved → RBQ | Carrom | Row 333
✅ Saved → RBQ | Carrom | Row 334
✅ Saved → RBQ | Carrom | Row 335
✅ Saved → RBQ | Carrom | Row 336
✅ Saved → RBQ | Carrom | Row 338
✅ Saved → RBQ | Carrom | Row 339
✅ Saved → RBQ | Carrom | Row 340
✅ Saved → RBQ | Carrom | Row 341
✅ Saved → RBQ | Carrom | Row 344
✅ Saved → RBQ | Carrom | Row 345
✅ Saved → RBQ | Carrom | Row 346
✅ Saved → RBQ | Carrom | Row 348
✅ Saved → RBQ | Carrom | Row 350
✅ Saved → RBQ | Carrom | Row 353
✅ Saved → RBQ | Carrom | Row 354
✅ Saved → RBQ | Carrom | Row 355
✅ Saved → RBQ | Carrom | Row 356
✅ Saved → RBQ | Carrom | Row 357
✅ Saved → RBQ | Carrom | Row 358
✅ Saved → RBQ | Carrom | Row 360
✅ Saved → RBQ | Carrom | Row 362
✅ Saved → RBQ | Carrom | Row 363
✅ Saved → RBQ | Carrom | Row 364
✅ Saved → RBQ | Carrom | Row 365
✅ Saved → RBQ | Carrom | Row 366
✅ Saved → RBQ | Carrom | Row 367
✅ Saved → RBQ | Carrom | Row 368
✅ Saved → RBQ | Carrom | Row 370
✅ Saved → RBQ | Carrom | Row 371
✅ Saved → RBQ | Carrom | Row 372
✅ Saved → RBQ | Carrom | Row 373
✅ Saved → RBQ | Carrom | Row 374
✅ Saved → RBQ | Carrom | Row 375
✅ Saved → RBQ | Carrom | Row 376
✅ Saved → RBQ | Carrom | Row 377
✅ Saved → RBQ | Carrom | Row 378
✅ Saved → RBQ | Carrom | Row 380
✅ Saved → RBQ | Carrom | Row 381
✅ Saved → RBQ | Carrom | Row 382
✅ Saved → RBQ | Carrom | Row 383
✅ Saved → RBQ | Carrom | Row 384
✅ Saved → RBQ | Carrom | Row 385
✅ Saved → RBQ | Carrom | Row 386
✅ Saved → RBQ | Carrom | Row 388
✅ Saved → RBQ | Carrom | Row 389
✅ Saved → RBQ | Carrom | Row 391
✅ Saved → RBQ | Carrom | Row 392
✅ Saved → RBQ | Carrom | Row 395
✅ Saved → RBQ | Carrom | Row 396
✅ Saved → RBQ | Carrom | Row 400
✅ Saved → RBQ | Carrom | Row 401
✅ Saved → RBQ | Carrom | Row 402
✅ Saved → RBQ | Carrom | Row 403
✅ Saved → RBQ | Carrom | Row 404
✅ Saved → RBQ | Carrom | Row 405
✅ Saved → RBQ | Carrom | Row 406
✅ Saved → RBQ | Carrom | Row 407
✅ Saved → RBQ | Carrom | Row 409
✅ Saved → RBQ | Carrom | Row 410
✅ Saved → RBQ | Carrom | Row 412
✅ Saved → RBQ | Carrom | Row 413
✅ Saved → RBQ | Carrom | Row 414
✅ Saved → RBQ | Carrom | Row 416
✅ Saved → RBQ | Carrom | Row 417
✅ Saved → RBQ | Carrom | Row 418
✅ Saved → RBQ | Carrom | Row 420
✅ Saved → RBQ | Carrom | Row 421
✅ Saved → RBQ | Carrom | Row 422
✅ Saved → RBQ | Carrom | Row 423
✅ Saved → RBQ | Carrom | Row 425
✅ Saved → RBQ | Carrom | Row 426
✅ Saved → RBQ | Carrom | Row 427
✅ Saved → RBQ | Carrom | Row 428
✅ Saved → RBQ | Carrom | Row 430
✅ Saved → RBQ | Carrom | Row 433
✅ Saved → RBQ | Carrom | Row 435
✅ Saved → RBQ | Carrom | Row 436
✅ Saved → RBQ | Carrom | Row 437
✅ Saved → RBQ | Carrom | Row 438
✅ Saved → RBQ | Carrom | Row 439
✅ Saved → RBQ | Carrom | Row 442
✅ Saved → RBQ | Carrom | Row 443
✅ Saved → RBQ | Carrom | Row 444
✅ Saved → RBQ | Carrom | Row 445
✅ Saved → RBQ | Carrom | Row 447
✅ Saved → RBQ | Carrom | Row 448
✅ Saved → RBQ | Carrom | Row 450
✅ Saved → RBQ | Carrom | Row 452
✅ Saved → RBQ | Carrom | Row 453
✅ Saved → RBQ | Carrom | Row 456
✅ Saved → RBQ | Carrom | Row 459
✅ Saved → RBQ | Carrom | Row 461
✅ Saved → RBQ | Carrom | Row 467
✅ Saved → RBQ | Carrom | Row 470
✅ Saved → RBQ | Carrom | Row 472
✅ Saved → RBQ | Carrom | Row 474
✅ Saved → RBQ | Carrom | Row 476
✅ Saved → RBQ | Carrom | Row 482
✅ Saved → RBQ | Carrom | Row 490
✅ Saved → RBQ | Carrom | Row 491
✅ Saved → RBQ | Carrom | Row 492
✅ Saved → RBQ | Carrom | Row 497
✅ Saved → RBQ | Carrom | Row 499
✅ Saved → RBQ | Carrom | Row 500
✅ Saved → RBQ | Carrom | Row 504
✅ Saved → RBQ | Carrom | Row 507
✅ Saved → RBQ | Carrom | Row 512
✅ Saved → RBQ | Carrom | Row 514
✅ Saved → RBQ | Carrom | Row 515
✅ Saved → RBQ | Carrom | Row 519
✅ Saved → RBQ | Carrom | Row 520
✅ Saved → RBQ | Carrom | Row 521
✅ Saved → RBQ | Carrom | Row 522
✅ Saved → RBQ | Carrom | Row 523
✅ Saved → RBQ | Carrom | Row 528
✅ Saved → RBQ | Carrom | Row 530
✅ Saved → RBQ | Carrom | Row 532
✅ Saved → RBQ | Carrom | Row 535
✅ Saved → RBQ | Kalaripayattu | Row 0
✅ Saved → RBQ | Kalaripayattu | Row 1
✅ Saved → RBQ | Kalaripayattu | Row 2
✅ Saved → RBQ | Kalaripayattu | Row 3
✅ Saved → RBQ | Kalaripayattu | Row 4
✅ Saved → RBQ | Kalaripayattu | Row 5
✅ Saved → RBQ | Kalaripayattu | Row 6
✅ Saved → RBQ | Kalaripayattu | Row 7
✅ Saved → RBQ | Kalaripayattu | Row 8
✅ Saved → RBQ | Kalaripayattu | Row 9
✅ Saved → RBQ | Kalaripayattu | Row 10
✅ Saved → RBQ | Kalaripayattu | Row 11
✅ Saved → RBQ | Kalaripayattu | Row 12
✅ Saved → RBQ | Kalaripayattu | Row 13
✅ Saved → RBQ | Kalaripayattu | Row 14
✅ Saved → RBQ | Kalaripayattu | Row 15
✅ Saved → RBQ | Kalaripayattu | Row 16
✅ Saved → RBQ | Kalaripayattu | Row 17
✅ Saved → RBQ | Kalaripayattu | Row 18
✅ Saved → RBQ | Kalaripayattu | Row 19
✅ Saved → RBQ | Kalaripayattu | Row 20
✅ Saved → RBQ | Kalaripayattu | Row 21
✅ Saved → RBQ | Kalaripayattu | Row 22
✅ Saved → RBQ | Kalaripayattu | Row 23
✅ Saved → RBQ | Kalaripayattu | Row 24
✅ Saved → RBQ | Kalaripayattu | Row 25
✅ Saved → RBQ | Kalaripayattu | Row 26
✅ Saved → RBQ | Kalaripayattu | Row 27
✅ Saved → RBQ | Kalaripayattu | Row 28
✅ Saved → RBQ | Kalaripayattu | Row 29
✅ Saved → RBQ | Kalaripayattu | Row 30
✅ Saved → RBQ | Kalaripayattu | Row 31
✅ Saved → RBQ | Kalaripayattu | Row 32
✅ Saved → RBQ | Kalaripayattu | Row 33
✅ Saved → RBQ | Kalaripayattu | Row 34
✅ Saved → RBQ | Kalaripayattu | Row 35
✅ Saved → RBQ | Kalaripayattu | Row 36
✅ Saved → RBQ | Kalaripayattu | Row 37
✅ Saved → RBQ | Kalaripayattu | Row 38
✅ Saved → RBQ | Kalaripayattu | Row 39
✅ Saved → RBQ | Kalaripayattu | Row 40
✅ Saved → RBQ | Kalaripayattu | Row 41
✅ Saved → RBQ | Kalaripayattu | Row 42
✅ Saved → RBQ | Kalaripayattu | Row 43
✅ Saved → RBQ | Kalaripayattu | Row 44
✅ Saved → RBQ | Kalaripayattu | Row 45
✅ Saved → RBQ | Kalaripayattu | Row 46
✅ Saved → RBQ | Kalaripayattu | Row 47
✅ Saved → RBQ | Kalaripayattu | Row 48
✅ Saved → RBQ | Kalaripayattu | Row 49
✅ Saved → RBQ | Kalaripayattu | Row 50
✅ Saved → RBQ | Kalaripayattu | Row 51
✅ Saved → RBQ | Kalaripayattu | Row 52
✅ Saved → RBQ | Kalaripayattu | Row 53
✅ Saved → RBQ | Kalaripayattu | Row 54
✅ Saved → RBQ | Kalaripayattu | Row 55
✅ Saved → RBQ | Kalaripayattu | Row 56
✅ Saved → RBQ | Kalaripayattu | Row 57
✅ Saved → RBQ | Kalaripayattu | Row 58
✅ Saved → RBQ | Kalaripayattu | Row 59
✅ Saved → RBQ | Kalaripayattu | Row 60
✅ Saved → RBQ | Kalaripayattu | Row 61
✅ Saved → RBQ | Kalaripayattu | Row 62
✅ Saved → RBQ | Kalaripayattu | Row 63
✅ Saved → RBQ | Kalaripayattu | Row 64
✅ Saved → RBQ | Kalaripayattu | Row 65
✅ Saved → RBQ | Kalaripayattu | Row 66
✅ Saved → RBQ | Kalaripayattu | Row 67
✅ Saved → RBQ | Kalaripayattu | Row 68
✅ Saved → RBQ | Kalaripayattu | Row 69
✅ Saved → RBQ | Kalaripayattu | Row 70
✅ Saved → RBQ | Kalaripayattu | Row 71
✅ Saved → RBQ | Kalaripayattu | Row 72
✅ Saved → RBQ | Kalaripayattu | Row 73
✅ Saved → RBQ | Kalaripayattu | Row 74
✅ Saved → RBQ | Kalaripayattu | Row 75
✅ Saved → RBQ | Kalaripayattu | Row 76
✅ Saved → RBQ | Kalaripayattu | Row 77
✅ Saved → RBQ | Kalaripayattu | Row 78
✅ Saved → RBQ | Kalaripayattu | Row 79
✅ Saved → RBQ | Kalaripayattu | Row 80
✅ Saved → RBQ | Kalaripayattu | Row 81
✅ Saved → RBQ | Kalaripayattu | Row 82
✅ Saved → RBQ | Kalaripayattu | Row 87
✅ Saved → RBQ | Kalaripayattu | Row 88
✅ Saved → RBQ | Kalaripayattu | Row 89
✅ Saved → RBQ | Kalaripayattu | Row 90
✅ Saved → RBQ | Kalaripayattu | Row 91
✅ Saved → RBQ | Kalaripayattu | Row 92
✅ Saved → RBQ | Kalaripayattu | Row 94
✅ Saved → RBQ | Kalaripayattu | Row 96
✅ Saved → RBQ | Kalaripayattu | Row 97
✅ Saved → RBQ | Kalaripayattu | Row 98
✅ Saved → RBQ | Kalaripayattu | Row 99
✅ Saved → RBQ | Kalaripayattu | Row 100
✅ Saved → RBQ | Kalaripayattu | Row 101
✅ Saved → RBQ | Kalaripayattu | Row 102
✅ Saved → RBQ | Kalaripayattu | Row 104
✅ Saved → RBQ | Kalaripayattu | Row 105
✅ Saved → RBQ | Kalaripayattu | Row 107
✅ Saved → RBQ | Kalaripayattu | Row 108
✅ Saved → RBQ | Kalaripayattu | Row 109
✅ Saved → RBQ | Kalaripayattu | Row 111
✅ Saved → RBQ | Kalaripayattu | Row 113
✅ Saved → RBQ | Kalaripayattu | Row 114
✅ Saved → RBQ | Kalaripayattu | Row 115
✅ Saved → RBQ | Kalaripayattu | Row 118
✅ Saved → RBQ | Kalaripayattu | Row 119
✅ Saved → RBQ | Kalaripayattu | Row 120
✅ Saved → RBQ | Kalaripayattu | Row 121
✅ Saved → RBQ | Kalaripayattu | Row 123
✅ Saved → RBQ | Kalaripayattu | Row 124
✅ Saved → RBQ | Kalaripayattu | Row 125
✅ Saved → RBQ | Kalaripayattu | Row 126
✅ Saved → RBQ | Kalaripayattu | Row 127
✅ Saved → RBQ | Kalaripayattu | Row 128
✅ Saved → RBQ | Kalaripayattu | Row 130
✅ Saved → RBQ | Kalaripayattu | Row 131
✅ Saved → RBQ | Kalaripayattu | Row 132
✅ Saved → RBQ | Kalaripayattu | Row 133
✅ Saved → RBQ | Kalaripayattu | Row 135
✅ Saved → RBQ | Kalaripayattu | Row 136
✅ Saved → RBQ | Kalaripayattu | Row 137
✅ Saved → RBQ | Kalaripayattu | Row 138
✅ Saved → RBQ | Kalaripayattu | Row 140
✅ Saved → RBQ | Kalaripayattu | Row 141
✅ Saved → RBQ | Kalaripayattu | Row 142
✅ Saved → RBQ | Kalaripayattu | Row 143
✅ Saved → RBQ | Kalaripayattu | Row 144
✅ Saved → RBQ | Kalaripayattu | Row 145
✅ Saved → RBQ | Kalaripayattu | Row 146
✅ Saved → RBQ | Kalaripayattu | Row 147
✅ Saved → RBQ | Kalaripayattu | Row 148
✅ Saved → RBQ | Kalaripayattu | Row 149
✅ Saved → RBQ | Kalaripayattu | Row 150
✅ Saved → RBQ | Kalaripayattu | Row 151
✅ Saved → RBQ | Kalaripayattu | Row 152
✅ Saved → RBQ | Kalaripayattu | Row 153
✅ Saved → RBQ | Kalaripayattu | Row 155
✅ Saved → RBQ | Kalaripayattu | Row 156
✅ Saved → RBQ | Kalaripayattu | Row 157
✅ Saved → RBQ | Kalaripayattu | Row 158
✅ Saved → RBQ | Kalaripayattu | Row 160
✅ Saved → RBQ | Kalaripayattu | Row 161
✅ Saved → RBQ | Kalaripayattu | Row 162
✅ Saved → RBQ | Kalaripayattu | Row 164
✅ Saved → RBQ | Kalaripayattu | Row 167
✅ Saved → RBQ | Kalaripayattu | Row 169
✅ Saved → RBQ | Kalaripayattu | Row 170
✅ Saved → RBQ | Kalaripayattu | Row 172
✅ Saved → RBQ | Kalaripayattu | Row 175
✅ Saved → RBQ | Kalaripayattu | Row 179
✅ Saved → RBQ | Kalaripayattu | Row 195
✅ Saved → RBQ | Kalaripayattu | Row 196
✅ Saved → RBQ | Kalaripayattu | Row 198
✅ Saved → RBQ | Kalaripayattu | Row 199
✅ Saved → RBQ | Kalaripayattu | Row 201
✅ Saved → RBQ | Kalaripayattu | Row 202
✅ Saved → RBQ | Kalaripayattu | Row 203
✅ Saved → RBQ | Kalaripayattu | Row 204
✅ Saved → RBQ | Kalaripayattu | Row 206
✅ Saved → RBQ | Kalaripayattu | Row 207
✅ Saved → RBQ | Kalaripayattu | Row 208
✅ Saved → RBQ | Kalaripayattu | Row 209
✅ Saved → RBQ | Kalaripayattu | Row 210
✅ Saved → RBQ | Kalaripayattu | Row 212
✅ Saved → RBQ | Kalaripayattu | Row 213
✅ Saved → RBQ | Kalaripayattu | Row 214
✅ Saved → RBQ | Kalaripayattu | Row 215
✅ Saved → RBQ | Kalaripayattu | Row 216
✅ Saved → RBQ | Kalaripayattu | Row 217
✅ Saved → RBQ | Kalaripayattu | Row 218
✅ Saved → RBQ | Kalaripayattu | Row 220
✅ Saved → RBQ | Kalaripayattu | Row 221
✅ Saved → RBQ | Kalaripayattu | Row 222
✅ Saved → RBQ | Kalaripayattu | Row 224
✅ Saved → RBQ | Kalaripayattu | Row 226
✅ Saved → RBQ | Kalaripayattu | Row 227
✅ Saved → RBQ | Kalaripayattu | Row 228
✅ Saved → RBQ | Kalaripayattu | Row 229
✅ Saved → RBQ | Kalaripayattu | Row 236
✅ Saved → RBQ | Kalaripayattu | Row 242
✅ Saved → RBQ | Kalaripayattu | Row 243
✅ Saved → RBQ | Kalaripayattu | Row 244
✅ Saved → RBQ | Kalaripayattu | Row 245
✅ Saved → RBQ | Kalaripayattu | Row 247
✅ Saved → RBQ | Kalaripayattu | Row 248
✅ Saved → RBQ | Kalaripayattu | Row 249
✅ Saved → RBQ | Kalaripayattu | Row 250
✅ Saved → RBQ | Kalaripayattu | Row 253
✅ Saved → RBQ | Kalaripayattu | Row 254
✅ Saved → RBQ | Kalaripayattu | Row 255
✅ Saved → RBQ | Kalaripayattu | Row 256
✅ Saved → RBQ | Kalaripayattu | Row 257
✅ Saved → RBQ | Kalaripayattu | Row 260
✅ Saved → RBQ | Kalaripayattu | Row 264
✅ Saved → RBQ | Kalaripayattu | Row 266
✅ Saved → RBQ | Kalaripayattu | Row 276
✅ Saved → RBQ | Kalaripayattu | Row 295
✅ Saved → RBQ | Kalaripayattu | Row 296
✅ Saved → RBQ | Kalaripayattu | Row 297
✅ Saved → RBQ | Kalaripayattu | Row 298
✅ Saved → RBQ | Kalaripayattu | Row 299
✅ Saved → RBQ | Kalaripayattu | Row 300
✅ Saved → RBQ | Kalaripayattu | Row 301
✅ Saved → RBQ | Kalaripayattu | Row 303
✅ Saved → RBQ | Kalaripayattu | Row 304
✅ Saved → RBQ | Kalaripayattu | Row 305
✅ Saved → RBQ | Kalaripayattu | Row 306
✅ Saved → RBQ | Kalaripayattu | Row 307
✅ Saved → RBQ | Kalaripayattu | Row 308
✅ Saved → RBQ | Kalaripayattu | Row 310
✅ Saved → RBQ | Kalaripayattu | Row 311
✅ Saved → RBQ | Kalaripayattu | Row 312
✅ Saved → RBQ | Kalaripayattu | Row 313
✅ Saved → RBQ | Kalaripayattu | Row 314
✅ Saved → RBQ | Kalaripayattu | Row 315
✅ Saved → RBQ | Kalaripayattu | Row 316
✅ Saved → RBQ | Kalaripayattu | Row 317
✅ Saved → RBQ | Kalaripayattu | Row 318
✅ Saved → RBQ | Kalaripayattu | Row 319
✅ Saved → RBQ | Kalaripayattu | Row 321
✅ Saved → RBQ | Kalaripayattu | Row 322
✅ Saved → RBQ | Kalaripayattu | Row 325
✅ Saved → RBQ | Kalaripayattu | Row 327
✅ Saved → RBQ | Kalaripayattu | Row 328
✅ Saved → RBQ | Kalaripayattu | Row 329
✅ Saved → RBQ | Kalaripayattu | Row 330
✅ Saved → RBQ | Kalaripayattu | Row 331
✅ Saved → RBQ | Kalaripayattu | Row 333
✅ Saved → RBQ | Kalaripayattu | Row 336
✅ Saved → RBQ | Kalaripayattu | Row 338
✅ Saved → RBQ | Kalaripayattu | Row 339
✅ Saved → RBQ | Kalaripayattu | Row 341
✅ Saved → RBQ | Kalaripayattu | Row 343
✅ Saved → RBQ | Kalaripayattu | Row 346
✅ Saved → RBQ | Kalaripayattu | Row 347
✅ Saved → RBQ | Kalaripayattu | Row 348
✅ Saved → RBQ | Kalaripayattu | Row 349
✅ Saved → RBQ | Kalaripayattu | Row 350
✅ Saved → RBQ | Kalaripayattu | Row 352
✅ Saved → RBQ | Kalaripayattu | Row 353
✅ Saved → RBQ | Kalaripayattu | Row 355
✅ Saved → RBQ | Kalaripayattu | Row 357
✅ Saved → RBQ | Kalaripayattu | Row 362
✅ Saved → RBQ | Kalaripayattu | Row 363
✅ Saved → RBQ | Kalaripayattu | Row 364
✅ Saved → RBQ | Kalaripayattu | Row 365
✅ Saved → RBQ | Kalaripayattu | Row 367
✅ Saved → RBQ | Kalaripayattu | Row 371
✅ Saved → RBQ | Kalaripayattu | Row 372
✅ Saved → RBQ | Kalaripayattu | Row 373
✅ Saved → RBQ | Kalaripayattu | Row 374
✅ Saved → RBQ | Kalaripayattu | Row 377
✅ Saved → RBQ | Kalaripayattu | Row 385
✅ Saved → RBQ | Kalaripayattu | Row 387
✅ Saved → RBQ | Kalaripayattu | Row 389
✅ Saved → RBQ | Kalaripayattu | Row 391
✅ Saved → RBQ | Kalaripayattu | Row 426
✅ Saved → RBQ | Kalaripayattu | Row 428
✅ Saved → RBQ | Kalaripayattu | Row 429
✅ Saved → RBQ | Kalaripayattu | Row 430
✅ Saved → RBQ | Kalaripayattu | Row 431
✅ Saved → RBQ | Kalaripayattu | Row 433
✅ Saved → RBQ | Kalaripayattu | Row 434
✅ Saved → RBQ | Kalaripayattu | Row 435
✅ Saved → RBQ | Kalaripayattu | Row 436
✅ Saved → RBQ | Kalaripayattu | Row 437
✅ Saved → RBQ | Kalaripayattu | Row 438
✅ Saved → RBQ | Kalaripayattu | Row 440
✅ Saved → RBQ | Kalaripayattu | Row 441
✅ Saved → RBQ | Kalaripayattu | Row 443
✅ Saved → RBQ | Kalaripayattu | Row 444
✅ Saved → RBQ | Kalaripayattu | Row 445
✅ Saved → RBQ | Kalaripayattu | Row 447
✅ Saved → RBQ | Kalaripayattu | Row 449
✅ Saved → RBQ | Kalaripayattu | Row 451
✅ Saved → RBQ | Kalaripayattu | Row 452
✅ Saved → RBQ | Kalaripayattu | Row 453
✅ Saved → RBQ | Kalaripayattu | Row 454
✅ Saved → RBQ | Kalaripayattu | Row 456
✅ Saved → RBQ | Kalaripayattu | Row 458
✅ Saved → RBQ | Kalaripayattu | Row 459
✅ Saved → RBQ | Kalaripayattu | Row 460
✅ Saved → RBQ | Kalaripayattu | Row 461
✅ Saved → RBQ | Kalaripayattu | Row 462
✅ Saved → RBQ | Kalaripayattu | Row 464
✅ Saved → RBQ | Kalaripayattu | Row 465
✅ Saved → RBQ | Kalaripayattu | Row 466
✅ Saved → RBQ | Kalaripayattu | Row 467
✅ Saved → RBQ | Kalaripayattu | Row 469
✅ Saved → RBQ | Kalaripayattu | Row 470
✅ Saved → RBQ | Kalaripayattu | Row 471
✅ Saved → RBQ | Kalaripayattu | Row 473
✅ Saved → RBQ | Kalaripayattu | Row 474
✅ Saved → RBQ | Kalaripayattu | Row 475
✅ Saved → RBQ | Kalaripayattu | Row 476
✅ Saved → RBQ | Kalaripayattu | Row 477
✅ Saved → RBQ | Kalaripayattu | Row 479
✅ Saved → RBQ | Kalaripayattu | Row 481
✅ Saved → RBQ | Kalaripayattu | Row 483
✅ Saved → RBQ | Kalaripayattu | Row 491
✅ Saved → RBQ | Kalaripayattu | Row 493
✅ Saved → RBQ | Kalaripayattu | Row 494
✅ Saved → RBQ | Kalaripayattu | Row 495
✅ Saved → RBQ | Kalaripayattu | Row 496
✅ Saved → RBQ | Kalaripayattu | Row 500
✅ Saved → RBQ | Kalaripayattu | Row 511
✅ Saved → RBQ | Kalaripayattu | Row 512
✅ Saved → RBQ | Kalaripayattu | Row 513
✅ Saved → RBQ | Kalaripayattu | Row 514
✅ Saved → RBQ | Kalaripayattu | Row 515
✅ Saved → RBQ | Kalaripayattu | Row 517
✅ Saved → RBQ | Kalaripayattu | Row 518
✅ Saved → RBQ | Kalaripayattu | Row 519
✅ Saved → RBQ | Kalaripayattu | Row 520
✅ Saved → RBQ | Kalaripayattu | Row 521
✅ Saved → RBQ | Kalaripayattu | Row 523
✅ Saved → RBQ | Kalaripayattu | Row 525
✅ Saved → RBQ | Kalaripayattu | Row 526
✅ Saved → RBQ | Kalaripayattu | Row 530
✅ Saved → RBQ | Kalaripayattu | Row 533
✅ Saved → RBQ | Kalaripayattu | Row 535
✅ Saved → RBQ | Kalaripayattu | Row 536
✅ Saved → RBQ | Kalaripayattu | Row 538
✅ Saved → RBQ | Kalaripayattu | Row 539
✅ Saved → RBQ | Kalaripayattu | Row 540
✅ Saved → RBQ | Kalaripayattu | Row 542
✅ Saved → RBQ | Kalaripayattu | Row 545
✅ Saved → RBQ | Kalaripayattu | Row 547
✅ Saved → RBQ | Kalaripayattu | Row 548
✅ Saved → RBQ | Kalaripayattu | Row 549
✅ Saved → RBQ | Kalaripayattu | Row 552
✅ Saved → RBQ | Kalaripayattu | Row 556
✅ Saved → RBQ | Kalaripayattu | Row 560
✅ Saved → RBQ | Kalaripayattu | Row 562
✅ Saved → RBQ | Kalaripayattu | Row 564
✅ Saved → RBQ | Kalaripayattu | Row 566
✅ Saved → RBQ | Kalaripayattu | Row 567
✅ Saved → RBQ | Kalaripayattu | Row 569
✅ Saved → RBQ | Kalaripayattu | Row 572
✅ Saved → RBQ | Kalaripayattu | Row 574
✅ Saved → RBQ | Kalaripayattu | Row 576
✅ Saved → RBQ | Kalaripayattu | Row 578
✅ Saved → RBQ | Kalaripayattu | Row 581
✅ Saved → RBQ | Kalaripayattu | Row 583
✅ Saved → RBQ | Silambam | Row 0
✅ Saved → RBQ | Silambam | Row 1
✅ Saved → RBQ | Silambam | Row 2
✅ Saved → RBQ | Silambam | Row 3
✅ Saved → RBQ | Silambam | Row 4
✅ Saved → RBQ | Silambam | Row 5
✅ Saved → RBQ | Silambam | Row 6
✅ Saved → RBQ | Silambam | Row 7
✅ Saved → RBQ | Silambam | Row 8
✅ Saved → RBQ | Silambam | Row 9
✅ Saved → RBQ | Silambam | Row 10
✅ Saved → RBQ | Silambam | Row 11
✅ Saved → RBQ | Silambam | Row 12
✅ Saved → RBQ | Silambam | Row 13
✅ Saved → RBQ | Silambam | Row 14
✅ Saved → RBQ | Silambam | Row 15
✅ Saved → RBQ | Silambam | Row 16
✅ Saved → RBQ | Silambam | Row 17
✅ Saved → RBQ | Silambam | Row 18
✅ Saved → RBQ | Silambam | Row 19
✅ Saved → RBQ | Silambam | Row 20
✅ Saved → RBQ | Silambam | Row 21
✅ Saved → RBQ | Silambam | Row 22
✅ Saved → RBQ | Silambam | Row 23
✅ Saved → RBQ | Silambam | Row 24
✅ Saved → RBQ | Silambam | Row 25
✅ Saved → RBQ | Silambam | Row 26
✅ Saved → RBQ | Silambam | Row 27
✅ Saved → RBQ | Silambam | Row 28
✅ Saved → RBQ | Silambam | Row 29
✅ Saved → RBQ | Silambam | Row 30
✅ Saved → RBQ | Silambam | Row 31
✅ Saved → RBQ | Silambam | Row 32
✅ Saved → RBQ | Silambam | Row 33
✅ Saved → RBQ | Silambam | Row 34
✅ Saved → RBQ | Silambam | Row 35
✅ Saved → RBQ | Silambam | Row 36
✅ Saved → RBQ | Silambam | Row 37
✅ Saved → RBQ | Silambam | Row 38
✅ Saved → RBQ | Silambam | Row 39
✅ Saved → RBQ | Silambam | Row 40
✅ Saved → RBQ | Silambam | Row 41
✅ Saved → RBQ | Silambam | Row 42
✅ Saved → RBQ | Silambam | Row 43
✅ Saved → RBQ | Silambam | Row 44
✅ Saved → RBQ | Silambam | Row 45
✅ Saved → RBQ | Silambam | Row 46
✅ Saved → RBQ | Silambam | Row 47
✅ Saved → RBQ | Silambam | Row 48
✅ Saved → RBQ | Silambam | Row 49
✅ Saved → RBQ | Silambam | Row 50
✅ Saved → RBQ | Silambam | Row 51
✅ Saved → RBQ | Silambam | Row 52
✅ Saved → RBQ | Silambam | Row 53
✅ Saved → RBQ | Silambam | Row 54
✅ Saved → RBQ | Silambam | Row 55
✅ Saved → RBQ | Silambam | Row 56
✅ Saved → RBQ | Silambam | Row 57
✅ Saved → RBQ | Silambam | Row 58
✅ Saved → RBQ | Silambam | Row 59
✅ Saved → RBQ | Silambam | Row 60
✅ Saved → RBQ | Silambam | Row 61
✅ Saved → RBQ | Silambam | Row 62
✅ Saved → RBQ | Silambam | Row 63
✅ Saved → RBQ | Silambam | Row 64
✅ Saved → RBQ | Silambam | Row 65
✅ Saved → RBQ | Silambam | Row 66
✅ Saved → RBQ | Silambam | Row 67
✅ Saved → RBQ | Silambam | Row 68
✅ Saved → RBQ | Silambam | Row 69
✅ Saved → RBQ | Silambam | Row 70
✅ Saved → RBQ | Silambam | Row 71
✅ Saved → RBQ | Silambam | Row 72
✅ Saved → RBQ | Silambam | Row 73
✅ Saved → RBQ | Silambam | Row 74
✅ Saved → RBQ | Silambam | Row 75
✅ Saved → RBQ | Silambam | Row 76
✅ Saved → RBQ | Silambam | Row 77
✅ Saved → RBQ | Silambam | Row 78
✅ Saved → RBQ | Silambam | Row 79
✅ Saved → RBQ | Silambam | Row 80
✅ Saved → RBQ | Silambam | Row 81
✅ Saved → RBQ | Silambam | Row 82
✅ Saved → RBQ | Silambam | Row 83
✅ Saved → RBQ | Silambam | Row 84
✅ Saved → RBQ | Silambam | Row 85
✅ Saved → RBQ | Silambam | Row 86
✅ Saved → RBQ | Silambam | Row 87
✅ Saved → RBQ | Silambam | Row 88
✅ Saved → RBQ | Silambam | Row 89
✅ Saved → RBQ | Silambam | Row 90
✅ Saved → RBQ | Silambam | Row 91
✅ Saved → RBQ | Silambam | Row 92
✅ Saved → RBQ | Silambam | Row 93
✅ Saved → RBQ | Silambam | Row 94
✅ Saved → RBQ | Silambam | Row 95
✅ Saved → RBQ | Silambam | Row 96
✅ Saved → RBQ | Silambam | Row 97
✅ Saved → RBQ | Silambam | Row 98
✅ Saved → RBQ | Silambam | Row 99
✅ Saved → RBQ | Silambam | Row 100
✅ Saved → RBQ | Silambam | Row 101
✅ Saved → RBQ | Silambam | Row 102
✅ Saved → RBQ | Silambam | Row 103
✅ Saved → RBQ | Silambam | Row 104
✅ Saved → RBQ | Silambam | Row 105
✅ Saved → RBQ | Silambam | Row 106
✅ Saved → RBQ | Silambam | Row 107
✅ Saved → RBQ | Silambam | Row 108
✅ Saved → RBQ | Silambam | Row 109
✅ Saved → RBQ | Silambam | Row 110
✅ Saved → RBQ | Silambam | Row 111
✅ Saved → RBQ | Silambam | Row 112
✅ Saved → RBQ | Silambam | Row 113
✅ Saved → RBQ | Silambam | Row 114
✅ Saved → RBQ | Silambam | Row 115
✅ Saved → RBQ | Silambam | Row 116
✅ Saved → RBQ | Silambam | Row 117
✅ Saved → RBQ | Silambam | Row 118
✅ Saved → RBQ | Silambam | Row 119
✅ Saved → RBQ | Silambam | Row 120
✅ Saved → RBQ | Silambam | Row 121
✅ Saved → RBQ | Silambam | Row 122
✅ Saved → RBQ | Silambam | Row 123
✅ Saved → RBQ | Silambam | Row 124
✅ Saved → RBQ | Silambam | Row 125
✅ Saved → RBQ | Silambam | Row 126
✅ Saved → RBQ | Silambam | Row 127
✅ Saved → RBQ | Silambam | Row 128
✅ Saved → RBQ | Silambam | Row 129
✅ Saved → RBQ | Silambam | Row 130
✅ Saved → RBQ | Silambam | Row 131
✅ Saved → RBQ | Silambam | Row 132
✅ Saved → RBQ | Silambam | Row 133
✅ Saved → RBQ | Silambam | Row 134
✅ Saved → RBQ | Silambam | Row 135
✅ Saved → RBQ | Silambam | Row 136
✅ Saved → RBQ | Silambam | Row 137
✅ Saved → RBQ | Silambam | Row 138
✅ Saved → RBQ | Silambam | Row 139
✅ Saved → RBQ | Silambam | Row 140
✅ Saved → RBQ | Silambam | Row 141
✅ Saved → RBQ | Silambam | Row 142
✅ Saved → RBQ | Silambam | Row 143
✅ Saved → RBQ | Silambam | Row 144
✅ Saved → RBQ | Silambam | Row 145
✅ Saved → RBQ | Silambam | Row 146
✅ Saved → RBQ | Silambam | Row 147
✅ Saved → RBQ | Silambam | Row 148
✅ Saved → RBQ | Silambam | Row 149
✅ Saved → RBQ | Silambam | Row 150
✅ Saved → RBQ | Silambam | Row 151
✅ Saved → RBQ | Silambam | Row 153
✅ Saved → RBQ | Silambam | Row 154
✅ Saved → RBQ | Silambam | Row 155
✅ Saved → RBQ | Silambam | Row 156
✅ Saved → RBQ | Silambam | Row 157
✅ Saved → RBQ | Silambam | Row 158
✅ Saved → RBQ | Silambam | Row 159
✅ Saved → RBQ | Silambam | Row 160
✅ Saved → RBQ | Silambam | Row 161
✅ Saved → RBQ | Silambam | Row 162
✅ Saved → RBQ | Silambam | Row 163
✅ Saved → RBQ | Silambam | Row 164
✅ Saved → RBQ | Silambam | Row 165
✅ Saved → RBQ | Silambam | Row 166
✅ Saved → RBQ | Silambam | Row 167
✅ Saved → RBQ | Silambam | Row 168
✅ Saved → RBQ | Silambam | Row 169
✅ Saved → RBQ | Silambam | Row 170
✅ Saved → RBQ | Silambam | Row 171
✅ Saved → RBQ | Silambam | Row 172
✅ Saved → RBQ | Silambam | Row 173
✅ Saved → RBQ | Silambam | Row 174
✅ Saved → RBQ | Silambam | Row 175
✅ Saved → RBQ | Silambam | Row 176
✅ Saved → RBQ | Silambam | Row 177
✅ Saved → RBQ | Silambam | Row 178
✅ Saved → RBQ | Silambam | Row 179
✅ Saved → RBQ | Silambam | Row 180
✅ Saved → RBQ | Silambam | Row 181
✅ Saved → RBQ | Silambam | Row 182
✅ Saved → RBQ | Silambam | Row 183
✅ Saved → RBQ | Silambam | Row 184
✅ Saved → RBQ | Silambam | Row 185
✅ Saved → RBQ | Silambam | Row 186
✅ Saved → RBQ | Silambam | Row 187
✅ Saved → RBQ | Silambam | Row 188
✅ Saved → RBQ | Silambam | Row 189
✅ Saved → RBQ | Silambam | Row 190
✅ Saved → RBQ | Silambam | Row 191
✅ Saved → RBQ | Silambam | Row 192
✅ Saved → RBQ | Silambam | Row 193
✅ Saved → RBQ | Silambam | Row 194
✅ Saved → RBQ | Silambam | Row 195
✅ Saved → RBQ | Silambam | Row 196
✅ Saved → RBQ | Silambam | Row 197
✅ Saved → RBQ | Silambam | Row 198
✅ Saved → RBQ | Silambam | Row 199
✅ Saved → RBQ | Silambam | Row 200
✅ Saved → RBQ | Silambam | Row 201
✅ Saved → RBQ | Silambam | Row 202
✅ Saved → RBQ | Silambam | Row 203
✅ Saved → RBQ | Silambam | Row 204
✅ Saved → RBQ | Silambam | Row 205
✅ Saved → RBQ | Silambam | Row 206
✅ Saved → RBQ | Silambam | Row 207
✅ Saved → RBQ | Silambam | Row 208
✅ Saved → RBQ | Silambam | Row 209
✅ Saved → RBQ | Silambam | Row 210
✅ Saved → RBQ | Silambam | Row 211
✅ Saved → RBQ | Silambam | Row 212
✅ Saved → RBQ | Silambam | Row 213
✅ Saved → RBQ | Silambam | Row 214
✅ Saved → RBQ | Silambam | Row 215
✅ Saved → RBQ | Silambam | Row 216
✅ Saved → RBQ | Silambam | Row 217
✅ Saved → RBQ | Silambam | Row 218
✅ Saved → RBQ | Silambam | Row 219
✅ Saved → RBQ | Silambam | Row 220
✅ Saved → RBQ | Silambam | Row 221
✅ Saved → RBQ | Silambam | Row 222
✅ Saved → RBQ | Silambam | Row 223
✅ Saved → RBQ | Silambam | Row 224
✅ Saved → RBQ | Silambam | Row 225
✅ Saved → RBQ | Silambam | Row 226
✅ Saved → RBQ | Silambam | Row 227
✅ Saved → RBQ | Silambam | Row 228
✅ Saved → RBQ | Silambam | Row 229
✅ Saved → RBQ | Silambam | Row 230
✅ Saved → RBQ | Silambam | Row 231
✅ Saved → RBQ | Silambam | Row 232
✅ Saved → RBQ | Silambam | Row 233
✅ Saved → RBQ | Silambam | Row 235
✅ Saved → RBQ | Silambam | Row 236
✅ Saved → RBQ | Silambam | Row 238
✅ Saved → RBQ | Silambam | Row 240
✅ Saved → RBQ | Silambam | Row 241
✅ Saved → RBQ | Silambam | Row 243
✅ Saved → RBQ | Silambam | Row 244
✅ Saved → RBQ | Silambam | Row 245
✅ Saved → RBQ | Silambam | Row 246
✅ Saved → RBQ | Silambam | Row 247
✅ Saved → RBQ | Silambam | Row 248
✅ Saved → RBQ | Silambam | Row 249
✅ Saved → RBQ | Silambam | Row 250
✅ Saved → RBQ | Silambam | Row 251
✅ Saved → RBQ | Silambam | Row 252
✅ Saved → RBQ | Silambam | Row 253
✅ Saved → RBQ | Silambam | Row 254
✅ Saved → RBQ | Silambam | Row 255
✅ Saved → RBQ | Silambam | Row 256
✅ Saved → RBQ | Silambam | Row 257
✅ Saved → RBQ | Silambam | Row 258
✅ Saved → RBQ | Silambam | Row 259
✅ Saved → RBQ | Silambam | Row 260
✅ Saved → RBQ | Silambam | Row 261
✅ Saved → RBQ | Silambam | Row 262
✅ Saved → RBQ | Silambam | Row 263
✅ Saved → RBQ | Silambam | Row 264
✅ Saved → RBQ | Silambam | Row 265
✅ Saved → RBQ | Silambam | Row 266
✅ Saved → RBQ | Silambam | Row 267
✅ Saved → RBQ | Silambam | Row 268
✅ Saved → RBQ | Silambam | Row 269
✅ Saved → RBQ | Silambam | Row 270
✅ Saved → RBQ | Silambam | Row 271
✅ Saved → RBQ | Silambam | Row 272
✅ Saved → RBQ | Silambam | Row 273
✅ Saved → RBQ | Silambam | Row 274
✅ Saved → RBQ | Silambam | Row 275
✅ Saved → RBQ | Silambam | Row 276
✅ Saved → RBQ | Silambam | Row 277
✅ Saved → RBQ | Silambam | Row 278
✅ Saved → RBQ | Silambam | Row 279
✅ Saved → RBQ | Silambam | Row 280
✅ Saved → RBQ | Silambam | Row 281
✅ Saved → RBQ | Silambam | Row 282
✅ Saved → RBQ | Silambam | Row 283
✅ Saved → RBQ | Silambam | Row 284
✅ Saved → RBQ | Silambam | Row 285
✅ Saved → RBQ | Silambam | Row 286
✅ Saved → RBQ | Silambam | Row 287
✅ Saved → RBQ | Silambam | Row 288
✅ Saved → RBQ | Silambam | Row 289
✅ Saved → RBQ | Silambam | Row 290
✅ Saved → RBQ | Silambam | Row 291
✅ Saved → RBQ | Silambam | Row 292
✅ Saved → RBQ | Silambam | Row 293
✅ Saved → RBQ | Silambam | Row 294
✅ Saved → RBQ | Silambam | Row 295
✅ Saved → RBQ | Silambam | Row 296
✅ Saved → RBQ | Silambam | Row 297
✅ Saved → RBQ | Silambam | Row 298
✅ Saved → RBQ | Silambam | Row 299
✅ Saved → RBQ | Silambam | Row 300
✅ Saved → RBQ | Silambam | Row 301
✅ Saved → RBQ | Silambam | Row 302
✅ Saved → RBQ | Silambam | Row 303
✅ Saved → RBQ | Silambam | Row 304
✅ Saved → RBQ | Silambam | Row 305
✅ Saved → RBQ | Silambam | Row 307
✅ Saved → RBQ | Silambam | Row 308
✅ Saved → RBQ | Silambam | Row 309
✅ Saved → RBQ | Silambam | Row 310
✅ Saved → RBQ | Silambam | Row 311
✅ Saved → RBQ | Silambam | Row 312
✅ Saved → RBQ | Silambam | Row 313
✅ Saved → RBQ | Silambam | Row 314
✅ Saved → RBQ | Silambam | Row 315
✅ Saved → RBQ | Silambam | Row 316
✅ Saved → RBQ | Silambam | Row 317
✅ Saved → RBQ | Silambam | Row 318
✅ Saved → RBQ | Silambam | Row 319
✅ Saved → RBQ | Silambam | Row 320
✅ Saved → RBQ | Silambam | Row 321
✅ Saved → RBQ | Silambam | Row 322
✅ Saved → RBQ | Silambam | Row 323
✅ Saved → RBQ | Silambam | Row 324
✅ Saved → RBQ | Silambam | Row 325
✅ Saved → RBQ | Silambam | Row 326
✅ Saved → RBQ | Silambam | Row 327
✅ Saved → RBQ | Silambam | Row 328
✅ Saved → RBQ | Silambam | Row 329
✅ Saved → RBQ | Silambam | Row 330
✅ Saved → RBQ | Silambam | Row 332
✅ Saved → RBQ | Silambam | Row 334
✅ Saved → RBQ | Silambam | Row 336
✅ Saved → RBQ | Silambam | Row 337
✅ Saved → RBQ | Silambam | Row 339
✅ Saved → RBQ | Silambam | Row 340
✅ Saved → RBQ | Silambam | Row 341
✅ Saved → RBQ | Silambam | Row 343
✅ Saved → RBQ | Silambam | Row 344
✅ Saved → RBQ | Silambam | Row 345
✅ Saved → RBQ | Silambam | Row 346
✅ Saved → RBQ | Silambam | Row 347
✅ Saved → RBQ | Silambam | Row 348
✅ Saved → RBQ | Silambam | Row 349
✅ Saved → RBQ | Silambam | Row 350
✅ Saved → RBQ | Silambam | Row 351
✅ Saved → RBQ | Silambam | Row 352
✅ Saved → RBQ | Silambam | Row 353
✅ Saved → RBQ | Silambam | Row 354
✅ Saved → RBQ | Silambam | Row 355
✅ Saved → RBQ | Silambam | Row 356
✅ Saved → RBQ | Silambam | Row 357
✅ Saved → RBQ | Silambam | Row 358
✅ Saved → RBQ | Silambam | Row 359
✅ Saved → RBQ | Silambam | Row 361
✅ Saved → RBQ | Silambam | Row 362
✅ Saved → RBQ | Silambam | Row 363
✅ Saved → RBQ | Silambam | Row 364
✅ Saved → RBQ | Silambam | Row 365
✅ Saved → RBQ | Silambam | Row 366
✅ Saved → RBQ | Silambam | Row 367
✅ Saved → RBQ | Silambam | Row 368
✅ Saved → RBQ | Silambam | Row 369
✅ Saved → RBQ | Silambam | Row 370
✅ Saved → RBQ | Silambam | Row 371
✅ Saved → RBQ | Silambam | Row 372
✅ Saved → RBQ | Silambam | Row 373
✅ Saved → RBQ | Silambam | Row 374
✅ Saved → RBQ | Silambam | Row 375
✅ Saved → RBQ | Silambam | Row 376
✅ Saved → RBQ | Silambam | Row 377
✅ Saved → RBQ | Silambam | Row 378
✅ Saved → RBQ | Silambam | Row 380
✅ Saved → RBQ | Silambam | Row 381
✅ Saved → RBQ | Silambam | Row 382
✅ Saved → RBQ | Silambam | Row 383
✅ Saved → RBQ | Silambam | Row 384
✅ Saved → RBQ | Silambam | Row 387
✅ Saved → RBQ | Silambam | Row 388
✅ Saved → RBQ | Silambam | Row 390
✅ Saved → RBQ | Silambam | Row 392
✅ Saved → RBQ | Silambam | Row 393
✅ Saved → RBQ | Silambam | Row 394
✅ Saved → RBQ | Silambam | Row 395
✅ Saved → RBQ | Silambam | Row 396
✅ Saved → RBQ | Silambam | Row 397
✅ Saved → RBQ | Silambam | Row 398
✅ Saved → RBQ | Silambam | Row 399
✅ Saved → RBQ | Silambam | Row 400
✅ Saved → RBQ | Silambam | Row 401
✅ Saved → RBQ | Silambam | Row 402
✅ Saved → RBQ | Silambam | Row 404
✅ Saved → RBQ | Silambam | Row 405
✅ Saved → RBQ | Silambam | Row 406
✅ Saved → RBQ | Silambam | Row 407
✅ Saved → RBQ | Silambam | Row 408
✅ Saved → RBQ | Silambam | Row 409
✅ Saved → RBQ | Silambam | Row 410
✅ Saved → RBQ | Silambam | Row 411
✅ Saved → RBQ | Silambam | Row 412
✅ Saved → RBQ | Silambam | Row 413
✅ Saved → RBQ | Silambam | Row 414
✅ Saved → RBQ | Silambam | Row 415
✅ Saved → RBQ | Silambam | Row 416
✅ Saved → RBQ | Silambam | Row 417
✅ Saved → RBQ | Silambam | Row 418
✅ Saved → RBQ | Silambam | Row 419
✅ Saved → RBQ | Silambam | Row 421
✅ Saved → RBQ | Silambam | Row 423
✅ Saved → RBQ | Silambam | Row 424
✅ Saved → RBQ | Silambam | Row 425
✅ Saved → RBQ | Silambam | Row 426
✅ Saved → RBQ | Silambam | Row 427
✅ Saved → RBQ | Silambam | Row 428
✅ Saved → RBQ | Silambam | Row 429
✅ Saved → RBQ | Silambam | Row 430
✅ Saved → RBQ | Silambam | Row 431
✅ Saved → RBQ | Silambam | Row 432
✅ Saved → RBQ | Silambam | Row 433
✅ Saved → RBQ | Silambam | Row 434
✅ Saved → RBQ | Silambam | Row 437
✅ Saved → RBQ | Silambam | Row 438
✅ Saved → RBQ | Silambam | Row 440
✅ Saved → RBQ | Silambam | Row 442
✅ Saved → RBQ | Silambam | Row 443
✅ Saved → RBQ | Silambam | Row 444
✅ Saved → RBQ | Silambam | Row 445
✅ Saved → RBQ | Silambam | Row 446
✅ Saved → RBQ | Silambam | Row 447
✅ Saved → RBQ | Silambam | Row 448
✅ Saved → RBQ | Silambam | Row 449
✅ Saved → RBQ | Silambam | Row 450
✅ Saved → RBQ | Silambam | Row 451
✅ Saved → RBQ | Silambam | Row 452
✅ Saved → RBQ | Silambam | Row 453
✅ Saved → RBQ | Silambam | Row 454
✅ Saved → RBQ | Silambam | Row 455
✅ Saved → RBQ | Silambam | Row 457
✅ Saved → RBQ | Silambam | Row 458
✅ Saved → RBQ | Silambam | Row 459
✅ Saved → RBQ | Silambam | Row 461
✅ Saved → RBQ | Silambam | Row 463
✅ Saved → RBQ | Silambam | Row 464
✅ Saved → RBQ | Silambam | Row 465
✅ Saved → RBQ | Silambam | Row 466
✅ Saved → RBQ | Silambam | Row 467
✅ Saved → RBQ | Silambam | Row 468
✅ Saved → RBQ | Silambam | Row 469
✅ Saved → RBQ | Silambam | Row 470
✅ Saved → RBQ | Silambam | Row 471
✅ Saved → RBQ | Silambam | Row 472
✅ Saved → RBQ | Silambam | Row 473
✅ Saved → RBQ | Silambam | Row 474
✅ Saved → RBQ | Silambam | Row 475
✅ Saved → RBQ | Silambam | Row 476
✅ Saved → RBQ | Silambam | Row 477
✅ Saved → RBQ | Silambam | Row 480
✅ Saved → RBQ | Silambam | Row 481
✅ Saved → RBQ | Silambam | Row 482
✅ Saved → RBQ | Silambam | Row 483
✅ Saved → RBQ | Silambam | Row 484
✅ Saved → RBQ | Silambam | Row 485
✅ Saved → RBQ | Silambam | Row 486
✅ Saved → RBQ | Silambam | Row 487
✅ Saved → RBQ | Silambam | Row 488
✅ Saved → RBQ | Silambam | Row 489
✅ Saved → RBQ | Silambam | Row 491
✅ Saved → RBQ | Silambam | Row 492
✅ Saved → RBQ | Silambam | Row 493
✅ Saved → RBQ | Silambam | Row 494
✅ Saved → RBQ | Silambam | Row 495
✅ Saved → RBQ | Silambam | Row 496
✅ Saved → RBQ | Silambam | Row 497
✅ Saved → RBQ | Silambam | Row 500
✅ Saved → RBQ | Silambam | Row 501
✅ Saved → RBQ | Silambam | Row 502
✅ Saved → RBQ | Silambam | Row 503
✅ Saved → RBQ | Silambam | Row 504
✅ Saved → RBQ | Silambam | Row 505
✅ Saved → RBQ | Silambam | Row 506
✅ Saved → RBQ | Silambam | Row 507
✅ Saved → RBQ | Silambam | Row 508
✅ Saved → RBQ | Silambam | Row 509
✅ Saved → RBQ | Silambam | Row 510
✅ Saved → RBQ | Silambam | Row 511
✅ Saved → RBQ | Silambam | Row 512
✅ Saved → RBQ | Silambam | Row 513
✅ Saved → RBQ | Silambam | Row 514
✅ Saved → RBQ | Silambam | Row 515
✅ Saved → RBQ | Silambam | Row 516
✅ Saved → RBQ | Silambam | Row 517
✅ Saved → RBQ | Silambam | Row 518
✅ Saved → RBQ | Silambam | Row 519
✅ Saved → RBQ | Silambam | Row 521
✅ Saved → RBQ | Silambam | Row 522
✅ Saved → RBQ | Silambam | Row 523
✅ Saved → RBQ | Silambam | Row 524
✅ Saved → RBQ | Silambam | Row 526
✅ Saved → RBQ | Silambam | Row 527
✅ Saved → RBQ | Silambam | Row 528
✅ Saved → RBQ | Silambam | Row 529
✅ Saved → RBQ | Silambam | Row 530
✅ Saved → RBQ | Silambam | Row 531
✅ Saved → RBQ | Silambam | Row 532
✅ Saved → RBQ | Silambam | Row 535
✅ Saved → RBQ | Silambam | Row 536
✅ Saved → RBQ | Silambam | Row 537
✅ Saved → RBQ | Silambam | Row 538
✅ Saved → RBQ | Silambam | Row 540
✅ Saved → RBQ | Malakhamb | Row 0
✅ Saved → RBQ | Malakhamb | Row 1
✅ Saved → RBQ | Malakhamb | Row 2
✅ Saved → RBQ | Malakhamb | Row 3
✅ Saved → RBQ | Malakhamb | Row 4
✅ Saved → RBQ | Malakhamb | Row 5
✅ Saved → RBQ | Malakhamb | Row 6
✅ Saved → RBQ | Malakhamb | Row 7
✅ Saved → RBQ | Malakhamb | Row 8
✅ Saved → RBQ | Malakhamb | Row 9
✅ Saved → RBQ | Malakhamb | Row 10
✅ Saved → RBQ | Malakhamb | Row 11
✅ Saved → RBQ | Malakhamb | Row 12
✅ Saved → RBQ | Malakhamb | Row 13
✅ Saved → RBQ | Malakhamb | Row 14
✅ Saved → RBQ | Malakhamb | Row 15
✅ Saved → RBQ | Malakhamb | Row 16
✅ Saved → RBQ | Malakhamb | Row 17
✅ Saved → RBQ | Malakhamb | Row 18
✅ Saved → RBQ | Malakhamb | Row 19
✅ Saved → RBQ | Malakhamb | Row 20
✅ Saved → RBQ | Malakhamb | Row 21
✅ Saved → RBQ | Malakhamb | Row 22
✅ Saved → RBQ | Malakhamb | Row 23
✅ Saved → RBQ | Malakhamb | Row 24
✅ Saved → RBQ | Malakhamb | Row 25
✅ Saved → RBQ | Malakhamb | Row 26
✅ Saved → RBQ | Malakhamb | Row 27
✅ Saved → RBQ | Malakhamb | Row 28
✅ Saved → RBQ | Malakhamb | Row 29
✅ Saved → RBQ | Malakhamb | Row 30
✅ Saved → RBQ | Malakhamb | Row 31
✅ Saved → RBQ | Malakhamb | Row 32
✅ Saved → RBQ | Malakhamb | Row 33
✅ Saved → RBQ | Malakhamb | Row 34
✅ Saved → RBQ | Malakhamb | Row 35
✅ Saved → RBQ | Malakhamb | Row 36
✅ Saved → RBQ | Malakhamb | Row 37
✅ Saved → RBQ | Malakhamb | Row 38
✅ Saved → RBQ | Malakhamb | Row 39
✅ Saved → RBQ | Malakhamb | Row 40
✅ Saved → RBQ | Malakhamb | Row 41
✅ Saved → RBQ | Malakhamb | Row 42
✅ Saved → RBQ | Malakhamb | Row 43
✅ Saved → RBQ | Malakhamb | Row 44
✅ Saved → RBQ | Malakhamb | Row 45
✅ Saved → RBQ | Malakhamb | Row 46
✅ Saved → RBQ | Malakhamb | Row 47
✅ Saved → RBQ | Malakhamb | Row 48
✅ Saved → RBQ | Malakhamb | Row 49
✅ Saved → RBQ | Malakhamb | Row 50
✅ Saved → RBQ | Malakhamb | Row 51
✅ Saved → RBQ | Malakhamb | Row 52
✅ Saved → RBQ | Malakhamb | Row 53
✅ Saved → RBQ | Malakhamb | Row 54
✅ Saved → RBQ | Malakhamb | Row 55
✅ Saved → RBQ | Malakhamb | Row 56
✅ Saved → RBQ | Malakhamb | Row 57
✅ Saved → RBQ | Malakhamb | Row 58
✅ Saved → RBQ | Malakhamb | Row 59
✅ Saved → RBQ | Malakhamb | Row 60
✅ Saved → RBQ | Malakhamb | Row 61
✅ Saved → RBQ | Malakhamb | Row 62
✅ Saved → RBQ | Malakhamb | Row 63
✅ Saved → RBQ | Malakhamb | Row 64
✅ Saved → RBQ | Malakhamb | Row 65
✅ Saved → RBQ | Malakhamb | Row 66
✅ Saved → RBQ | Malakhamb | Row 67
✅ Saved → RBQ | Malakhamb | Row 68
✅ Saved → RBQ | Malakhamb | Row 69
✅ Saved → RBQ | Malakhamb | Row 70
✅ Saved → RBQ | Malakhamb | Row 71
✅ Saved → RBQ | Malakhamb | Row 72
✅ Saved → RBQ | Malakhamb | Row 73
✅ Saved → RBQ | Malakhamb | Row 74
✅ Saved → RBQ | Malakhamb | Row 75
✅ Saved → RBQ | Malakhamb | Row 76
✅ Saved → RBQ | Malakhamb | Row 77
✅ Saved → RBQ | Malakhamb | Row 78
✅ Saved → RBQ | Malakhamb | Row 79
✅ Saved → RBQ | Malakhamb | Row 80
✅ Saved → RBQ | Malakhamb | Row 81
✅ Saved → RBQ | Malakhamb | Row 82
✅ Saved → RBQ | Malakhamb | Row 83
✅ Saved → RBQ | Malakhamb | Row 84
✅ Saved → RBQ | Malakhamb | Row 85
✅ Saved → RBQ | Malakhamb | Row 86
✅ Saved → RBQ | Malakhamb | Row 88
✅ Saved → RBQ | Malakhamb | Row 89
✅ Saved → RBQ | Malakhamb | Row 90
✅ Saved → RBQ | Malakhamb | Row 91
✅ Saved → RBQ | Malakhamb | Row 92
✅ Saved → RBQ | Malakhamb | Row 93
✅ Saved → RBQ | Malakhamb | Row 94
✅ Saved → RBQ | Malakhamb | Row 95
✅ Saved → RBQ | Malakhamb | Row 96
✅ Saved → RBQ | Malakhamb | Row 97
✅ Saved → RBQ | Malakhamb | Row 98
✅ Saved → RBQ | Malakhamb | Row 99
✅ Saved → RBQ | Malakhamb | Row 100
✅ Saved → RBQ | Malakhamb | Row 101
✅ Saved → RBQ | Malakhamb | Row 102
✅ Saved → RBQ | Malakhamb | Row 103
✅ Saved → RBQ | Malakhamb | Row 104
✅ Saved → RBQ | Malakhamb | Row 105
✅ Saved → RBQ | Malakhamb | Row 106
✅ Saved → RBQ | Malakhamb | Row 107
✅ Saved → RBQ | Malakhamb | Row 108
✅ Saved → RBQ | Malakhamb | Row 109
✅ Saved → RBQ | Malakhamb | Row 110
✅ Saved → RBQ | Malakhamb | Row 111
✅ Saved → RBQ | Malakhamb | Row 112
✅ Saved → RBQ | Malakhamb | Row 113
✅ Saved → RBQ | Malakhamb | Row 114
✅ Saved → RBQ | Malakhamb | Row 115
✅ Saved → RBQ | Malakhamb | Row 116
✅ Saved → RBQ | Malakhamb | Row 117
✅ Saved → RBQ | Malakhamb | Row 118
✅ Saved → RBQ | Malakhamb | Row 119
✅ Saved → RBQ | Malakhamb | Row 120
✅ Saved → RBQ | Malakhamb | Row 121
✅ Saved → RBQ | Malakhamb | Row 122
✅ Saved → RBQ | Malakhamb | Row 123
✅ Saved → RBQ | Malakhamb | Row 124
✅ Saved → RBQ | Malakhamb | Row 125
✅ Saved → RBQ | Malakhamb | Row 126
✅ Saved → RBQ | Malakhamb | Row 127
✅ Saved → RBQ | Malakhamb | Row 128
✅ Saved → RBQ | Malakhamb | Row 129
✅ Saved → RBQ | Malakhamb | Row 130
✅ Saved → RBQ | Malakhamb | Row 131
✅ Saved → RBQ | Malakhamb | Row 132
✅ Saved → RBQ | Malakhamb | Row 133
✅ Saved → RBQ | Malakhamb | Row 134
✅ Saved → RBQ | Malakhamb | Row 135
✅ Saved → RBQ | Malakhamb | Row 136
✅ Saved → RBQ | Malakhamb | Row 137
✅ Saved → RBQ | Malakhamb | Row 138
✅ Saved → RBQ | Malakhamb | Row 139
✅ Saved → RBQ | Malakhamb | Row 140
✅ Saved → RBQ | Malakhamb | Row 141
✅ Saved → RBQ | Malakhamb | Row 142
✅ Saved → RBQ | Malakhamb | Row 143
✅ Saved → RBQ | Malakhamb | Row 144
✅ Saved → RBQ | Malakhamb | Row 145
✅ Saved → RBQ | Malakhamb | Row 146
✅ Saved → RBQ | Malakhamb | Row 147
✅ Saved → RBQ | Malakhamb | Row 148
✅ Saved → RBQ | Malakhamb | Row 149
✅ Saved → RBQ | Malakhamb | Row 150
✅ Saved → RBQ | Malakhamb | Row 151
✅ Saved → RBQ | Malakhamb | Row 152
✅ Saved → RBQ | Malakhamb | Row 153
✅ Saved → RBQ | Malakhamb | Row 154
✅ Saved → RBQ | Malakhamb | Row 155
✅ Saved → RBQ | Malakhamb | Row 156
✅ Saved → RBQ | Malakhamb | Row 157
✅ Saved → RBQ | Malakhamb | Row 158
✅ Saved → RBQ | Malakhamb | Row 159
✅ Saved → RBQ | Malakhamb | Row 160
✅ Saved → RBQ | Malakhamb | Row 161
✅ Saved → RBQ | Malakhamb | Row 162
✅ Saved → RBQ | Malakhamb | Row 163
✅ Saved → RBQ | Malakhamb | Row 164
✅ Saved → RBQ | Malakhamb | Row 165
✅ Saved → RBQ | Malakhamb | Row 166
✅ Saved → RBQ | Malakhamb | Row 167
✅ Saved → RBQ | Malakhamb | Row 168
✅ Saved → RBQ | Malakhamb | Row 169
✅ Saved → RBQ | Malakhamb | Row 170
✅ Saved → RBQ | Malakhamb | Row 171
✅ Saved → RBQ | Malakhamb | Row 172
✅ Saved → RBQ | Malakhamb | Row 173
✅ Saved → RBQ | Malakhamb | Row 174
✅ Saved → RBQ | Malakhamb | Row 175
✅ Saved → RBQ | Malakhamb | Row 176
✅ Saved → RBQ | Malakhamb | Row 177
✅ Saved → RBQ | Malakhamb | Row 178
✅ Saved → RBQ | Malakhamb | Row 179
✅ Saved → RBQ | Malakhamb | Row 180
✅ Saved → RBQ | Malakhamb | Row 181
✅ Saved → RBQ | Malakhamb | Row 182
✅ Saved → RBQ | Malakhamb | Row 183
✅ Saved → RBQ | Malakhamb | Row 184
✅ Saved → RBQ | Malakhamb | Row 185
✅ Saved → RBQ | Malakhamb | Row 186
✅ Saved → RBQ | Malakhamb | Row 187
✅ Saved → RBQ | Malakhamb | Row 188
✅ Saved → RBQ | Malakhamb | Row 189
✅ Saved → RBQ | Malakhamb | Row 190
✅ Saved → RBQ | Malakhamb | Row 191
✅ Saved → RBQ | Malakhamb | Row 192
✅ Saved → RBQ | Malakhamb | Row 193
✅ Saved → RBQ | Malakhamb | Row 194
✅ Saved → RBQ | Malakhamb | Row 195
✅ Saved → RBQ | Malakhamb | Row 196
✅ Saved → RBQ | Malakhamb | Row 197
✅ Saved → RBQ | Malakhamb | Row 198
✅ Saved → RBQ | Malakhamb | Row 199
✅ Saved → RBQ | Malakhamb | Row 200
✅ Saved → RBQ | Malakhamb | Row 201
✅ Saved → RBQ | Malakhamb | Row 202
✅ Saved → RBQ | Malakhamb | Row 203
✅ Saved → RBQ | Malakhamb | Row 204
✅ Saved → RBQ | Malakhamb | Row 205
✅ Saved → RBQ | Malakhamb | Row 206
✅ Saved → RBQ | Malakhamb | Row 207
✅ Saved → RBQ | Malakhamb | Row 208
✅ Saved → RBQ | Malakhamb | Row 209
✅ Saved → RBQ | Malakhamb | Row 210
✅ Saved → RBQ | Malakhamb | Row 211
✅ Saved → RBQ | Malakhamb | Row 212
✅ Saved → RBQ | Malakhamb | Row 213
✅ Saved → RBQ | Malakhamb | Row 214
✅ Saved → RBQ | Malakhamb | Row 215
✅ Saved → RBQ | Malakhamb | Row 216
✅ Saved → RBQ | Malakhamb | Row 217
✅ Saved → RBQ | Malakhamb | Row 218
✅ Saved → RBQ | Malakhamb | Row 219
✅ Saved → RBQ | Malakhamb | Row 220
✅ Saved → RBQ | Malakhamb | Row 221
✅ Saved → RBQ | Malakhamb | Row 222
✅ Saved → RBQ | Malakhamb | Row 223
✅ Saved → RBQ | Malakhamb | Row 224
✅ Saved → RBQ | Malakhamb | Row 225
✅ Saved → RBQ | Malakhamb | Row 226
✅ Saved → RBQ | Malakhamb | Row 227
✅ Saved → RBQ | Malakhamb | Row 228
✅ Saved → RBQ | Malakhamb | Row 229
✅ Saved → RBQ | Malakhamb | Row 230
✅ Saved → RBQ | Malakhamb | Row 231
✅ Saved → RBQ | Malakhamb | Row 232
✅ Saved → RBQ | Malakhamb | Row 233
✅ Saved → RBQ | Malakhamb | Row 235
✅ Saved → RBQ | Malakhamb | Row 237
✅ Saved → RBQ | Malakhamb | Row 238
✅ Saved → RBQ | Malakhamb | Row 239
✅ Saved → RBQ | Malakhamb | Row 240
✅ Saved → RBQ | Malakhamb | Row 241
✅ Saved → RBQ | Malakhamb | Row 242
✅ Saved → RBQ | Malakhamb | Row 243
✅ Saved → RBQ | Malakhamb | Row 244
✅ Saved → RBQ | Malakhamb | Row 245
✅ Saved → RBQ | Malakhamb | Row 246
✅ Saved → RBQ | Malakhamb | Row 247
✅ Saved → RBQ | Malakhamb | Row 248
✅ Saved → RBQ | Malakhamb | Row 250
✅ Saved → RBQ | Malakhamb | Row 251
✅ Saved → RBQ | Malakhamb | Row 252
✅ Saved → RBQ | Malakhamb | Row 253
✅ Saved → RBQ | Malakhamb | Row 254
✅ Saved → RBQ | Malakhamb | Row 256
✅ Saved → RBQ | Malakhamb | Row 257
✅ Saved → RBQ | Malakhamb | Row 258
✅ Saved → RBQ | Malakhamb | Row 259
✅ Saved → RBQ | Malakhamb | Row 260
✅ Saved → RBQ | Malakhamb | Row 261
✅ Saved → RBQ | Malakhamb | Row 262
✅ Saved → RBQ | Malakhamb | Row 263
✅ Saved → RBQ | Malakhamb | Row 264
✅ Saved → RBQ | Malakhamb | Row 265
✅ Saved → RBQ | Malakhamb | Row 267
✅ Saved → RBQ | Malakhamb | Row 268
✅ Saved → RBQ | Malakhamb | Row 269
✅ Saved → RBQ | Malakhamb | Row 270
✅ Saved → RBQ | Malakhamb | Row 271
✅ Saved → RBQ | Malakhamb | Row 272
✅ Saved → RBQ | Malakhamb | Row 273
✅ Saved → RBQ | Malakhamb | Row 274
✅ Saved → RBQ | Malakhamb | Row 275
✅ Saved → RBQ | Malakhamb | Row 276
✅ Saved → RBQ | Malakhamb | Row 277
✅ Saved → RBQ | Malakhamb | Row 278
✅ Saved → RBQ | Malakhamb | Row 279
✅ Saved → RBQ | Malakhamb | Row 280
✅ Saved → RBQ | Malakhamb | Row 281
✅ Saved → RBQ | Malakhamb | Row 282
✅ Saved → RBQ | Malakhamb | Row 283
✅ Saved → RBQ | Malakhamb | Row 284
✅ Saved → RBQ | Malakhamb | Row 285
✅ Saved → RBQ | Malakhamb | Row 286
✅ Saved → RBQ | Malakhamb | Row 289
✅ Saved → RBQ | Malakhamb | Row 290
✅ Saved → RBQ | Malakhamb | Row 291
✅ Saved → RBQ | Malakhamb | Row 292
✅ Saved → RBQ | Malakhamb | Row 293
✅ Saved → RBQ | Malakhamb | Row 294
✅ Saved → RBQ | Malakhamb | Row 295
✅ Saved → RBQ | Malakhamb | Row 296
✅ Saved → RBQ | Malakhamb | Row 297
✅ Saved → RBQ | Malakhamb | Row 298
✅ Saved → RBQ | Malakhamb | Row 299
✅ Saved → RBQ | Malakhamb | Row 300
✅ Saved → RBQ | Malakhamb | Row 301
✅ Saved → RBQ | Malakhamb | Row 302
✅ Saved → RBQ | Malakhamb | Row 303
✅ Saved → RBQ | Malakhamb | Row 304
✅ Saved → RBQ | Malakhamb | Row 305
✅ Saved → RBQ | Malakhamb | Row 306
✅ Saved → RBQ | Malakhamb | Row 307
✅ Saved → RBQ | Malakhamb | Row 308
✅ Saved → RBQ | Malakhamb | Row 309
✅ Saved → RBQ | Malakhamb | Row 310
✅ Saved → RBQ | Malakhamb | Row 311
✅ Saved → RBQ | Malakhamb | Row 312
✅ Saved → RBQ | Malakhamb | Row 313
✅ Saved → RBQ | Malakhamb | Row 314
✅ Saved → RBQ | Malakhamb | Row 315
✅ Saved → RBQ | Malakhamb | Row 316
✅ Saved → RBQ | Malakhamb | Row 317
✅ Saved → RBQ | Malakhamb | Row 318
✅ Saved → RBQ | Malakhamb | Row 319
✅ Saved → RBQ | Malakhamb | Row 320
✅ Saved → RBQ | Malakhamb | Row 321
✅ Saved → RBQ | Malakhamb | Row 322
✅ Saved → RBQ | Malakhamb | Row 323
✅ Saved → RBQ | Malakhamb | Row 324
✅ Saved → RBQ | Malakhamb | Row 325
✅ Saved → RBQ | Malakhamb | Row 326
✅ Saved → RBQ | Malakhamb | Row 327
✅ Saved → RBQ | Malakhamb | Row 328
✅ Saved → RBQ | Malakhamb | Row 329
✅ Saved → RBQ | Malakhamb | Row 330
✅ Saved → RBQ | Malakhamb | Row 331
✅ Saved → RBQ | Malakhamb | Row 332
✅ Saved → RBQ | Malakhamb | Row 333
✅ Saved → RBQ | Malakhamb | Row 334
✅ Saved → RBQ | Malakhamb | Row 335
✅ Saved → RBQ | Malakhamb | Row 336
✅ Saved → RBQ | Malakhamb | Row 337
✅ Saved → RBQ | Malakhamb | Row 338
✅ Saved → RBQ | Malakhamb | Row 339
✅ Saved → RBQ | Malakhamb | Row 340
✅ Saved → RBQ | Malakhamb | Row 341
✅ Saved → RBQ | Malakhamb | Row 342
✅ Saved → RBQ | Malakhamb | Row 343
✅ Saved → RBQ | Malakhamb | Row 344
✅ Saved → RBQ | Malakhamb | Row 345
✅ Saved → RBQ | Malakhamb | Row 346
✅ Saved → RBQ | Malakhamb | Row 347
✅ Saved → RBQ | Malakhamb | Row 348
✅ Saved → RBQ | Malakhamb | Row 349
✅ Saved → RBQ | Malakhamb | Row 350
✅ Saved → RBQ | Malakhamb | Row 351
✅ Saved → RBQ | Malakhamb | Row 352
✅ Saved → RBQ | Malakhamb | Row 353
✅ Saved → RBQ | Malakhamb | Row 354
✅ Saved → RBQ | Malakhamb | Row 355
✅ Saved → RBQ | Malakhamb | Row 356
✅ Saved → RBQ | Malakhamb | Row 357
✅ Saved → RBQ | Malakhamb | Row 358
✅ Saved → RBQ | Malakhamb | Row 359
✅ Saved → RBQ | Malakhamb | Row 360
✅ Saved → RBQ | Malakhamb | Row 361
✅ Saved → RBQ | Malakhamb | Row 362
✅ Saved → RBQ | Malakhamb | Row 363
✅ Saved → RBQ | Malakhamb | Row 364
✅ Saved → RBQ | Malakhamb | Row 365
✅ Saved → RBQ | Malakhamb | Row 366
✅ Saved → RBQ | Malakhamb | Row 367
✅ Saved → RBQ | Malakhamb | Row 368
✅ Saved → RBQ | Malakhamb | Row 369
✅ Saved → RBQ | Malakhamb | Row 370
✅ Saved → RBQ | Malakhamb | Row 371
✅ Saved → RBQ | Malakhamb | Row 372
✅ Saved → RBQ | Malakhamb | Row 373
✅ Saved → RBQ | Malakhamb | Row 374
✅ Saved → RBQ | Malakhamb | Row 375
✅ Saved → RBQ | Malakhamb | Row 376
✅ Saved → RBQ | Malakhamb | Row 377
✅ Saved → RBQ | Malakhamb | Row 378
✅ Saved → RBQ | Malakhamb | Row 379
✅ Saved → RBQ | Malakhamb | Row 380
✅ Saved → RBQ | Malakhamb | Row 381
✅ Saved → RBQ | Malakhamb | Row 382
✅ Saved → RBQ | Malakhamb | Row 383
✅ Saved → RBQ | Malakhamb | Row 384
✅ Saved → RBQ | Malakhamb | Row 385
✅ Saved → RBQ | Malakhamb | Row 386
✅ Saved → RBQ | Malakhamb | Row 387
✅ Saved → RBQ | Malakhamb | Row 388
✅ Saved → RBQ | Malakhamb | Row 389
✅ Saved → RBQ | Malakhamb | Row 390
✅ Saved → RBQ | Malakhamb | Row 391
✅ Saved → RBQ | Malakhamb | Row 392
✅ Saved → RBQ | Malakhamb | Row 393
✅ Saved → RBQ | Malakhamb | Row 394
✅ Saved → RBQ | Malakhamb | Row 395
✅ Saved → RBQ | Malakhamb | Row 396
✅ Saved → RBQ | Malakhamb | Row 397
✅ Saved → RBQ | Malakhamb | Row 398
✅ Saved → RBQ | Malakhamb | Row 399
✅ Saved → RBQ | Malakhamb | Row 400
✅ Saved → RBQ | Malakhamb | Row 401
✅ Saved → RBQ | Malakhamb | Row 402
✅ Saved → RBQ | Malakhamb | Row 403
✅ Saved → RBQ | Gilli Danda | Row 0
✅ Saved → RBQ | Gilli Danda | Row 1
✅ Saved → RBQ | Gilli Danda | Row 2
✅ Saved → RBQ | Gilli Danda | Row 3
✅ Saved → RBQ | Gilli Danda | Row 4
✅ Saved → RBQ | Gilli Danda | Row 5
✅ Saved → RBQ | Gilli Danda | Row 6
✅ Saved → RBQ | Gilli Danda | Row 7
✅ Saved → RBQ | Gilli Danda | Row 8
✅ Saved → RBQ | Gilli Danda | Row 9
✅ Saved → RBQ | Gilli Danda | Row 10
✅ Saved → RBQ | Gilli Danda | Row 11
✅ Saved → RBQ | Gilli Danda | Row 12
✅ Saved → RBQ | Gilli Danda | Row 13
✅ Saved → RBQ | Gilli Danda | Row 14
✅ Saved → RBQ | Gilli Danda | Row 15
✅ Saved → RBQ | Gilli Danda | Row 16
✅ Saved → RBQ | Gilli Danda | Row 17
✅ Saved → RBQ | Gilli Danda | Row 18
✅ Saved → RBQ | Gilli Danda | Row 19
✅ Saved → RBQ | Gilli Danda | Row 20
✅ Saved → RBQ | Gilli Danda | Row 21
✅ Saved → RBQ | Gilli Danda | Row 22
✅ Saved → RBQ | Gilli Danda | Row 23
✅ Saved → RBQ | Gilli Danda | Row 24
✅ Saved → RBQ | Gilli Danda | Row 25
✅ Saved → RBQ | Gilli Danda | Row 26
✅ Saved → RBQ | Gilli Danda | Row 27
✅ Saved → RBQ | Gilli Danda | Row 28
✅ Saved → RBQ | Gilli Danda | Row 29
✅ Saved → RBQ | Gilli Danda | Row 30
✅ Saved → RBQ | Gilli Danda | Row 31
✅ Saved → RBQ | Gilli Danda | Row 32
✅ Saved → RBQ | Gilli Danda | Row 33
✅ Saved → RBQ | Gilli Danda | Row 34
✅ Saved → RBQ | Gilli Danda | Row 35
✅ Saved → RBQ | Gilli Danda | Row 36
✅ Saved → RBQ | Gilli Danda | Row 37
✅ Saved → RBQ | Gilli Danda | Row 38
✅ Saved → RBQ | Gilli Danda | Row 39
✅ Saved → RBQ | Gilli Danda | Row 40
✅ Saved → RBQ | Gilli Danda | Row 41
✅ Saved → RBQ | Gilli Danda | Row 42
✅ Saved → RBQ | Gilli Danda | Row 43
✅ Saved → RBQ | Gilli Danda | Row 44
✅ Saved → RBQ | Gilli Danda | Row 45
✅ Saved → RBQ | Gilli Danda | Row 46
✅ Saved → RBQ | Gilli Danda | Row 47
✅ Saved → RBQ | Gilli Danda | Row 48
✅ Saved → RBQ | Gilli Danda | Row 49
✅ Saved → RBQ | Gilli Danda | Row 50
✅ Saved → RBQ | Gilli Danda | Row 51
✅ Saved → RBQ | Gilli Danda | Row 52
✅ Saved → RBQ | Gilli Danda | Row 53
✅ Saved → RBQ | Gilli Danda | Row 54
✅ Saved → RBQ | Gilli Danda | Row 56
✅ Saved → RBQ | Gilli Danda | Row 57
✅ Saved → RBQ | Gilli Danda | Row 58
✅ Saved → RBQ | Gilli Danda | Row 59
✅ Saved → RBQ | Gilli Danda | Row 60
✅ Saved → RBQ | Gilli Danda | Row 61
✅ Saved → RBQ | Gilli Danda | Row 62
✅ Saved → RBQ | Gilli Danda | Row 63
✅ Saved → RBQ | Gilli Danda | Row 64
✅ Saved → RBQ | Gilli Danda | Row 65
✅ Saved → RBQ | Gilli Danda | Row 66
✅ Saved → RBQ | Gilli Danda | Row 67
✅ Saved → RBQ | Gilli Danda | Row 68
✅ Saved → RBQ | Gilli Danda | Row 69
✅ Saved → RBQ | Gilli Danda | Row 70
✅ Saved → RBQ | Gilli Danda | Row 71
✅ Saved → RBQ | Gilli Danda | Row 72
✅ Saved → RBQ | Gilli Danda | Row 73
✅ Saved → RBQ | Gilli Danda | Row 74
✅ Saved → RBQ | Gilli Danda | Row 75
✅ Saved → RBQ | Gilli Danda | Row 77
✅ Saved → RBQ | Gilli Danda | Row 80
✅ Saved → RBQ | Gilli Danda | Row 83
✅ Saved → RBQ | Gilli Danda | Row 92
✅ Saved → RBQ | Gilli Danda | Row 97
✅ Saved → RBQ | Gilli Danda | Row 98
✅ Saved → RBQ | Gilli Danda | Row 100
✅ Saved → RBQ | Gilli Danda | Row 101
✅ Saved → RBQ | Gilli Danda | Row 102
✅ Saved → RBQ | Gilli Danda | Row 103
✅ Saved → RBQ | Gilli Danda | Row 105
✅ Saved → RBQ | Gilli Danda | Row 106
✅ Saved → RBQ | Gilli Danda | Row 110
✅ Saved → RBQ | Gilli Danda | Row 113
✅ Saved → RBQ | Gilli Danda | Row 116
✅ Saved → RBQ | Gilli Danda | Row 117
✅ Saved → RBQ | Gilli Danda | Row 123
✅ Saved → RBQ | Gilli Danda | Row 124
✅ Saved → RBQ | Gilli Danda | Row 129
✅ Saved → RBQ | Gilli Danda | Row 135
✅ Saved → RBQ | Gilli Danda | Row 197
✅ Saved → RBQ | Gilli Danda | Row 198
✅ Saved → RBQ | Gilli Danda | Row 199
✅ Saved → RBQ | Gilli Danda | Row 200
✅ Saved → RBQ | Gilli Danda | Row 201
✅ Saved → RBQ | Gilli Danda | Row 202
✅ Saved → RBQ | Gilli Danda | Row 203
✅ Saved → RBQ | Gilli Danda | Row 204
✅ Saved → RBQ | Gilli Danda | Row 205
✅ Saved → RBQ | Gilli Danda | Row 206
✅ Saved → RBQ | Gilli Danda | Row 207
✅ Saved → RBQ | Gilli Danda | Row 208
✅ Saved → RBQ | Gilli Danda | Row 209
✅ Saved → RBQ | Gilli Danda | Row 210
✅ Saved → RBQ | Gilli Danda | Row 211
✅ Saved → RBQ | Gilli Danda | Row 212
✅ Saved → RBQ | Gilli Danda | Row 213
✅ Saved → RBQ | Gilli Danda | Row 214
✅ Saved → RBQ | Gilli Danda | Row 215
✅ Saved → RBQ | Gilli Danda | Row 216
✅ Saved → RBQ | Gilli Danda | Row 217
✅ Saved → RBQ | Gilli Danda | Row 218
✅ Saved → RBQ | Gilli Danda | Row 219
✅ Saved → RBQ | Gilli Danda | Row 220
✅ Saved → RBQ | Gilli Danda | Row 221
✅ Saved → RBQ | Gilli Danda | Row 222
✅ Saved → RBQ | Gilli Danda | Row 223
✅ Saved → RBQ | Gilli Danda | Row 224
✅ Saved → RBQ | Gilli Danda | Row 225
✅ Saved → RBQ | Gilli Danda | Row 226
✅ Saved → RBQ | Gilli Danda | Row 227
✅ Saved → RBQ | Gilli Danda | Row 228
✅ Saved → RBQ | Gilli Danda | Row 229
✅ Saved → RBQ | Gilli Danda | Row 230
✅ Saved → RBQ | Gilli Danda | Row 231
✅ Saved → RBQ | Gilli Danda | Row 232
✅ Saved → RBQ | Gilli Danda | Row 233
✅ Saved → RBQ | Gilli Danda | Row 234
✅ Saved → RBQ | Gilli Danda | Row 235
✅ Saved → RBQ | Gilli Danda | Row 236
✅ Saved → RBQ | Gilli Danda | Row 237
✅ Saved → RBQ | Gilli Danda | Row 238
✅ Saved → RBQ | Gilli Danda | Row 239
✅ Saved → RBQ | Gilli Danda | Row 240
✅ Saved → RBQ | Gilli Danda | Row 241
✅ Saved → RBQ | Gilli Danda | Row 242
✅ Saved → RBQ | Gilli Danda | Row 243
✅ Saved → RBQ | Gilli Danda | Row 244
✅ Saved → RBQ | Gilli Danda | Row 245
✅ Saved → RBQ | Gilli Danda | Row 246
✅ Saved → RBQ | Gilli Danda | Row 247
✅ Saved → RBQ | Gilli Danda | Row 248
✅ Saved → RBQ | Gilli Danda | Row 249
✅ Saved → RBQ | Gilli Danda | Row 250
✅ Saved → RBQ | Gilli Danda | Row 251
✅ Saved → RBQ | Gilli Danda | Row 252
✅ Saved → RBQ | Gilli Danda | Row 253
✅ Saved → RBQ | Gilli Danda | Row 254
✅ Saved → RBQ | Gilli Danda | Row 255
✅ Saved → RBQ | Gilli Danda | Row 256
✅ Saved → RBQ | Gilli Danda | Row 257
✅ Saved → RBQ | Gilli Danda | Row 258
✅ Saved → RBQ | Gilli Danda | Row 259
✅ Saved → RBQ | Gilli Danda | Row 260
✅ Saved → RBQ | Gilli Danda | Row 261
✅ Saved → RBQ | Gilli Danda | Row 262
✅ Saved → RBQ | Gilli Danda | Row 263
✅ Saved → RBQ | Gilli Danda | Row 264
✅ Saved → RBQ | Gilli Danda | Row 265
✅ Saved → RBQ | Gilli Danda | Row 266
✅ Saved → RBQ | Gilli Danda | Row 267
✅ Saved → RBQ | Gilli Danda | Row 268
✅ Saved → RBQ | Gilli Danda | Row 269
✅ Saved → RBQ | Gilli Danda | Row 271
✅ Saved → RBQ | Gilli Danda | Row 272
✅ Saved → RBQ | Gilli Danda | Row 274
✅ Saved → RBQ | Gilli Danda | Row 275
✅ Saved → RBQ | Gilli Danda | Row 278
✅ Saved → RBQ | Gilli Danda | Row 280
✅ Saved → RBQ | Gilli Danda | Row 281
✅ Saved → RBQ | Gilli Danda | Row 282
✅ Saved → RBQ | Gilli Danda | Row 283
✅ Saved → RBQ | Gilli Danda | Row 284
✅ Saved → RBQ | Gilli Danda | Row 286
✅ Saved → RBQ | Gilli Danda | Row 287
✅ Saved → RBQ | Gilli Danda | Row 288
✅ Saved → RBQ | Gilli Danda | Row 289
✅ Saved → RBQ | Gilli Danda | Row 290
✅ Saved → RBQ | Gilli Danda | Row 291
✅ Saved → RBQ | Gilli Danda | Row 292
✅ Saved → RBQ | Gilli Danda | Row 293
✅ Saved → RBQ | Gilli Danda | Row 294
✅ Saved → RBQ | Gilli Danda | Row 295
✅ Saved → RBQ | Gilli Danda | Row 296
✅ Saved → RBQ | Gilli Danda | Row 297
✅ Saved → RBQ | Gilli Danda | Row 298
✅ Saved → RBQ | Gilli Danda | Row 299
✅ Saved → RBQ | Gilli Danda | Row 300
✅ Saved → RBQ | Gilli Danda | Row 301
✅ Saved → RBQ | Gilli Danda | Row 302
✅ Saved → RBQ | Gilli Danda | Row 303
✅ Saved → RBQ | Gilli Danda | Row 304
✅ Saved → RBQ | Gilli Danda | Row 305
✅ Saved → RBQ | Gilli Danda | Row 306
✅ Saved → RBQ | Gilli Danda | Row 309
✅ Saved → RBQ | Gilli Danda | Row 311
✅ Saved → RBQ | Gilli Danda | Row 312
✅ Saved → RBQ | Gilli Danda | Row 313
✅ Saved → RBQ | Gilli Danda | Row 314
✅ Saved → RBQ | Gilli Danda | Row 315
✅ Saved → RBQ | Gilli Danda | Row 316
✅ Saved → RBQ | Gilli Danda | Row 317
✅ Saved → RBQ | Gilli Danda | Row 318
✅ Saved → RBQ | Gilli Danda | Row 319
✅ Saved → RBQ | Gilli Danda | Row 320
✅ Saved → RBQ | Gilli Danda | Row 321
✅ Saved → RBQ | Gilli Danda | Row 323
✅ Saved → RBQ | Gilli Danda | Row 324
✅ Saved → RBQ | Gilli Danda | Row 325
✅ Saved → RBQ | Gilli Danda | Row 326
✅ Saved → RBQ | Gilli Danda | Row 327
✅ Saved → RBQ | Gilli Danda | Row 328
✅ Saved → RBQ | Gilli Danda | Row 329
✅ Saved → RBQ | Gilli Danda | Row 330
✅ Saved → RBQ | Gilli Danda | Row 331
✅ Saved → RBQ | Gilli Danda | Row 332
✅ Saved → RBQ | Gilli Danda | Row 333
✅ Saved → RBQ | Gilli Danda | Row 334
✅ Saved → RBQ | Gilli Danda | Row 335
✅ Saved → RBQ | Gilli Danda | Row 336
✅ Saved → RBQ | Gilli Danda | Row 337
✅ Saved → RBQ | Gilli Danda | Row 338
✅ Saved → RBQ | Gilli Danda | Row 339
✅ Saved → RBQ | Gilli Danda | Row 340
✅ Saved → RBQ | Gilli Danda | Row 341
✅ Saved → RBQ | Gilli Danda | Row 342
✅ Saved → RBQ | Gilli Danda | Row 343
✅ Saved → RBQ | Gilli Danda | Row 344
✅ Saved → RBQ | Gilli Danda | Row 345
✅ Saved → RBQ | Gilli Danda | Row 346
✅ Saved → RBQ | Gilli Danda | Row 347
✅ Saved → RBQ | Gilli Danda | Row 348
✅ Saved → RBQ | Gilli Danda | Row 349
✅ Saved → RBQ | Gilli Danda | Row 350
✅ Saved → RBQ | Gilli Danda | Row 351
✅ Saved → RBQ | Gilli Danda | Row 352
✅ Saved → RBQ | Gilli Danda | Row 353
✅ Saved → RBQ | Gilli Danda | Row 355
✅ Saved → RBQ | Gilli Danda | Row 356
✅ Saved → RBQ | Gilli Danda | Row 357
✅ Saved → RBQ | Gilli Danda | Row 358
✅ Saved → RBQ | Gilli Danda | Row 359
✅ Saved → RBQ | Gilli Danda | Row 360
✅ Saved → RBQ | Gilli Danda | Row 361
✅ Saved → RBQ | Gilli Danda | Row 362
✅ Saved → RBQ | Gilli Danda | Row 363
✅ Saved → RBQ | Gilli Danda | Row 364
✅ Saved → RBQ | Gilli Danda | Row 365
✅ Saved → RBQ | Gilli Danda | Row 366
✅ Saved → RBQ | Gilli Danda | Row 367
✅ Saved → RBQ | Gilli Danda | Row 368
✅ Saved → RBQ | Gilli Danda | Row 369
✅ Saved → RBQ | Gilli Danda | Row 370
✅ Saved → RBQ | Gilli Danda | Row 371
✅ Saved → RBQ | Gilli Danda | Row 372
✅ Saved → RBQ | Gilli Danda | Row 373
✅ Saved → RBQ | Gilli Danda | Row 374
✅ Saved → RBQ | Gilli Danda | Row 375
✅ Saved → RBQ | Gilli Danda | Row 376
✅ Saved → RBQ | Gilli Danda | Row 377
✅ Saved → RBQ | Gilli Danda | Row 378
✅ Saved → RBQ | Gilli Danda | Row 379
✅ Saved → RBQ | Gilli Danda | Row 380
✅ Saved → RBQ | Gilli Danda | Row 381
✅ Saved → RBQ | Gilli Danda | Row 382
✅ Saved → RBQ | Gilli Danda | Row 383
✅ Saved → RBQ | Gilli Danda | Row 384
✅ Saved → RBQ | Gilli Danda | Row 385
✅ Saved → RBQ | Gilli Danda | Row 386
✅ Saved → RBQ | Gilli Danda | Row 387
✅ Saved → RBQ | Gilli Danda | Row 388
✅ Saved → RBQ | Gilli Danda | Row 389
✅ Saved → RBQ | Gilli Danda | Row 390
✅ Saved → RBQ | Gilli Danda | Row 391
✅ Saved → RBQ | Gilli Danda | Row 392
✅ Saved → RBQ | Gilli Danda | Row 393
✅ Saved → RBQ | Thang Ta | Row 0
✅ Saved → RBQ | Thang Ta | Row 1
✅ Saved → RBQ | Thang Ta | Row 2
✅ Saved → RBQ | Thang Ta | Row 3
✅ Saved → RBQ | Thang Ta | Row 4
✅ Saved → RBQ | Thang Ta | Row 5
✅ Saved → RBQ | Thang Ta | Row 6
✅ Saved → RBQ | Thang Ta | Row 7
✅ Saved → RBQ | Thang Ta | Row 8
✅ Saved → RBQ | Thang Ta | Row 9
✅ Saved → RBQ | Thang Ta | Row 10
✅ Saved → RBQ | Thang Ta | Row 11
✅ Saved → RBQ | Thang Ta | Row 12
✅ Saved → RBQ | Thang Ta | Row 13
✅ Saved → RBQ | Thang Ta | Row 14
✅ Saved → RBQ | Thang Ta | Row 15
✅ Saved → RBQ | Thang Ta | Row 16
✅ Saved → RBQ | Thang Ta | Row 18
✅ Saved → RBQ | Thang Ta | Row 19
✅ Saved → RBQ | Thang Ta | Row 20
✅ Saved → RBQ | Thang Ta | Row 21
✅ Saved → RBQ | Thang Ta | Row 22
✅ Saved → RBQ | Thang Ta | Row 23
✅ Saved → RBQ | Thang Ta | Row 24
✅ Saved → RBQ | Thang Ta | Row 25
✅ Saved → RBQ | Thang Ta | Row 26
✅ Saved → RBQ | Thang Ta | Row 27
✅ Saved → RBQ | Thang Ta | Row 28
✅ Saved → RBQ | Thang Ta | Row 29
✅ Saved → RBQ | Thang Ta | Row 30
✅ Saved → RBQ | Thang Ta | Row 31
✅ Saved → RBQ | Thang Ta | Row 32
✅ Saved → RBQ | Thang Ta | Row 33
✅ Saved → RBQ | Thang Ta | Row 34
✅ Saved → RBQ | Thang Ta | Row 35
✅ Saved → RBQ | Thang Ta | Row 36
✅ Saved → RBQ | Thang Ta | Row 37
✅ Saved → RBQ | Thang Ta | Row 38
✅ Saved → RBQ | Thang Ta | Row 39
✅ Saved → RBQ | Thang Ta | Row 40
✅ Saved → RBQ | Thang Ta | Row 41
✅ Saved → RBQ | Thang Ta | Row 42
✅ Saved → RBQ | Thang Ta | Row 44
✅ Saved → RBQ | Thang Ta | Row 45
✅ Saved → RBQ | Thang Ta | Row 46
✅ Saved → RBQ | Thang Ta | Row 48
✅ Saved → RBQ | Thang Ta | Row 49
✅ Saved → RBQ | Thang Ta | Row 52
✅ Saved → RBQ | Thang Ta | Row 54
✅ Saved → RBQ | Thang Ta | Row 55
✅ Saved → RBQ | Thang Ta | Row 56
✅ Saved → RBQ | Thang Ta | Row 57
✅ Saved → RBQ | Thang Ta | Row 59
✅ Saved → RBQ | Thang Ta | Row 60
✅ Saved → RBQ | Thang Ta | Row 61
✅ Saved → RBQ | Thang Ta | Row 62
✅ Saved → RBQ | Thang Ta | Row 63
✅ Saved → RBQ | Thang Ta | Row 65
✅ Saved → RBQ | Thang Ta | Row 66
✅ Saved → RBQ | Thang Ta | Row 67
✅ Saved → RBQ | Thang Ta | Row 68
✅ Saved → RBQ | Thang Ta | Row 69
✅ Saved → RBQ | Thang Ta | Row 70
✅ Saved → RBQ | Thang Ta | Row 71
✅ Saved → RBQ | Thang Ta | Row 72
✅ Saved → RBQ | Thang Ta | Row 73
✅ Saved → RBQ | Thang Ta | Row 74
✅ Saved → RBQ | Thang Ta | Row 75
✅ Saved → RBQ | Thang Ta | Row 76
✅ Saved → RBQ | Thang Ta | Row 77
✅ Saved → RBQ | Thang Ta | Row 78
✅ Saved → RBQ | Thang Ta | Row 79
✅ Saved → RBQ | Thang Ta | Row 80
✅ Saved → RBQ | Thang Ta | Row 81
✅ Saved → RBQ | Thang Ta | Row 82
✅ Saved → RBQ | Thang Ta | Row 83
✅ Saved → RBQ | Thang Ta | Row 84
✅ Saved → RBQ | Thang Ta | Row 85
✅ Saved → RBQ | Thang Ta | Row 86
✅ Saved → RBQ | Thang Ta | Row 87
✅ Saved → RBQ | Thang Ta | Row 88
✅ Saved → RBQ | Thang Ta | Row 89
✅ Saved → RBQ | Thang Ta | Row 90
✅ Saved → RBQ | Thang Ta | Row 91
✅ Saved → RBQ | Thang Ta | Row 92
✅ Saved → RBQ | Thang Ta | Row 93
✅ Saved → RBQ | Thang Ta | Row 94
✅ Saved → RBQ | Thang Ta | Row 95
✅ Saved → RBQ | Thang Ta | Row 97
✅ Saved → RBQ | Thang Ta | Row 99
✅ Saved → RBQ | Thang Ta | Row 100
✅ Saved → RBQ | Thang Ta | Row 101
✅ Saved → RBQ | Thang Ta | Row 102
✅ Saved → RBQ | Thang Ta | Row 103
✅ Saved → RBQ | Thang Ta | Row 105
✅ Saved → RBQ | Thang Ta | Row 106
✅ Saved → RBQ | Thang Ta | Row 107
✅ Saved → RBQ | Thang Ta | Row 108
✅ Saved → RBQ | Thang Ta | Row 109
✅ Saved → RBQ | Thang Ta | Row 111
✅ Saved → RBQ | Thang Ta | Row 112
✅ Saved → RBQ | Thang Ta | Row 113
✅ Saved → RBQ | Thang Ta | Row 114
✅ Saved → RBQ | Thang Ta | Row 115
✅ Saved → RBQ | Thang Ta | Row 116
✅ Saved → RBQ | Thang Ta | Row 117
✅ Saved → RBQ | Thang Ta | Row 120
✅ Saved → RBQ | Thang Ta | Row 121
✅ Saved → RBQ | Thang Ta | Row 122
✅ Saved → RBQ | Thang Ta | Row 123
✅ Saved → RBQ | Thang Ta | Row 124
✅ Saved → RBQ | Thang Ta | Row 125
✅ Saved → RBQ | Thang Ta | Row 126
✅ Saved → RBQ | Thang Ta | Row 128
✅ Saved → RBQ | Thang Ta | Row 132
✅ Saved → RBQ | Thang Ta | Row 133
✅ Saved → RBQ | Thang Ta | Row 134
✅ Saved → RBQ | Thang Ta | Row 135
✅ Saved → RBQ | Thang Ta | Row 136
✅ Saved → RBQ | Thang Ta | Row 137
✅ Saved → RBQ | Thang Ta | Row 138
✅ Saved → RBQ | Thang Ta | Row 139
✅ Saved → RBQ | Thang Ta | Row 140
✅ Saved → RBQ | Thang Ta | Row 141
✅ Saved → RBQ | Thang Ta | Row 142
✅ Saved → RBQ | Thang Ta | Row 143
✅ Saved → RBQ | Thang Ta | Row 144
✅ Saved → RBQ | Thang Ta | Row 145
✅ Saved → RBQ | Thang Ta | Row 146
✅ Saved → RBQ | Thang Ta | Row 147
✅ Saved → RBQ | Thang Ta | Row 148
✅ Saved → RBQ | Thang Ta | Row 150
✅ Saved → RBQ | Thang Ta | Row 151
✅ Saved → RBQ | Thang Ta | Row 152
✅ Saved → RBQ | Thang Ta | Row 153
✅ Saved → RBQ | Thang Ta | Row 154
✅ Saved → RBQ | Thang Ta | Row 155
✅ Saved → RBQ | Thang Ta | Row 156
✅ Saved → RBQ | Thang Ta | Row 157
✅ Saved → RBQ | Thang Ta | Row 160
✅ Saved → RBQ | Thang Ta | Row 162
✅ Saved → RBQ | Thang Ta | Row 163
✅ Saved → RBQ | Thang Ta | Row 177
✅ Saved → RBQ | Thang Ta | Row 196
✅ Saved → RBQ | Thang Ta | Row 197
✅ Saved → RBQ | Thang Ta | Row 198
✅ Saved → RBQ | Thang Ta | Row 199
✅ Saved → RBQ | Thang Ta | Row 200
✅ Saved → RBQ | Thang Ta | Row 202
✅ Saved → RBQ | Thang Ta | Row 203
✅ Saved → RBQ | Thang Ta | Row 205
✅ Saved → RBQ | Thang Ta | Row 207
✅ Saved → RBQ | Thang Ta | Row 208
✅ Saved → RBQ | Thang Ta | Row 209
✅ Saved → RBQ | Thang Ta | Row 210
✅ Saved → RBQ | Thang Ta | Row 212
✅ Saved → RBQ | Thang Ta | Row 213
✅ Saved → RBQ | Thang Ta | Row 215
✅ Saved → RBQ | Thang Ta | Row 216
✅ Saved → RBQ | Thang Ta | Row 217
✅ Saved → RBQ | Thang Ta | Row 218
✅ Saved → RBQ | Thang Ta | Row 220
✅ Saved → RBQ | Thang Ta | Row 221
✅ Saved → RBQ | Thang Ta | Row 223
✅ Saved → RBQ | Thang Ta | Row 224
✅ Saved → RBQ | Thang Ta | Row 225
✅ Saved → RBQ | Thang Ta | Row 226
✅ Saved → RBQ | Thang Ta | Row 227
✅ Saved → RBQ | Thang Ta | Row 228
✅ Saved → RBQ | Thang Ta | Row 229
✅ Saved → RBQ | Thang Ta | Row 231
✅ Saved → RBQ | Thang Ta | Row 235
✅ Saved → RBQ | Thang Ta | Row 237
✅ Saved → RBQ | Thang Ta | Row 238
✅ Saved → RBQ | Thang Ta | Row 239
✅ Saved → RBQ | Thang Ta | Row 240
✅ Saved → RBQ | Thang Ta | Row 241
✅ Saved → RBQ | Thang Ta | Row 243
✅ Saved → RBQ | Thang Ta | Row 267
✅ Saved → RBQ | Thang Ta | Row 268
✅ Saved → RBQ | Thang Ta | Row 269
✅ Saved → RBQ | Thang Ta | Row 271
✅ Saved → RBQ | Thang Ta | Row 272
✅ Saved → RBQ | Thang Ta | Row 273
✅ Saved → RBQ | Thang Ta | Row 275
✅ Saved → RBQ | Thang Ta | Row 276
✅ Saved → RBQ | Thang Ta | Row 277
✅ Saved → RBQ | Thang Ta | Row 278
✅ Saved → RBQ | Thang Ta | Row 279
✅ Saved → RBQ | Thang Ta | Row 280
✅ Saved → RBQ | Thang Ta | Row 284
✅ Saved → RBQ | Thang Ta | Row 286
✅ Saved → RBQ | Thang Ta | Row 288
✅ Saved → RBQ | Thang Ta | Row 289
✅ Saved → RBQ | Thang Ta | Row 290
✅ Saved → RBQ | Thang Ta | Row 291
✅ Saved → RBQ | Thang Ta | Row 292
✅ Saved → RBQ | Thang Ta | Row 293
✅ Saved → RBQ | Thang Ta | Row 294
✅ Saved → RBQ | Thang Ta | Row 296
✅ Saved → RBQ | Thang Ta | Row 298
✅ Saved → RBQ | Thang Ta | Row 299
✅ Saved → RBQ | Thang Ta | Row 300
✅ Saved → RBQ | Thang Ta | Row 302
✅ Saved → RBQ | Thang Ta | Row 303
✅ Saved → RBQ | Thang Ta | Row 304
✅ Saved → RBQ | Thang Ta | Row 305
✅ Saved → RBQ | Thang Ta | Row 306
✅ Saved → RBQ | Thang Ta | Row 308
✅ Saved → RBQ | Thang Ta | Row 310
✅ Saved → RBQ | Thang Ta | Row 314
✅ Saved → RBQ | Thang Ta | Row 315
✅ Saved → RBQ | Thang Ta | Row 316
✅ Saved → RBQ | Thang Ta | Row 318
✅ Saved → RBQ | Thang Ta | Row 319
✅ Saved → RBQ | Thang Ta | Row 322
✅ Saved → RBQ | Thang Ta | Row 324
✅ Saved → RBQ | Thang Ta | Row 325
✅ Saved → RBQ | Thang Ta | Row 326
✅ Saved → RBQ | Thang Ta | Row 327
✅ Saved → RBQ | Thang Ta | Row 328
✅ Saved → RBQ | Thang Ta | Row 330
✅ Saved → RBQ | Thang Ta | Row 332
✅ Saved → RBQ | Thang Ta | Row 333
✅ Saved → RBQ | Thang Ta | Row 335
✅ Saved → RBQ | Thang Ta | Row 336
✅ Saved → RBQ | Thang Ta | Row 338
✅ Saved → RBQ | Thang Ta | Row 341
✅ Saved → RBQ | Thang Ta | Row 342
✅ Saved → RBQ | Thang Ta | Row 344
✅ Saved → RBQ | Thang Ta | Row 345
✅ Saved → RBQ | Thang Ta | Row 346
✅ Saved → RBQ | Thang Ta | Row 348
✅ Saved → RBQ | Thang Ta | Row 349
✅ Saved → RBQ | Thang Ta | Row 351
✅ Saved → RBQ | Thang Ta | Row 352
✅ Saved → RBQ | Thang Ta | Row 353
✅ Saved → RBQ | Thang Ta | Row 355
✅ Saved → RBQ | Thang Ta | Row 357
✅ Saved → RBQ | Thang Ta | Row 358
✅ Saved → RBQ | Thang Ta | Row 359
✅ Saved → RBQ | Thang Ta | Row 361
✅ Saved → RBQ | Thang Ta | Row 364
✅ Saved → RBQ | Thang Ta | Row 365
✅ Saved → RBQ | Thang Ta | Row 367
✅ Saved → RBQ | Thang Ta | Row 369
✅ Saved → RBQ | Thang Ta | Row 371
✅ Saved → RBQ | Thang Ta | Row 372
✅ Saved → RBQ | Thang Ta | Row 373
✅ Saved → RBQ | Thang Ta | Row 375
✅ Saved → RBQ | Thang Ta | Row 377
✅ Saved → RBQ | Thang Ta | Row 379
✅ Saved → RBQ | Thang Ta | Row 381
✅ Saved → RBQ | Thang Ta | Row 382
✅ Saved → RBQ | Thang Ta | Row 383
✅ Saved → RBQ | Thang Ta | Row 385
✅ Saved → RBQ | Thang Ta | Row 387
✅ Saved → RBQ | Thang Ta | Row 391
✅ Saved → RBQ | Thang Ta | Row 393
✅ Saved → RBQ | Thang Ta | Row 395
✅ Saved → RBQ | Thang Ta | Row 397
✅ Saved → RBQ | Thang Ta | Row 399
✅ Saved → RBQ | Thang Ta | Row 417
✅ Saved → RBQ | Thang Ta | Row 419
✅ Saved → RBQ | Thang Ta | Row 420
✅ Saved → RBQ | Thang Ta | Row 421
✅ Saved → RBQ | Thang Ta | Row 422
✅ Saved → RBQ | Thang Ta | Row 424
✅ Saved → RBQ | Thang Ta | Row 425
✅ Saved → RBQ | Thang Ta | Row 427
✅ Saved → RBQ | Thang Ta | Row 428
✅ Saved → RBQ | Thang Ta | Row 432
✅ Saved → RBQ | Thang Ta | Row 434
✅ Saved → RBQ | Thang Ta | Row 436
✅ Saved → RBQ | Thang Ta | Row 437
✅ Saved → RBQ | Thang Ta | Row 438
✅ Saved → RBQ | Thang Ta | Row 441
✅ Saved → RBQ | Thang Ta | Row 442
✅ Saved → RBQ | Thang Ta | Row 444
✅ Saved → RBQ | Thang Ta | Row 446
✅ Saved → RBQ | Thang Ta | Row 448
✅ Saved → RBQ | Thang Ta | Row 452
✅ Saved → RBQ | Thang Ta | Row 455
✅ Saved → RBQ | Thang Ta | Row 456
✅ Saved → RBQ | Thang Ta | Row 458
✅ Saved → RBQ | Thang Ta | Row 460
✅ Saved → RBQ | Thang Ta | Row 462
✅ Saved → RBQ | Thang Ta | Row 467
✅ Saved → RBQ | Thang Ta | Row 468
✅ Saved → RBQ | Thang Ta | Row 470
✅ Saved → RBQ | Thang Ta | Row 472
✅ Saved → RBQ | Thang Ta | Row 474
✅ Saved → RBQ | Thang Ta | Row 476
✅ Saved → RBQ | Thang Ta | Row 478
✅ Saved → RBQ | Thang Ta | Row 480
✅ Saved → RBQ | Thang Ta | Row 481
✅ Saved → RBQ | Thang Ta | Row 483
✅ Saved → RBQ | Thang Ta | Row 485
✅ Saved → RBQ | Thang Ta | Row 487
✅ Saved → RBQ | Thang Ta | Row 489
✅ Saved → RBQ | Thang Ta | Row 490
✅ Saved → RBQ | Thang Ta | Row 491
✅ Saved → RBQ | Thang Ta | Row 493
✅ Saved → RBQ | Thang Ta | Row 495
✅ Saved → RBQ | Thang Ta | Row 497
✅ Saved → RBQ | Thang Ta | Row 500
✅ Saved → RBQ | Thang Ta | Row 501
✅ Saved → RBQ | Thang Ta | Row 503
✅ Saved → RBQ | Thang Ta | Row 504
✅ Saved → RBQ | Thang Ta | Row 505
✅ Saved → RBQ | Thang Ta | Row 509
✅ Saved → RBQ | Thang Ta | Row 511
✅ Saved → RBQ | Thang Ta | Row 515
✅ Saved → RBQ | Thang Ta | Row 517
✅ Saved → RBQ | Thang Ta | Row 519
✅ Saved → RBQ | Thang Ta | Row 520
✅ Saved → RBQ | Thang Ta | Row 521
✅ Saved → RBQ | Thang Ta | Row 523
✅ Saved → RBQ | Thang Ta | Row 531
✅ Saved → RBQ | Thang Ta | Row 533
✅ Saved → RBQ | Thang Ta | Row 541
✅ Saved → RBQ | Thang Ta | Row 543
✅ Saved → RBQ | Thang Ta | Row 553
✅ Saved → RBQ | Thang Ta | Row 555
✅ Saved → RBQ | Mukna | Row 0
✅ Saved → RBQ | Mukna | Row 1
✅ Saved → RBQ | Mukna | Row 2
✅ Saved → RBQ | Mukna | Row 3
✅ Saved → RBQ | Mukna | Row 4
✅ Saved → RBQ | Mukna | Row 5
✅ Saved → RBQ | Mukna | Row 6
✅ Saved → RBQ | Mukna | Row 7
✅ Saved → RBQ | Mukna | Row 8
✅ Saved → RBQ | Mukna | Row 9
✅ Saved → RBQ | Mukna | Row 10
✅ Saved → RBQ | Mukna | Row 11
✅ Saved → RBQ | Mukna | Row 12
✅ Saved → RBQ | Mukna | Row 13
✅ Saved → RBQ | Mukna | Row 14
✅ Saved → RBQ | Mukna | Row 15
✅ Saved → RBQ | Mukna | Row 16
✅ Saved → RBQ | Mukna | Row 17
✅ Saved → RBQ | Mukna | Row 18
✅ Saved → RBQ | Mukna | Row 19
✅ Saved → RBQ | Mukna | Row 20
✅ Saved → RBQ | Mukna | Row 21
✅ Saved → RBQ | Mukna | Row 22
✅ Saved → RBQ | Mukna | Row 23
✅ Saved → RBQ | Mukna | Row 24
✅ Saved → RBQ | Mukna | Row 25
✅ Saved → RBQ | Mukna | Row 26
✅ Saved → RBQ | Mukna | Row 27
✅ Saved → RBQ | Mukna | Row 28
✅ Saved → RBQ | Mukna | Row 29
✅ Saved → RBQ | Mukna | Row 30
✅ Saved → RBQ | Mukna | Row 31
✅ Saved → RBQ | Mukna | Row 32
✅ Saved → RBQ | Mukna | Row 33
✅ Saved → RBQ | Mukna | Row 34
✅ Saved → RBQ | Mukna | Row 35
✅ Saved → RBQ | Mukna | Row 36
✅ Saved → RBQ | Mukna | Row 37
✅ Saved → RBQ | Mukna | Row 38
✅ Saved → RBQ | Mukna | Row 39
✅ Saved → RBQ | Mukna | Row 40
✅ Saved → RBQ | Mukna | Row 41
✅ Saved → RBQ | Mukna | Row 42
✅ Saved → RBQ | Mukna | Row 43
✅ Saved → RBQ | Mukna | Row 44
✅ Saved → RBQ | Mukna | Row 45
✅ Saved → RBQ | Mukna | Row 46
✅ Saved → RBQ | Mukna | Row 47
✅ Saved → RBQ | Mukna | Row 48
✅ Saved → RBQ | Mukna | Row 49
✅ Saved → RBQ | Mukna | Row 50
✅ Saved → RBQ | Mukna | Row 51
✅ Saved → RBQ | Mukna | Row 52
✅ Saved → RBQ | Mukna | Row 53
✅ Saved → RBQ | Mukna | Row 54
✅ Saved → RBQ | Mukna | Row 55
✅ Saved → RBQ | Mukna | Row 56
✅ Saved → RBQ | Mukna | Row 57
✅ Saved → RBQ | Mukna | Row 58
✅ Saved → RBQ | Mukna | Row 59
✅ Saved → RBQ | Mukna | Row 60
✅ Saved → RBQ | Mukna | Row 61
✅ Saved → RBQ | Mukna | Row 63
✅ Saved → RBQ | Mukna | Row 64
✅ Saved → RBQ | Mukna | Row 65
✅ Saved → RBQ | Mukna | Row 66
✅ Saved → RBQ | Mukna | Row 67
✅ Saved → RBQ | Mukna | Row 68
✅ Saved → RBQ | Mukna | Row 69
✅ Saved → RBQ | Mukna | Row 70
✅ Saved → RBQ | Mukna | Row 71
✅ Saved → RBQ | Mukna | Row 72
✅ Saved → RBQ | Mukna | Row 73
✅ Saved → RBQ | Mukna | Row 74
✅ Saved → RBQ | Mukna | Row 75
✅ Saved → RBQ | Mukna | Row 76
✅ Saved → RBQ | Mukna | Row 77
✅ Saved → RBQ | Mukna | Row 79
✅ Saved → RBQ | Mukna | Row 80
✅ Saved → RBQ | Mukna | Row 81
✅ Saved → RBQ | Mukna | Row 82
✅ Saved → RBQ | Mukna | Row 83
✅ Saved → RBQ | Mukna | Row 84
✅ Saved → RBQ | Mukna | Row 85
✅ Saved → RBQ | Mukna | Row 86
✅ Saved → RBQ | Mukna | Row 87
✅ Saved → RBQ | Mukna | Row 88
✅ Saved → RBQ | Mukna | Row 89
✅ Saved → RBQ | Mukna | Row 90
✅ Saved → RBQ | Mukna | Row 91
✅ Saved → RBQ | Mukna | Row 92
✅ Saved → RBQ | Mukna | Row 93
✅ Saved → RBQ | Mukna | Row 94
✅ Saved → RBQ | Mukna | Row 95
✅ Saved → RBQ | Mukna | Row 96
✅ Saved → RBQ | Mukna | Row 97
✅ Saved → RBQ | Mukna | Row 98
✅ Saved → RBQ | Mukna | Row 99
✅ Saved → RBQ | Mukna | Row 100
✅ Saved → RBQ | Mukna | Row 101
✅ Saved → RBQ | Mukna | Row 102
✅ Saved → RBQ | Mukna | Row 103
✅ Saved → RBQ | Mukna | Row 104
✅ Saved → RBQ | Mukna | Row 105
✅ Saved → RBQ | Mukna | Row 106
✅ Saved → RBQ | Mukna | Row 107
✅ Saved → RBQ | Mukna | Row 108
✅ Saved → RBQ | Mukna | Row 110
✅ Saved → RBQ | Mukna | Row 111
✅ Saved → RBQ | Mukna | Row 112
✅ Saved → RBQ | Mukna | Row 113
✅ Saved → RBQ | Mukna | Row 114
✅ Saved → RBQ | Mukna | Row 115
✅ Saved → RBQ | Mukna | Row 116
✅ Saved → RBQ | Mukna | Row 117
✅ Saved → RBQ | Mukna | Row 118
✅ Saved → RBQ | Mukna | Row 119
✅ Saved → RBQ | Mukna | Row 120
✅ Saved → RBQ | Mukna | Row 121
✅ Saved → RBQ | Mukna | Row 122
✅ Saved → RBQ | Mukna | Row 123
✅ Saved → RBQ | Mukna | Row 124
✅ Saved → RBQ | Mukna | Row 125
✅ Saved → RBQ | Mukna | Row 126
✅ Saved → RBQ | Mukna | Row 127
✅ Saved → RBQ | Mukna | Row 128
✅ Saved → RBQ | Mukna | Row 129
✅ Saved → RBQ | Mukna | Row 130
✅ Saved → RBQ | Mukna | Row 131
✅ Saved → RBQ | Mukna | Row 132
✅ Saved → RBQ | Mukna | Row 133
✅ Saved → RBQ | Mukna | Row 134
✅ Saved → RBQ | Mukna | Row 135
✅ Saved → RBQ | Mukna | Row 136
✅ Saved → RBQ | Mukna | Row 137
✅ Saved → RBQ | Mukna | Row 138
✅ Saved → RBQ | Mukna | Row 139
✅ Saved → RBQ | Mukna | Row 141
✅ Saved → RBQ | Mukna | Row 142
✅ Saved → RBQ | Mukna | Row 143
✅ Saved → RBQ | Mukna | Row 144
✅ Saved → RBQ | Mukna | Row 145
✅ Saved → RBQ | Mukna | Row 147
✅ Saved → RBQ | Mukna | Row 148
✅ Saved → RBQ | Mukna | Row 149
✅ Saved → RBQ | Mukna | Row 150
✅ Saved → RBQ | Mukna | Row 151
✅ Saved → RBQ | Mukna | Row 153
✅ Saved → RBQ | Mukna | Row 154
✅ Saved → RBQ | Mukna | Row 155
✅ Saved → RBQ | Mukna | Row 156
✅ Saved → RBQ | Mukna | Row 157
✅ Saved → RBQ | Mukna | Row 158
✅ Saved → RBQ | Mukna | Row 159
✅ Saved → RBQ | Mukna | Row 160
✅ Saved → RBQ | Mukna | Row 161
✅ Saved → RBQ | Mukna | Row 162
✅ Saved → RBQ | Mukna | Row 164
✅ Saved → RBQ | Mukna | Row 165
✅ Saved → RBQ | Mukna | Row 166
✅ Saved → RBQ | Mukna | Row 167
✅ Saved → RBQ | Mukna | Row 168
✅ Saved → RBQ | Mukna | Row 169
✅ Saved → RBQ | Mukna | Row 170
✅ Saved → RBQ | Mukna | Row 171
✅ Saved → RBQ | Mukna | Row 172
✅ Saved → RBQ | Mukna | Row 173
✅ Saved → RBQ | Mukna | Row 174
✅ Saved → RBQ | Mukna | Row 175
✅ Saved → RBQ | Mukna | Row 176
✅ Saved → RBQ | Mukna | Row 177
✅ Saved → RBQ | Mukna | Row 178
✅ Saved → RBQ | Mukna | Row 179
✅ Saved → RBQ | Mukna | Row 180
✅ Saved → RBQ | Mukna | Row 181
✅ Saved → RBQ | Mukna | Row 182
✅ Saved → RBQ | Mukna | Row 183
✅ Saved → RBQ | Mukna | Row 184
✅ Saved → RBQ | Mukna | Row 185
✅ Saved → RBQ | Mukna | Row 186
✅ Saved → RBQ | Mukna | Row 187
✅ Saved → RBQ | Mukna | Row 188
✅ Saved → RBQ | Mukna | Row 189
✅ Saved → RBQ | Mukna | Row 190
✅ Saved → RBQ | Mukna | Row 191
✅ Saved → RBQ | Mukna | Row 192
✅ Saved → RBQ | Mukna | Row 193
✅ Saved → RBQ | Mukna | Row 194
✅ Saved → RBQ | Mukna | Row 195
✅ Saved → RBQ | Mukna | Row 196
✅ Saved → RBQ | Mukna | Row 197
✅ Saved → RBQ | Mukna | Row 198
✅ Saved → RBQ | Mukna | Row 199
✅ Saved → RBQ | Mukna | Row 200
✅ Saved → RBQ | Mukna | Row 201
✅ Saved → RBQ | Mukna | Row 202
✅ Saved → RBQ | Mukna | Row 203
✅ Saved → RBQ | Mukna | Row 204
✅ Saved → RBQ | Mukna | Row 205
✅ Saved → RBQ | Mukna | Row 206
✅ Saved → RBQ | Mukna | Row 207
✅ Saved → RBQ | Mukna | Row 208
✅ Saved → RBQ | Mukna | Row 209
✅ Saved → RBQ | Mukna | Row 210
✅ Saved → RBQ | Mukna | Row 211
✅ Saved → RBQ | Mukna | Row 212
✅ Saved → RBQ | Mukna | Row 213
✅ Saved → RBQ | Mukna | Row 214
✅ Saved → RBQ | Mukna | Row 215
✅ Saved → RBQ | Mukna | Row 217
✅ Saved → RBQ | Mukna | Row 219
✅ Saved → RBQ | Mukna | Row 220
✅ Saved → RBQ | Mukna | Row 221
✅ Saved → RBQ | Mukna | Row 222
✅ Saved → RBQ | Mukna | Row 223
✅ Saved → RBQ | Mukna | Row 224
✅ Saved → RBQ | Mukna | Row 225
✅ Saved → RBQ | Mukna | Row 226
✅ Saved → RBQ | Mukna | Row 227
✅ Saved → RBQ | Mukna | Row 228
✅ Saved → RBQ | Mukna | Row 229
✅ Saved → RBQ | Mukna | Row 230
✅ Saved → RBQ | Mukna | Row 231
✅ Saved → RBQ | Mukna | Row 232
✅ Saved → RBQ | Mukna | Row 233
✅ Saved → RBQ | Mukna | Row 234
✅ Saved → RBQ | Mukna | Row 235
✅ Saved → RBQ | Mukna | Row 236
✅ Saved → RBQ | Mukna | Row 237
✅ Saved → RBQ | Mukna | Row 238
✅ Saved → RBQ | Mukna | Row 239
✅ Saved → RBQ | Mukna | Row 240
✅ Saved → RBQ | Mukna | Row 241
✅ Saved → RBQ | Mukna | Row 242
✅ Saved → RBQ | Mukna | Row 243
✅ Saved → RBQ | Mukna | Row 244
✅ Saved → RBQ | Mukna | Row 245
✅ Saved → RBQ | Mukna | Row 246
✅ Saved → RBQ | Mukna | Row 247
✅ Saved → RBQ | Mukna | Row 248
✅ Saved → RBQ | Mukna | Row 249
✅ Saved → RBQ | Mukna | Row 250
✅ Saved → RBQ | Mukna | Row 251
✅ Saved → RBQ | Mukna | Row 252
✅ Saved → RBQ | Mukna | Row 253
✅ Saved → RBQ | Mukna | Row 254
✅ Saved → RBQ | Mukna | Row 255
✅ Saved → RBQ | Mukna | Row 256
✅ Saved → RBQ | Mukna | Row 257
✅ Saved → RBQ | Mukna | Row 258
✅ Saved → RBQ | Mukna | Row 259
✅ Saved → RBQ | Mukna | Row 260
✅ Saved → RBQ | Mukna | Row 261
✅ Saved → RBQ | Mukna | Row 262
✅ Saved → RBQ | Mukna | Row 263
✅ Saved → RBQ | Mukna | Row 264
✅ Saved → RBQ | Mukna | Row 265
✅ Saved → RBQ | Mukna | Row 266
✅ Saved → RBQ | Mukna | Row 267
✅ Saved → RBQ | Mukna | Row 268
✅ Saved → RBQ | Mukna | Row 269
✅ Saved → RBQ | Mukna | Row 270
✅ Saved → RBQ | Mukna | Row 271
✅ Saved → RBQ | Mukna | Row 272
✅ Saved → RBQ | Mukna | Row 273
✅ Saved → RBQ | Mukna | Row 274
✅ Saved → RBQ | Mukna | Row 275
✅ Saved → RBQ | Mukna | Row 276
✅ Saved → RBQ | Mukna | Row 277
✅ Saved → RBQ | Mukna | Row 278
✅ Saved → RBQ | Mukna | Row 279
✅ Saved → RBQ | Mukna | Row 280
✅ Saved → RBQ | Mukna | Row 281
✅ Saved → RBQ | Mukna | Row 282
✅ Saved → RBQ | Mukna | Row 283
✅ Saved → RBQ | Mukna | Row 284
✅ Saved → RBQ | Mukna | Row 285
✅ Saved → RBQ | Mukna | Row 286
✅ Saved → RBQ | Mukna | Row 287
✅ Saved → RBQ | Mukna | Row 288
✅ Saved → RBQ | Mukna | Row 289
✅ Saved → RBQ | Mukna | Row 290
✅ Saved → RBQ | Mukna | Row 291
✅ Saved → RBQ | Mukna | Row 292
✅ Saved → RBQ | Mukna | Row 293
✅ Saved → RBQ | Mukna | Row 294
✅ Saved → RBQ | Mukna | Row 295
✅ Saved → RBQ | Mukna | Row 296
✅ Saved → RBQ | Mukna | Row 298
✅ Saved → RBQ | Mukna | Row 299
✅ Saved → RBQ | Mukna | Row 300
✅ Saved → RBQ | Mukna | Row 301
✅ Saved → RBQ | Mukna | Row 303
✅ Saved → RBQ | Mukna | Row 304
✅ Saved → RBQ | Mukna | Row 305
✅ Saved → RBQ | Mukna | Row 306
✅ Saved → RBQ | Mukna | Row 307
✅ Saved → RBQ | Mukna | Row 308
✅ Saved → RBQ | Mukna | Row 309
✅ Saved → RBQ | Mukna | Row 310
✅ Saved → RBQ | Mukna | Row 311
✅ Saved → RBQ | Mukna | Row 312
✅ Saved → RBQ | Mukna | Row 313
✅ Saved → RBQ | Mukna | Row 314
✅ Saved → RBQ | Mukna | Row 315
✅ Saved → RBQ | Mukna | Row 316
✅ Saved → RBQ | Mukna | Row 317
✅ Saved → RBQ | Mukna | Row 318
✅ Saved → RBQ | Mukna | Row 320
✅ Saved → RBQ | Mukna | Row 321
✅ Saved → RBQ | Mukna | Row 322
✅ Saved → RBQ | Mukna | Row 323
✅ Saved → RBQ | Mukna | Row 324
✅ Saved → RBQ | Mukna | Row 325
✅ Saved → RBQ | Mukna | Row 326
✅ Saved → RBQ | Mukna | Row 327
✅ Saved → RBQ | Mukna | Row 329
✅ Saved → RBQ | Mukna | Row 330
✅ Saved → RBQ | Mukna | Row 331
✅ Saved → RBQ | Mukna | Row 332
✅ Saved → RBQ | Mukna | Row 333
✅ Saved → RBQ | Mukna | Row 334
✅ Saved → RBQ | Mukna | Row 335
✅ Saved → RBQ | Mukna | Row 336
✅ Saved → RBQ | Mukna | Row 337
✅ Saved → RBQ | Mukna | Row 338
✅ Saved → RBQ | Mukna | Row 339
✅ Saved → RBQ | Mukna | Row 340
✅ Saved → RBQ | Mukna | Row 342
✅ Saved → RBQ | Mukna | Row 343
✅ Saved → RBQ | Mukna | Row 344
✅ Saved → RBQ | Mukna | Row 345
✅ Saved → RBQ | Mukna | Row 346
✅ Saved → RBQ | Mukna | Row 347
✅ Saved → RBQ | Mukna | Row 348
✅ Saved → RBQ | Mukna | Row 349
✅ Saved → RBQ | Mukna | Row 351
✅ Saved → RBQ | Mukna | Row 352
✅ Saved → RBQ | Mukna | Row 353
✅ Saved → RBQ | Mukna | Row 354
✅ Saved → RBQ | Mukna | Row 355
✅ Saved → RBQ | Mukna | Row 356
✅ Saved → RBQ | Mukna | Row 358
✅ Saved → RBQ | Mukna | Row 359
✅ Saved → RBQ | Mukna | Row 360
✅ Saved → RBQ | Mukna | Row 362
✅ Saved → RBQ | Mukna | Row 364
✅ Saved → RBQ | Mukna | Row 366
✅ Saved → RBQ | Mukna | Row 368
✅ Saved → RBQ | Mukna | Row 369
✅ Saved → RBQ | Mukna | Row 370
✅ Saved → RBQ | Mukna | Row 371
✅ Saved → RBQ | Mukna | Row 372
✅ Saved → RBQ | Mukna | Row 373
✅ Saved → RBQ | Mukna | Row 374
✅ Saved → RBQ | Mukna | Row 375
✅ Saved → RBQ | Mukna | Row 376
✅ Saved → RBQ | Mukna | Row 377
✅ Saved → RBQ | Mukna | Row 379
✅ Saved → RBQ | Mukna | Row 381
✅ Saved → RBQ | Mukna | Row 382
✅ Saved → RBQ | Mukna | Row 384
✅ Saved → RBQ | Mukna | Row 385
✅ Saved → RBQ | Mukna | Row 386
✅ Saved → RBQ | Mukna | Row 387
✅ Saved → RBQ | Mukna | Row 391
✅ Saved → RBQ | Mukna | Row 392
✅ Saved → RBQ | Mukna | Row 397
✅ Saved → RBQ | Mukna | Row 398
✅ Saved → RBQ | Mukna | Row 399
✅ Saved → RBQ | Mukna | Row 401
✅ Saved → RBQ | Mukna | Row 403
✅ Saved → RBQ | Mukna | Row 404
✅ Saved → RBQ | Mukna | Row 405
✅ Saved → RBQ | Mukna | Row 406
✅ Saved → RBQ | Mukna | Row 408
✅ Saved → RBQ | Mukna | Row 409
✅ Saved → RBQ | Mukna | Row 411
✅ Saved → RBQ | Mukna | Row 412
✅ Saved → RBQ | Mukna | Row 413
✅ Saved → RBQ | Mukna | Row 414
✅ Saved → RBQ | Mukna | Row 415
✅ Saved → RBQ | Mukna | Row 418
✅ Saved → RBQ | Mukna | Row 421

✅ COMPLETE!
📄 Live-updating CSV: /DATA/rohan_kirti/country/india/RBQ/Results_RBQ.csv
Ended at: 16:38:40
Total Duration: 7:06:10.809045
✅ Successfully created '/DATA/rohan_kirti/country/india/RBQ/Results_RBQ.xlsx'
