image_no,country,file,sheet,question,option,answer,score,What's wrong in Question,How can I improve the question,How can I improve the Options,Correct Answer
kabaddi_1,IBQ,India_IBQ.xlsx,Kabaddi,चित्र में कौन सा खेल दर्शाया गया है?,"A) क्रिकेट, B) कबड्डी, C) फुटबॉल, D) बास्केटबॉल",बी) कबड्डी,1,no mistake,no correction needed,no correction needed,no answer needed
kabaddi_1,IBQ,India_IBQ.xlsx,Kabaddi,चित्र में किस प्रकार का न्यायालय दिखाया गया है?,"A) टेनिस कोर्ट, B) वॉलीबॉल कोर्ट, C) कबड्डी कोर्ट, D) बास्केटबॉल कोर्ट",C) कबड्डी कोर्ट,1,no mistake,no correction needed,no correction needed,no answer needed
kabaddi_1,IBQ,India_IBQ.xlsx,Kabaddi,चित्र में दिखाए गए खेल में प्रयुक्त मुख्य कौशल क्या है?,"A) ड्रिब्लिंग, B) रेडिंग और टैकलिंग, C) पासिंग, D) सर्विंग",बी) रेडिंग और टैकलिंग,1,no mistake,no correction needed,no correction needed,no answer needed
kabaddi_1,IBQ,India_IBQ.xlsx,Kabaddi,चित्र में दिखाया गया खेल किस देश में सबसे अधिक लोकप्रिय है?,"A) यूएसए, B) भारत, C) ऑस्ट्रेलिया, D) चीन",बी) भारत,1,no mistake,no correction needed,no correction needed,no answer needed
kabaddi_2,IBQ,India_IBQ.xlsx,Kabaddi,चित्र में खिलाड़ियों द्वारा की जा रही रक्षात्मक कार्रवाई क्या है?,"A) रेडर को रोकना, B) पास देना, C) ड्रिब्लिंग करना, D) शूटिंग करना",A) हमलावर को रोकना,1,no mistake,no correction needed,no correction needed,no answer needed
kabaddi_2,IBQ,India_IBQ.xlsx,Kabaddi,बचाव करने वाले खिलाड़ी हमलावर को कौन सी रेखा पार करने से रोकने का प्रयास कर रहे हैं?,"A) गोल लाइन, B) सेंटर लाइन, C) टचलाइन, D) अंतिम लाइन",बी) केंद्र रेखा,1,no mistake,no correction needed,no correction needed,no answer needed
kabaddi_2,IBQ,India_IBQ.xlsx,Kabaddi,चित्र में बचाव दल का प्राथमिक उद्देश्य क्या है?,"A) आक्रमण करके अंक अर्जित करना, B) हमलावर को भागने से रोकना, C) गेंद पास करना, D) विरोधियों को ड्रिबल करके पीछे छोड़ना",बी) हमलावर को भागने से रोकने के लिए,1,no mistake,no correction needed,no correction needed,no answer needed
kabaddi_2,IBQ,India_IBQ.xlsx,Kabaddi,चित्र में दर्शाई गई रक्षात्मक रणनीति का वर्णन किस शब्द से किया गया है?,"A) टैकल, B) रेड, C) पास, D) ड्रिबल",ए) टैकल,1,no mistake,no correction needed,no correction needed,no answer needed
kabaddi_3,IBQ,India_IBQ.xlsx,Kabaddi,कबड्डी कोर्ट पर कितनी मुख्य लाइनें होती हैं?,"ए) 2, बी) 4, सी) 6, डी) 8",बी) 4,1,no mistake,no correction needed,no correction needed,no answer needed
kabaddi_3,IBQ,India_IBQ.xlsx,Kabaddi,कबड्डी कोर्ट पर चिन्हित दो प्राथमिक क्षेत्र कौन से हैं?,"ए) आक्रमण और रक्षा क्षेत्र, बी) छापा और रक्षा क्षेत्र, सी) सेवा और प्राप्ति क्षेत्र, डी) गोल और दंड क्षेत्र",बी) छापे और रक्षा क्षेत्र,1,no mistake,no correction needed,no correction needed,no answer needed
kabaddi_3,IBQ,India_IBQ.xlsx,Kabaddi,इसमें कबड्डी कोर्ट के प्रत्येक आधे भाग की लंबाई कितनी है?,"A) 5 मीटर, B) 7 मीटर, C) 9 मीटर, D) 10 मीटर",डी) 10 मीटर,1,no mistake,no correction needed,no correction needed,no answer needed
kabaddi_3,IBQ,India_IBQ.xlsx,Kabaddi,सेंट्रल लाइन का उद्देश्य क्या है?,"A) कोर्ट को आक्रमण और रक्षा क्षेत्र में विभाजित करना, B) सर्विंग क्षेत्र को चिह्नित करना, C) गोल क्षेत्र को परिभाषित करना, D) सीमा रेखाओं को इंगित करना",A) कोर्ट को आक्रमण और रक्षा क्षेत्रों में विभाजित करना,1,no mistake,no correction needed,no correction needed,no answer needed
kabaddi_4,IBQ,India_IBQ.xlsx,Kabaddi,इस कोर्ट में आमतौर पर कितनी रेड लाइनें चिह्नित हैं?,"ए) 1, बी) 2, सी) 3, डी) 4",बी) 2,1,no mistake,no correction needed,no correction needed,no answer needed
kabaddi_4,IBQ,India_IBQ.xlsx,Kabaddi,कबड्डी कोर्ट की सीमा रेखाएँ आमतौर पर किस रंग से चिह्नित होती हैं?,"A) लाल, B) नीला, C) पीला, D) सफेद",D) सफेद,1,no mistake,no correction needed,no correction needed,no answer needed
kabaddi_4,IBQ,India_IBQ.xlsx,Kabaddi,केंद्र के पास धराशायी रेखा क्या दर्शाती है?,"A) रक्षात्मक क्षेत्र की सीमा, B) वह रेखा जहाँ हमलावरों को पार करना होता है, C) स्थानापन्न खिलाड़ियों के लिए रेखा, D) वह क्षेत्र जहाँ रेफरी खड़ा होता है",बी) वह रेखा जहां हमलावरों को पार करना होगा,1,no mistake,no correction needed,no correction needed,no answer needed
kabaddi_4,IBQ,India_IBQ.xlsx,Kabaddi,निम्नलिखित में से कौन सी विशेषता छवि में दिखाई नहीं दे रही है?,"A) केंद्रीय रेखा, B) सीमा रेखाएं, C) स्कोरिंग क्षेत्र, D) रेड रेखाएं",C) स्कोरिंग ज़ोन,1,no mistake,no correction needed,no correction needed,no answer needed
kabaddi_5,IBQ,India_IBQ.xlsx,Kabaddi,चित्र में दिखाए गए कबड्डी कोर्ट पर किस प्रकार की सतह दिखाई दे रही है?,"A) घास, B) कंक्रीट, C) सिंथेटिक फर्श, D) रेत",सी) सिंथेटिक फर्श,1,no mistake,no correction needed,no correction needed,no answer needed
kabaddi_5,IBQ,India_IBQ.xlsx,Kabaddi,चित्र में कबड्डी कोर्ट की सीमा रेखाएँ किस प्रकार अंकित की गई हैं?,"A) पेंट, B) टेप, C) उभरे हुए अवरोध, D) सतह पर स्पष्ट रेखाएं",D) सतह पर स्पष्ट रेखाएँ,1,no mistake,no correction needed,no correction needed,no answer needed
kabaddi_5,IBQ,India_IBQ.xlsx,Kabaddi,चित्र में कोर्ट डिज़ाइन की कौन सी उल्लेखनीय विशेषता है जो खिलाड़ियों की सुरक्षा में सहायक है?,"A) फर्श पर नरम गद्दी, B) ऊँचे किनारे, C) फिसलन-रोधी सतह, D) मजबूत कोने",सी) फिसलन-रोधी सतह,1,no mistake,no correction needed,no correction needed,no answer needed
kabaddi_5,IBQ,India_IBQ.xlsx,Kabaddi,कोर्ट की सतह पर विशिष्ट पैटर्न का प्राथमिक कार्य क्या है?,"A) स्कोरिंग क्षेत्रों को इंगित करने के लिए, B) पकड़ और कर्षण को बढ़ाने के लिए, C) विभिन्न टीमों के क्षेत्रों को अलग करने के लिए, D) प्रतिस्थापन क्षेत्रों को चिह्नित करने के लिए",बी) पकड़ और कर्षण बढ़ाने के लिए,1,no mistake,no correction needed,no correction needed,no answer needed
kabaddi_6,IBQ,India_IBQ.xlsx,Kabaddi,चित्र में किस प्रकार का कबड्डी कार्यक्रम दिखाया गया है?,"A) पुरुष कबड्डी लीग, B) महिला कबड्डी चैलेंज, C) युवा कबड्डी टूर्नामेंट, D) अंतर्राष्ट्रीय कबड्डी चैंपियनशिप",बी) महिला कबड्डी चैलेंज,1,no mistake,no correction needed,no correction needed,no answer needed
kabaddi_6,IBQ,India_IBQ.xlsx,Kabaddi,चित्र में चाल चल रहे लाल रंग के खिलाड़ी की प्राथमिक भूमिका क्या है?,"A) रेडर, B) डिफेंडर, C) गोलकीपर, D) फॉरवर्ड",ए) रेडर,1,no mistake,no correction needed,no correction needed,no answer needed
kabaddi_6,IBQ,India_IBQ.xlsx,Kabaddi,चित्र में नीले रंग के रक्षात्मक खिलाड़ी क्या करने का प्रयास कर रहे हैं?,"A) एक अंक प्राप्त करें, B) रेडर को रोकें, C) गेंद पास करें, D) सर्व करें",बी) हमलावर को रोकें,1,no mistake,no correction needed,no correction needed,no answer needed
kabaddi_6,IBQ,India_IBQ.xlsx,Kabaddi,"कबड्डी में अंक प्राप्त करने के लिए रेडर द्वारा अपनाई जाने वाली मुख्य रणनीति क्या है, जैसा कि चित्र में दर्शाया गया है?","A) डिफेंडरों को पीछे छोड़कर दौड़ना, B) विरोधियों को टैग करना और उनकी तरफ लौटना, C) टीम के साथियों को गेंद पास करना, D) कोर्ट के चारों ओर ड्रिब्लिंग करना",बी) विरोधियों को टैग करना और उनकी तरफ लौटना,1,no mistake,no correction needed,no correction needed,no answer needed
kabaddi_7,IBQ,India_IBQ.xlsx,Kabaddi,इस कबड्डी मैच में खिलाड़ियों द्वारा आमतौर पर कौन से उपकरण या पोशाक का उपयोग किया जाता है?,"ए) हेलमेट और घुटने के पैड, बी) जर्सी और शॉर्ट्स, सी) सुरक्षात्मक दस्ताने और मास्क, डी) ट्रैक सूट और स्नीकर्स",बी) जर्सी और शॉर्ट्स,1,no mistake,no correction needed,no correction needed,no answer needed
kabaddi_7,IBQ,India_IBQ.xlsx,Kabaddi,छवि में टैग होने से बचने के लिए हमलावर कौन सी रणनीति अपना रहा है?,"A) तेजी से दौड़ना, B) स्पिन मूव का उपयोग करना, C) गेंद पास करना, D) कूदना",बी) स्पिन चाल का उपयोग करना,1,no mistake,no correction needed,no correction needed,no answer needed
kabaddi_7,IBQ,India_IBQ.xlsx,Kabaddi,रेडर की चालों के जवाब में नीली टीम किस रक्षात्मक संरचना का उपयोग कर रही है?,"ए) कोर्ट के आर-पार एक एकल पंक्ति, बी) कोर्ट के आर-पार फैली एक ढीली संरचना, सी) भागने के रास्तों को काटने के लिए एक घनिष्ठ समूह, डी) आक्रामक और रक्षात्मक स्थितियों के बीच बारी-बारी से स्थिति बनाना",C) भागने के रास्तों को बंद करने के लिए एक घनिष्ठ समूह,1,no mistake,no correction needed,no correction needed,no answer needed
kabaddi_7,IBQ,India_IBQ.xlsx,Kabaddi,चित्र में रक्षात्मक खिलाड़ी अपनी गतिविधियों का समन्वय किस प्रकार कर रहे हैं?,"A) स्वतंत्र रूप से आगे बढ़कर और व्यक्तिगत रूप से प्रतिक्रिया करके, B) हमलावर को फंसाने के लिए संवाद करके और अपनी स्थिति बदलकर, C) केवल हमलावर के सीधे रास्ते को अवरुद्ध करने पर ध्यान केंद्रित करके, D) गति को न्यूनतम करने के लिए स्थिर रहकर",बी) हमलावर को फंसाने के लिए संवाद करके और अपनी स्थिति बदलकर,1,no mistake,no correction needed,no correction needed,no answer needed
kabaddi_8,IBQ,India_IBQ.xlsx,Kabaddi,रेडर को स्कोर करने से रोकने के लिए रक्षात्मक टीम क्या कर रही है?,"A) हमलावर के चारों ओर एक सघन संरचना बनाना, B) अधिक क्षेत्र को कवर करने के लिए फैल जाना, C) हमलावर का दूर से पीछा करना, D) हमलावर को अपनी सीमा में आने देना",A) हमलावर के चारों ओर एक कड़ी संरचना बनाना,1,no mistake,no correction needed,no correction needed,no answer needed
kabaddi_8,IBQ,India_IBQ.xlsx,Kabaddi,खिलाड़ियों के लिए रेतीले मैदान पर खेलने की संभावित चुनौती क्या है?,"A) सीमित कर्षण और स्थिरता, B) खेल की गति में वृद्धि, C) बेहतर पकड़ और नियंत्रण, D) कम शारीरिक परिश्रम",A) सीमित कर्षण और स्थिरता,1,no mistake,no correction needed,no correction needed,no answer needed
kabaddi_8,IBQ,India_IBQ.xlsx,Kabaddi,तेज गति से आगे बढ़ते हमलावर का मुकाबला करने के लिए कौन सी रक्षात्मक रणनीति अपनाई जा सकती है?,"A) शारीरिक टैकल में संलग्न होना, B) एक चुस्त, समन्वित रक्षा बनाए रखना, C) हमलावर को स्वतंत्र रूप से घूमने की अनुमति देना, D) आक्रामक और रक्षात्मक भूमिकाओं के बीच स्विच करना","बी) एक सख्त, समन्वित रक्षा बनाए रखना",1,no mistake,no correction needed,no correction needed,no answer needed
kabaddi_8,IBQ,India_IBQ.xlsx,Kabaddi,चित्र में कबड्डी मैच किस सतह पर खेला जा रहा है?,"A) घास, B) रेत, C) कंक्रीट, D) सिंथेटिक फर्श",बी) रेत,1,no mistake,no correction needed,no correction needed,no answer needed
kabaddi_9,IBQ,India_IBQ.xlsx,Kabaddi,चित्र में प्रदीप नरवाल किस कबड्डी टीम से जुड़े हैं?,"A) बेंगलुरु बुल्स, B) पटना पाइरेट्स, C) यू मुंबा, D) जयपुर पिंक पैंथर्स",बी) पटना पाइरेट्स,0,"The player in the image is wearing a Patna Pirates jersey. However, the question asks about Pradeep Narwal. Pradeep Narwal currently plays for UP Yoddha. The question and answer are based on an outdated information, and doesn't match the image.",चित्र में खिलाड़ी किस कबड्डी टीम से जुड़ा है?,"A) बेंगलुरु बुल्स, B) पटना पाइरेट्स, C) यू मुंबा, D) जयपुर पिंक पैंथर्स",बी) पटना पाइरेट्स
kabaddi_9,IBQ,India_IBQ.xlsx,Kabaddi,वह कबड्डी में मुख्य रूप से कौन सा स्थान खेलते हैं?,"A) डिफेंडर, B) रेडर, C) ऑलराउंडर, D) गोलकीपर",बी) रेडर,1,no mistake,no correction needed,no correction needed,no answer needed
kabaddi_9,IBQ,India_IBQ.xlsx,Kabaddi,प्रो कबड्डी लीग में उनकी उल्लेखनीय उपलब्धियों में से एक क्या है?,"A) एक सीज़न में सर्वाधिक अंक, B) सर्वश्रेष्ठ डिफेंडर पुरस्कार, C) सर्वाधिक टैकल, D) सर्वश्रेष्ठ ऑलराउंडर पुरस्कार",A) एक ही सीज़न में सर्वाधिक अंक,1,no mistake,no correction needed,no correction needed,no answer needed
kabaddi_9,IBQ,India_IBQ.xlsx,Kabaddi,कबड्डी में उनकी खेल शैली किस लिए जानी जाती है?,"A) आक्रामक रक्षा, B) त्वरित और चुस्त छापा मारना, C) लंबी दूरी की शूटिंग, D) रणनीतिक अवरोधन",बी) त्वरित और चुस्त छापेमारी,1,no mistake,no correction needed,no correction needed,no answer needed
kabaddi_10,IBQ,India_IBQ.xlsx,Kabaddi,चित्र में मुख्य घटना क्या दर्शायी गयी है?,"A) प्रो कबड्डी लीग, B) कबड्डी विश्व कप, C) एशियाई कबड्डी चैम्पियनशिप, D) कबड्डी मास्टर्स दुबई",बी) कबड्डी विश्व कप,1,no mistake,no correction needed,no correction needed,no answer needed
kabaddi_10,IBQ,India_IBQ.xlsx,Kabaddi,"चित्र में दर्शाए अनुसार, कबड्डी विश्व कप के साथ आमतौर पर किस प्रकार का मैच जुड़ा हुआ है?","ए) नॉकआउट टूर्नामेंट, बी) राउंड-रॉबिन लीग, सी) मैत्रीपूर्ण प्रदर्शनी मैच, डी) मिश्रित-लिंग टूर्नामेंट",ए) नॉकआउट टूर्नामेंट,1,no mistake,no correction needed,no correction needed,no answer needed
kabaddi_10,IBQ,India_IBQ.xlsx,Kabaddi,2016 कबड्डी विश्व कप किस देश ने जीता?,"A) पाकिस्तान, B) भारत, C) बांग्लादेश, D) ईरान",बी) भारत,1,no mistake,no correction needed,no correction needed,no answer needed
kabaddi_10,IBQ,India_IBQ.xlsx,Kabaddi,2016 कबड्डी विश्व कप फाइनल किस शहर में आयोजित किया गया था?,"A) मुंबई, B) नई दिल्ली, C) बेंगलुरु, D) अहमदाबाद",D) अहमदाबाद,1,no mistake,no correction needed,no correction needed,no answer needed
kabaddi_11,IBQ,India_IBQ.xlsx,Kabaddi,यह व्यक्ति कबड्डी में मुख्यतः कौन सा खेलता है?,"A) डिफेंडर, B) रेडर, C) ऑलराउंडर, D) गोलकीपर",बी) रेडर,1,no mistake,no correction needed,no correction needed,no answer needed
kabaddi_11,IBQ,India_IBQ.xlsx,Kabaddi,प्रो कबड्डी लीग (पीकेएल) के किस सीज़न में इस खिलाड़ी को उसके प्रदर्शन के लिए सबसे अधिक जाना जाता है?,"ए) सीज़न 5, बी) सीज़न 6, सी) सीज़न 7, डी) सीज़न 8",सी) सीज़न 7,1,no mistake,no correction needed,no correction needed,no answer needed
kabaddi_11,IBQ,India_IBQ.xlsx,Kabaddi,प्रो कबड्डी लीग में इस खिलाड़ी की उल्लेखनीय उपलब्धियों में से एक क्या है?,"A) एक ही सीज़न में सबसे ज़्यादा रेड पॉइंट, B) सर्वश्रेष्ठ डिफेंडर का पुरस्कार, C) सबसे ज़्यादा सफल टैकल, D) सबसे ज़्यादा असिस्ट",A) एक ही सीज़न में सबसे ज़्यादा रेड पॉइंट,1,no mistake,no correction needed,no correction needed,no answer needed
kabaddi_12,IBQ,India_IBQ.xlsx,Kabaddi,नवीन कुमार ने प्रो कबड्डी लीग में किस वर्ष पदार्पण किया?,"ए) 2016, बी) 2017, सी) 2018, डी) 2019",सी) 2018,1,no mistake,no correction needed,no correction needed,no answer needed
kabaddi_12,IBQ,India_IBQ.xlsx,Kabaddi,कबड्डी में नवीन कुमार की खेल शैली किस लिए जानी जाती है?,"A) रक्षात्मक अवरोधन, B) आक्रामक रेडिंग, C) रणनीतिक पासिंग, D) गोलकीपिंग",बी) आक्रामक छापेमारी,1,no mistake,no correction needed,no correction needed,no answer needed
kabaddi_12,IBQ,India_IBQ.xlsx,Kabaddi,प्रो कबड्डी लीग में नवीन कुमार की उल्लेखनीय उपलब्धियों में से एक क्या है?,"A) एक ही सीज़न में सबसे ज़्यादा रेड पॉइंट, B) सर्वश्रेष्ठ डिफेंडर का पुरस्कार, C) सबसे सफल टैकल, D) सर्वश्रेष्ठ ऑलराउंडर का पुरस्कार",A) एक ही सीज़न में सबसे ज़्यादा रेड पॉइंट,1,no mistake,no correction needed,no correction needed,no answer needed
kabaddi_12,IBQ,India_IBQ.xlsx,Kabaddi,प्रो कबड्डी लीग (पीकेएल) के किस सीज़न में नवीन कुमार को उनके प्रदर्शन के लिए सबसे अधिक जाना जाता है?,"ए) सीज़न 6, बी) सीज़न 7, सी) सीज़न 8, डी) सीज़न 9",डी) सीज़न 9,1,no mistake,no correction needed,no correction needed,no answer needed
kabaddi_13,IBQ,India_IBQ.xlsx,Kabaddi,प्रो कबड्डी लीग (पीकेएल) में वह किस टीम के कप्तान रहे हैं?,"ए) जयपुर पिंक पैंथर्स, बी) बेंगलुरु बुल्स, सी) यू मुंबा, डी) तमिल थलाइवाज",A) जयपुर पिंक पैंथर्स,1,no mistake,no correction needed,no correction needed,no answer needed
kabaddi_13,IBQ,India_IBQ.xlsx,Kabaddi,भारतीय राष्ट्रीय टीम के सदस्य के रूप में उन्होंने कौन सा प्रमुख कबड्डी खिताब जीता है?,"A) कबड्डी विश्व कप, B) एशियाई खेलों में स्वर्ण पदक, C) प्रो कबड्डी लीग, D) कबड्डी मास्टर्स दुबई",बी) एशियाई खेलों का स्वर्ण पदक,1,no mistake,no correction needed,no correction needed,no answer needed
kabaddi_14,IBQ,India_IBQ.xlsx,Kabaddi,चित्र में खिलाड़ी कौन है?,"ए) मोहित गोयत, बी) प्रदीप नरवाल, सी) राहुल चौधरी, डी) अनूप कुमार",A) मोहित गोयत,0,"The player in the image is Rahul Chaudhary, not Mohit Goyat. The question and answer are factually incorrect.",चित्र में खिलाड़ी कौन है?,"['ए) मोहित गोयत', 'बी) प्रदीप नरवाल', 'सी) राहुल चौधरी', 'डी) अनूप कुमार']",सी) राहुल चौधरी
kabaddi_14,IBQ,India_IBQ.xlsx,Kabaddi,चित्र में खिलाड़ी मुख्यतः किस स्थिति में खेलता है?,"A) डिफेंडर, B) रेडर, C) ऑलराउंडर, D) कॉर्नर",बी) रेडर,1,no mistake,no correction needed,no correction needed,no answer needed
kabaddi_14,IBQ,India_IBQ.xlsx,Kabaddi,एक रेडर एक रेड के दौरान प्रतिद्वंद्वी के हाफ में अधिकतम कितनी देर तक रह सकता है?,"A) 10 सेकंड, B) 20 सेकंड, C) 30 सेकंड, D) 40 सेकंड",सी) 30 सेकंड,1,no mistake,no correction needed,no correction needed,no answer needed
kabaddi_14,IBQ,India_IBQ.xlsx,Kabaddi,चित्र में दिखाया गया खिलाड़ी किस देश का प्रतिनिधित्व करता है?,"A) ईरान, B) भारत, C) दक्षिण कोरिया, D) बांग्लादेश",बी) भारत,1,no mistake,no correction needed,no correction needed,no answer needed
kabaddi_15,IBQ,India_IBQ.xlsx,Kabaddi,खिलाड़ी किस रक्षात्मक संरचना का उपयोग कर रहे हैं?,"A) शृंखला निर्माण, B) बिखरा हुआ, C) अर्धवृत्त, D) रेखा",C) अर्धवृत्त,1,no mistake,no correction needed,no correction needed,no answer needed
kabaddi_15,IBQ,India_IBQ.xlsx,Kabaddi,रक्षात्मक भाग में कितने खिलाड़ी हैं?,"ए) 2, बी) 3, सी) 4, डी) 5",बी) 3,1,no mistake,no correction needed,no correction needed,no answer needed
kabaddi_15,IBQ,India_IBQ.xlsx,Kabaddi,चित्र में हमलावर की स्थिति क्या है?,"A) मध्य रेखा के पास, B) रक्षा के करीब, C) प्रतिद्वंद्वी के आधे भाग में, D) अपने आधे भाग में",बी) रक्षा के करीब,1,no mistake,no correction needed,no correction needed,no answer needed
kabaddi_15,IBQ,India_IBQ.xlsx,Kabaddi,चित्र में रेफरी क्या कर रहा है?,"A) रेड का संकेत देना, B) अंक देना, C) खेल रोकना, D) खेल देखना",D) खेल देखना,1,no mistake,no correction needed,no correction needed,no answer needed
kabaddi_16,IBQ,India_IBQ.xlsx,Kabaddi,चित्र में खिलाड़ी किस तकनीक का उपयोग कर रहा है?,"ए) चेन रेड, बी) सिंगल रेड, सी) रनिंग हैंड टच, डी) डू-ऑर-डाई रेड",बी) एकल छापा,1,no mistake,no correction needed,no correction needed,no answer needed
kabaddi_16,IBQ,India_IBQ.xlsx,Kabaddi,मैदान पर खिलाड़ी की स्थिति क्या है?,"A) बायां कोना, B) दायां कोना, C) बायां रेडर, D) दायां रेडर",D) राइट रेडर,1,no mistake,no correction needed,no correction needed,no answer needed
kabaddi_16,IBQ,India_IBQ.xlsx,Kabaddi,चित्र में दिखाया गया खिलाड़ी किस टीम का प्रतिनिधित्व कर रहा है?,"A) भारत, B) पाकिस्तान, C) बांग्लादेश, D) श्रीलंका",ए) भारत,0,"The question asks which *country* the player represents, but the image shows a Kabaddi player wearing a team jersey (Bengaluru Bulls). The options are countries, not teams. The question should ask which *team* the player is playing for.",चित्र में दिखाया गया खिलाड़ी किस टीम का प्रतिनिधित्व कर रहा है?,"A) बेंगलुरु बुल्स, B) पटना पाइरेट्स, C) दबंग दिल्ली, D) यू मुंबा",ए) बेंगलुरु बुल्स
kabaddi_16,IBQ,India_IBQ.xlsx,Kabaddi,चित्र में दिखाए गए खिलाड़ी की प्राथमिक भूमिका क्या है?,"A) रेडर, B) डिफेंडर, C) ऑलराउंडर, D) कोच",ए) रेडर,1,no mistake,no correction needed,no correction needed,no answer needed
kabaddi_17,IBQ,India_IBQ.xlsx,Kabaddi,चित्र में कौन दिखाया गया है?,"ए) अनुप कुमार, बी) प्रदीप नरवाल, सी) राहुल चौधरी, डी) अजय ठाकुर",A) अनूप कुमार,1,no mistake,no correction needed,no correction needed,no answer needed
kabaddi_17,IBQ,India_IBQ.xlsx,Kabaddi,चित्र में अनूप कुमार किस घटना से जुड़े हैं?,"ए) सेवानिवृत्ति, बी) पदार्पण, सी) चोट, डी) कोचिंग",ए) सेवानिवृत्ति,1,no mistake,no correction needed,no correction needed,no answer needed
kabaddi_17,IBQ,India_IBQ.xlsx,Kabaddi,अनूप कुमार किस पोजीशन पर खेलने के लिए जाने जाते हैं?,"A) डिफेंडर, B) रेडर, C) गोलकीपर, D) कोच",बी) रेडर,1,no mistake,no correction needed,no correction needed,no answer needed
kabaddi_17,IBQ,India_IBQ.xlsx,Kabaddi,अनूप कुमार के करियर की उल्लेखनीय उपलब्धि क्या है?,"A) विश्व कप जीत, B) एक सीज़न में सर्वाधिक स्कोरर, C) एक मैच में सर्वाधिक टैकल, D) सर्वश्रेष्ठ कोच पुरस्कार",बी) एक सीज़न में सर्वोच्च स्कोरर,1,no mistake,no correction needed,no correction needed,no answer needed
kabaddi_18,IBQ,India_IBQ.xlsx,Kabaddi,कबड्डी में मंजीत छिल्लर की मुख्य भूमिका क्या है?,"A) रेडर, B) डिफेंडर, C) ऑलराउंडर, D) कोच",C) ऑलराउंडर,1,no mistake,no correction needed,no correction needed,no answer needed
kabaddi_18,IBQ,India_IBQ.xlsx,Kabaddi,मनजीत छिल्लर किस कबड्डी लीग में खेलते हैं?,"A) प्रो कबड्डी लीग, B) कबड्डी विश्व कप, C) एशियाई कबड्डी चैम्पियनशिप, D) अंतर्राष्ट्रीय कबड्डी लीग",A) प्रो कबड्डी लीग,1,no mistake,no correction needed,no correction needed,no answer needed
kabaddi_18,IBQ,India_IBQ.xlsx,Kabaddi,कबड्डी में आक्रमण और बचाव दोनों के लिए कौन सी स्थिति महत्वपूर्ण है?,"A) रेडर, B) डिफेंडर, C) ऑलराउंडर, D) गोलकीपर",C) ऑलराउंडर,1,no mistake,no correction needed,no correction needed,no answer needed
kabaddi_18,IBQ,India_IBQ.xlsx,Kabaddi,चित्र में मंजीत छिल्लर की जर्सी का प्राथमिक रंग क्या है?,"A) लाल, B) नीला, C) हरा, D) पीला",बी) नीला,0,"The question asks for the primary color of Manjeet Chillar's jersey, but the jersey is primarily red, not blue. Therefore, both the question and the given answer are incorrect.",चित्र में मंजीत छिल्लर की जर्सी का प्राथमिक रंग क्या है?,"A) लाल, B) नीला, C) हरा, D) पीला",ए) लाल
kabaddi_18,IBQ,India_IBQ.xlsx,Kabaddi,चित्र में मंजीत छिल्लर किस कबड्डी टीम से जुड़े हैं?,"ए) जयपुर पिंक पैंथर्स, बी) पटना पाइरेट्स, सी) दबंग दिल्ली, डी) बेंगलुरु बुल्स",A) जयपुर पिंक पैंथर्स,0,"The image shows Manjeet Chillar wearing a Bengaluru Bulls jersey. Therefore, the correct answer should be Bengaluru Bulls, not Jaipur Pink Panthers.",चित्र में मंजीत छिल्लर किस कबड्डी टीम से जुड़े हैं?,"ए) जयपुर पिंक पैंथर्स, बी) पटना पाइरेट्स, सी) दबंग दिल्ली, डी) बेंगलुरु बुल्स",डी) बेंगलुरु बुल्स
kabaddi_19,IBQ,India_IBQ.xlsx,Kabaddi,छवि में खिलाड़ी क्या क्रिया कर रहा है?,"A) आक्रमण करना, B) बचाव करना, C) जश्न मनाना, D) आराम करना",बी) बचाव,0,The correct answer should be 'C) जश्न मनाना' (celebrating) because the player is clearly showing a celebratory gesture with his raised hand and smile. 'B) बचाव करना' (defending) does not match the image.,छवि में खिलाड़ी क्या कर रहा है?,"['A) आक्रमण करना', 'B) बचाव करना', 'C) जश्न मनाना', 'D) आराम करना']",सी) जश्न मनाना
kabaddi_19,IBQ,India_IBQ.xlsx,Kabaddi,वह खिलाड़ी किस टीम का है?,"A) यू मुम्बा, B) पटना पाइरेट्स, C) बंगाल वॉरियर्स, D) गुजरात जायंट्स",C) बंगाल वॉरियर्स,1,no mistake,no correction needed,no correction needed,no answer needed
kabaddi_20,IBQ,India_IBQ.xlsx,Kabaddi,चित्र में दिखाया गया खिलाड़ी कौन है?,"ए) अजय ठाकुर, बी) प्रदीप नरवाल, सी) राहुल चौधरी, डी) मंजीत छिल्लर",A) अजय ठाकुर,1,no mistake,no correction needed,no correction needed,no answer needed
kabaddi_20,IBQ,India_IBQ.xlsx,Kabaddi,इस तस्वीर में अजय ठाकुर किस टीम के लिए खेल रहे हैं?,"ए) तमिल थलाइवाज, बी) गुजरात फॉर्च्यूनजायंट्स, सी) दबंग दिल्ली, डी) बंगाल वॉरियर्स",A) तमिल थलाइवा,1,no mistake,no correction needed,no correction needed,no answer needed
kabaddi_20,IBQ,India_IBQ.xlsx,Kabaddi,चित्र में अजय ठाकुर क्या क्रिया कर रहे हैं?,"A) रेड, B) टैकल, C) ब्लॉक, D) कैच",ए) छापा,0,"The correct answer 'छापा' (raid) is a translation of 'रेड' (raid). The question asks what Ajay Thakur is doing in the image. Based on the image, Ajay Thakur is clearly performing a raid. The options should be consistent and avoid having the same action described with different translations. Additionally, 'कैच' is irrelevant to kabaddi.",चित्र में अजय ठाकुर क्या कर रहे हैं?,"['रेड', 'टैकल', 'ब्लॉक', 'दौड़']",रेड
kabaddi_20,IBQ,India_IBQ.xlsx,Kabaddi,यह मैच किस टीम के खिलाफ खेला जा रहा है?,"A) गुजरात फॉर्च्यूनजायंट्स, B) दबंग दिल्ली, C) यू मुंबा, D) बेंगलुरु बुल्स",A) गुजरात फॉर्च्यूनजायंट्स,1,no mistake,no correction needed,no correction needed,no answer needed
kabaddi_20,IBQ,India_IBQ.xlsx,Kabaddi,इस चित्र में अजय ठाकुर के अभिनय का क्या महत्व है?,"A) उसने निर्णायक रेड की, B) उसने महत्वपूर्ण टैकल किया, C) वह जीत का जश्न मना रहा है, D) वह कोच के साथ रणनीति बना रहा है",A) उसने निर्णायक रेड मारी,1,no mistake,no correction needed,no correction needed,no answer needed
kabaddi_21,IBQ,India_IBQ.xlsx,Kabaddi,चित्र में खिलाड़ी ने मुख्यतः किस टीम का रंग पहना है?,"A) लाल, B) नीला, C) हरा, D) पीला",ए) लाल,1,no mistake,no correction needed,no correction needed,no answer needed
kabaddi_21,IBQ,India_IBQ.xlsx,Kabaddi,चित्र में खिलाड़ी मुख्यतः किस उपकरण का उपयोग कर रहा है?,"A) घुटने के पैड, B) हेलमेट, C) हाथ के दस्ताने, D) माउथ गार्ड",ए) घुटने के पैड,0,"The correct answer should be 'B) हेलमेट'. The player in the image is a Kabaddi player, and Kabaddi players typically wear helmets for protection. The player in the image is clearly wearing a helmet. While knee pads are worn, the most prominent and defining protective gear visible is the helmet.",चित्र में खिलाड़ी मुख्यतः किस सुरक्षा उपकरण का उपयोग कर रहा है?,"A) घुटने के पैड, B) हेलमेट, C) हाथ के दस्ताने, D) माउथ गार्ड",बी) हेलमेट
kabaddi_21,IBQ,India_IBQ.xlsx,Kabaddi,चित्र में खिलाड़ी द्वारा निम्नलिखित में से कौन सी रणनीति सबसे अधिक अपनाई गई है?,"A) रेडर को रोकना, B) टैकल से बचना, C) टीम लीडर का समर्थन करना, D) प्रतिद्वंद्वी पर नज़र रखना",बी) टैकल से बचना,1,no mistake,no correction needed,no correction needed,no answer needed
kabaddi_21,IBQ,India_IBQ.xlsx,Kabaddi,चित्र में खिलाड़ी के रुख का सबसे अच्छा वर्णन किस प्रकार किया गया है?,"A) आक्रामक, B) रक्षात्मक, C) तटस्थ, D) पीछे हटना",ए) आक्रामक,1,no mistake,no correction needed,no correction needed,no answer needed
kabaddi_22,IBQ,India_IBQ.xlsx,Kabaddi,छवि में खिलाड़ी द्वारा क्या क्रिया की जा रही है?,"A) रेडिंग, B) डिफेंडिंग, C) जंपिंग, D) पासिंग",ए) छापेमारी,1,no mistake,no correction needed,no correction needed,no answer needed
kabaddi_22,IBQ,India_IBQ.xlsx,Kabaddi,चित्र में दिखाए गए खिलाड़ी का प्राथमिक उद्देश्य क्या है?,"A) विरोधियों को टैग करना, B) विरोधियों से बचना, C) अंक प्राप्त करना, D) गोल की रक्षा करना",A) विरोधियों को टैग करना,1,no mistake,no correction needed,no correction needed,no answer needed
kabaddi_22,IBQ,India_IBQ.xlsx,Kabaddi,कबड्डी मैच में प्रत्येक टीम से कितने खिलाड़ी शामिल होते हैं?,"ए) 5, बी) 7, सी) 6, डी) 8",बी) 7,1,no mistake,no correction needed,no correction needed,no answer needed
kabaddi_22,IBQ,India_IBQ.xlsx,Kabaddi,चित्र में दिखाए गए खिलाड़ी का ध्यान कबड्डी मैदान के किस भाग पर केंद्रित होने की संभावना है?,"A) आक्रमण क्षेत्र, B) रक्षा क्षेत्र, C) बेंच क्षेत्र, D) मिडफील्ड क्षेत्र",ए) हमला क्षेत्र,1,no mistake,no correction needed,no correction needed,no answer needed
kabaddi_22,IBQ,India_IBQ.xlsx,Kabaddi,चित्र में दिखाए अनुसार कबड्डी में प्रयुक्त होने वाला प्राथमिक उपकरण क्या है?,"A) गेंद, B) बल्ला, C) कोई नहीं, D) रैकेट",सी) कोई नहीं,1,no mistake,no correction needed,no correction needed,no answer needed
kabaddi_23,IBQ,India_IBQ.xlsx,Kabaddi,इस चित्र में मोहम्मदरेज़ा किस स्थान पर खेल रहे हैं?,"A) रेडर, B) डिफेंडर, C) ऑलराउंडर, D) गोलकीपर",ए) रेडर,1,no mistake,no correction needed,no correction needed,no answer needed
kabaddi_23,IBQ,India_IBQ.xlsx,Kabaddi,मोहम्मदरेजा किस टीम का हिस्सा होंगे?,"A) नीली टीम, B) लाल टीम, C) हरी टीम, D) पीली टीम",बी) रेड टीम,1,no mistake,no correction needed,no correction needed,no answer needed
kabaddi_23,IBQ,India_IBQ.xlsx,Kabaddi,मोहम्मदरजा क्या कार्रवाई कर रहे हैं?,"A) आक्रमण करना, B) बचाव करना, C) ब्रेक लेना, D) स्कोर करना",ए) हमला करना,1,no mistake,no correction needed,no correction needed,no answer needed
kabaddi_24,IBQ,India_IBQ.xlsx,Kabaddi,चित्र में दिखाए गए कार्यक्रम की मेजबानी कौन सा देश कर रहा है?,"A) भारत, B) पाकिस्तान, C) बांग्लादेश, D) श्रीलंका",ए) भारत,1,no mistake,no correction needed,no correction needed,no answer needed
kabaddi_24,IBQ,India_IBQ.xlsx,Kabaddi,चित्र में किस प्रकार की प्रतिस्पर्धा दर्शायी गयी है?,"ए) राष्ट्रीय चैम्पियनशिप, बी) अंतर्राष्ट्रीय टूर्नामेंट, सी) मैत्रीपूर्ण मैच, डी) स्थानीय लीग",बी) अंतर्राष्ट्रीय टूर्नामेंट,1,no mistake,no correction needed,no correction needed,no answer needed
kabaddi_25,IBQ,India_IBQ.xlsx,Kabaddi,"चित्र में दिखाए गए खेल में, टैकल होने के बाद कोई खिलाड़ी अधिकतम कितना समय कोर्ट के बाहर बिता सकता है?","A) 30 सेकंड, B) 1 मिनट, C) 3 मिनट, D) अगली छापेमारी पूरी होने तक",D) जब तक अगला छापा पूरा न हो जाए,1,no mistake,no correction needed,no correction needed,no answer needed
kabaddi_25,IBQ,India_IBQ.xlsx,Kabaddi,"चित्र में दिखाए गए खेल के लिए, 'कोने' डिफेंडर की प्राथमिक जिम्मेदारी क्या है?","A) रेडर को प्रवेश करने से रोकना, B) चेन टैकल करना, C) रेडर के पैरों पर हमला करना, D) बोनस लाइन पर नज़र रखना",C) हमलावर के पैरों पर हमला करना,1,no mistake,no correction needed,no correction needed,no answer needed
kabaddi_25,IBQ,India_IBQ.xlsx,Kabaddi,"चित्र में दिखाए गए खेल में, यदि सभी डिफेंडर आउट हो जाएं और केवल एक रेडर शेष रह जाए, तो इस स्थिति के लिए क्या शब्द प्रयुक्त होगा?","ए) सुपर रेड, बी) सुपर टैकल, सी) ऑल-आउट, डी) बोनस रेड",पुकारें,1,no mistake,no correction needed,no correction needed,no answer needed
kabaddi_25,IBQ,India_IBQ.xlsx,Kabaddi,चित्र में दिखाए गए खेल के लिए 'सुपर टैकल' नियम का क्या महत्व है?,"ए) टैकलिंग के लिए डिफेंडिंग टीम को 1 अंक दिया जाता है, बी) 4 या उससे कम डिफेंडरों वाले रेडर को टैकल करने पर 2 अंक दिए जाते हैं, सी) रेडर को 2 अंक दिए जाते हैं, डी) रेडर को 1 बोनस अंक",बी) 4 या उससे कम डिफेंडरों वाले रेडर को टैकल करने पर 2 अंक दिए जाते हैं,1,no mistake,no correction needed,no correction needed,no answer needed
kabaddi_26,IBQ,India_IBQ.xlsx,Kabaddi,"चित्र में दिखाए गए खेल में, जब रेडर सफलतापूर्वक बोनस लाइन पार कर जाता है तो रेफरी क्या संकेत देता है?","A) दोनों हाथों को अपने सिर के ऊपर उठाता है, B) सीटी बजाता है और रेडर की ओर इशारा करता है, C) लाल झंडा लहराता है, D) स्कोरकीपर को संकेत देता है",बी) सीटी बजाता है और हमलावर की ओर इशारा करता है,1,no mistake,no correction needed,no correction needed,no answer needed
kabaddi_26,IBQ,India_IBQ.xlsx,Kabaddi,"चित्र में दिखाए गए खेल के लिए, उस समय क्या शब्द का प्रयोग किया जाता है जब कोई रेडर बिना टैकल किए अपने हाफ में लौट जाता है, लेकिन किसी डिफेंडर को छूने में विफल रहता है?","ए) खाली रेड, बी) सफल रेड, सी) ऑल-आउट, डी) बोनस रेड",ए) खाली छापा,1,no mistake,no correction needed,no correction needed,no answer needed
kabaddi_26,IBQ,India_IBQ.xlsx,Kabaddi,चित्र में दिखाए गए खेल में किस क्रिया के परिणामस्वरूप 'लोना' उत्पन्न होता है?,"A) रेडर बोनस लाइन को छूता है, B) बचाव करने वाली टीम ऑल आउट हो जाती है, C) रेडर सुपर टैकल करता है, D) रेड असफल हो जाती है",B) बचाव करने वाली टीम पूरी तरह से आउट हो गई है,1,no mistake,no correction needed,no correction needed,no answer needed
kabaddi_26,IBQ,India_IBQ.xlsx,Kabaddi,"चित्र में दिखाए गए खेल में, यदि रेडर रेड के दौरान सीमा से बाहर चला जाए तो क्या होगा?","A) रेड रद्द हो जाती है, B) रेडर आउट हो जाता है, C) बचाव करने वाली टीम को 1 अंक मिलता है, D) रेडर को 1 अंक मिलता है",बी) हमलावर बाहर है,1,no mistake,no correction needed,no correction needed,no answer needed
kabaddi_27,IBQ,India_IBQ.xlsx,Kabaddi,चित्र में दिखाए गए खेल में प्रत्येक टीम के कितने खिलाड़ी मैदान पर हैं?,"ए) 5, बी) 7, सी) 9, डी) 11",बी) 7,1,no mistake,no correction needed,no correction needed,no answer needed
kabaddi_27,IBQ,India_IBQ.xlsx,Kabaddi,चित्र में दिखाए गए खेल में रेडर का उद्देश्य क्या है?,"A) डिफेंडरों से निपटना, B) डिफेंडरों को छूना और सुरक्षित वापस लौटना, C) केंद्र रेखा को पार करना, D) प्रतिद्वंद्वी के आधे हिस्से में रहना",बी) रक्षकों को छूना और सुरक्षित वापस लौटना,1,no mistake,no correction needed,no correction needed,no answer needed
kabaddi_27,IBQ,India_IBQ.xlsx,Kabaddi,चित्र में दिखाए गए खेल के लिए रक्षकों की क्या भूमिका है?,"A) हमलावर से बचने के लिए, B) हमलावर से निपटने के लिए, C) हमलावर को छूने के लिए, D) केंद्र रेखा को पार करने के लिए",बी) हमलावर से निपटने के लिए,1,no mistake,no correction needed,no correction needed,no answer needed
kabaddi_27,IBQ,India_IBQ.xlsx,Kabaddi,"चित्र में दिखाए गए खेल के लिए, यदि कोई रेडर सीमा रेखा के बाहर कदम रखता है तो क्या होता है?","A) वे एक अंक खो देते हैं, B) वे बाहर हो जाते हैं, C) वे एक अंक प्राप्त करते हैं, D) छापा जारी रहता है",बी) वे बाहर हैं,1,no mistake,no correction needed,no correction needed,no answer needed
kabaddi_28,IBQ,India_IBQ.xlsx,Kabaddi,"चित्र में दिखाए गए खेल के लिए, एक सफल रेड के लिए एक टीम कितने अंक अर्जित करती है?","A) 1 अंक, B) 2 अंक, C) 3 अंक, D) 4 अंक",ए) 1 अंक,1,no mistake,no correction needed,no correction needed,no answer needed
kabaddi_28,IBQ,India_IBQ.xlsx,Kabaddi,चित्र में दिखाए गए खेल के लिए बोनस लाइन क्या है?,"A) एक रेखा जो अतिरिक्त अंक प्रदान करती है, B) एक रेखा जिसे बोनस के लिए पार करना आवश्यक है, C) एक रेखा जो टीमों को अलग करती है, D) रक्षकों के लिए एक रेखा",बी) एक रेखा जिसे बोनस के लिए पार करना होगा,1,no mistake,no correction needed,no correction needed,no answer needed
kabaddi_28,IBQ,India_IBQ.xlsx,Kabaddi,चित्र में दिखाए गए खेल में 'सुपर टैकल' के लिए कितने अंक दिए जाते हैं?,"A) 1 अंक, B) 2 अंक, C) 3 अंक, D) 4 अंक",बी) 2 अंक,1,no mistake,no correction needed,no correction needed,no answer needed
kabaddi_28,IBQ,India_IBQ.xlsx,Kabaddi,"चित्र में दिखाए गए खेल में, एक रेडर प्रतिद्वंद्वी के हाफ में अधिकतम कितना समय बिता सकता है?","A) 20 सेकंड, B) 30 सेकंड, C) 40 सेकंड, D) 60 सेकंड",बी) 30 सेकंड,1,no mistake,no correction needed,no correction needed,no answer needed
kabaddi_29,IBQ,India_IBQ.xlsx,Kabaddi,"चित्र में दिखाए गए खेल में, कबड्डी कोर्ट की मानक लंबाई कितनी है?","A) 10 मीटर, B) 12.5 मीटर, C) 13 मीटर, D) 15 मीटर",सी) 13 मीटर,1,no mistake,no correction needed,no correction needed,no answer needed
kabaddi_29,IBQ,India_IBQ.xlsx,Kabaddi,"चित्र में दिखाए गए खेल के लिए, सुपर टैकल में कितने खिलाड़ियों को शामिल होना चाहिए?","ए) 1, बी) 2, सी) 3, डी) 4",बी) 2,1,no mistake,no correction needed,no correction needed,no answer needed
kabaddi_29,IBQ,India_IBQ.xlsx,Kabaddi,"चित्र में दिखाए गए खेल में, मैच का प्रत्येक हाफ कितने समय तक चलता है?","A) 15 मिनट, B) 20 मिनट, C) 25 मिनट, D) 30 मिनट",बी) 20 मिनट,1,no mistake,no correction needed,no correction needed,no answer needed
kabaddi_29,IBQ,India_IBQ.xlsx,Kabaddi,"चित्र में दिखाए गए खेल के लिए, जब कोई टीम ऑल आउट हो जाती है, तो उसे क्या कहते हैं?","ए) बोनस, बी) लोना, सी) सुपर टैकल, डी) टेकडाउन",बी) लोना,1,no mistake,no correction needed,no correction needed,no answer needed
kabaddi_30,IBQ,India_IBQ.xlsx,Kabaddi,चित्र में दिखाए गए खेल में सीमा रेखाएं आमतौर पर किस रंग से चिह्नित होती हैं?,"A) लाल, B) पीला, C) नीला, D) सफेद",D) सफेद,1,no mistake,no correction needed,no correction needed,no answer needed
kabaddi_30,IBQ,India_IBQ.xlsx,Kabaddi,"चित्र में दिखाए गए खेल के लिए, यदि कोई रेडर सफलतापूर्वक बोनस लाइन पार कर जाता है तो क्या होता है?","A) वे एक बोनस अंक अर्जित करते हैं, B) वे एक अंक खो देते हैं, C) छापा समाप्त हो जाता है, D) वे बाहर हो जाते हैं",A) वे बोनस अंक अर्जित करते हैं,1,no mistake,no correction needed,no correction needed,no answer needed
kabaddi_30,IBQ,India_IBQ.xlsx,Kabaddi,"चित्र में दिखाए गए खेल में, एक सफल रेड के लिए कितने अंक दिए जाते हैं, जिसमें कई डिफेंडर शामिल होते हैं?","A) प्रति स्पर्श 1 अंक, B) प्रति स्पर्श 2 अंक, C) सभी स्पर्शों के लिए 1 अंक, D) सभी स्पर्शों के लिए 2 अंक",A) प्रति स्पर्श 1 अंक,1,no mistake,no correction needed,no correction needed,no answer needed
kabaddi_30,IBQ,India_IBQ.xlsx,Kabaddi,"चित्र में दिखाए गए खेल में, केंद्रीय रेखा का उद्देश्य क्या है?","A) टीमों को विभाजित करने के लिए, B) रेडर की शुरुआत को चिह्नित करने के लिए, C) रेड के अंत को दिखाने के लिए, D) बोनस ज़ोन को चिह्नित करने के लिए",A) टीमों को विभाजित करने के लिए,1,no mistake,no correction needed,no correction needed,no answer needed
kabaddi_31,IBQ,India_IBQ.xlsx,Kabaddi,चित्र में दिखाए गए खेल में रेडर के सबसे करीबी खिलाड़ी की भूमिका क्या है?,"A) हमलावर से निपटने के लिए, B) अन्य रक्षकों का समर्थन करने के लिए, C) रक्षा का नेतृत्व करने के लिए, D) हमलावर से बचने के लिए",A) हमलावर से निपटने के लिए,1,no mistake,no correction needed,no correction needed,no answer needed
kabaddi_31,IBQ,India_IBQ.xlsx,Kabaddi,"चित्र में दिखाए गए खेल के लिए, कबड्डी मैच आमतौर पर किस सतह पर खेला जाता है?","A) घास, B) रेत, C) चटाई, D) कंक्रीट",सी) चटाई,1,no mistake,no correction needed,no correction needed,no answer needed
kabaddi_31,IBQ,India_IBQ.xlsx,Kabaddi,"चित्र में दिखाए गए खेल में, जब रेडर पकड़ा जाता है तो रेफरी क्या करता है?","A) डिफेंडर के लिए एक अंक का संकेत देता है, B) रेडर के लिए एक अंक का संकेत देता है, C) मैच की समाप्ति का संकेत देता है, D) रेड को रोकता है",A) डिफेंडरों के लिए एक अंक का संकेत,1,no mistake,no correction needed,no correction needed,no answer needed
kabaddi_31,IBQ,India_IBQ.xlsx,Kabaddi,चित्र में दिखाए गए खेल में सुपर टैकल के लिए कितने डिफेंडर मौजूद होने चाहिए?,"ए) 2, बी) 3, सी) 4, डी) 5",ए) 2,1,no mistake,no correction needed,no correction needed,no answer needed
kabaddi_32,IBQ,India_IBQ.xlsx,Kabaddi,चित्र में दिखाए गए खेल के लिए डैश लाइन का उद्देश्य क्या है?,"A) बोनस लाइन को चिह्नित करने के लिए, B) डिफेंडरों को अलग करने के लिए, C) रेड क्षेत्र को विभाजित करने के लिए, D) सुरक्षित क्षेत्र को चिह्नित करने के लिए",A) बोनस लाइन को चिह्नित करने के लिए,1,no mistake,no correction needed,no correction needed,no answer needed
kabaddi_32,IBQ,India_IBQ.xlsx,Kabaddi,"चित्र में दिखाए गए खेल में, डिफेंडरों द्वारा आमतौर पर किस रंग की जर्सी पहनी जाती है?","A) लाल, B) नीला, C) पीला, D) हरा",बी) नीला,1,no mistake,no correction needed,no correction needed,no answer needed
kabaddi_32,IBQ,India_IBQ.xlsx,Kabaddi,चित्र में दिखाए गए खेल में सफल लोना के लिए कितने अंक दिए जाते हैं?,"A) 1 अंक, B) 2 अंक, C) 3 अंक, D) 4 अंक",बी) 2 अंक,1,no mistake,no correction needed,no correction needed,no answer needed
kabaddi_32,IBQ,India_IBQ.xlsx,Kabaddi,"चित्र में दिखाए गए खेल में, एक मानक मैच में कितने हाफ होते हैं?","ए) 1, बी) 2, सी) 3, डी) 4",बी) 2,1,no mistake,no correction needed,no correction needed,no answer needed
kabaddi_33,IBQ,India_IBQ.xlsx,Kabaddi,"चित्र में दिखाए गए खेल में, किस क्रिया के परिणामस्वरूप रेडर को अंक मिलता है?","A) डिफेंडर को छूना, B) सेंटर लाइन को पार करना, C) डिफेंडरों से बचना, D) प्रतिद्वंद्वी के हाफ में रहना",A) डिफेंडर को छूना,1,no mistake,no correction needed,no correction needed,no answer needed
kabaddi_33,IBQ,India_IBQ.xlsx,Kabaddi,"चित्र में दिखाए गए खेल के लिए, छापे के दौरान सीमा से बाहर कदम रखने पर क्या दंड है?","A) रेडर एक अंक अर्जित करता है, B) रेडर आउट हो जाता है, C) रेड जारी रहती है, D) डिफेंडर एक अंक खो देते हैं",बी) हमलावर बाहर है,1,no mistake,no correction needed,no correction needed,no answer needed
kabaddi_33,IBQ,India_IBQ.xlsx,Kabaddi,"चित्र में दिखाए गए खेल में, जब एक रेडर को दो या अधिक डिफेंडरों द्वारा टैकल किया जाता है, तो किस शब्द का प्रयोग किया जाता है?","A) सुपर रेड, B) सुपर टैकल, C) ऑल-आउट, D) लोना",बी) सुपर टैकल,1,no mistake,no correction needed,no correction needed,no answer needed
kabaddi_33,IBQ,India_IBQ.xlsx,Kabaddi,"चित्र में दिखाए गए खेल के लिए, कोने के डिफेंडर की मुख्य भूमिका क्या है?","A) हमलावर से निपटने के लिए, B) अन्य रक्षकों की सहायता करने के लिए, C) रक्षा का नेतृत्व करने के लिए, D) हमलावर से बचने के लिए",A) हमलावर से निपटने के लिए,1,no mistake,no correction needed,no correction needed,no answer needed
kabaddi_34,IBQ,India_IBQ.xlsx,Kabaddi,"चित्र में दिखाए गए खेल में, एक सामान्य कबड्डी रेड की अवधि कितनी होती है?","A) 10 सेकंड, B) 20 सेकंड, C) 30 सेकंड, D) 40 सेकंड",सी) 30 सेकंड,1,no mistake,no correction needed,no correction needed,no answer needed
kabaddi_34,IBQ,India_IBQ.xlsx,Kabaddi,चित्र में दिखाए गए खेल के लिए सफल रेड को क्या कहा जाता है?,"A) टैकल, B) बोनस, C) टच, D) कैप्चर",सी) स्पर्श,1,no mistake,no correction needed,no correction needed,no answer needed
kabaddi_34,IBQ,India_IBQ.xlsx,Kabaddi,"चित्र में दिखाए गए खेल में, डिफेंडर को छूने के लिए रेडर को क्या करना चाहिए?","A) अपने हाफ में वापस लौटना, B) प्रतिद्वंद्वी के हाफ में रहना, C) रेफरी को संकेत देना, D) बोनस लाइन पार करना",A) अपने आधे हिस्से में वापसी,1,no mistake,no correction needed,no correction needed,no answer needed
kabaddi_34,IBQ,India_IBQ.xlsx,Kabaddi,"चित्र में दिखाए गए खेल के लिए, यदि रेडर कई डिफेंडरों को छू ले तो क्या होगा?","A) प्रति डिफेंडर 1 अंक, B) 2 अंक, C) रेड समाप्त, D) डिफेंडर स्कोर करता है",A) प्रति डिफेंडर 1 अंक,1,no mistake,no correction needed,no correction needed,no answer needed
kabaddi_35,IBQ,India_IBQ.xlsx,Kabaddi,चित्र में दिखाए गए खेल के लिए 'करो या मरो' छापा क्या है?,"A) एक रेड जिसमें रेडर को स्कोर करना होता है, B) एक रेड जिसमें रेडर को टैकल करना होता है, C) अतिरिक्त अंकों के साथ एक रेड, D) एक रेड जो मैच को समाप्त कर देती है",A) एक रेड जहां रेडर को स्कोर करना होता है,1,no mistake,no correction needed,no correction needed,no answer needed
kabaddi_35,IBQ,India_IBQ.xlsx,Kabaddi,"चित्र में दिखाए गए खेल में, जब कोई टीम 'सुपर रेड' जीतती है तो क्या होता है?","A) 1 अंक, B) 2 अंक, C) 3 अंक, D) 4 अंक",सी) 3 अंक,1,no mistake,no correction needed,no correction needed,no answer needed
kabaddi_35,IBQ,India_IBQ.xlsx,Kabaddi,"चित्र में दिखाए गए खेल के लिए, प्रतिद्वंद्वी के हाफ में रेडर का प्रवेश कैसे निर्धारित होता है?","A) बोनस लाइन पार करना, B) 'कबड्डी' कहना, C) प्रतिद्वंद्वी को छूना, D) केंद्रीय रेखा पार करना",D) केंद्रीय रेखा को पार करना,1,no mistake,no correction needed,no correction needed,no answer needed
kabaddi_35,IBQ,India_IBQ.xlsx,Kabaddi,"चित्र में दिखाए गए खेल के लिए, रेडर को रेड करते समय लगातार क्या जपना चाहिए?","A) 'टच', B) 'आउट', C) 'कबड्डी', D) 'बोनस'",C) 'कबड्डी',1,no mistake,no correction needed,no correction needed,no answer needed
kabaddi_36,IBQ,India_IBQ.xlsx,Kabaddi,"चित्र में दिखाए गए खेल में, सुपर टैकल का प्रयास करने के लिए डिफेंडरों की न्यूनतम संख्या कितनी होनी चाहिए?","ए) 1, बी) 2, सी) 3, डी) 4",बी) 2,1,no mistake,no correction needed,no correction needed,no answer needed
kabaddi_36,IBQ,India_IBQ.xlsx,Kabaddi,"चित्र में दिखाए गए खेल के लिए, वैध बोनस अंक के लिए रेडर को क्या पार करना होगा?","A) सेंट्रल लाइन, B) बोनस लाइन, C) एंड लाइन, D) टैकल लाइन",बी) बोनस लाइन,1,no mistake,no correction needed,no correction needed,no answer needed
kabaddi_36,IBQ,India_IBQ.xlsx,Kabaddi,"चित्र में दिखाए गए खेल में, डिफेंडर को आउट घोषित होने से बचने के लिए क्या करना चाहिए?","A) हमलावर को छूना, B) सीमा में रहना, C) केंद्रीय रेखा को पार करना, D) हमलावर के स्पर्श से बचना",D) हमलावर के स्पर्श से बचें,1,no mistake,no correction needed,no correction needed,no answer needed
kabaddi_36,IBQ,India_IBQ.xlsx,Kabaddi,"चित्र में दिखाए गए खेल के लिए, किसी टीम को 'ऑल आउट' घोषित करने के लिए कितने खिलाड़ी होने चाहिए?","A) 1 खिलाड़ी, B) 2 खिलाड़ी, C) कोई खिलाड़ी नहीं, D) 3 खिलाड़ी",C) कोई खिलाड़ी नहीं,0,"The question refers to a sport where a team can be 'all out', but the answer states 'no players'. This is logically incorrect. The image needs to be considered to determine the sport and the conditions for being all out. Without the image, it is impossible to verify.","चित्र में दिखाए गए खेल में, किसी टीम को 'ऑल आउट' घोषित करने के लिए कितने खिलाड़ी आउट होने चाहिए?","['A) 1 खिलाड़ी', 'B) 2 खिलाड़ी', 'C) 5 खिलाड़ी', 'D) 10 खिलाड़ी']",C) 5 खिलाड़ी
kabaddi_37,IBQ,India_IBQ.xlsx,Kabaddi,चित्र में दिखाए गए खेल में 'लॉबी' क्षेत्र का क्या महत्व है?,"ए) स्कोरिंग ज़ोन, बी) सुरक्षा ज़ोन, सी) पेनल्टी ज़ोन, डी) एक ज़ोन जिसका उपयोग केवल स्पर्श के बाद किया जा सकता है",D) एक ऐसा क्षेत्र जिसका उपयोग केवल स्पर्श के बाद ही किया जा सकता है,1,no mistake,no correction needed,no correction needed,no answer needed
kabaddi_37,IBQ,India_IBQ.xlsx,Kabaddi,"चित्र में दिखाए गए खेल के लिए, एक टीम एक बार में अधिकतम कितने रेडर्स भेज सकती है?","A) 1 हमलावर, B) 2 हमलावर, C) 3 हमलावर, D) 4 हमलावर",ए) 1 हमलावर,1,no mistake,no correction needed,no correction needed,no answer needed
kabaddi_37,IBQ,India_IBQ.xlsx,Kabaddi,"चित्र में दिखाए गए खेल के लिए, छापे के दौरान रेफरी की भूमिका क्या होती है?","A) अंक गिनने के लिए, B) समय पर नज़र रखने के लिए, C) हमलावर के जप पर नज़र रखने के लिए, D) रक्षकों को नियंत्रित करने के लिए",C) हमलावर के नारे पर नज़र रखने के लिए,0,"The question asks about the role of a referee during a ' छापे' (raid) in a sport shown in the image. The image depicts Kabaddi. In Kabaddi, the referee doesn't monitor the 'जप' (chanting) of the attacker. They monitor whether the raider successfully touches defenders and returns to their side without being caught, and also oversee fouls. Option C is incorrect.","चित्र में दिखाए गए खेल के लिए, छापे के दौरान रेफरी की मुख्य भूमिका क्या होती है?","['A) अंकों की गणना करने के लिए', 'B) समय नियंत्रित करने के लिए', 'C) रेडर द्वारा छूए गए खिलाड़ियों की गिनती करने के लिए', 'D) नियमों का पाल�� सुनिश्चित करने के लिए']",D) नियमों का पालन सुनिश्चित करने के लिए
kabaddi_37,IBQ,India_IBQ.xlsx,Kabaddi,"चित्र में दिखाए गए खेल में, एक रेडर एक ही रेड में कितने बोनस अंक अर्जित कर सकता है?","A) 1 अंक, B) 2 अंक, C) 3 अंक, D) 4 अंक",ए) 1 अंक,1,no mistake,no correction needed,no correction needed,no answer needed
kabaddi_38,IBQ,India_IBQ.xlsx,Kabaddi,"चित्र में दिखाए गए खेल के लिए, एक खिलाड़ी लगातार कितनी बार रेड कर सकता है?","ए) प्रति बारी एक बार, बी) प्रति बारी दो बार, सी) निपटने तक, डी) असीमित",A) प्रति बारी एक बार,1,no mistake,no correction needed,no correction needed,no answer needed
kabaddi_38,IBQ,India_IBQ.xlsx,Kabaddi,"चित्र में दिखाए गए खेल में, यदि कोई रेडर डिफेंडर को छूने के बाद सफलतापूर्वक वापस लौट जाता है, तो डिफेंडर के साथ क्या होता है?","A) वे खेल में बने रहते हैं, B) उन्हें आउट घोषित कर दिया जाता है, C) उन्हें एक अंक मिलता है, D) रेड रद्द हो जाती है",बी) उन्हें आउट घोषित कर दिया गया है,1,no mistake,no correction needed,no correction needed,no answer needed
kabaddi_38,IBQ,India_IBQ.xlsx,Kabaddi,"चित्र में दिखाए गए खेल के लिए, एक टीम एक ही रेड से अधिकतम कितने अंक प्राप्त कर सकती है?","A) 1 अंक, B) 2 अंक, C) 3 अंक, D) असीमित",डी) असीमित,1,no mistake,no correction needed,no correction needed,no answer needed
kabaddi_38,IBQ,India_IBQ.xlsx,Kabaddi,"चित्र में दिखाए गए खेल में, यदि कोई रेडर कई डिफेंडरों को छू लेता है तो उसे क्या करना चाहिए?","ए) अधिक डिफेंडरों को छूना, बी) बोनस लाइन को पार करना, सी) अपने आधे हिस्से में वापस लौटना, डी) छापा जारी रखना",C) अपने आधे हिस्से में लौटना,1,no mistake,no correction needed,no correction needed,no answer needed
chess_1,IBQ,India_IBQ.xlsx,Chess,दी गई छवि में कौन सा खेल खेला गया है?,"A) कबड्डी, B) खो-खो, C) शतरंज, D) क्रिकेट",सी) शतरंज,1,no mistake,no correction needed,no correction needed,no answer needed
chess_1,IBQ,India_IBQ.xlsx,Chess,चित्र में दिखाया गया खेल लगभग कितना पुराना है?,"A) 1500 वर्ष, B) 300 वर्ष, C) 500 वर्ष, D) 900 वर्ष",ए) 1500 वर्ष,0,"The image shows a chess board. Chess is estimated to have originated around the 6th century AD (approximately 1400-1500 years ago), but its direct predecessor, Chaturanga, originated in India around the 6th century. The question asks about the age of the game shown in the image, and the correct answer of 1500 years isn't precise enough.  The options are also somewhat arbitrary. Furthermore, the question is poorly phrased - 'approximately how old' is vague.",चित्र में दिखाया गया खेल लगभग किस शताब्दी में शुरू हुआ था?,"['A) छठी शताब्दी', 'B) दसवीं शताब्दी', 'C) पंद्रहवीं शताब्दी', 'D) अठारहवीं शताब्दी']",ए) छठी शताब्दी
chess_1,IBQ,India_IBQ.xlsx,Chess,शतरंज की बिसात में कितने वर्ग होते हैं?,"ए) 65, बी) 32, सी) 64, डी) 99",सी) 64,1,no mistake,no correction needed,no correction needed,no answer needed
chess_1,IBQ,India_IBQ.xlsx,Chess,इस खेल को कितने खिलाड़ी खेल सकते हैं?,"ए) 1, बी) 2, सी) 4, डी) 6",बी) 2,1,no mistake,no correction needed,no correction needed,no answer needed
chess_2,IBQ,India_IBQ.xlsx,Chess,फोटो में दिखाया गया खिलाड़ी कौन है?,"ए) व्लादिमीर क्रैमनिक, बी) विश्वनाथन आनंद, सी) मैग्नस कार्लसन, डी) डिंग लिरेन",C) मैग्नस कार्लसन,1,no mistake,no correction needed,no correction needed,no answer needed
chess_2,IBQ,India_IBQ.xlsx,Chess,दिए गए खिलाड़ी का शास्त्रीय शतरंज में अभिजात वर्ग स्तर पर सबसे लंबे समय तक अपराजित रहने का रिकॉर्ड कितने समय का है?,"A) 102 खेल, B) 125 खेल, C) 130 खेल, D) 99 खेल",बी) 125 खेल,1,no mistake,no correction needed,no correction needed,no answer needed
chess_2,IBQ,India_IBQ.xlsx,Chess,वह किस वर्ष ग्रैंडमास्टर बने?,"ए) 2000, बी) 2015, सी) 2003, डी) 2004",डी) 2004,1,no mistake,no correction needed,no correction needed,no answer needed
chess_2,IBQ,India_IBQ.xlsx,Chess,वह विश्व चैंपियन कब बने?,"ए) 2012, बी) 2010, सी) 2018, डी) 2013",डी) 2013,1,no mistake,no correction needed,no correction needed,no answer needed
chess_3,IBQ,India_IBQ.xlsx,Chess,विश्वनाथन आनंद ने विश्व शतरंज चैंपियनशिप कितनी बार जीती है?,"ए) 3, बी) 4, सी) 5, डी) 6",सी) 5,1,no mistake,no correction needed,no correction needed,no answer needed
chess_3,IBQ,India_IBQ.xlsx,Chess,विश्वनाथन आनंद किस प्रतिष्ठित भारतीय खेल सम्मान के पहले प्राप्तकर्ता थे?,"ए) अर्जुन पुरस्कार, बी) राजीव गांधी खेल रत्न, सी) पद्म भूषण, डी) द्रोणाचार्य पुरस्कार",B) राजीव गांधी खेल रत्न,1,no mistake,no correction needed,no correction needed,no answer needed
chess_3,IBQ,India_IBQ.xlsx,Chess,"विश्वनाथन आनंद ने 1987 में कौन सा प्रतिष्ठित शतरंज टूर्नामेंट जीता, जिससे अंतर्राष्ट्रीय शतरंज परिदृश्य में उनके उदय की शुरुआत हुई?","A) टाटा स्टील शतरंज टूर्नामेंट, B) विश्व जूनियर शतरंज चैम्पियनशिप, C) कैंडिडेट्स टूर्नामेंट, D) शतरंज ओलंपियाड",बी) विश्व जूनियर शतरंज चैंपियनशिप,1,no mistake,no correction needed,no correction needed,no answer needed
chess_4,IBQ,India_IBQ.xlsx,Chess,शतरंज में इसके लिए प्रारंभिक चाल विकल्प क्या है?,"A) एक वर्ग आगे, B) दो वर्ग आगे, C) एक या दो वर्ग आगे, D) तीन वर्ग आगे",C) एक या दो वर्ग आगे,1,no mistake,no correction needed,no correction needed,no answer needed
chess_4,IBQ,India_IBQ.xlsx,Chess,क्या होता है जब यह मोहरा शतरंज की बिसात के विपरीत छोर पर पहुँच जाता है?,"A) यह रानी बन जाती है, B) यह राजा को छोड़कर किसी भी मोहरे में बदल जाती है, C) यह बंदी बना ली जाती है, D) यह आगे नहीं बढ़ सकती",B) यह राजा को छोड़कर किसी भी मोहरे में पदोन्नत हो जाता है,1,no mistake,no correction needed,no correction needed,no answer needed
chess_4,IBQ,India_IBQ.xlsx,Chess,यह टुकड़ा किसी दूसरे टुकड़े को कैसे पकड़ता है?,"A) सीधे आगे बढ़कर, B) दो वर्ग आगे बढ़कर, C) एक वर्ग तिरछे आगे बढ़कर, D) पीछे की ओर बढ़कर",C) एक वर्ग तिरछे आगे की ओर बढ़ने से,1,no mistake,no correction needed,no correction needed,no answer needed
chess_4,IBQ,India_IBQ.xlsx,Chess,प्रत्येक खिलाड़ी इस टुकड़े के कितने टुकड़ों से शुरुआत करता है?,"ए) 6, बी) 8, सी) 10, डी) 12",बी) 8,0,"The question is about the starting pieces in a game, and the image depicts a chess pawn. The question refers to 'each player' starting with a certain number of 'pieces', but it does not specify the game. The correct answer (8) refers to the number of pawns each player starts with in chess. However, the question is vague and could be misinterpreted. The question should specify 'pawns' or 'chess pieces'.",प्रत्येक खिलाड़ी शतरंज में कितने प्यादे से शुरुआत करता है?,"ए) 6, बी) 8, सी) 10, डी) 12",बी) 8
chess_5,IBQ,India_IBQ.xlsx,Chess,निम्नलिखित में से कौन सा कथन कैसलिंग के दौरान दिए गए टुकड़े की गति करने की क्षमता के बारे में सत्य है?,"ए) राजा उस वर्ग से होकर गुजर सकता है, जिस पर प्रतिद्वंद्वी के मोहरे का आक्रमण हो रहा हो, बी) राजा तभी कैसल कर सकता है, जब वह खेल में पहले अपने मूल वर्ग में वापस चला गया हो, सी) राजा केवल उस किश्ती के साथ ही कैसल कर सकता है, जो खेल में पहले नहीं चली हो, डी) राजा तब भी कैसल कर सकता है, जब वह वर्तमान में चेक में हो।",C) राजा केवल उस किश्ती के साथ ही कैसल कर सकता है जो खेल में पहले कभी नहीं चला हो,1,no mistake,no correction needed,no correction needed,no answer needed
chess_5,IBQ,India_IBQ.xlsx,Chess,"यदि यह गोटी किसी खिलाड़ी के लिए बोर्ड पर बची हुई एकमात्र गोटी है, तो किस स्थिति में वह खिलाड़ी खेल हारने से बच सकता है?","A) यदि विरोधी खिलाड़ी के पास चेकमेट करने के लिए पर्याप्त सामग्री नहीं है, B) यदि खिलाड़ी अभी भी कैसल कर सकता है, C) यदि खिलाड़ी अपनी अगली चाल में एक मोहरे को आगे बढ़ा सकता है, D) यदि राजा बोर्ड के केंद्र तक पहुंच जाता है",A) यदि विरोधी खिलाड़ी के पास चेकमेट करने के लिए पर्याप्त सामग्री नहीं है,1,no mistake,no correction needed,no correction needed,no answer needed
chess_5,IBQ,India_IBQ.xlsx,Chess,यह प्रतिद्वंद्वी के मोहरे पर कब कब्जा कर सकता है?,"A) जब प्रतिद्वंद्वी का मोहरा असुरक्षित हो, B) जब मोहरे पर कब्जा करने से यह शह में नहीं आता, C) जब यह पहले से ही शह में हो, D) जब यह कब्जा करता है, तो इसे एक मोहरे द्वारा भी संरक्षित किया जाना चाहिए",बी) जब टुकड़ा पर कब्जा कर लिया जाता है तो इसे चेक में नहीं रखा जाता है।,1,no mistake,no correction needed,no correction needed,no answer needed
chess_5,IBQ,India_IBQ.xlsx,Chess,इस और गतिरोध के संबंध में क्या नियम है?,"A) गतिरोध तब होता है जब शह पर कोई वैध चाल नहीं होती, B) गतिरोध तब होता है जब राजा के पास कोई वैध चाल नहीं होती लेकिन शह पर नहीं होता, C) गतिरोध केवल राजाओं और प्यादों के साथ अंतिम खेल में हो सकता है, D) गतिरोध के लिए दोनों खिलाड़ियों के पास बराबर संख्या में मोहरे होने आवश्यक हैं",बी) गतिरोध तब होता है जब राजा के पास कोई वैध चाल नहीं होती है लेकिन वह शह पर नहीं होता है,1,no mistake,no correction needed,no correction needed,no answer needed
chess_6,IBQ,India_IBQ.xlsx,Chess,शतरंज में यह चाल कैसे चलती है?,"A) किसी भी दिशा में एक वर्ग, B) क्षैतिज, ऊर्ध्वाधर या तिरछे किसी भी संख्या में वर्ग, C) तिरछे केवल एक वर्ग, D) किश्ती की तरह, लेकिन एक समय में केवल दो वर्ग","बी) क्षैतिज, ऊर्ध्वाधर या तिरछे किसी भी संख्या में वर्ग",0,"The question asks about how a chess piece moves, but doesn't specify which piece. The image provided shows a Queen. The question should ask about the Queen specifically, and option B describes the Queen’s movement.",शतरंज में रानी कैसे चलती है?,"A) किसी भी दिशा में एक वर्ग, B) क्षैतिज, ऊर्ध्वाधर या तिरछे किसी भी संख्या में वर्ग, C) तिरछे केवल एक वर्ग, D) किश्ती की तरह, लेकिन एक समय में केवल दो वर्ग","बी) क्षैतिज, ऊर्ध्वाधर या तिरछे किसी भी संख्या में वर्ग"
chess_6,IBQ,India_IBQ.xlsx,Chess,एक बार में यह अधिकतम कितने वर्गों तक जा सकता है?,"ए) 1, बी) 2, सी) 8, डी) 27",डी) 27,1,no mistake,no correction needed,no correction needed,no answer needed
chess_6,IBQ,India_IBQ.xlsx,Chess,इस विषय में निम्नलिखित में से कौन सा कथन सत्य है?,"A) यह तभी चल सकता है जब इसे अन्य मोहरों द्वारा रोका न गया हो, B) यह अन्य मोहरों के बीच से होकर तब तक चल सकता है जब तक वे एक ही रंग के हों, C) यह केवल विकर्ण रेखाओं के साथ मोहरों को ही पकड़ सकता है, D) यह गति उस वर्ग के रंग द्वारा प्रतिबंधित होती है जिस पर से यह शुरू होता है",A) रानी तभी चल सकती है जब उसे अन्य मोहरों द्वारा रोका न गया हो,1,no mistake,no correction needed,no correction needed,no answer needed
chess_6,IBQ,India_IBQ.xlsx,Chess,जब इसे पकड़ लिया जाता है तो क्या होता है?,"A) खेल प्रतिद्वंद्वी की रानी के साथ जारी रहता है, B) रानी को बोर्ड से हटा दिया जाता है, और खिलाड़ी को अपनी रणनीति बदलनी होती है, C) रानी को खिलाड़ी की पसंद के किसी अन्य मोहरे से बदला जा सकता है, D) रानी को उसकी मूल स्थिति में लौटा दिया जाता है","बी) रानी को बोर्ड से हटा दिया जाता है, और खिलाड़ी को अपनी रणनीति बदलनी होती है",1,no mistake,no correction needed,no correction needed,no answer needed
chess_7,IBQ,India_IBQ.xlsx,Chess,बोर्ड पर केन्द्रीय स्थिति से यह कितने वर्गों को नियंत्रित करता है?,"ए) 8, बी) 4, सी) 12, डी) 16",ए) 8,1,no mistake,no correction needed,no correction needed,no answer needed
chess_7,IBQ,India_IBQ.xlsx,Chess,इस मोहरे के लिए खाली बोर्ड पर केंद्रीय स्थिति से वैध चालों की अधिकतम संख्या क्या है?,"ए) 4, बी) 6, सी) 8, डी) 12",सी) 8,1,no mistake,no correction needed,no correction needed,no answer needed
chess_7,IBQ,India_IBQ.xlsx,Chess,निम्नलिखित में से किस मोहरे की संभावित प्रारंभिक चालों की संख्या समान है?,"A) रूक, B) क्वीन, C) बिशप, D) पॉन",D) प्यादा,0,"The question asks about the number of possible initial moves, but the correct answer is Pawn which has limited initial moves (1 or 2) depending on if it has moved previously. Rook, Queen and Bishop can move any number of squares along the rank, file or diagonals respectively. This is not about initial moves. The image shows a Knight, which is not relevant to the question, and the question should focus on initial moves.","शतरंज में, निम्नलिखित में से किस मोहरे के संभावित प्रारंभिक चालों की संख्या सबसे कम है?","A) रूक, B) क्वीन, C) बिशप, D) प्यादा",D) प्यादा
chess_7,IBQ,India_IBQ.xlsx,Chess,अंतिम चरण में इससे संबंधित सामान्य रणनीति क्या है?,"क) घोड़ों को ऐसी स्थिति में रखना जहां वे मुख्य वर्गों को नियंत्रित कर सकें और कांटे बना सकें, ख) घोड़ों को प्यादों की रक्षा के लिए पिछली पंक्ति में रखना, ग) घोड़ों का उपयोग मुख्य रूप से प्यादों की पदोन्नति के लिए करना, घ) घोड़ों की गति को सीमित करने के लिए उन्हें बोर्ड के किनारों पर ले जाना",ए) घोड़ों को ऐसी स्थिति में रखना जहां वे प्रमुख वर्गों को नियंत्रित करते हैं और कांटे बनाते हैं,1,no mistake,no correction needed,no correction needed,no answer needed
chess_8,IBQ,India_IBQ.xlsx,Chess,रानी की तुलना में इस आंदोलन की मुख्य विशेषता क्या है?,"A) यह रानी की तरह तिरछे चल सकता है, B) यह केवल क्षैतिज या लंबवत चल सकता है, जबकि रानी दोनों दिशाओं में चल सकती है, C) यह अन्य मोहरों के ऊपर से कूद सकता है, D) यह एक समय में केवल एक ही वर्ग चल सकता है","B) किश्ती केवल क्षैतिज या ऊर्ध्वाधर दिशा में ही चल सकती है, जबकि रानी दोनों दिशाओं में चल सकती है",1,no mistake,no correction needed,no correction needed,no answer needed
chess_8,IBQ,India_IBQ.xlsx,Chess,इसकी शक्ति के बारे में निम्नलिखित में से कौन सा कथन सही है?,"A) गति की सीमा के संदर्भ में यह सबसे शक्तिशाली मोहरा है, B) यह सबसे कम शक्तिशाली मोहरा है और एक समय में केवल एक वर्ग ही चल सकता है, C) इसकी शक्ति बिशप के बराबर है, D) गति की दृष्टि से इसकी और रानी की शक्ति समान है",D) गति के मामले में इसकी और रानी की शक्ति समान है,1,no mistake,no correction needed,no correction needed,no answer needed
chess_8,IBQ,India_IBQ.xlsx,Chess,जब इसे बोर्ड के किनारे पर रखा जाता है तो क्या होता है?,"A) यह केवल अपने रैंक या फ़ाइल के भीतर उन वर्गों में जा सकता है जो अभी भी बोर्ड पर हैं, B) यह अतिरिक्त आंदोलन विकल्प प्राप्त करता है, C) यह अधिक प्रभावी ढंग से तिरछे आगे बढ़ सकता है, D) यह बिल्कुल भी आगे बढ़ने में असमर्थ है",A) किश्ती केवल अपनी पंक्ति या पंक्ति के भीतर उन वर्गों में ही जा सकता है जो अभी भी बोर्ड पर हैं,1,no mistake,no correction needed,no correction needed,no answer needed
chess_9,IBQ,India_IBQ.xlsx,Chess,निम्नलिखित बयानों में से कौनसा सच्चा है?,"A) बिशप पूरे खेल के दौरान केवल एक रंग के वर्गों पर ही चल सकता है, B) बिशप क्षैतिज और ऊर्ध्वाधर रूप से चल सकता है, C) बिशप अन्य मोहरों के ऊपर से कूद सकता है, D) बिशप केवल विपरीत रंग के वर्गों पर ही चल सकता है",A) बिशप पूरे खेल के दौरान केवल एक ही रंग के वर्गों पर चल सकता है,1,no mistake,no correction needed,no correction needed,no answer needed
chess_9,IBQ,India_IBQ.xlsx,Chess,एक मानक शतरंज खेल में प्रत्येक खिलाड़ी इनमें से कितने के साथ शुरुआत करता है?,"ए) 1, बी) 2, सी) 3, डी) 4",बी) 2,0,"The question asks about the number of 'के' (pawns) each player starts with in a standard chess game, but the correct answer is 8, not 2. The options provided do not include 8.",एक मानक शतरंज खेल में प्रत्येक खिलाड़ी इनमें से कितने प्यादे के साथ शुरुआत करता है?,"ए) 4, बी) 6, सी) 8, डी) 10",सी) 8
chess_9,IBQ,India_IBQ.xlsx,Chess,मध्य खेल रणनीति में इसकी क्या भूमिका है?,"A) लंबे विकर्णों को नियंत्रित करना और आक्रमणकारी योजनाओं का समर्थन करना, B) बोर्ड के कोने में रहना, C) कैसलिंग में सहायता करना और रक्षात्मक स्थिति बनाए रखना, D) प्रतिद्वंद्वी के राजा की ओर सीधे बढ़ना",A) लंबे विकर्णों को नियंत्रित करने और हमलावर योजनाओं का समर्थन करने के लिए,1,no mistake,no correction needed,no correction needed,no answer needed
chess_10,IBQ,India_IBQ.xlsx,Chess,"कौन सा सफ़ेद मोहरा काले बादशाह पर सीधा हमला करने की स्थिति में है, जिससे चेकमेट का खतरा हो सकता है?","A) रानी c2 पर, B) बिशप f4 पर, C) शूरवीर c3 पर, D) रूक d1 पर",A) c2 पर रानी,1,no mistake,no correction needed,no correction needed,no answer needed
chess_10,IBQ,India_IBQ.xlsx,Chess,चेकमेट का खतरा पैदा करने के लिए सफेद के लिए सबसे अच्छा तत्काल कदम क्या है?,"A) O-O (कास्टलिंग किंगसाइड), B) Bxe6 (बिशप ने e6 पर कब्ज़ा किया), C) Qxh7+ (क्वीन ने चेक के साथ h7 पर कब्ज़ा किया), D) Nb5 (नाइट से b5 तक)",C) Qxh7+ (रानी ने चेक के साथ h7 पर कब्जा कर लिया),1,no mistake,no correction needed,no correction needed,no answer needed
chess_10,IBQ,India_IBQ.xlsx,Chess,कौन सा काला मोहरा वर्तमान में असुरक्षित है और आक्रमण के प्रति असुरक्षित है?,"A) h5 पर घोड़ा, B) e7 पर बिशप, C) f8 पर रूक, D) a5 पर रानी",A) h5 पर नाइट,1,no mistake,no correction needed,no correction needed,no answer needed
chess_10,IBQ,India_IBQ.xlsx,Chess,वर्तमान स्थिति में h5 पर काला घोड़ा किस सफ़ेद मोहरे पर कब्ज़ा कर सकता है?,"A) रानी c2 पर, B) बिशप c4 पर, C) घोड़ा f3 पर, D) रूक d1 पर",C) f3 पर नाइट,1,no mistake,no correction needed,no correction needed,no answer needed
chess_11,IBQ,India_IBQ.xlsx,Chess,काले राजा को चेक देने के लिए सफेद कौन सा मोहरा चला सकता है?,"A) d1 पर रूक, B) g3 पर घोड़ा, C) c2 पर रानी, ​​D) b1 पर बिशप",A) d1 पर रूक,1,no mistake,no correction needed,no correction needed,no answer needed
chess_11,IBQ,India_IBQ.xlsx,Chess,c6 पर काले घोड़े को पकड़ने के लिए सफ़ेद घोड़े के लिए सबसे अच्छी चाल क्या है?,"A) घोड़े को f3 से e5 पर ले जाएं, B) बिशप को b1 से a2 पर ले जाएं, C) रानी को c2 से c3 पर ले जाएं, D) रूक को d1 से d7 पर ले जाएं",A) नाइट को f3 से e5 पर ले जाएं,1,no mistake,no correction needed,no correction needed,no answer needed
chess_11,IBQ,India_IBQ.xlsx,Chess,निम्नलिखित में से कौन सी चाल सफेद को संभावित रूप से एक मोहरा जीतने की अनुमति देती है?,"A) रानी c2 से c3, B) घोड़ा f3 से e5, C) बिशप b1 से e4, D) रूक d1 से d7",बी) नाइट f3 से e5,1,no mistake,no correction needed,no correction needed,no answer needed
chess_11,IBQ,India_IBQ.xlsx,Chess,वर्तमान में g3 पर कौन सा मोहरा श्वेत शूरवीर के आक्रमण के अधीन है?,"A) e7 पर बिशप, B) a8 पर रूक, C) h6 पर प्यादा, D) c6 पर घोड़ा",C) h6 पर मोहरा,1,no mistake,no correction needed,no correction needed,no answer needed
chess_12,IBQ,India_IBQ.xlsx,Chess,इस 4 खिलाड़ियों वाले शतरंज बोर्ड पर कितने वर्ग हैं?,"ए) 64, बी) 96, सी) 128, डी) 144",सी) 128,0,"The question asks about a 4-player chess board, but the image shows a standard 8x8 chess board. A 4-player chess board has 16x16 = 256 squares. Also, the correct answer is incorrect. A standard chessboard has 64 squares.",इस 8x8 शतरंज बोर्ड पर कितने वर्ग हैं?,"ए) 32, बी) 64, सी) 128, डी) 256",बी) 64
chess_12,IBQ,India_IBQ.xlsx,Chess,इस शतरंज बोर्ड के कोने वाले वर्ग पर आमतौर पर कौन सा मोहरा शुरू होता है?,"A) राजा, B) रानी, ​​C) किश्ती, D) घोड़ा",सी) रूक,1,no mistake,no correction needed,no correction needed,no answer needed
chess_12,IBQ,India_IBQ.xlsx,Chess,पारंपरिक 2-खिलाड़ी शतरंज की तुलना में इसमें मोहरों को पकड़ने में प्राथमिक अंतर क्या है?,"A) पकड़े गए टुकड़ों को बोर्ड से हटा दिया जाता है, B) पकड़े गए टुकड़ों को किसी सहयोगी को दिया जा सकता है, C) पकड़े गए टुकड़े रंग बदलते हैं और पकड़ने वाले खिलाड़ी से जुड़ जाते हैं, D) पकड़े गए टुकड़े जमे रहते हैं और एक बारी तक हिल नहीं सकते",C) पकड़े गए टुकड़े रंग बदलते हैं और पकड़ने वाले खिलाड़ी से जुड़ जाते हैं,0,"The question refers to a chess variant where captured pieces change color and join the capturing player, which is not standard chess. The image shows a standard chess setup. The question and answer are therefore about a non-standard chess variant and don't relate to the standard chess in the image. Options are also specific to the variant.",मानक शतरंज की तुलना में इस शतरंज प्रकार में मोहरों को पकड़ने में प्राथमिक अंतर क्या है?,"['पकड़े गए टुकड़ों को बोर्ड से हटा दिया जाता है।', 'पकड़े गए टुकड़ों को किसी सहयोगी को दिया जा सकता है।', 'पकड़े गए टुकड़े रंग बदलते हैं और पकड़ने वाले खिलाड़ी से जुड़ जाते हैं।', 'पकड़े गए टुकड़े जमे रहते हैं और एक बारी तक हिल नहीं सकते।']",पकड़े गए टुकड़े रंग बदलते हैं और पकड़ने वाले खिलाड़ी से जुड़ जाते हैं।
chess_12,IBQ,India_IBQ.xlsx,Chess,चौथे खिलाड़ी के लिए मोहरों का रंग क्या है?,"A) हरा, B) पीला, C) लाल, D) नीला",बी) पीला,1,no mistake,no correction needed,no correction needed,no answer needed
chess_13,IBQ,India_IBQ.xlsx,Chess,चित्र में दिखाए गए शतरंज बोर्ड के डिजाइन के लिए कौन सा संगठन जिम्मेदार है?,"ए) फेडरेशन इंटरनेशनेल डेस एचेक्स (एफआईडीई), बी) स्थानीय शतरंज, सी) यूनाइटेड स्टेट्स शतरंज फेडरेशन (यूएससीएफ), डी) नेशनल शतरंज फेडरेशन (एनसीएफ)",C) संयुक्त राज्य शतरंज संघ (USCF),0,"The correct answer is incorrect. The image shows a standard chessboard. The design of a standard chessboard is not attributed to the USCF (United States Chess Federation). It's a universally accepted design and doesn't have a specific organizational responsibility. FIDE (Fédération Internationale des Échecs) oversees the rules of chess but doesn't own the chessboard design. The question is misleading. Additionally, there's a typo in the original correct answer's translation (USCF should be United States Chess Federation).","चित्र में दिखाए गए शतरंज बोर्ड के डिज़ाइन के संबंध में, निम्नलिखित में से कौन सा कथन सही है?","['ए) फेडरेशन इंटरनेशनेल डेस एचेक्स (एफआईडीई) इस डिज़ाइन के लिए ���िम्मेदार है।', 'बी) यह डिज़ाइन स्थानीय शतरंज क्लबों द्वारा उपयोग किया जाता है।', 'सी) संयुक्त राज्य शतरंज संघ (यूएससीएफ) इस डिज़ाइन को प्रमाणित करता है।', 'डी) शतरंज बोर्ड का डिज़ाइन सार्वभौमिक है और किसी विशेष संगठन से जुड़ा नहीं है।']",डी) शतरंज बोर्ड का डिज़ाइन सार्वभौमिक है और किसी विशेष संगठन से जुड़ा नहीं है।
chess_13,IBQ,India_IBQ.xlsx,Chess,आधिकारिक टूर्नामेंटों में शतरंज बोर्ड के लिए आमतौर पर किस सामग्री का उपयोग किया जाता है?,"A) प्लास्टिक, B) लकड़ी, C) कार्डबोर्ड, D) धातु",बी) लकड़ी,1,no mistake,no correction needed,no correction needed,no answer needed
chess_13,IBQ,India_IBQ.xlsx,Chess,मानक खेल व्यवस्था के लिए शतरंज की बिसात का कौन सा भाग खिलाड़ियों के सामने होना चाहिए?,"A) बीजीय संकेतन वाला पक्ष, B) संकेतन रहित पक्ष, C) अद्वितीय USCF पैटर्न वाला पक्ष, D) सजावटी बॉर्डर वाला पक्ष",A) बीजीय संकेतन वाला पक्ष,1,no mistake,no correction needed,no correction needed,no answer needed
chess_13,IBQ,India_IBQ.xlsx,Chess,इस शतरंज की बिसात पर बीजगणितीय संकेतन का उद्देश्य क्या है?,"A) खेल की चालों को रिकॉर्ड करने के लिए, B) सेटअप और अभिविन्यास में सहायता करने के लिए, C) यूएससीएफ लोगो प्रदर्शित करने के लिए, D) शतरंज सिखाने में मदद करने के लिए",बी) सेटअप और अभिविन्यास में सहायता करना,1,no mistake,no correction needed,no correction needed,no answer needed
chess_14,IBQ,India_IBQ.xlsx,Chess,चित्र में क्या दर्शाया गया है?,"A) एक प्रसिद्ध शतरंज की शुरुआत, B) अनास्तासिया का साथी, C) कैस्टलिंग के लिए एक शतरंज की बिसात की व्यवस्था, D) एक मानक प्यादा अंत खेल",बी) अनास्तासिया का साथी,1,no mistake,no correction needed,no correction needed,no answer needed
chess_14,IBQ,India_IBQ.xlsx,Chess,"इसमें, चेकमेट देने में आमतौर पर कौन से दो टुकड़े शामिल होते हैं?","A) रानी और घोड़ा, B) किश्ती और बिशप, C) बिशप और घोड़ा, D) रानी और किश्ती",C) बिशप और नाइट,1,no mistake,no correction needed,no correction needed,no answer needed
chess_14,IBQ,India_IBQ.xlsx,Chess,इसमें आमतौर पर किस स्थिति का शोषण किया जाता है?,"A) राजा पीछे की पंक्ति में है और मोहरे की संरचना के कारण भागने में असमर्थ है, B) घोड़े और बिशप की स्थिति के कारण राजा सीमित गतिशीलता के साथ बोर्ड के किनारे पर फंस गया है, C) राजा बोर्ड के केंद्र में है और सभी मोहरे सक्रिय रूप से उसका बचाव कर रहे हैं, D) राजा अपने ही मोहरों से घिरा हुआ है और किसी भी वैध वर्ग में नहीं जा सकता है",बी) घोड़े और बिशप की स्थिति के कारण राजा सीमित गतिशीलता के साथ बोर्ड के किनारे पर फंस गया है,1,no mistake,no correction needed,no correction needed,no answer needed
chess_14,IBQ,India_IBQ.xlsx,Chess,यह आमतौर पर खेल के किस चरण में होता है?,"A) आरंभ, B) मध्य खेल, C) अंतिम खेल, D) सभी चरण समान रूप से",बी) मध्य खेल,0,"The question asks about a 'game phase' (खेल के चरण) but the image shows a chessboard with pieces and a move indicated by an arrow. This context relates to a specific move or position *within* a game, not a general phase of a sport. The question is nonsensical given the image.","चित्र में, किस चरण में यह चाल दिखाई गई है?","['A) शुरुआती चाल', 'B) मध्य खेल', 'C) अंतिम खेल', 'D) खेल की शुरुआत, मध्य और अंत']",B) मध्य खेल
chess_15,IBQ,India_IBQ.xlsx,Chess,एंडरसन मेट को वितरित करने में कौन से टुकड़े शामिल हैं?,"A) रूक और घोड़ा, B) रानी और घोड़ा, C) रूक और रानी, ​​D) बिशप और रानी",C) रूक और क्वीन,1,no mistake,no correction needed,no correction needed,no answer needed
chess_15,IBQ,India_IBQ.xlsx,Chess,सफ़ेद मोहरा किस प्रकार योगदान देता है?,"A) काले राजा के लिए भागने के वर्गों को अवरुद्ध करके, B) सीधे चेकमेट देकर, C) मेट देने में रूक का समर्थन करके, D) प्रतिद्वंद्वी के मोहरे पर कब्जा करके",A) काले राजा के लिए भागने के रास्तों को अवरुद्ध करके,1,no mistake,no correction needed,no correction needed,no answer needed
chess_15,IBQ,India_IBQ.xlsx,Chess,चित्र में काले राजा की स्थिति क्या है?,"A) बोर्ड का केंद्र, B) बोर्ड का किनारा, C) बोर्ड का कोना, D) अपने ही मोहरों से घिरा हुआ",C) बोर्ड का कोना,1,no mistake,no correction needed,no correction needed,no answer needed
chess_15,IBQ,India_IBQ.xlsx,Chess,कौन सा मोहरा शह और मात देता है?,"A) सफ़ेद बादशाह, B) सफ़ेद मोहरा, C) सफ़ेद किश्ती, D) काला बादशाह",C) सफेद रूक,1,no mistake,no correction needed,no correction needed,no answer needed
chess_16,IBQ,India_IBQ.xlsx,Chess,यह व्यक्ति किस खेल से जुड़ा है?,"A) फुटबॉल, B) शतरंज, C) टेनिस, D) क्रिकेट",बी) शतरंज,1,no mistake,no correction needed,no correction needed,no answer needed
chess_16,IBQ,India_IBQ.xlsx,Chess,"जैसा कि चित्र में दिखाया गया है, वह किस कार्यक्रम में भाग ले रहा है?","A) फिडे ग्रैंड स्विस, B) विश्व शतरंज चैम्पियनशिप, C) शतरंज ओलंपियाड, D) कैंडिडेट्स टूर्नामेंट",A) FIDE ग्रैंड स्विस,1,no mistake,no correction needed,no correction needed,no answer needed
chess_16,IBQ,India_IBQ.xlsx,Chess,शतरंज में वह किस रणनीति के लिए जाने जाते हैं?,"A) आक्रामक खेल, B) रक्षात्मक खेल, C) संतुलित खेल, D) तीव्र खेल",C) संतुलित खेल,1,no mistake,no correction needed,no correction needed,no answer needed
chess_17,IBQ,India_IBQ.xlsx,Chess,शतरंज से जुड़े उनके प्रसिद्ध भाई-बहन कौन हैं?,"ए) अर्जुन एरीगैसी, बी) निहाल सरीन, सी) प्रग्गनानंद आर, डी) गुकेश डी",C) प्रज्ञानंद आर,1,no mistake,no correction needed,no correction needed,no answer needed
chess_17,IBQ,India_IBQ.xlsx,Chess,हाल ही में उसने किस टूर्नामेंट में भाग लिया होगा?,"A) विश्व शतरंज चैम्पियनशिप, B) विंबलडन, C) ओलंपिक खेल, D) फीफा विश्व कप",ए) विश्व शतरंज चैंपियनशिप,1,no mistake,no correction needed,no correction needed,no answer needed
chess_17,IBQ,India_IBQ.xlsx,Chess,वह कौन सा महत्वपूर्ण शतरंज टूर्नामेंट जीत सकती थी?,"A) टाटा स्टील शतरंज टूर्नामेंट, B) विंबलडन, C) टूर डी फ्रांस, D) यूएस ओपन",ए) टाटा स्टील शतरंज टूर्नामेंट,1,no mistake,no correction needed,no correction needed,no answer needed
chess_17,IBQ,India_IBQ.xlsx,Chess,उनके साथ कौन सी उल्लेखनीय उपलब्धि जुड़ी हुई है?,"A) सबसे युवा शतरंज ग्रैंडमास्टर, B) ओलंपिक स्वर्ण पदक विजेता, C) सबसे तेज़ धावक, D) नोबेल पुरस्कार विजेता",A) सबसे युवा शतरंज ग्रैंडमास्टर,1,no mistake,no correction needed,no correction needed,no answer needed
chess_18,IBQ,India_IBQ.xlsx,Chess,चित्र में कौन सा चेकमेट पैटर्न दिखाया गया है?,"A) मूर्ख का साथी, B) विद्वान का साथी, C) पिछला रैंक साथी, D) गतिरोध",A) मूर्ख का साथी,1,no mistake,no correction needed,no correction needed,no answer needed
chess_18,IBQ,India_IBQ.xlsx,Chess,मूर्ख साथी को प्राप्त करने के लिए कितनी चालें लगती हैं?,"A) 2 चालें, B) 3 चालें, C) 4 चालें, D) 5 चालें",A) 2 चालें,1,no mistake,no correction needed,no correction needed,no answer needed
chess_18,IBQ,India_IBQ.xlsx,Chess,फूल्स मेट में कौन सा मोहरा शह और मात देता है?,"A) रानी, ​​B) रूक, C) बिशप, D) नाइट",ए) रानी,1,no mistake,no correction needed,no correction needed,no answer needed
chess_18,IBQ,India_IBQ.xlsx,Chess,मूर्खों की संगति होने का मुख्य कारण क्या है?,"A) अपर्याप्त टुकड़ा विकास, B) कमजोर प्रारंभिक खेल, C) कैसलिंग की कमी, D) प्रतिद्वंद्वी की गलती",बी) कमजोर शुरुआती खेल,0,"The question is about 'fools' company' which doesn't relate to the chess position or chess concepts. The question seems to be from a different domain entirely. It's a completely irrelevant question for the provided chess diagram. Additionally, the options are also unrelated to chess strategy. The provided answer, 'weak opening game', is the closest but still doesn't fit the original question's context and makes no sense in relation to the provided chess diagram.",शतरंज में राजा को खतरे में डालने का मुख्य कारण क्या है?,"['A) अपर्याप्त टुकड़ा विकास', 'B) कमजोर प्रारंभिक खेल', 'C) कैसलिंग की कमी', 'D) प्रतिद्वंद्वी की गलती']",A) अपर्याप��त टुकड़ा विकास
chess_19,IBQ,India_IBQ.xlsx,Chess,चित्र में दिखाए गए चेकमेट पैटर्न का नाम क्या है?,"A) स्कॉलर्स मेट, B) ग्रीको चेकमेट, C) फूल्स मेट, D) बैक रैंक मेट",बी) ग्रीको का चेकमेट,1,no mistake,no correction needed,no correction needed,no answer needed
chess_19,IBQ,India_IBQ.xlsx,Chess,ग्रीको के चेकमेट पैटर्न में कौन सा मोहरा चेकमेट देता है?,"A) रानी, ​​B) रूक, C) बिशप, D) नाइट",बी) रूक,1,no mistake,no correction needed,no correction needed,no answer needed
chess_19,IBQ,India_IBQ.xlsx,Chess,ग्रीको के चेकमेट में कौन सी गोटी किश्ती की सहायता करती है?,"A) बिशप, B) रानी, ​​C) प्यादा, D) घोड़ा",ए) बिशप,1,no mistake,no correction needed,no correction needed,no answer needed
chess_19,IBQ,India_IBQ.xlsx,Chess,कौन सी चाल सामान्यतः ग्रीको के चेकमेट की स्थापना का कारण बनेगी?,"A) रानी को d4 वर्ग में ले जाना, B) मोहरे को d5 वर्ग में आगे बढ़ाना, C) बिशप को c4 तक विकसित करना, D) किंगसाइड को कैसलिंग करना",C) बिशप को c4 तक विकसित करना,1,no mistake,no correction needed,no correction needed,no answer needed
chess_20,IBQ,India_IBQ.xlsx,Chess,इस चित्र में शतरंज की कौन सी रणनीति दर्शाई गई है?,"A) पिन, B) कांटा, C) कटार, D) खोजा गया हमला",बी) कांटा,1,no mistake,no correction needed,no correction needed,no answer needed
chess_20,IBQ,India_IBQ.xlsx,Chess,चित्र में मोहरे द्वारा कौन सा मोहरा कांटा जा रहा है?,"A) रूक और घोड़ा, B) बिशप और रानी, ​​C) रानी और घोड़ा, D) घोड़ा और बिशप",D) नाइट और बिशप,1,no mistake,no correction needed,no correction needed,no answer needed
chess_20,IBQ,India_IBQ.xlsx,Chess,इस परिदृश्य में पॉन फॉर्क को क्रियान्वित करने का प्राथमिक रणनीतिक लक्ष्य क्या है?,"ए) चेकमेट, बी) मटेरियल गेन, सी) ओपनिंग कंट्रोल, डी) पीस डेवलपमेंट",बी) भौतिक लाभ,1,no mistake,no correction needed,no correction needed,no answer needed
chess_20,IBQ,India_IBQ.xlsx,Chess,"इस चित्र में प्रतिद्वंद्वी, प्यादा कांटे का सबसे अच्छा जवाब कैसे दे सकता है?","A) कांटे वाले मोहरों को आगे बढ़ाएं, B) राजा को आगे बढ़ाएं, C) मोहरे को पकड़ें, D) कांटे की अनदेखी करें",A) कांटेदार टुकड़ों को हिलाएं,1,no mistake,no correction needed,no correction needed,no answer needed
chess_21,IBQ,India_IBQ.xlsx,Chess,चित्र में कौन सी शतरंज रणनीति दर्शाई गई है?,"A) कांटा, B) पिन, C) कटार, D) खोजा गया हमला",बी) पिन,1,no mistake,no correction needed,no correction needed,no answer needed
chess_21,IBQ,India_IBQ.xlsx,Chess,चित्र में कौन सा मोहरा किश्ती को जकड़े हुए है?,"A) घोड़ा, B) रानी, ​​C) बिशप, D) प्यादा",बी) रानी,1,no mistake,no correction needed,no correction needed,no answer needed
chess_21,IBQ,India_IBQ.xlsx,Chess,पिन किए गए रूक को पिन के विरुद्ध प्रभावी ढंग से कैसे बचाया जा सकता है?,"A) किश्ती को हिलाना, B) दूसरे मोहरे से पिन को रोकना, C) पिन करने वाले मोहरे को पकड़ना, D) मोहरे को आगे बढ़ाना",बी) पिन को दूसरे टुकड़े से रोकना,1,no mistake,no correction needed,no correction needed,no answer needed
chess_21,IBQ,India_IBQ.xlsx,Chess,पिन किए गए टुकड़े के लिए पिन रणनीति का परिणाम क्या है?,"A) यह स्वतंत्र रूप से घूम सकता है, B) इसे स्थिर रहना चाहिए, C) यह पिनिंग टुकड़े को पकड़ सकता है, D) यह हमलों से प्रतिरक्षित है",बी) इसे वहीं रहना चाहिए,1,no mistake,no correction needed,no correction needed,no answer needed
chess_22,IBQ,India_IBQ.xlsx,Chess,चित्र में प्रदर्शित की जा रही प्राथमिक रणनीति क्या है?,"A) पिन, B) फोर्क, C) डबल चेक, D) डिस्कवरी",सी) दोहरी जांच,1,no mistake,no correction needed,no correction needed,no answer needed
chess_22,IBQ,India_IBQ.xlsx,Chess,छवि में कौन से टुकड़े दोहरी जांच प्रदान कर रहे हैं?,"A) रानी और बिशप, B) रूक और रानी, ​​C) नाइट और रूक, D) रानी और नाइट",D) रानी और नाइट,1,no mistake,no correction needed,no correction needed,no answer needed
chess_22,IBQ,India_IBQ.xlsx,Chess,चित्र में प्रतिद्वंदी के राजा को कितने चेक दिए जा रहे हैं?,"A) एक, B) दो, C) तीन, D) चार",बी) दो,1,no mistake,no correction needed,no correction needed,no answer needed
chess_22,IBQ,India_IBQ.xlsx,Chess,इस परिदृश्य में दोहरी जांच का तत्काल परिणाम क्या होगा?,"A) चेकमेट, B) जबरन चाल, C) ड्रा, D) पदोन्नति",बी) जबरन कदम,1,no mistake,no correction needed,no correction needed,no answer needed
chess_23,IBQ,India_IBQ.xlsx,Chess,चित्र में दर्शाई गई प्राथमिक रणनीति क्या है?,"ए) चेकमेट, बी) परपीचुअल अटैक, सी) पिन, डी) फोर्क",बी) सतत हमला,1,no mistake,no correction needed,no correction needed,no answer needed
chess_23,IBQ,India_IBQ.xlsx,Chess,छवि में सतत आक्रमण करने के लिए किस टुकड़े का उपयोग किया जा रहा है?,"A) रानी, ​​B) रूक, C) बिशप, D) नाइट",बी) रूक,1,no mistake,no correction needed,no correction needed,no answer needed
chess_23,IBQ,India_IBQ.xlsx,Chess,चित्र में दिखाए गए सतत हमले का मुख्य उद्देश्य क्या है?,"A) चेकमेट प्राप्त करना, B) ड्रॉ के लिए मजबूर करना, C) एक मोहरा पकड़ना, D) राजा को चेक करना",बी) ड्रॉ के लिए मजबूर करना,1,no mistake,no correction needed,no correction needed,no answer needed
chess_23,IBQ,India_IBQ.xlsx,Chess,चित्र में सफेद रूक की क्या भूमिका है?,"A) यह काले राजा पर हमला कर रहा है, B) यह सफेद राजा की रक्षा कर रहा है, C) यह काले राजा के भागने को रोक रहा है, D) यह एक मोहरे पर कब्जा कर रहा है",A) यह काले राजा पर हमला कर रहा है,1,no mistake,no correction needed,no correction needed,no answer needed
chess_24,IBQ,India_IBQ.xlsx,Chess,इस स्थिति में कौन सी प्रमुख रणनीति अपनाई जा रही है?,"A) कांटा, B) पिन, C) सीख, D) शह और मात",डी) चेकमेट,1,no mistake,no correction needed,no correction needed,no answer needed
chess_24,IBQ,India_IBQ.xlsx,Chess,कौन सा मोहरा काले राजा के भागने के रास्ते को रोक रहा है?,"A) सफ़ेद मोहरा, B) सफ़ेद रानी, ​​C) सफ़ेद किश्ती, D) सफ़ेद राजा",A) सफेद मोहरा,1,no mistake,no correction needed,no correction needed,no answer needed
chess_24,IBQ,India_IBQ.xlsx,Chess,इस अंतिम परिदृश्य में काले राजा की स्थिति क्या है?,"A) बोर्ड के किनारे पर, B) केंद्र में, C) कोने में, D) सफेद राजा के पास",C) कोने में,1,no mistake,no correction needed,no correction needed,no answer needed
chess_24,IBQ,India_IBQ.xlsx,Chess,इस स्थिति में चेकमेट देने के लिए कितने मोहरे शामिल होते हैं?,"A) एक, B) दो, C) तीन, D) चार",बी) दो,1,no mistake,no correction needed,no correction needed,no answer needed
chess_25,IBQ,India_IBQ.xlsx,Chess,नाइट फोर्क द्वारा हमला किये जाने वाले दो टुकड़े कौन से हैं?,"A) रानी और किश्ती, B) बिशप और प्यादा, C) राजा और किश्ती, D) रानी और बिशप",A) रानी और किश्ती,1,no mistake,no correction needed,no correction needed,no answer needed
chess_25,IBQ,India_IBQ.xlsx,Chess,शतरंज में नाइट फोर्क का उपयोग करने का प्राथमिक उद्देश्य क्या है?,"A) चेकमेट, B) एक साथ दो मोहरों पर हमला, C) एक मोहरे की रक्षा, D) एक महत्वपूर्ण वर्ग पर नियंत्रण",बी) एक साथ दो टुकड़ियों पर हमला करें,1,no mistake,no correction needed,no correction needed,no answer needed
chess_25,IBQ,India_IBQ.xlsx,Chess,कौन सा टुकड़ा वर्तमान में दो अन्य टुकड़ों को विभाजित कर रहा है?,"A) रूक, B) बिशप, C) नाइट, D) क्वीन",सी) नाइट,1,no mistake,no correction needed,no correction needed,no answer needed
chess_25,IBQ,India_IBQ.xlsx,Chess,"चित्र में, घोड़े द्वारा कितने मोहरों पर आक्रमण किया जा रहा है?","A) एक, B) दो, C) तीन, D) चार",बी) दो,1,no mistake,no correction needed,no correction needed,no answer needed
chess_26,IBQ,India_IBQ.xlsx,Chess,चित्र में दिखाए गए खेल में प्रत्येक खिलाड़ी कितने मोहरों के साथ खेल शुरू करता है?,"ए) 6, बी) 7, सी) 8, डी) 9",सी) 8,1,no mistake,no correction needed,no correction needed,no answer needed
chess_26,IBQ,India_IBQ.xlsx,Chess,चित्र में दिखाए गए खेल में कौन सा मोहरा बोर्ड पर तिरछे चल सकता है?,"A) रूक, B) नाइट, C) बिशप, D) किंग",C) बिशप,1,no mistake,no correction needed,no correction needed,no answer needed
chess_26,IBQ,India_IBQ.xlsx,Chess,चित्र में दिखाए गए खेल के लिए शतरंज की बिसात में कितने वर्ग होते हैं?,"ए) 64, बी) 72, सी) 81, डी) 100",ए) 64,1,no mistake,no correction needed,no correction needed,no answer needed
chess_26,IBQ,India_IBQ.xlsx,Chess,"चित्र में दिखाए गए खेल के लिए, कैसलिंग में कौन सा टुकड़ा शामिल है?","A) घोड़ा और रानी, ​​B) राजा और किश्ती, C) बिशप और प्यादा, D) रानी और किश्ती",बी) राजा और किश्ती,1,no mistake,no correction needed,no correction needed,no answer needed
chess_27,IBQ,India_IBQ.xlsx,Chess,"चित्र में दिखाए गए खेल में, जब कोई मोहरा बोर्ड के विपरीत छोर पर पहुंच जाता है तो क्या होता है?","A) यह राजा बन जाता है, B) इसे खेल से हटा दिया जाता है, C) इसे किसी अन्य मोहरे में स्थानांतरित किया जा सकता है, D) यह मोहरा बना रहता है",C) इसे किसी अन्य टुकड़े में पदोन्नत किया जा सकता है,0,"The question refers to a 'mohra' (piece) reaching the opposite end of the board. While the image appears to depict chess, the description of what happens when a piece reaches the opposite end is inaccurate. In chess, a pawn reaching the opposite end is *promoted* to any other piece (Queen, Rook, Bishop, or Knight) except a King, not simply exchanged for another piece. The given answer is vague. Also, the question asks about a 'mohra' which can be generic, but the image shows a chess game, the question should be specific to chess.","चित्र में दिखाए गए शतरंज के खेल में, जब कोई प्यादा बोर्ड के विपरीत छोर पर पहुंच जाता है तो क्या होता है?","['A) यह राजा बन जाता है', 'B) इसे खेल से हटा दिया जाता है', 'C) इसे रानी, हाथी, ऊंट या घोड़े में पदोन्नत किया जा सकता है', 'D) यह प्यादा बना रहता है']","C) इसे रानी, हाथी, ऊंट या घोड़े में पदोन्नत किया जा सकता है"
chess_27,IBQ,India_IBQ.xlsx,Chess,चित्र में दिखाए गए खेल में कौन सा मोहरा केवल 'L' आकार में ही घूम सकता है?,"A) रानी, ​​B) किश्ती, C) घोड़ा, D) राजा",सी) नाइट,1,no mistake,no correction needed,no correction needed,no answer needed
chess_27,IBQ,India_IBQ.xlsx,Chess,चित्र में दिखाए गए खेल का उद्देश्य क्या है?,"A) प्रतिद्वंद्वी के सभी मोहरों पर कब्ज़ा करें, B) प्रतिद्वंद्वी के राजा को शह और मात दें, C) अपनी रानी की रक्षा करें, D) बोर्ड के विपरीत छोर पर पहुँचें",बी) प्रतिद्वंद्वी के राजा को शह और मात देना,1,no mistake,no correction needed,no correction needed,no answer needed
chess_27,IBQ,India_IBQ.xlsx,Chess,चित्र में दिखाए गए खेल में प्रत्येक खिलाड़ी कितने मोहरों से खेल शुरू करता है?,"ए) 12, बी) 16, सी) 18, डी) 20",बी) 16,1,no mistake,no correction needed,no correction needed,no answer needed
chess_28,IBQ,India_IBQ.xlsx,Chess,"चित्र में दिखाए गए खेल के लिए कौन सा टुकड़ा क्षैतिज, ऊर्ध्वाधर और तिरछे ढंग से घूम सकता है?","A) राजा, B) बिशप, C) रानी, ​​D) नाइट",C) रानी,1,no mistake,no correction needed,no correction needed,no answer needed
chess_28,IBQ,India_IBQ.xlsx,Chess,चित्र में दिखाए गए खेल में कौन सा मोहरा किसी भी दिशा में केवल एक वर्ग ही आगे बढ़ सकता है?,"A) राजा, B) रानी, ​​C) बिशप, D) रूक",ए) राजा,1,no mistake,no correction needed,no correction needed,no answer needed
chess_28,IBQ,India_IBQ.xlsx,Chess,चित्र में दिखाए गए खेल को क्या कहा जाता है जब राजा को पकड़ा जा सकता है?,"A) गतिरोध, B) चेक, C) पदोन्नति, D) कैस्टलिंग",बी) जाँच,1,no mistake,no correction needed,no correction needed,no answer needed
chess_28,IBQ,India_IBQ.xlsx,Chess,"चित्र में दिखाए गए खेल के लिए, जब किसी खिलाड़ी का राजा पकड़ से बच नहीं पाता है, तो क्या शब्द का प्रयोग किया जाता है?","A) गतिरोध, B) शह और मात, C) शह, D) बराबरी",बी) चेकमेट,1,no mistake,no correction needed,no correction needed,no answer needed
chess_29,IBQ,India_IBQ.xlsx,Chess,"चित्र में दिखाए गए खेल में, सफ़ेद पक्ष के लिए कौन सा मोहरा a1 वर्ग पर शुरू होता है?","A) रूक, B) नाइट, C) बिशप, D) क्वीन",ए) रूक,1,no mistake,no correction needed,no correction needed,no answer needed
chess_29,IBQ,India_IBQ.xlsx,Chess,चित्र में दिखाए गए खेल में एक मोहरा दूसरे मोहरे को कैसे पकड़ता है?,"A) तिरछे चलता है, B) आगे बढ़ता है, C) बगल में चलता है, D) पीछे की ओर चलता है",A) तिरछे चलता है,1,no mistake,no correction needed,no correction needed,no answer needed
chess_29,IBQ,India_IBQ.xlsx,Chess,"चित्र में दिखाए गए खेल में, जब कोई मोहरा अपनी प्रारंभिक स्थिति से दो वर्ग आगे बढ़ता है तो उसे क्या कहते हैं?","ए) एन पासेंट, बी) प्रमोशन, सी) ओपनिंग मूव, डी) डबल स्टेप",D) दोहरा कदम,1,no mistake,no correction needed,no correction needed,no answer needed
chess_29,IBQ,India_IBQ.xlsx,Chess,चित्र में दिखाए गए खेल में प्रत्येक खिलाड़ी कितने किश्ती के साथ खेल शुरू करता है?,"ए) 1, बी) 2, सी) 3, डी) 4",बी) 2,1,no mistake,no correction needed,no correction needed,no answer needed
chess_30,IBQ,India_IBQ.xlsx,Chess,"छवि में खेल के लिए, कौन सा टुकड़ा 'एन पासेंट' कैप्चर कर सकता है?","A) प्यादा, B) घोड़ा, C) रानी, ​​D) बिशप",ए) प्यादा,1,no mistake,no correction needed,no correction needed,no answer needed
chess_30,IBQ,India_IBQ.xlsx,Chess,चित्र में दिखाए गए खेल के लिए टाई गेम क्या है?,"A) चेकमेट, B) ड्रॉ, C) चेक, D) गतिरोध",बी) ड्रा,1,no mistake,no correction needed,no correction needed,no answer needed
chess_30,IBQ,India_IBQ.xlsx,Chess,"चित्र में दिखाए गए खेल के लिए, मानक टुकड़ा मूल्य प्रणाली के अनुसार किस टुकड़े का मूल्य सबसे अधिक है?","A) रूक, B) क्वीन, C) बिशप, D) नाइट",बी) रानी,1,no mistake,no correction needed,no correction needed,no answer needed
chess_30,IBQ,India_IBQ.xlsx,Chess,"चित्र में दिखाए गए खेल के लिए, कौन सा टुकड़ा अपने प्रारंभिक वर्ग के रंग (हल्का या गहरा) पर ही रहना चाहिए?","A) नाइट, B) रूक, C) बिशप, D) क्वीन",C) बिशप,1,no mistake,no correction needed,no correction needed,no answer needed
chess_31,IBQ,India_IBQ.xlsx,Chess,चित्र में दिखाए गए खेल में चेकमेट के लिए न्यूनतम कितनी चालें आवश्यक हैं?,"ए) 1, बी) 2, सी) 3, डी) 4",बी) 2,1,no mistake,no correction needed,no correction needed,no answer needed
chess_31,IBQ,India_IBQ.xlsx,Chess,चित्र में दिखाए गए खेल में प्रत्येक खिलाड़ी कितने बिशप के साथ खेल शुरू करता है?,"ए) 1, बी) 2, सी) 3, डी) 4",बी) 2,1,no mistake,no correction needed,no correction needed,no answer needed
chess_31,IBQ,India_IBQ.xlsx,Chess,"चित्र में दिखाए गए खेल के लिए, कौन सा मोहरा बोर्ड पर सबसे शक्तिशाली मोहरा माना जाता है?","A) राजा, B) रानी, ​​C) किश्ती, D) बिशप",बी) रानी,1,no mistake,no correction needed,no correction needed,no answer needed
chess_31,IBQ,India_IBQ.xlsx,Chess,चित्र में दिखाए गए खेल में प्रत्येक खिलाड़ी कितने घोड़ों के साथ खेल शुरू करता है?,"ए) 1, बी) 2, सी) 3, डी) 4",बी) 2,1,no mistake,no correction needed,no correction needed,no answer needed
chess_32,IBQ,India_IBQ.xlsx,Chess,"चित्र में दिखाए गए खेल के लिए, उस स्थिति को क्या कहा जाता है, जहां खिलाड़ी के पास कोई वैध चाल नहीं होती, लेकिन उसका राजा शह में नहीं होता?","A) गतिरोध, B) शह और मात, C) त्यागपत्र, D) बराबरी",A) गतिरोध,1,no mistake,no correction needed,no correction needed,no answer needed
chess_32,IBQ,India_IBQ.xlsx,Chess,"चित्र में दिखाए गए खेल में, यदि किसी खिलाड़ी का मोहरा अंतिम रैंक पर पहुंच जाए तो क्या होगा?","A) इसे खेल से हटा दिया जाता है, B) इसे दूसरे मोहरे में शामिल कर लिया जाता है, C) यह पीछे की ओर चला जाता है, D) यह मोहरा बना रहता है",B) यह किसी अन्य टुकड़े को बढ़ावा देता है,0,"The question refers to a 'मोहरा' (piece/pawn) reaching the last rank, which is characteristic of chess. The correct answer provided, 'यह किसी अन्य टुकड़े को बढ़ावा देता है' (it promotes to another piece), is indeed the rule in chess. However, the original question and answer are unclear. Also, the given correct answer is somewhat misleading as the promotion is 'to' another piece, not 'into' another piece. The language used in the options isn't optimal either.","चित्र में दिखाए गए खेल में, यदि कोई प्यादा अंतिम पंक्ति में पहुंच जाए तो क्या होगा?","['A) उसे खेल से हटा दिया जाता है', 'B) उसे किसी अन्य मोहरे में बदला जा सकत��� है', 'C) वह पीछे की ओर चला जाता है', 'D) वह वहीं बना रहता है']",B) उसे किसी अन्य मोहरे में बदला जा सकता है
chess_32,IBQ,India_IBQ.xlsx,Chess,"चित्र में दिखाए गए खेल के लिए, जब दो मोहरे एक ही वर्ग पर आक्रमण करते हैं तो उसे क्या कहते हैं?","A) कांटा, B) पिन, C) कटार, D) दोहरा हमला",D) दोहरा हमला,1,no mistake,no correction needed,no correction needed,no answer needed
chess_32,IBQ,India_IBQ.xlsx,Chess,"चित्र में दिखाए गए खेल के लिए, कौन सा टुकड़ा तिरछे चलने से प्रतिबंधित है?","A) रानी, ​​B) किश्ती, C) बिशप, D) राजा",बी) रूक,1,no mistake,no correction needed,no correction needed,no answer needed
chess_33,IBQ,India_IBQ.xlsx,Chess,"चित्र में दिखाए गए खेल के लिए, राजा को दो वर्ग दूर किश्ती की ओर ले जाने तथा किश्ती को राजा के बगल में ले जाने के लिए क्या शब्द है?","ए) प्रमोशन, बी) एन पासेंट, सी) कैसलिंग, डी) फोर्क",सी) कैसलिंग,1,no mistake,no correction needed,no correction needed,no answer needed
chess_33,IBQ,India_IBQ.xlsx,Chess,"चित्र में दिखाए गए खेल में, फूल्स मेट में कौन सा मोहरा चेकमेट देता है?","A) रानी, ​​B) किश्ती, C) प्यादा, D) घोड़ा",ए) रानी,1,no mistake,no correction needed,no correction needed,no answer needed
chess_33,IBQ,India_IBQ.xlsx,Chess,"चित्र में दिखाए गए खेल में, किस मोहरे में अन्य मोहरों के ऊपर से कूदने की क्षमता है?","A) नाइट, B) बिशप, C) रूक, D) क्वीन",ए) नाइट,1,no mistake,no correction needed,no correction needed,no answer needed
chess_33,IBQ,India_IBQ.xlsx,Chess,"चित्र में दिखाए गए खेल के लिए, कैसलिंग प्रक्रिया के दौरान राजा और किश्ती के एक ही पंक्ति में होने को क्या कहते हैं?","A) रैंक, B) फ़ाइल, C) लाइन, D) कॉलम",बी) फ़ाइल,1,no mistake,no correction needed,no correction needed,no answer needed
chess_34,IBQ,India_IBQ.xlsx,Chess,"चित्र में दिखाए गए खेल में, क्या होता है जब एक मोहरा एन पासेंट नियम का उपयोग करके प्रतिद्वंद्वी के मोहरे को पकड़ लेता है?","A) मोहरा आगे बढ़ता है, B) मोहरा तिरछा चलता है, C) मोहरा क्षैतिज चलता है, D) मोहरा दो खाने चलता है",B) मोहरा तिरछे चलता है,1,no mistake,no correction needed,no correction needed,no answer needed
chess_34,IBQ,India_IBQ.xlsx,Chess,"चित्र में दिखाए गए खेल के लिए, एक ही समय में एक ही टुकड़े से दो टुकड़ों पर हमला करने को क्या कहते हैं?","A) पिन, B) कांटा, C) कटार, D) दोहरा हमला",बी) कांटा,1,no mistake,no correction needed,no correction needed,no answer needed
chess_34,IBQ,India_IBQ.xlsx,Chess,"चित्र में दिखाए गए खेल में, एक किश्ती एक बार में अधिकतम कितने वर्ग तक जा सकता है?","ए) 7, बी) 8, सी) 9, डी) असीमित",ए) 7,1,no mistake,no correction needed,no correction needed,no answer needed
chess_34,IBQ,India_IBQ.xlsx,Chess,चित्र में दिखाए गए खेल में कौन सा मोहरा केवल तिरछे ही चल सकता है?,"A) घोड़ा, B) रानी, ​​C) बिशप, D) रूक",C) बिशप,1,no mistake,no correction needed,no correction needed,no answer needed
chess_35,IBQ,India_IBQ.xlsx,Chess,चित्र में दिखाए गए खेल में 'कैसलिंग' का कौन सा भाग शामिल है?,"A) रानी, ​​B) बिशप, C) नाइट, D) राजा",D) राजा,1,no mistake,no correction needed,no correction needed,no answer needed
chess_35,IBQ,India_IBQ.xlsx,Chess,"चित्र में दिखाए गए खेल के लिए, मानक शतरंज के मोहरों के मूल्यों में मोहरे का मूल्य क्या है?","ए) 1, बी) 3, सी) 5, डी) 9",ए) 1,1,no mistake,no correction needed,no correction needed,no answer needed
chess_35,IBQ,India_IBQ.xlsx,Chess,चित्र में दिखाए गए खेल में कौन सा मोहरा सीधी रेखा में नहीं चल सकता है?,"A) बिशप, B) नाइट, C) क्वीन, D) रूक",बी) नाइट,1,no mistake,no correction needed,no correction needed,no answer needed
chess_36,IBQ,India_IBQ.xlsx,Chess,"चित्र में दिखाए गए खेल के लिए, बीजगणितीय संकेतन में नाइट चाल के लिए क्या संकेतन है?","ए) एन, बी) के, सी) आर, डी) क्यू",एक,1,no mistake,no correction needed,no correction needed,no answer needed
chess_36,IBQ,India_IBQ.xlsx,Chess,चित्र में दिखाए गए खेल में कौन सा मोहरा बोर्ड के केंद्र से सबसे अधिक वर्गों को नियंत्रित कर सकता है?,"A) बिशप, B) क्वीन, C) नाइट, D) रूक",बी) रानी,1,no mistake,no correction needed,no correction needed,no answer needed
chess_36,IBQ,India_IBQ.xlsx,Chess,"चित्र में दिखाए गए खेल में, जब कोई खिलाड़ी स्थितिगत लाभ के लिए अपनी गोटी त्याग देता है तो उसे क्या कहते हैं?","A) गैम्बिट, B) पिन, C) स्क्यूअर, D) चेक",ए) गैम्बिट,1,no mistake,no correction needed,no correction needed,no answer needed
chess_36,IBQ,India_IBQ.xlsx,Chess,चित्र में दिखाए गए खेल के लिए शतरंज की बिसात पर कुल कितने वर्ग हैं?,"ए) 64, बी) 72, सी) 80, डी) 100",ए) 64,1,no mistake,no correction needed,no correction needed,no answer needed
chess_37,IBQ,India_IBQ.xlsx,Chess,"चित्र में दिखाए गए खेल के लिए, एक मोहरे को दूसरे मोहरे में स्थानांतरित करने को क्या कहते हैं?","ए) शह और मात, बी) पदोन्नति, सी) गतिरोध, डी) एन पासेंट",बी) पदोन्नति,1,no mistake,no correction needed,no correction needed,no answer needed
chess_37,IBQ,India_IBQ.xlsx,Chess,"चित्र में दिखाए गए खेल के लिए, प्रारंभिक रणनीतियों के लिए सबसे अधिक इस्तेमाल किया जाने वाला टुकड़ा कौन सा है?","A) बिशप, B) नाइट, C) रानी, ​​D) राजा",बी) नाइट,1,no mistake,no correction needed,no correction needed,no answer needed
chess_37,IBQ,India_IBQ.xlsx,Chess,"चित्र में दिखाए गए खेल में, जब कोई मोहरा 8वें स्थान पर पहुंचता है तो क्या होता है?","A) वह रानी बन जाती है, B) वह खेल से बाहर हो जाती है, C) वह मोहरे के रूप में रहती है, D) वह पीछे की ओर चलती है",A) यह रानी बन जाती है,1,no mistake,no correction needed,no correction needed,no answer needed
chess_37,IBQ,India_IBQ.xlsx,Chess,चित्र में दिखाए गए खेल के लिए कौन सा वर्ग सफ़ेद वर्ग है?,"ए) ए1, बी) एच1, सी) एच8, डी) ई5",बी) एच1,1,no mistake,no correction needed,no correction needed,no answer needed
chess_38,IBQ,India_IBQ.xlsx,Chess,"चित्र में दिखाए गए खेल के लिए, कास्टलिंग चाल का संकेतन क्या है?","ए) 0-0, बी) 0-0-0, सी) क्यू-क्यू8, डी) बी-एन5",ए) 0-0,1,no mistake,no correction needed,no correction needed,no answer needed
chess_38,IBQ,India_IBQ.xlsx,Chess,"चित्र में दिखाए गए खेल के लिए, जब एक टुकड़ा दूसरे टुकड़े की रक्षा करता है तो उसे क्या कहा जाता है?","A) फोर्क, B) पिन, C) प्रोटेक्शन, D) गार्ड",डी) गार्ड,1,no mistake,no correction needed,no correction needed,no answer needed
chess_38,IBQ,India_IBQ.xlsx,Chess,चित्र में दिखाए गए खेल में कौन सी चाल राजा को किश्ती के साथ पक्ष बदलने की अनुमति देती है?,"ए) कैसलिंग, बी) एन पासेंट, सी) प्रमोशन, डी) फोर्क",ए) कैसलिंग,1,no mistake,no correction needed,no correction needed,no answer needed
chess_38,IBQ,India_IBQ.xlsx,Chess,"चित्र में दिखाए गए खेल के लिए, शतरंज में प्रारंभिक चरण का उद्देश्य क्या है?","A) राजा को पकड़ना, B) मोहरों को विकसित करना और केंद्र को नियंत्रित करना, C) प्यादों की रक्षा करना, D) जल्दी कैसल करना",बी) टुकड़े विकसित करना और केंद्र को नियंत्रित करना,1,no mistake,no correction needed,no correction needed,no answer needed
kho_kho_1,IBQ,India_IBQ.xlsx,Kho kho,चित्र में कौन सा पारंपरिक भारतीय खेल दर्शाया गया है?,"A) कबड्डी, B) खो-खो, C) कुश्ती, D) क्रिकेट",बी) खो-खो,1,no mistake,no correction needed,no correction needed,no answer needed
kho_kho_1,IBQ,India_IBQ.xlsx,Kho kho,खो-खो में एक समय में एक टीम के कितने खिलाड़ी मैदान पर होते हैं?,"ए) 6, बी) 7, सी) 8, डी) 9",डी) 9,1,no mistake,no correction needed,no correction needed,no answer needed
kho_kho_1,IBQ,India_IBQ.xlsx,Kho kho,खो-खो खेल के किस भाग में दौड़ना और विरोधियों का पीछा करना शामिल है?,"A) रक्षा, B) आक्रमण, C) पीछा करना, D) टैगिंग",सी) पीछा करना,1,no mistake,no correction needed,no correction needed,no answer needed
kho_kho_1,IBQ,India_IBQ.xlsx,Kho kho,खो-खो में पीछा करने वाली टीम का उद्देश्य क्या है?,"A) गोल करना, B) धावकों को टैग करना, C) टैग होने से बचना, D) बल्ले से गेंद मारना",बी) धावकों को टैग करें,1,no mistake,no correction needed,no correction needed,no answer needed
kho_kho_2,IBQ,India_IBQ.xlsx,Kho kho,"जैसा कि चित्र में दर्शाया गया है, किस शहर के स्टेडियम ने अल्टीमेट खो-खो लीग के दूसरे सत्र की मेजबानी की?","A) मुंबई, B) चेन्नई, C) भुवनेश्वर, D) दिल्ली",C) भुवनेश्वर,1,no mistake,no correction needed,no correction needed,no answer needed
kho_kho_2,IBQ,India_IBQ.xlsx,Kho kho,चित्र में दर्शाई गई लीग का नाम क्या है?,"A) प्रो कबड्डी लीग, B) अल्टीमेट खो-खो लीग, C) इंडियन सुपर लीग, D) प्रो रेसलिंग लीग",बी) अल्टीमेट खो-खो लीग,1,no mistake,no correction needed,no correction needed,no answer needed
kho_kho_2,IBQ,India_IBQ.xlsx,Kho kho,अल्टीमेट खो-खो लीग के कितने सत्र चित्र में दिखाए गए आयोजन तक आयोजित किए गए थे?,"ए) 1, बी) 2, सी) 3, डी) 4",बी) 2,1,no mistake,no correction needed,no correction needed,no answer needed
kho_kho_2,IBQ,India_IBQ.xlsx,Kho kho,अल्टीमेट खो-खो लीग किस खेल पर आधारित है?,"A) कबड्डी, B) खो-खो, C) फुटबॉल, D) बैडमिंटन",बी) खो-खो,1,no mistake,no correction needed,no correction needed,no answer needed
kho_kho_3,IBQ,India_IBQ.xlsx,Kho kho,खो-खो में चित्र में बैठे खिलाड़ियों की क्या भूमिका है?,"A) धावक, B) पीछा करने वाले, C) रक्षक, D) स्थानापन्न",बी) चेज़र्स,1,no mistake,no correction needed,no correction needed,no answer needed
kho_kho_3,IBQ,India_IBQ.xlsx,Kho kho,"जैसा कि चित्र में दिखाया गया है, खो-खो में सफलता के लिए मुख्य रूप से कौन सा कौशल आवश्यक है?","A) ताकत, B) चपलता, C) धीरज, D) लचीलापन",बी) चपलता,1,no mistake,no correction needed,no correction needed,no answer needed
kho_kho_3,IBQ,India_IBQ.xlsx,Kho kho,"जैसा कि चित्र में देखा जा सकता है, पीछा करने वाले किस संरचना में बैठे हैं?","A) वृत्त, B) सीधी रेखा, C) ज़िग-ज़ैग, D) वर्ग",बी) सीधी रेखा,1,no mistake,no correction needed,no correction needed,no answer needed
kho_kho_3,IBQ,India_IBQ.xlsx,Kho kho,"खो-खो में, जैसा कि चित्र में दिखाया गया है, धावकों का प्राथमिक उद्देश्य क्या है?","A) अंक अर्जित करने के लिए, B) टैग होने से बचने के लिए, C) विरोधियों से निपटने के लिए, D) गेंद पास करने के लिए",B) टैग होने से बचने के लिए,1,no mistake,no correction needed,no correction needed,no answer needed
kho_kho_4,IBQ,India_IBQ.xlsx,Kho kho,चित्र में खो-खो खेल का कौन सा अनोखा पहलू दर्शाया गया है?,"A) गेंद पकड़े धावक, B) बैटन पास करते खिलाड़ी, C) पंक्ति में बैठे खिलाड़ी, D) धावकों को टैग करते चेज़र",C) एक पंक्ति में बैठे खिलाड़ी,1,no mistake,no correction needed,no correction needed,no answer needed
kho_kho_4,IBQ,India_IBQ.xlsx,Kho kho,चित्र में खो-खो की कौन सी पारंपरिक विशेषता उजागर हुई है?,"A) खिलाड़ियों का तेजी से भूमिका बदलना, B) लक्ष्य का पीछा करते हुए बैठे रहना और इंतजार करना, C) उपकरणों का उपयोग करना, D) लक्ष्य की रक्षा करते हुए धावक",बी) चेज़र्स बैठे और इंतज़ार कर रहे हैं,1,no mistake,no correction needed,no correction needed,no answer needed
kho_kho_4,IBQ,India_IBQ.xlsx,Kho kho,चित्र में खिलाड़ी किस कार्रवाई की तैयारी कर रहे हैं?,"A) दौड़ना, B) कूदना, C) टैग करना, D) गेंद पास करना",सी) टैगिंग,1,no mistake,no correction needed,no correction needed,no answer needed
kho_kho_4,IBQ,India_IBQ.xlsx,Kho kho,चित्र में बैठे खिलाड़ियों की प्राथमिक रणनीति क्या है?,"A) धावकों को रोकना, B) तेजी से पीछा करना और टैग करना, C) गोल करना, D) गेंद पास करना",बी) तेजी से पीछा करना और टैग करना,1,no mistake,no correction needed,no correction needed,no answer needed
kho_kho_5,IBQ,India_IBQ.xlsx,Kho kho,चित्र में दौड़ते हुए दिख रहे खिलाड़ियों का प्राथमिक फोकस क्या है?,"A) अंक प्राप्त करने के लिए, B) धावक को टैग करने के लिए, C) अंतिम रेखा तक पहुँचने के लिए, D) गेंद पकड़ने के लिए",B) धावक को टैग करना,0,"The question asks about the primary focus of players running in the image, but the correct answer 'धावक को टैग करना' (tagging the runner) seems specific to a game like 'kabaddi' or 'tag'. Without seeing the image, it's difficult to confirm if tagging is visibly the primary focus. Also, option D 'गेंद पकड़ने के लिए' (to catch the ball) seems irrelevant if the image shows a running race or similar activity. The question needs to be more general and reflect the common focus of runners.",चित्र में दौड़ते हुए दिख रहे खिलाड़ियों का मुख्य उद्देश्य क्या है?,"['A) दौड़ जीतना', 'B) सबसे तेज गति से दौड़ना', 'C) अंतिम रेखा तक पहुँचना', 'D) अपनी स्थिति बनाए रखना']",C) अंतिम रेखा तक पहुँचना
kho_kho_5,IBQ,India_IBQ.xlsx,Kho kho,चित्र में झुककर आगे बढ़ने वाले खिलाड़ी द्वारा किस कौशल पर जोर दिया जा रहा है?,"A) लचीलापन, B) ताकत, C) गति, D) टीमवर्क",ए) लचीलापन,1,no mistake,no correction needed,no correction needed,no answer needed
kho_kho_5,IBQ,India_IBQ.xlsx,Kho kho,चित्र में दिखाए अनुसार खो-खो में पंक्ति में बैठे खिलाड़ी क्या भूमिका निभाते हैं?,"A) धावक, B) पीछा करने वाले, C) रेफरी, D) रक्षक",बी) चेज़र्स,1,no mistake,no correction needed,no correction needed,no answer needed
kho_kho_5,IBQ,India_IBQ.xlsx,Kho kho,चित्र में धावक का उद्देश्य क्या है?,"A) टैग होने से बचने के लिए, B) अंक प्राप्त करने के लिए, C) फिनिश लाइन तक पहुंचने के लिए, D) बैटन पास करने के लिए",A) टैग होने से बचने के लिए,0,"The question asks about the runner's objective in the image. However, the correct answer, 'to avoid being tagged', doesn't align with the typical objective of a runner in a relay race depicted in a standard image. Runners usually aim to reach the finish line or pass the baton. The question seems based on a different sport or a very specific scenario not generally evident from a typical image of runners.",चित्र में धावक का मुख्य उद्देश्य क्या है?,"['A) बैटन को सुरक्षित रूप से पास करना', 'B) अंक प्राप्त करना', 'C) फिनिश लाइन तक सबसे पहले पहुंचना', 'D) प्रतिद्वंद्वी को टैग करना']",C) फिनिश लाइन तक सबसे पहले पहुंचना
kho_kho_6,IBQ,India_IBQ.xlsx,Kho kho,चित्र में खो-खो से संबंधित कौन सी घटना दर्शाई गई है?,"ए) राष्ट्रीय चैम्पियनशिप, बी) केकेएफआई सुपर लीग चैम्पियनशिप, सी) राज्य स्तरीय टूर्नामेंट, डी) अंतर्राष्ट्रीय खो-खो कप",बी) केकेएफआई सुपर लीग चैम्पियनशिप,1,no mistake,no correction needed,no correction needed,no answer needed
kho_kho_6,IBQ,India_IBQ.xlsx,Kho kho,चित्र में किस टीम को चैंपियन बताया गया है?,"A) माउंटेन वॉरियर्स, B) वैली किंग्स, C) पहाड़ी बिल्लियां, D) डेजर्ट लायंस",C) पहाड़ी बिल्लियां,1,no mistake,no correction needed,no correction needed,no answer needed
kho_kho_6,IBQ,India_IBQ.xlsx,Kho kho,चित्र में दिखाए गए उत्सव का संभावित कारण क्या है?,"A) मैच जीतना, B) प्रायोजन हासिल करना, C) चैंपियनशिप जीतना, D) टूर्नामेंट पूरा करना",C) चैंपियनशिप जीतना,1,no mistake,no correction needed,no correction needed,no answer needed
kho_kho_6,IBQ,India_IBQ.xlsx,Kho kho,चित्र में दिखाई गई घटना किस वर्ष घटित हुई थी?,"ए) 2019, बी) 2020, सी) 2021, डी) 2022",सी) 2021,1,no mistake,no correction needed,no correction needed,no answer needed
kho_kho_7,IBQ,India_IBQ.xlsx,Kho kho,यह चित्र किस घटना से संबंधित है?,"A) अल्टीमेट खो-खो 2022, B) खो-खो विश्व चैम्पियनशिप, C) राष्ट्रीय खो-खो लीग, D) राज्य खो-खो टूर्नामेंट",ए) अल्टीमेट खो-खो 2022,1,no mistake,no correction needed,no correction needed,no answer needed
kho_kho_7,IBQ,India_IBQ.xlsx,Kho kho,अल्टीमेट खो-खो 2022 में उपविजेता के रूप में किस टीम का उल्लेख किया गया है?,"ए) तेलुगु योद्धा, बी) मुंबई खिलाड़ी, सी) दिल्ली डायनामोज, डी) चेन्नई वॉरियर्स",A) तेलुगु योद्धा,1,no mistake,no correction needed,no correction needed,no answer needed
kho_kho_7,IBQ,India_IBQ.xlsx,Kho kho,अल्टीमेट खो-खो 2022 में तेलुगु योद्धाओं ने कौन सा स्थान हासिल किया?,"ए) विजेता, बी) उपविजेता, सी) सेमी-फाइनलिस्ट, डी) क्वार्टर-फाइनलिस्ट",बी) उपविजेता,1,no mistake,no correction needed,no correction needed,no answer needed
kho_kho_7,IBQ,India_IBQ.xlsx,Kho kho,तेलुगू योद्धाओं की भागीदारी वाली अल्टीमेट खो-खो प्रतियोगिता किस वर्ष आयोजित की गई थी?,"ए) 2020, बी) 2021, सी) 2022, डी) 2023",सी) 2022,1,no mistake,no correction needed,no correction needed,no answer needed
kho_kho_8,IBQ,India_IBQ.xlsx,Kho kho,"जैसा कि चित्र में दिखाया गया है, अल्टीमेट खो-खो स्पर्धा के पहले मैच में कौन सी टीमें प्रतिस्पर्धा कर रही हैं?","ए) मुंबई खिलाड़ी बनाम चेन्नई क्विक गन्स, बी) गुजरात जायंट्स बनाम तेलुगु योद्धा, सी) मुंबई खिलाड़ी बनाम गुजरात जायंट्स, डी) चेन्नई क्विक गन्स बनाम गुजरात जायंट्स",सी) मुंबई खिलाड़ी बनाम गुजरात दिग्गज,1,no mistake,no correction needed,no correction needed,no answer needed
kho_kho_8,IBQ,India_IBQ.xlsx,Kho kho,चित्र के अनुसार अल्टीमेट खो-खो स्पर्धा के दूसरे मैच में कौन सी टीमें खेलेंगी?,"ए) मुंबई खिलाड़ी बनाम गुजरात जायंट्स, बी) चेन्नई क्विक गन्स बनाम तेलुगु योद्धा, सी) मुंबई खिलाड़ी बनाम तेलुगु योद्धा, डी) चेन्नई क्विक गन्स बनाम गुजरात जायंट्स",बी) चेन्नई क्विक गन्स बनाम तेलुगु योद्धा,1,no mistake,no correction needed,no correction needed,no answer needed
kho_kho_8,IBQ,India_IBQ.xlsx,Kho kho,"जैसा कि चित्र में बताया गया है, अल्टीमेट खो-खो स्पर्धा में कितनी टीमें पदार्पण कर रही हैं?","A) तीन, B) चार, C) पाँच, D) छह",बी) चार,1,no mistake,no correction needed,no correction needed,no answer needed
kho_kho_8,IBQ,India_IBQ.xlsx,Kho kho,अल्टीमेट खो-खो इवेंट से संबंधित छवि का प्राथमिक फोकस क्या है?,"ए) टीम रोस्टर, बी) मैच कार्यक्रम, सी) खिलाड़ी आँकड़े, डी) स्थल लेआउट",बी) मैच कार्यक्रम,1,no mistake,no correction needed,no correction needed,no answer needed
kho_kho_9,IBQ,India_IBQ.xlsx,Kho kho,"जैसा कि चित्र में दिखाया गया है, अल्टीमेट खो-खो का कौन सा सीज़न 24 दिसंबर को शुरू होने वाला है?","ए) सीज़न 1, बी) सीज़न 2, सी) सीज़न 3, डी) सीज़न 4",बी) सीज़न 2,1,no mistake,no correction needed,no correction needed,no answer needed
kho_kho_9,IBQ,India_IBQ.xlsx,Kho kho,अल्टीमेट खो-खो 2023-24 में कितनी टीमें भाग ले रही हैं?,"A) चार, B) पाँच, C) छह, D) सात",सी) छह,1,no mistake,no correction needed,no correction needed,no answer needed
kho_kho_9,IBQ,India_IBQ.xlsx,Kho kho,अल्टीमेट खो-खो 2023-24 सीज़न किस राज्य में शुरू होगा?,"ए) महाराष्ट्र, बी) कर्नाटक, सी) ओडिशा, डी) गुजरात",C) ओडिशा,1,no mistake,no correction needed,no correction needed,no answer needed
kho_kho_9,IBQ,India_IBQ.xlsx,Kho kho,अल्टीमेट खो-खो 2023-24 सीज़न कब शुरू होगा?,"ए) 24 नवंबर, बी) 24 दिसंबर, सी) 24 जनवरी, डी) 24 फरवरी",बी) 24 दिसंबर,1,no mistake,no correction needed,no correction needed,no answer needed
kho_kho_10,IBQ,India_IBQ.xlsx,Kho kho,चित्र में किस प्रकार की घटना को दर्शाया गया है?,"ए) प्री-सीज़न प्रशिक्षण, बी) टीम घोषणाएँ, सी) सीज़न की शुरुआत, डी) चैंपियनशिप फ़ाइनल",C) सीज़न की शुरुआत,1,no mistake,no correction needed,no correction needed,no answer needed
kho_kho_10,IBQ,India_IBQ.xlsx,Kho kho,अल्टीमेट खो-खो से संबंधित छवि का प्राथमिक फोकस क्या है?,"ए) खिलाड़ी आँकड़े, बी) मैच कार्यक्रम, सी) टीम की वर्दी, डी) सीज़न की शुरुआत",D) सीज़न की शुरुआत,1,no mistake,no correction needed,no correction needed,no answer needed
kho_kho_10,IBQ,India_IBQ.xlsx,Kho kho,अल्टीमेट खो-खो इवेंट से संबंधित छवि में कौन सा खेल दिखाया गया है?,"A) क्रिकेट, B) वॉलीबॉल, C) खो-खो, D) कबड्डी",C) खो-खो,1,no mistake,no correction needed,no correction needed,no answer needed
kho_kho_10,IBQ,India_IBQ.xlsx,Kho kho,अल्टीमेट खो-खो 2023-24 सीज़न के संदर्भ में 24 दिसंबर का क्या महत्व है?,"ए) टीम चयन तिथि, बी) सीज़न प्रारंभ तिथि, सी) चैम्पियनशिप तिथि, डी) खिलाड़ी ड्राफ्ट तिथि",बी) सीज़न शुरू होने की तारीख,1,no mistake,no correction needed,no correction needed,no answer needed
kho_kho_11,IBQ,India_IBQ.xlsx,Kho kho,चित्र में दिखाए अनुसार अल्टीमेट खो-खो लीग ट्रॉफी किस टीम ने जीती?,"ए) मुंबई खिलाड़ी, बी) गुजरात जायंट्स, सी) चेन्नई क्विक गन्स, डी) तेलुगु योद्धा",बी) गुजरात जायंट्स,1,no mistake,no correction needed,no correction needed,no answer needed
kho_kho_11,IBQ,India_IBQ.xlsx,Kho kho,खो-खो से संबंधित छवि का प्राथमिक फोकस क्या है?,"ए) टीम प्रशिक्षण, बी) मैच कार्यक्रम, सी) ट्रॉफी प्रस्तुति, डी) खिलाड़ी ड्राफ्ट",C) ट्रॉफी प्रस्तुति,1,no mistake,no correction needed,no correction needed,no answer needed
kho_kho_11,IBQ,India_IBQ.xlsx,Kho kho,चित्र में किस प्रकार की घटना दर्शायी गयी है?,"ए) प्री-सीजन मैच, बी) लीग फाइनल, सी) टीम अभ्यास, डी) चैंपियनशिप उद्घाटन",बी) लीग फाइनल,1,no mistake,no correction needed,no correction needed,no answer needed
kho_kho_11,IBQ,India_IBQ.xlsx,Kho kho,चित्र में प्रस्तुत की जा रही ट्रॉफी किस खेल से संबंधित है?,"A) कबड्डी, B) क्रिकेट, C) खो-खो, D) वॉलीबॉल",C) खो-खो,1,no mistake,no correction needed,no correction needed,no answer needed
kho_kho_12,IBQ,India_IBQ.xlsx,Kho kho,चित्र में दिखाए गए अल्टीमेट खो-खो मैच में किन दो टीमों ने जीत दर्ज की?,"A) गुजरात जायंट्स और राजस्थान वॉरियर्स, B) गुजरात जायंट्स और तेलुगु योद्धा, C) तेलुगु योद्धा और राजस्थान वॉरियर्स, D) गुजरात जायंट्स और ओडिशा",बी) गुजरात दिग्गज और तेलुगु योद्धा,1,no mistake,no correction needed,no correction needed,no answer needed
kho_kho_12,IBQ,India_IBQ.xlsx,Kho kho,अल्टीमेट खो-खो लीग में गुजरात जायंट्स और ओडिशा के बीच मैच का परिणाम क्या रहा?,"A) गुजरात जायंट्स 5 अंकों से जीता, B) गुजरात जायंट्स 21 अंकों से जीता, C) ओडिशा 5 अंकों से जीता, D) ओडिशा 21 अंकों से जीता",A) गुजरात जायंट्स 5 अंकों से जीता,1,no mistake,no correction needed,no correction needed,no answer needed
kho_kho_12,IBQ,India_IBQ.xlsx,Kho kho,तेलुगू योद्धाओं ने राजस्थान वॉरियर्स के खिलाफ मैच कैसे जीता?,"A) पांच अंकों की करीबी जीत से, B) एक अंक की मामूली जीत से, C) 21 अंकों से, D) 10 अंकों से",C) 21 अंकों से,1,no mistake,no correction needed,no correction needed,no answer needed
kho_kho_12,IBQ,India_IBQ.xlsx,Kho kho,चित्र में दर्शाए गए अल्टीमेट खो-खो मैच की तिथि और स्थान क्या है?,"A) 16 अगस्त, 2022, पुणे, B) 16 अगस्त, 2022, गुजरात, C) 16 अगस्त, 2023, मुंबई, D) 16 अगस्त, 2022, चेन्नई","ए) 16 अगस्त, 2022, पुणे",1,no mistake,no correction needed,no correction needed,no answer needed
kho_kho_13,IBQ,India_IBQ.xlsx,Kho kho,अल्टीमेट खो-खो लीग से संबंधित चित्र में दर्शाया गया मुख्य विषय क्या है?,"ए) खिलाड़ी प्रशिक्षण, बी) फ्रेंचाइजी एकीकरण, सी) मैच हाइलाइट्स, डी) टीम ड्राफ्ट",बी) फ्रैंचाइज़ी एकीकरण,1,no mistake,no correction needed,no correction needed,no answer needed
kho_kho_13,IBQ,India_IBQ.xlsx,Kho kho,छवि में किस इवेंट या लीग को हाइलाइट किया जा रहा है?,"ए) अल्टीमेट खो-खो लीग, बी) खो-खो विश्व कप, सी) राष्ट्रीय खो-खो चैम्पियनशिप, डी) राज्य खो-खो टूर्नामेंट",ए) अल्टीमेट खो-खो लीग,1,no mistake,no correction needed,no correction needed,no answer needed
kho_kho_13,IBQ,India_IBQ.xlsx,Kho kho,चित्र में दिखाए गए जमावड़े का संभावित उद्देश्य क्या है?,"ए) टीम रणनीति बैठक, बी) फ्रेंचाइजी सहयोग, सी) सीज़न उद्घाटन समारोह, डी) खिलाड़ी चयन",बी) फ्रैंचाइज़ी सहयोग,1,no mistake,no correction needed,no correction needed,no answer needed
kho_kho_13,IBQ,India_IBQ.xlsx,Kho kho,अल्टीमेट खो-खो लीग के संबंध में यह चित्र किस प्रकार के आयोजन को दर्शाता है?,"A) टूर्नामेंट, B) फ्रेंचाइजी मीटिंग, C) खिलाड़ी प्रशिक्षण सत्र, D) पुरस्कार समारोह",बी) फ्रैंचाइज़ी बैठक,1,no mistake,no correction needed,no correction needed,no answer needed
kho_kho_14,IBQ,India_IBQ.xlsx,Kho kho,चित्र में भारतीय खो-खो खिलाड़ी के रूप में किसे दिखाया गया है?,"ए) सुप्रिया काले, बी) सारिका काले, सी) प्रिया शर्मा, डी) अंजलि पटेल",बी) सारिका काले,1,no mistake,no correction needed,no correction needed,no answer needed
kho_kho_14,IBQ,India_IBQ.xlsx,Kho kho,चित्र में सारिका काले किस खेल से संबंधित हैं?,"A) कबड्डी, B) वॉलीबॉल, C) खो-खो, D) क्रिकेट",C) खो-खो,1,no mistake,no correction needed,no correction needed,no answer needed
kho_kho_14,IBQ,India_IBQ.xlsx,Kho kho,चित्र के आधार पर सारिका काले किस प्रकार की घटना या संदर्भ में शामिल हैं?,"A) प्रशिक्षण सत्र, B) मैच दिवस, C) पुरस्कार समारोह, D) टीम मीटिंग",ए) प्रशिक्षण सत्र,1,no mistake,no correction needed,no correction needed,no answer needed
kho_kho_14,IBQ,India_IBQ.xlsx,Kho kho,चित्र में दिखाए गए खेल में सारिका काले की क्या भूमिका है?,"A) कोच, B) खिलाड़ी, C) रेफरी, D) टीम मैनेजर",बी) खिलाड़ी,1,no mistake,no correction needed,no correction needed,no answer needed
kho_kho_15,IBQ,India_IBQ.xlsx,Kho kho,चित्र के अनुसार प्रवीण कुमार किस खेल से जुड़े हैं?,"A) कबड्डी, B) खो-खो, C) वॉलीबॉल, D) क्रिकेट",बी) खो-खो,1,no mistake,no correction needed,no correction needed,no answer needed
kho_kho_15,IBQ,India_IBQ.xlsx,Kho kho,छवि के संदर्भ में प्रवीण कुमार किस लिए जाने जाते हैं?,"A) कोचिंग, B) खेलना, C) रेफरी, D) प्रबंधन",बी) खेलना,1,no mistake,no correction needed,no correction needed,no answer needed
kho_kho_15,IBQ,India_IBQ.xlsx,Kho kho,"जैसा कि चित्र में बताया गया है, प्रवीण कुमार किस शहर और राज्य से संबंधित हैं?","ए) मैसूर, कर्नाटक, बी) बैंगलोर, कर्नाटक, सी) चेन्नई, तमिलनाडु, डी) मुंबई, महाराष्ट्र","A) मैसूर, कर्नाटक",1,no mistake,no correction needed,no correction needed,no answer needed
kho_kho_15,IBQ,India_IBQ.xlsx,Kho kho,चित्र में प्रवीण कुमार के बारे में कौन सी उल्लेखनीय विशेषता उजागर की गई है?,"A) उनके कोचिंग कौशल, B) उनके प्रबंधन कौशल, C) एक खिलाड़ी के रूप में उनकी प्रतिभा और प्रसिद्धि, D) उनका रेफरी अनुभव",C) एक खिलाड़ी के रूप में उनकी प्रतिभा और प्रसिद्धि,1,no mistake,no correction needed,no correction needed,no answer needed
kho_kho_16,IBQ,India_IBQ.xlsx,Kho kho,चित्र में दर्शाई गई भारतीय महिला खो-खो टीम की कप्तान कौन हैं?,"ए) प्रिया शर्मा, बी) अंजलि पटेल, सी) नसरीन शेख, डी) मीरा कुमार",C) नसरीन शेख,1,no mistake,no correction needed,no correction needed,no answer needed
kho_kho_16,IBQ,India_IBQ.xlsx,Kho kho,"जैसा कि चित्र में बताया गया है, नसरीन शेख की भारत की महिला खो-खो टीम में क्या भूमिका है?","A) कोच, B) खिलाड़ी, C) कप्तान, D) प्रबंधक",सी) कैप्टन,1,no mistake,no correction needed,no correction needed,no answer needed
kho_kho_16,IBQ,India_IBQ.xlsx,Kho kho,नसरीन शेख से संबंधित छवि का प्राथमिक फोकस क्या है?,"A) टीम अभ्यास, B) कप्तान का नेतृत्व, C) चैम्पियनशिप जीत, D) टीम चयन",बी) कप्तान का नेतृत्व,1,no mistake,no correction needed,no correction needed,no answer needed
kho_kho_16,IBQ,India_IBQ.xlsx,Kho kho,चित्र के अनुसार नसरीन शेख किस खेल में कप्तान के रूप में कार्यरत हैं?,"A) वॉलीबॉल, B) कबड्डी, C) खो-खो, D) क्रिकेट",C) खो-खो,1,no mistake,no correction needed,no correction needed,no answer needed
kho_kho_17,IBQ,India_IBQ.xlsx,Kho kho,चित्र के आधार पर पंकज मल्होत्रा ​​से जुड़ा प्राथमिक खेल क्या है?,"A) क्रिकेट, B) वॉलीबॉल, C) खो-खो, D) फुटबॉल",C) खो-खो,1,no mistake,no correction needed,no correction needed,no answer needed
kho_kho_17,IBQ,India_IBQ.xlsx,Kho kho,चित्र से पता चलता है कि खो-खो के संदर्भ में पंकज मल्होत्रा ​​की क्या भूमिका या उपाधि हो सकती है?,"A) खिलाड़ी, B) कोच, C) रेफरी, D) मैनेजर",बी) कोच,1,no mistake,no correction needed,no correction needed,no answer needed
kho_kho_17,IBQ,India_IBQ.xlsx,Kho kho,पंकज मल्होत्रा ​​की तस्वीर का मुख्य फोकस क्या है?,"ए) प्रशिक्षण सत्र, बी) खिलाड़ी की उपलब्धियां, सी) कोचिंग भूमिका, डी) टीम प्रबंधन",C) कोचिंग की भूमिका,1,no mistake,no correction needed,no correction needed,no answer needed
kho_kho_17,IBQ,India_IBQ.xlsx,Kho kho,"चित्र के अनुसार, पंकज मल्होत्रा ​​खो-खो के किस पहलू में शामिल हैं?","ए) टीम चयन, बी) टूर्नामेंट संगठन, सी) खिलाड़ी विकास, डी) रेफरी",C) खिलाड़ी विकास,1,no mistake,no correction needed,no correction needed,no answer needed
kho_kho_18,IBQ,India_IBQ.xlsx,Kho kho,चित्र में खो-खो खेल से संबंधित व्यक्ति कौन है?,"ए) मंदाकिनी माझी, बी) प्रिया शर्मा, सी) अंजलि पटेल, डी) मीरा कुमार",A) मंदाकिनी माझी,1,no mistake,no correction needed,no correction needed,no answer needed
kho_kho_18,IBQ,India_IBQ.xlsx,Kho kho,छवि के आधार पर मंदाकिनी माझी की खो-खो में क्या भूमिका है?,"A) खिलाड़ी, B) कोच, C) रेफरी, D) मैनेजर",ए) खिलाड़ी,1,no mistake,no correction needed,no correction needed,no answer needed
kho_kho_18,IBQ,India_IBQ.xlsx,Kho kho,चित्र में दिखाए अनुसार मंदाकिनी माझी किस खेल में शामिल हैं?,"A) कबड्डी, B) वॉलीबॉल, C) खो-खो, D) क्रिकेट",C) खो-खो,1,no mistake,no correction needed,no correction needed,no answer needed
kho_kho_18,IBQ,India_IBQ.xlsx,Kho kho,"जैसा कि चित्र से पता चलता है, खो-खो के संदर्भ में मंदाकिनी मांझी का क्या महत्व है?","A) राष्ट्रीय चैंपियन, B) प्रमुख कोच, C) शीर्ष खिलाड़ी, D) टूर्नामेंट आयोजक",C) शीर्ष खिलाड़ी,1,no mistake,no correction needed,no correction needed,no answer needed
kho_kho_19,IBQ,India_IBQ.xlsx,Kho kho,खो-खो के संबंध में चित्र में दिखाया गया व्यक्ति कौन है?,"ए) पंकज मल्होत्रा, बी) मंदाकिनी माझी, सी) अंजलि पटेल, डी) मीरा कुमार",A) पंकज मल्होत्रा,1,no mistake,no correction needed,no correction needed,no answer needed
kho_kho_19,IBQ,India_IBQ.xlsx,Kho kho,"जैसा कि चित्र से पता चलता है, खो-खो में पंकज मल्होत्रा ​​की संभावित भूमिका क्या है?","A) खिलाड़ी, B) कोच, C) रेफरी, D) टीम मैनेजर",बी) कोच,1,no mistake,no correction needed,no correction needed,no answer needed
kho_kho_19,IBQ,India_IBQ.xlsx,Kho kho,चित्र के अनुसार पंकज मल्होत्रा ​​किस खेल से जुड़े हैं?,"A) कबड्डी, B) वॉलीबॉल, C) खो-खो, D) क्रिकेट",C) खो-खो,1,no mistake,no correction needed,no correction needed,no answer needed
kho_kho_19,IBQ,India_IBQ.xlsx,Kho kho,छवि के आधार पर पंकज मल्होत्रा ​​खो-खो के किस पहलू में शामिल हैं?,"ए) प्रशिक्षण और विकास, बी) मैच संचालन, सी) टूर्नामेंट संगठन, डी) टीम भर्ती",ए) प्रशिक्षण और विकास,1,no mistake,no correction needed,no correction needed,no answer needed
kho_kho_20,IBQ,India_IBQ.xlsx,Kho kho,छवि के अनुसार सतीश राय ने खो-खो में क्या भूमिका निभाई है?,"A) राष्ट्रीय टीम का खिलाड़ी, B) रेफरी, C) कोच, D) टूर्नामेंट आयोजक",A) राष्ट्रीय टीम का खिलाड़ी,1,no mistake,no correction needed,no correction needed,no answer needed
kho_kho_20,IBQ,India_IBQ.xlsx,Kho kho,"जैसा कि चित्र में बताया गया है, सतीश राय किस स्तर की प्रतियोगिताओं में शामिल रहे हैं?","A) राज्य और राष्ट्रीय, B) स्थानीय और क्षेत्रीय, C) राष्ट्रीय और अंतर्राष्ट्रीय, D) क्षेत्रीय और अंतर्राष्ट्रीय",ए) राज्य और राष्ट्रीय,1,no mistake,no correction needed,no correction needed,no answer needed
kho_kho_20,IBQ,India_IBQ.xlsx,Kho kho,सतीश राय की तस्वीर का मुख्य फोकस क्या है?,"ए) राज्य और राष्ट्रीय प्रतियोगिता में भागीदारी, बी) कोचिंग उपलब्धियां, सी) रेफरी कैरियर, डी) टीम प्रबंधन",ए) राज्य और राष्ट्रीय प्रतियोगिता में भागीदारी,1,no mistake,no correction needed,no correction needed,no answer needed
kho_kho_21,IBQ,India_IBQ.xlsx,Kho kho,भारतीय पुरुष खो-खो टीम की तस्वीर में कौन सी स्पर्धा दर्शाई गई है?,"ए) राष्ट्रीय चैम्पियनशिप, बी) चौथी एशियाई खो-खो चैम्पियनशिप, सी) विश्व खो-खो कप, डी) क्षेत्रीय टूर्नामेंट",बी) चौथी एशियाई खो-खो चैंपियनशिप,1,no mistake,no correction needed,no correction needed,no answer needed
kho_kho_21,IBQ,India_IBQ.xlsx,Kho kho,"जैसा कि चित्र में बताया गया है, चौथी एशियाई खो-खो चैंपियनशिप कहाँ संपन्न हुई?","A) दिल्ली, B) मुंबई, C) तामिलनाडु, D) बैंगलोर",C) तामुलपुर,0,"The correct answer is incorrect. The 4th Asian Kho-Kho Championship was held in Tamil Nadu, specifically in Madurai, not Tamulpur. Also, 'Tamulpur' is not a listed option. The question refers to an image, which is crucial for verification, but is missing. Assuming the image accurately depicts information about the location, the answer needs correction.","जैसा कि चित्र में बताया गया है, चौथी एशियाई खो-खो चैंपियनशिप कहाँ संपन्न हुई?","A) दिल्ली, B) मुंबई, C) तमिलनाडु, D) बैंगलोर",C) तमिलनाडु
kho_kho_21,IBQ,India_IBQ.xlsx,Kho kho,"चित्र के अनुसार, चौथी एशियाई खो-खो चैम्पियनशिप किस तारीख को समाप्त हुई?","A) 15 मार्च, B) 20 मार्च, C) 23 मार्च, D) 25 मार्च",सी) 23 मार्च,1,no mistake,no correction needed,no correction needed,no answer needed
kho_kho_21,IBQ,India_IBQ.xlsx,Kho kho,चित्र में भारतीय पुरुष खो-खो टीम की कौन सी उपलब्धि दर्शाई गई है?,"A) चैंपियनशिप जीतना, B) फाइनल के लिए क्वालीफाई करना, C) इवेंट की मेजबानी करना, D) टूर्नामेंट को प्रायोजित करना",A) चैंपियनशिप जीतना,1,no mistake,no correction needed,no correction needed,no answer needed
kho_kho_22,IBQ,India_IBQ.xlsx,Kho kho,चित्र में एशियाई खो-खो चैम्पियनशिप में भाग लेने वाली कौन सी टीम दिखाई गई है?,"A) भारतीय पुरुष टीम, B) भारतीय महिला टीम, C) पाकिस्तान पुरुष टीम, D) श्रीलंका महिला टीम",बी) भारतीय महिला टीम,1,no mistake,no correction needed,no correction needed,no answer needed
kho_kho_22,IBQ,India_IBQ.xlsx,Kho kho,भारतीय महिला टीम से संबंधित चित्र में किस प्रकार की चैंपियनशिप दर्शाई गई है?,"ए) राष्ट्रीय चैम्पियनशिप, बी) एशियाई खो-खो चैम्पियनशिप, सी) विश्व खो-खो कप, डी) क्षेत्रीय टूर्नामेंट",बी) एशियाई खो-खो चैम्पियनशिप,1,no mistake,no correction needed,no correction needed,no answer needed
kho_kho_22,IBQ,India_IBQ.xlsx,Kho kho,भारतीय महिला खो-खो टीम को दर्शाने वाली छवि का संदर्भ क्या है?,"ए) मैच से पहले की तैयारी, बी) जीत का जश्न, सी) प्रशिक्षण सत्र, डी) मैच के बाद का विश्लेषण",बी) जीत का जश्न,1,no mistake,no correction needed,no correction needed,no answer needed
kho_kho_22,IBQ,India_IBQ.xlsx,Kho kho,चित्र में भारतीय महिला खो-खो टीम की कौन सी उपलब्धि दर्शाई गई है?,"A) फाइनल के लिए अर्हता प्राप्त करना, B) चैंपियनशिप जीतना, C) कार्यक्रम की मेजबानी करना, D) पुरस्कार प्राप्त करना",बी) चैंपियनशिप जीतना,1,no mistake,no correction needed,no correction needed,no answer needed
kho_kho_23,IBQ,India_IBQ.xlsx,Kho kho,चित्र में किस प्रकार की खेल गतिविधि दर्शाई गई है?,"A) खो-खो, B) कबड्डी, C) क्रिकेट, D) वॉलीबॉल",A) खो-खो,1,no mistake,no correction needed,no correction needed,no answer needed
kho_kho_23,IBQ,India_IBQ.xlsx,Kho kho,खेल से संबंधित छवि में होने वाली प्राथमिक क्रिया क्या है?,"A) दौड़ना और पीछा करना, B) गेंद पास करना, C) बल्लेबाजी करना, D) नेट लगाना",A) दौड़ना और पीछा करना,1,no mistake,no correction needed,no correction needed,no answer needed
kho_kho_23,IBQ,India_IBQ.xlsx,Kho kho,चित्र में दिखाए गए खेल मैदान की विशेषता क्या है?,"A) वृत्ताकार, B) चिह्नित लेनों वाला आयताकार, C) वर्गाकार, D) त्रिकोणीय",बी) चिह्नित लेन के साथ आयताकार,1,no mistake,no correction needed,no correction needed,no answer needed
kho_kho_23,IBQ,India_IBQ.xlsx,Kho kho,खो-खो खेल से संबंधित चित्र में कौन सा तत्व सबसे अधिक दिखाई दे रहा है?,"A) एक्शन में खिलाड़ी, B) दर्शक, C) स्कोरिंग बोर्ड, D) टीम की वर्दी",A) एक्शन में खिलाड़ी,1,no mistake,no correction needed,no correction needed,no answer needed
kho_kho_24,IBQ,India_IBQ.xlsx,Kho kho,चित्र में खो-खो से संबंधित क्या दर्शाया गया है?,"ए) खिलाड़ी प्रशिक्षण, बी) मैदान का माप और आयाम, सी) टीम उत्सव, डी) टूर्नामेंट कार्यक्रम",बी) भूमि माप और आयाम,1,no mistake,no correction needed,no correction needed,no answer needed
kho_kho_24,IBQ,India_IBQ.xlsx,Kho kho,खो-खो से संबंधित छवि का मुख्य फोकस क्या है?,"ए) टीम लाइनअप, बी) प्रयुक्त उपकरण, सी) फील्ड लेआउट, डी) खिलाड़ी आँकड़े",सी) फ़ील्ड लेआउट,1,no mistake,no correction needed,no correction needed,no answer needed
kho_kho_24,IBQ,India_IBQ.xlsx,Kho kho,चित्र में खो-खो का कौन सा तत्व दर्शाया गया है?,"ए) खेल के नियम, बी) मैदान के चिह्न और आयाम, सी) खिलाड़ियों की स्थिति, डी) मैच की मुख्य विशेषताएं",बी) क्षेत्र चिह्न और आयाम,1,no mistake,no correction needed,no correction needed,no answer needed
kho_kho_24,IBQ,India_IBQ.xlsx,Kho kho,चित्र में खो-खो खेल का कौन सा विशिष्ट पहलू दर्शाया गया है?,"ए) स्कोरिंग प्रणाली, बी) खेल रणनीति, सी) कोर्ट आयाम, डी) खिलाड़ी की भूमिकाएं",C) कोर्ट के आयाम,1,no mistake,no correction needed,no correction needed,no answer needed
kho_kho_25,IBQ,India_IBQ.xlsx,Kho kho,चौथी एशियाई खो-खो चैंपियनशिप 2023 के फाइनल मैच में कौन सी टीमें प्रतिस्पर्धा करेंगी?,"ए) भारत बनाम पाकिस्तान, बी) भारत बनाम नेपाल, सी) भारत बनाम बांग्लादेश, डी) भारत बनाम श्रीलंका",बी) भारत बनाम नेपाल,1,no mistake,no correction needed,no correction needed,no answer needed
kho_kho_25,IBQ,India_IBQ.xlsx,Kho kho,महिला वर्ग में चौथी एशियाई खो-खो चैम्पियनशिप 2023 किस टीम ने जीती?,"A) नेपाल, B) भारत, C) पाकिस्तान, D) बांग्लादेश",बी) भारत,1,no mistake,no correction needed,no correction needed,no answer needed
kho_kho_25,IBQ,India_IBQ.xlsx,Kho kho,चित्र में भारतीय महिला टीम से संबंधित किस प्रकार की घटना दर्शाई गई है?,"ए) राष्ट्रीय चैम्पियनशिप, बी) क्षेत्रीय टूर्नामेंट, सी) एशियाई खो-खो चैम्पियनशिप, डी) विश्व खो-खो कप",C) एशियाई खो-खो चैम्पियनशिप,1,no mistake,no correction needed,no correction needed,no answer needed
kho_kho_25,IBQ,India_IBQ.xlsx,Kho kho,चौथी एशियाई खो-खो चैम्पियनशिप 2023 से संबंधित छवि का फोकस क्या है?,"A) जीत का जश्न, B) मैच विश्लेषण, C) टीम प्रशिक्षण, D) मैच पूर्व तैयारी",A) विजय का उत्सव,1,no mistake,no correction needed,no correction needed,no answer needed
kho_kho_26,IBQ,India_IBQ.xlsx,Kho kho,"चित्र में दिखाए गए खेल के लिए, एक समय में एक टीम से मैदान पर अधिकतम कितने खिलाड़ियों को अनुमति दी जाती है?","ए) 6, बी) 7, सी) 8, डी) 9",बी) 7,1,no mistake,no correction needed,no correction needed,no answer needed
kho_kho_26,IBQ,India_IBQ.xlsx,Kho kho,"चित्र में दिखाए गए खेल के लिए, गेमप्ले के दौरान मैदान पर कुल कितने चेज़र हैं?","ए) 9, बी) 6, सी) 8, डी) 7",ए) 9,1,no mistake,no correction needed,no correction needed,no answer needed
kho_kho_26,IBQ,India_IBQ.xlsx,Kho kho,"चित्र में दिखाए गए खेल के लिए, खेल के दौरान कोर्ट पर बैठने की कौन सी स्थिति है?","A) धावक, B) डिफेंडर, C) चेज़र, D) रेफरी",सी) चेज़र,1,no mistake,no correction needed,no correction needed,no answer needed
kho_kho_26,IBQ,India_IBQ.xlsx,Kho kho,"चित्र में दिखाए गए खेल के लिए, एक मानक मैच कितने समय तक चलता है?","A) 30 मिनट, B) 40 मिनट, C) 45 मिनट, D) 50 मिनट",बी) 40 मिनट,1,no mistake,no correction needed,no correction needed,no answer needed
kho_kho_27,IBQ,India_IBQ.xlsx,Kho kho,चित्र में दिखाए गए खेल के लिए एक मैच में कितनी पारियां खेली जाती हैं?,"ए) 1, बी) 2, सी) 3, डी) 4",बी) 2,1,no mistake,no correction needed,no correction needed,no answer needed
kho_kho_27,IBQ,India_IBQ.xlsx,Kho kho,चित्र में दिखाए गए खेल के लिए धावकों का प्राथमिक उद्देश्य क्या है?,"A) विरोधियों को टैग करना, B) टैग होने से बचना, C) गोल करना, D) अपने क्षेत्र की रक्षा करना",B) टैग होने से बचने के लिए,1,no mistake,no correction needed,no correction needed,no answer needed
kho_kho_27,IBQ,India_IBQ.xlsx,Kho kho,"चित्र में दिखाए गए खेल के लिए, पीछा करने वालों की क्या जिम्मेदारी है?","A) अपनी स्थिति की रक्षा के लिए, B) अंक अर्जित करने के लिए, C) धावकों को टैग करने के लिए, D) गेंद को पास करने के लिए",C) धावकों को टैग करना,1,no mistake,no correction needed,no correction needed,no answer needed
kho_kho_27,IBQ,India_IBQ.xlsx,Kho kho,"चित्र में दिखाए गए खेल के लिए, खेल में प्रत्येक बारी की अवधि क्या है?","A) 5 मिनट, B) 9 मिनट, C) 7 मिनट, D) 8 मिनट",बी) 9 मिनट,1,no mistake,no correction needed,no correction needed,no answer needed
kho_kho_28,IBQ,India_IBQ.xlsx,Kho kho,"चित्र में दिखाए गए खेल में, अपनी बारी के दौरान एक टीम से कितने खिलाड़ियों को दौड़ने की अनुमति है?","ए) 1, बी) 2, सी) 3, डी) 4",सी) 3,1,no mistake,no correction needed,no correction needed,no answer needed
kho_kho_28,IBQ,India_IBQ.xlsx,Kho kho,"चित्र में दिखाए गए खेल के लिए, तीनों धावकों को टैग करने पर कितने अंक दिए जाते हैं?","ए) 1, बी) 2, सी) 3, डी) 5",सी) 3,1,no mistake,no correction needed,no correction needed,no answer needed
kho_kho_28,IBQ,India_IBQ.xlsx,Kho kho,चित्र में दिखाए गए खेल के लिए 'खो' शब्द का क्या अर्थ है?,"A) धावक को दी गई आवाज़, B) अर्जित अंक, C) मैदान पर स्थिति, D) दंड संकेत",A) धावक को दी गई पुकार,1,no mistake,no correction needed,no correction needed,no answer needed
kho_kho_28,IBQ,India_IBQ.xlsx,Kho kho,"चित्र में दिखाए गए खेल के लिए, प्रत्येक टीम के कितने खिलाड़ी मैच में भाग लेते हैं?","ए) 9, बी) 12, सी) 7, डी) 6",ए) 9,1,no mistake,no correction needed,no correction needed,no answer needed
kho_kho_29,IBQ,India_IBQ.xlsx,Kho kho,"चित्र में दिखाए गए खेल के लिए, मैदान पर पीछा करने वाले खिलाड़ी किस प्रकार संरेखित हैं?","A) सीधी रेखा में, B) टेढ़े-मेढ़े पैटर्न में, C) वृत्त में, D) विपरीत दिशाओं में मुख करके दो पंक्तियों में",D) दो पंक्तियों में विपरीत दिशाओं का सामना करते हुए,1,no mistake,no correction needed,no correction needed,no answer needed
kho_kho_29,IBQ,India_IBQ.xlsx,Kho kho,"चित्र में दिखाए गए खेल के लिए, किस कार्रवाई के परिणामस्वरूप अयोग्यता होगी?","A) धावक द्वारा चेज़र को छूना, B) चेज़र का कोर्ट से बाहर निकलना, C) धावक द्वारा दो बार चक्कर लगाना, D) चेज़र द्वारा 'खो' न कहना",B) चेज़र का कोर्ट से बाहर निकलना,1,no mistake,no correction needed,no correction needed,no answer needed
kho_kho_29,IBQ,India_IBQ.xlsx,Kho kho,चित्र में दिखाए गए खेल के लिए कोर्ट का मानक आकार क्या है?,"ए) 16 मीटर x 30 मीटर, बी) 20 मीटर x 40 मीटर, सी) 18 मीटर x 40 मीटर, डी) 12 मीटर x 25 मीटर",सी) 18 मीटर x 40 मीटर,1,no mistake,no correction needed,no correction needed,no answer needed
kho_kho_29,IBQ,India_IBQ.xlsx,Kho kho,चित्र में दिखाए गए खेल के लिए कोई टीम अंक कैसे अर्जित करती है?,"A) टर्न पूरा करके, B) टैग से बचकर, C) धावकों को टैग करके, D) कोर्ट के बाहर कदम रखकर",C) धावकों को टैग करके,1,no mistake,no correction needed,no correction needed,no answer needed
kho_kho_30,IBQ,India_IBQ.xlsx,Kho kho,चित्र में दिखाए गए खेल के लिए प्रति मैच कितने प्रतिस्थापन की अनुमति है?,"ए) 1, बी) 2, सी) 3, डी) 5",बी) 2,1,no mistake,no correction needed,no correction needed,no answer needed
kho_kho_30,IBQ,India_IBQ.xlsx,Kho kho,"चित्र में दिखाए गए खेल में, अपनी बारी के दौरान कितने डिफेंडर मैदान पर हैं?","ए) 2, बी) 3, सी) 5, डी) 6",बी) 3,1,no mistake,no correction needed,no correction needed,no answer needed
kho_kho_30,IBQ,India_IBQ.xlsx,Kho kho,"चित्र में दिखाए गए खेल के लिए, मैच शुरू करने के लिए एक टीम में न्यूनतम कितने खिलाड़ियों की आवश्यकता होती है?","ए) 9, बी) 6, सी) 7, डी) 8",सी) 7,1,no mistake,no correction needed,no correction needed,no answer needed
kho_kho_30,IBQ,India_IBQ.xlsx,Kho kho,"चित्र में दिखाए गए खेल के लिए, प्रत्येक पारी के दौरान कौन सी टीम की भूमिका बदलती है?","A) अंपायर और धावक, B) धावक और पीछा करने वाला, C) डिफेंडर और रेफरी, D) हमलावर और धावक",बी) धावक और पीछा करने वाला,1,no mistake,no correction needed,no correction needed,no answer needed
musti_yuddha_1,IBQ,India_IBQ.xlsx,Musti Yuddha,चित्र में दिखाए गए खेल में पैड प्रशिक्षण के दौरान मुख्य रूप से शरीर के किस भाग को लक्षित किया जाता है?,"a) हाथ, b) पैर, c) सिर, d) छाती",क) हाथ,0,"The image shows boxing training with focus mitts. Pad training in boxing primarily targets the hands and arms for striking power and accuracy, but also involves defense and body conditioning. While hands are directly involved, the question is not specific enough. The primary target *during pad work* isn't just the hands themselves, but the entire striking arm.  Option 'b) पैर' (legs) is irrelevant. Option 'c) सिर' (head) is a defensive target, not one being trained on the pads. Option 'd) छाती' (chest) is sometimes targeted for conditioning, but less commonly than the arms.",चित्र में दिखाए गए खेल में पैड प्रशिक्षण के दौरान मुख्य रूप से शरीर के किस अंग को विकसित किया जाता है?,"a) हाथ और बांह, b) पैर, c) सिर, d) छ���ती",क) हाथ और बांह
musti_yuddha_1,IBQ,India_IBQ.xlsx,Musti Yuddha,"चित्र में दिखाए गए खेल से, अभ्यास से पहले हाथों को लपेटने का उद्देश्य क्या है?","क) मुक्का मारने की शक्ति बढ़ाने के लिए, ख) अंगुलियों की रक्षा के लिए, ग) कलाई की स्थिरता में सुधार करने के लिए, घ) पसीना रोकने के लिए","ख) अंगुलियों की सुरक्षा के लिए, ग) कलाई की स्थिरता में सुधार के लिए",0,"The question asks for the purpose of wrapping hands before practice in a sport depicted in the image. However, the image is missing. Therefore, assessing factual correctness and providing a definitive answer is impossible. Additionally, the original answer provides *two* correct answers which is not standard for a multiple-choice question. Also, the phrasing of options can be more precise.","चित्र में दिखाए गए खेल में, अभ्यास से पहले हाथों को पट्टी बांधने का मुख्य उद्देश्य क्या है?","['क) मुक्के की शक्ति बढ़ाने के लिए', 'ख) उंगलियों को चोट से बचाने के लिए', 'ग) कलाई को सहारा देने और स्थिर रखने के लिए', 'घ) पसीने को रोकने के लिए']",ख) उंगलियों को चोट से बचाने के लिए
musti_yuddha_1,IBQ,India_IBQ.xlsx,Musti Yuddha,"चित्र में दिखाए गए खेल में से, अभ्यासकर्ताओं द्वारा सबसे अधिक कौन सा रुख अपनाया जाता है?","a) साउथपॉ, b) ऑर्थोडॉक्स, c) स्क्वायर, d) साइड-ऑन",ख) रूढ़िवादी,1,no mistake,no correction needed,no correction needed,no answer needed
musti_yuddha_1,IBQ,India_IBQ.xlsx,Musti Yuddha,"चित्र में दिखाए गए खेल से, शैडोबॉक्सिंग का क्या महत्व है?","क) फॉर्म का अभ्यास करने के लिए, ख) गति में सुधार करने के लिए, ग) फुटवर्क बढ़ाने के लिए, घ) सहनशक्ति का निर्माण करने के लिए","क) फॉर्म का अभ्यास करने के लिए, ख) गति में सुधार करने के लिए, ग) फुटवर्क बढ़ाने के लिए",0,"The question asks for the importance of shadowboxing in the sport shown in the image. However, the correct answer lists *multiple* benefits of shadowboxing (form, speed, footwork) as if they are all correct. A good MCQ should ideally have one most correct answer. Also, the question is a bit vague; it doesn't specify *which* sport from the picture. The options are also slightly repetitive in effect.","चित्र में दिखाए गए मुक्केबाजी के खेल में, शैडोबॉक्सिंग का मुख्य महत्व क्या है?","['क) सही तकनीक का अभ्यास करना', 'ख) प्रतिक्रिया समय (reaction time) बढ़ाना', 'ग) पैरों की गति (footwork) सुधारना', 'घ) शारीरिक सहनशक्ति विकसित करना']",क) सही तकनीक का अभ्यास करना
musti_yuddha_2,IBQ,India_IBQ.xlsx,Musti Yuddha,"चित्र में दिखाए गए खेल में से, हाथ-आँख समन्वय को बेहतर बनाने के लिए किस पारंपरिक प्रशिक्षण उपकरण का उपयोग किया जाता है?","a) स्पीड बैग, b) फोकस मिट्स, c) डबल-एंड बैग, d) हैवी बैग",c) डबल-एंड बैग,1,no mistake,no correction needed,no correction needed,no answer needed
musti_yuddha_2,IBQ,India_IBQ.xlsx,Musti Yuddha,"चित्र में दिखाए गए खेल में, प्रतिद्वंद्वी को आश्चर्यचकित करने के लिए आमतौर पर किस प्रकार के पंच का उपयोग किया जाता है?","a) जैब, b) अपरकट, c) हुक, d) क्रॉस",ग) हुक,1,no mistake,no correction needed,no correction needed,no answer needed
musti_yuddha_2,IBQ,India_IBQ.xlsx,Musti Yuddha,"चित्र में दिखाए गए खेल से, स्पैरिंग सत्रों के दौरान प्राथमिक ध्यान किस पर केंद्रित होता है?","क) तकनीक परिशोधन, ख) शक्ति विकास, ग) गति वृद्धि, घ) सहनशक्ति निर्माण",क) तकनीक परिशोधन,1,no mistake,no correction needed,no correction needed,no answer needed
musti_yuddha_2,IBQ,India_IBQ.xlsx,Musti Yuddha,"चित्र में दिखाए गए खेल में, पंच के दौरान कौन सा मांसपेशी समूह सबसे अधिक सक्रिय होता है?","a) पैर, b) कोर, c) कंधे, d) पीठ",ख) कोर,1,no mistake,no correction needed,no correction needed,no answer needed
musti_yuddha_3,IBQ,India_IBQ.xlsx,Musti Yuddha,"चित्र में दिखाए गए खेल से, फुटवर्क अभ्यास का उद्देश्य क्या है?","क) चपलता बढ़ाने के लिए, ख) संतुलन सुधारने के लिए, ग) गति बढ़ाने के लिए, घ) शक्ति विकसित करने के लिए","क) चपलता बढ़ाने के लिए, ख) संतुलन सुधारने के लिए, ग) गति बढ़ाने के लिए",0,"The question asks for the purpose of footwork drills in the sport shown in the image. However, the provided answer includes multiple correct options (क, ख, and ग). A multiple-choice question should ideally have only one correct answer. Additionally, the question is a bit vague and doesn't specify *which* footwork exercise in the image is being referred to. The option 'घ) शक्ति विकसित करने के लिए' (to develop strength) is less directly related to footwork drills than the others.","चित्र में दिखाए गए खेल में, फुटवर्क अभ्यास करने का मुख्य उद्देश्य क्या है?","['क) चपलता बढ़ाना', 'ख) संतुलन सुधारना', 'ग) गति बढ़ाना', 'घ) प्रतिक्रिया समय सुधारना']",क) चपलता बढ़ाना
musti_yuddha_3,IBQ,India_IBQ.xlsx,Musti Yuddha,"चित्र में दिखाए गए खेल से, भारी बैग का उपयोग करने का मुख्य उद्देश्य क्या है?","क) शक्ति विकास, ख) सहनशक्ति निर्माण, ग) तकनीक अभ्यास, घ) गति प्रशिक्षण",क) बिजली विकास,1,no mistake,no correction needed,no correction needed,no answer needed
musti_yuddha_3,IBQ,India_IBQ.xlsx,Musti Yuddha,"चित्र में दिखाए गए खेल में, मुक्का मारने से बचने के लिए आमतौर पर कौन सी रक्षा तकनीक का उपयोग किया जाता है?","a) बॉबिंग, b) वीविंग, c) पैरीइंग, d) ब्लॉकिंग",ख) बुनाई,1,no mistake,no correction needed,no correction needed,no answer needed
musti_yuddha_3,IBQ,India_IBQ.xlsx,Musti Yuddha,"चित्र में दिखाए गए खेल से, प्रशिक्षण के दौरान फोकस मिट्स का उपयोग करने का मुख्य लाभ क्या है?","क) सटीकता में सुधार, ख) गति में वृद्धि, ग) शक्ति विकास, घ) सहनशक्ति निर्माण","क) सटीकता में सुधार, ख) गति में वृद्धि",0,"The question asks for the *main* benefit, but the correct answer lists two benefits, which isn't ideal for a multiple-choice question aiming for a single best answer. Also, the provided answer has two options selected, which is not standard for a multiple-choice question.","चित्र में दिखाए गए खेल में, प्रशिक्षण के दौरान फोकस मिट्स का उपयोग करने का सबसे महत्वपूर्ण लाभ क्या है?","['क) सटीकता में सुधार', 'ख) गति में वृद्धि', 'ग) शक्ति विकास', 'घ) सहनशक्ति निर्माण']",क) सटीकता में सुधार
musti_yuddha_4,IBQ,India_IBQ.xlsx,Musti Yuddha,"चित्र में दिखाए गए खेल में से, निम्नलिखित में से कौन सा एक सामान्य वार्म-अप व्यायाम है?","a) रस्सी कूदना, b) दौड़ना, c) पुश-अप्स, d) शैडोबॉक्सिंग","a) रस्सी कूदना, d) शैडोबॉक्सिंग",1,no mistake,no correction needed,no correction needed,no answer needed
musti_yuddha_4,IBQ,India_IBQ.xlsx,Musti Yuddha,"चित्र में दिखाए गए खेल से, कंडीशनिंग अभ्यास का प्राथमिक उद्देश्य क्या है?","क) सहनशक्ति का निर्माण, ख) शक्ति का विकास, ग) गति में वृद्धि, घ) लचीलेपन में सुधार",a) सहनशक्ति का निर्माण,1,no mistake,no correction needed,no correction needed,no answer needed
musti_yuddha_4,IBQ,India_IBQ.xlsx,Musti Yuddha,"चित्र में दिखाए गए खेल में, कौन सा मुक्का आमतौर पर मुख्य हाथ से मारा जाता है?","a) जैब, b) क्रॉस, c) हुक, d) अपरकट",a) जब,0,"The question asks about the punch typically thrown with the 'main hand' in the sport depicted in the image. While the 'jab' is often the first punch thrown, it isn't necessarily the one thrown with the 'main hand'. The 'cross' is typically the power punch thrown with the dominant hand. Additionally, the correct answer is incorrectly spelled as 'जब' instead of 'जैब'.","चित्र में दिखाए गए खेल में, कौन सा मुक्का आमतौर पर मजबूत हाथ से मारा जाता है?","a) जैब, b) क्रॉस, c) हुक, d) अपरकट",b) क्रॉस
musti_yuddha_4,IBQ,India_IBQ.xlsx,Musti Yuddha,"चित्र में दिखाए गए खेल के अनुसार, मुकाबले के दौरान कॉर्नर मैन की क्या भूमिका होती है?","क) सामरिक सलाह प्रदान करना, ख) चोटों में सहायता करना, ग) प्रोत्साहन प्रदान करना, घ) लड़ाई का आह्वान करना","क) सामरिक सलाह प्रदान करना, ख) चोटों में सहायता करना, ग) प्रोत्साहन प्रदान करना",0,"The question asks about the role of a corner man during a match *according to the image*. However, the provided question doesn't mention what sport the image depicts. Furthermore, the correct answer lists *three* options instead of one. This is not a valid multiple-choice question format.",चित्र में दिखाए गए मुक्केबाजी के मुकाबले के दौरान कॉर्नर मैन की क्या भूमिका होती है?,"['क) सामरिक सलाह प्रदान करना', 'ख) चोटों में सहायता करना', 'ग) प्रोत्साहन प्रदान करना', 'घ) लड़ाई का आह्वान करना']",क) सामरिक सलाह प्रदान करना
musti_yuddha_5,IBQ,India_IBQ.xlsx,Musti Yuddha,"चित्र में दिखाए गए खेल से, लड़ाई के दौरान संतुलन बनाए रखने के लिए निम्नलिखित में से कौन सा महत्वपूर्ण है?","a) रुख, b) पैर की स्थिति, c) गार्ड की स्थिति, d) सिर की गति","a) रुख, b) पैर की स्थिति",1,no mistake,no correction needed,no correction needed,no answer needed
musti_yuddha_5,IBQ,India_IBQ.xlsx,Musti Yuddha,"चित्र में दिखाए गए खेल से, गार्ड का प्राथमिक कार्य क्या है?","क) मुक्कों को रोकना, ख) संतुलन बनाए रखना, ग) काउंटर लगाना, घ) दूरी नियंत्रित करना",a) घूंसे रोकना,1,no mistake,no correction needed,no correction needed,no answer needed
musti_yuddha_5,IBQ,India_IBQ.xlsx,Musti Yuddha,चित्र में दिखाए गए खेल में से कौन सी श्वास तकनीक मैच के दौरान सबसे प्रभावी है?,"क) नाक से सांस लेना, ख) मुंह से सांस छोड़ना, ग) पेट से गहरी सांस लेना, घ) तेजी से उथली सांस लेना","क) नाक से साँस लेना, ख) मुँह से साँस छोड़ना",0,"The question asks for the *most* effective breathing technique during a match shown in the image. However, the correct answer provides *two* techniques (nasal breathing and exhaling through the mouth) instead of one. This makes the question a bit ambiguous and the answer not a standard single-choice response. Also, without the image, it's hard to determine which sport the question is referencing, making it difficult to assess if the answer is contextually correct. Breathing techniques depend on the sport.",चित्र में दिखाए गए खेल के दौरान कौन सी श्वास तकनीक सबसे प्रभावी है?,"['क) केवल नाक से सांस लेना', 'ख) केवल मुंह से सांस छोड़ना', 'ग) पेट से गहरी सांस लेना', 'घ) तेजी ���े उथली सांस लेना']",क) केवल नाक से सांस लेना
musti_yuddha_5,IBQ,India_IBQ.xlsx,Musti Yuddha,"चित्र में दिखाए गए खेल से, प्रतिक्रिया समय में सुधार के लिए किस प्रकार का प्रशिक्षण आवश्यक है?","a) रिफ्लेक्स ड्रिल्स, b) स्पीड बैग, c) शैडोबॉक्सिंग, d) स्पैरिंग","a) रिफ्लेक्स ड्रिल्स, b) स्पीड बैग",1,no mistake,no correction needed,no correction needed,no answer needed
musti_yuddha_6,IBQ,India_IBQ.xlsx,Musti Yuddha,"चित्र में दिखाए गए खेल से, मुकाबले के दौरान आंखों का संपर्क बनाए रखने का क्या महत्व है?","क) प्रतिद्वंद्वी की चाल को पढ़ना, ख) प्रतिद्वंद्वी को डराना, ग) ध्यान केंद्रित रखना, घ) प्रतिद्वंद्वी के हाथों पर नज़र रखना","क) प्रतिद्वंद्वी की चाल को पढ़ना, ग) ध्यान केंद्रित रखना",1,no mistake,no correction needed,no correction needed,no answer needed
musti_yuddha_6,IBQ,India_IBQ.xlsx,Musti Yuddha,"चित्र में दिखाए गए खेल से, निम्नलिखित में से कौन सी एक सामान्य चोट निवारण तकनीक है?","क) स्ट्रेचिंग, ख) शक्तिवर्धक व्यायाम, ग) सुरक्षात्मक उपकरण पहनना, घ) उचित तकनीक","क) स्ट्रेचिंग, ग) सुरक्षात्मक गियर पहनना, घ) उचित तकनीक",1,no mistake,no correction needed,no correction needed,no answer needed
musti_yuddha_6,IBQ,India_IBQ.xlsx,Musti Yuddha,"चित्र में दिखाए गए खेल से, निम्नलिखित में से कौन सा मैच से पहले मानसिक तैयारी का एक प्रमुख पहलू है?","क) दृश्यावलोकन, ख) श्वास व्यायाम, ग) रणनीति योजना, घ) शारीरिक कंडीशनिंग","क) दृश्यावलोकन, ख) श्वास व्यायाम, ग) रणनीति योजना",0,"The question asks for 'a major aspect' but provides three correct answers. A multiple-choice question should ideally have only one correct answer. Also, the question lacks context related to the image. Without knowing what sport the image depicts, it's hard to definitively assess the relevance of the options.","चित्र में दिखाए गए खेल से, निम्नलिखित में से कौन सा मैच से पहले मानसिक तैयारी का *सबसे* प्रमुख पहलू है?","['क) दृश्यावलोकन', 'ख) श्वास व्यायाम', 'ग) रणनीति योजना', 'घ) शारीरिक कंडीशनिंग']",क) दृश्यावलोकन
musti_yuddha_6,IBQ,India_IBQ.xlsx,Musti Yuddha,"चित्र में दिखाए गए खेल से, मिट कार्य के दौरान प्राथमिक ध्यान किस पर केंद्रित होता है?","a) परिशुद्धता, b) गति, c) शक्ति, d) धीरज",क) परिशुद्धता,1,no mistake,no correction needed,no correction needed,no answer needed
musti_yuddha_7,IBQ,India_IBQ.xlsx,Musti Yuddha,"चित्र में दिखाए गए खेल में, जैब का मुकाबला करने के लिए आमतौर पर किस तकनीक का उपयोग किया जाता है?","a) स्लिप और काउंटर, b) पैरी और पंच, c) डक और अपरकट, d) स्टेप बैक और क्रॉस","क) स्लिप और काउंटर, ख) पैरी और पंच",0,"The question asks about techniques to counter a 'jab', but the image appears to depict a wrestling/martial arts grappling situation, not boxing or a striking-based combat sport where jabs are common. The correct answer is also flawed as it provides two options instead of one. It should have only one correct answer for a multiple choice question. Also the options are not relevant to the image.","चित्र में दिखाए गए खेल में, प्रतिद्वंद्वी के हमले से बचने के लिए आमतौर पर किस तकनीक का उपयोग किया जाता है?","['a) रोल और एस्केप', 'b) गार्ड और पुल', 'c) टेकडाउन बचाव', 'd) स्टैंड-अप और स्ट्राइक']",c) टेकडा��न बचाव
musti_yuddha_7,IBQ,India_IBQ.xlsx,Musti Yuddha,"चित्र में दिखाए गए खेल से, निम्नलिखित में से कौन सा प्रशिक्षण के बाद रिकवरी का एक आवश्यक पहलू है?","a) स्ट्रेचिंग, b) हाइड्रेशन, c) पोषण, d) आराम","a) स्ट्रेचिंग, b) हाइड्रेशन, d) आराम",0,"The question asks for an essential aspect of recovery *after* training related to the sport shown in the image. While stretching, hydration, and rest are all important, *nutrition* is also a crucial component of recovery and should be included in the correct answer. The provided answer is missing 'c) पोषण'.  The question phrasing is also slightly awkward - 'रिकवरी का एक आवश्यक पहलू है' could be smoother.",चित्र में दिखाए गए खेल से प्रशिक्षण के बाद रिकवरी के लिए निम्नलिखित में से कौन से पहलू आवश्यक हैं?,"['a) स्ट्रेचिंग', 'b) हाइड्रेशन', 'c) पोषण', 'd) आराम']","a) स्ट्रेचिंग, b) हाइड���रेशन, c) पोषण, d) आराम"
musti_yuddha_7,IBQ,India_IBQ.xlsx,Musti Yuddha,"चित्र में दिखाए गए खेल से, स्पीड बैग का उपयोग करने का प्राथमिक लक्ष्य क्या है?","क) समय बढ़ाना, ख) हाथ की गति में सुधार करना, ग) लय विकसित करना, घ) सहनशक्ति का निर्माण करना","क) समय बढ़ाना, ख) हाथ की गति में सुधार करना, ग) लय विकसित करना",0,"The provided answer includes multiple options (क, ख, and ग) as correct, which is not typical for a multiple-choice question. Additionally, while all listed options are benefits of using a speed bag, the *primary* goal is improving hand-eye coordination and hand speed. The 'time increase' option is irrelevant. The question also lacks clarity; 'speed bag' itself might not be commonly known.",चित्र में दिखाए गए खेल में स्पीड बैग का उपयोग करने का मुख्य उद्देश्य क्या है?,"['क) समय बढ़ाना', 'ख) हाथ की गति और समन्वय में सुधार करना', 'ग) लय विकसित करना', 'घ) सहनशक्ति का निर्माण करना']",ख) हाथ की गति और समन्वय में सुधार करना
musti_yuddha_7,IBQ,India_IBQ.xlsx,Musti Yuddha,"चित्र में दिखाए गए खेल से, प्रशिक्षण में प्रतिरोध बैंड का उपयोग करने का मुख्य लाभ क्या है?","a) मांसपेशियों को मजबूत करना, b) लचीलापन बढ़ाना, c) गति बढ़ाना, d) संतुलन में सुधार करना","a) मांसपेशियों को मजबूत करना, c) गति बढ़ाना",0,"The question asks for the *main* benefit, but provides two correct answers (a and c). This makes it a poorly formed MCQ. Resistance bands *primarily* strengthen muscles, while increasing speed is a secondary benefit. Also, the question is a little ambiguous. It is not clear from the question whether the image depicts a specific exercise or just a general sport using resistance bands.",चित्र में दिखाए गए खेल में प्रशिक्षण के दौरान प्रतिरोध बैंड का उपयोग करने का मुख्य लाभ क्या है?,"['मांसपेशियों को मजबूत करना', 'लचीलापन बढ़ाना', 'शक्ति बढ़ाना', 'संतुलन में सुधार करना']",मांसपेशियों को मजबूत करना
musti_yuddha_8,IBQ,India_IBQ.xlsx,Musti Yuddha,"चित्र में दिखाए गए खेल में से, धीरज बढ़ाने के लिए आमतौर पर किस प्रकार के कंडीशनिंग व्यायाम का उपयोग किया जाता है?","a) दौड़ना, b) साइकिल चलाना, c) रस्सी कूदना, d) सर्किट ट्रेनिंग","a) दौड़ना, c) रस्सी कूदना, d) सर्किट ट्रेनिंग",1,no mistake,no correction needed,no correction needed,no answer needed
musti_yuddha_8,IBQ,India_IBQ.xlsx,Musti Yuddha,"चित्र में दिखाए गए खेल में, प्रहार करते समय उचित स्वरूप बनाए रखने के लिए निम्नलिखित में से किस पर जोर दिया जाता है?","a) कोहनी की स्थिति, b) कूल्हे का घुमाव, c) पैर की स्थिति, d) सिर की गति","b) कूल्हे का घुमाव, c) पैर का स्थान",1,no mistake,no correction needed,no correction needed,no answer needed
musti_yuddha_8,IBQ,India_IBQ.xlsx,Musti Yuddha,"चित्र में दिखाए गए खेल से, एक मजबूत गार्ड बनाए रखने का प्राथमिक उद्देश्य क्या है?","क) आने वाले हमलों को रोकना, ख) काउंटर स्थापित करना, ग) संतुलन बनाए रखना, घ) दूरी को नियंत्रित करना","क) आने वाले हमलों को रोकना, ख) काउंटर स्थापित करना",0,"The correct answer lists two options ('क' and 'ख') as correct, which is unusual for a standard multiple-choice question. Also, the question's wording is slightly awkward. A stronger phrasing is needed. The question lacks context. Need to know what sport is shown in the image.","चित्र में दिखाए गए खेल में, एक मजबूत गार्ड बनाए रखने का मुख्य उद्देश्य क्या है?","['क) विपक्षी टीम के हमलों को रोकना', 'ख) जवाबी हमला (काउंटर) शुरू करना', 'ग) शारीरिक संतुलन बनाए रखना', 'घ) खेल के मैदान में दूरी बनाए रखना']",क) विपक्षी टीम के हमल��ं को रोकना
musti_yuddha_8,IBQ,India_IBQ.xlsx,Musti Yuddha,चित्र में दिखाए गए खेल में से कौन सा पारंपरिक रुख सबसे अधिक स्थिरता प्रदान करता है?,"a) चौड़ा रुख, b) संकीर्ण रुख, c) पार्श्व रुख, d) संतुलित रुख",a) चौड़ा रुख,1,no mistake,no correction needed,no correction needed,no answer needed
musti_yuddha_9,IBQ,India_IBQ.xlsx,Musti Yuddha,"चित्र में दिखाए गए खेल से, फेनट्स का अभ्यास करने का मुख्य लाभ क्या है?","क) प्रतिद्वंद्वी का ध्यान भटकाना, ख) मौके बनाना, ग) ऊर्जा बचाना, घ) प्रतिद्वंद्वी की प्रतिक्रिया का परीक्षण करना","क) प्रतिद्वंद्वी का ध्यान भटकाना, ख) मौके बनाना, घ) प्रतिद्वंद्वी की प्रतिक्रिया का परीक्षण करना",0,"The provided answer contains multiple correct options, which is not standard for a multiple-choice question. Also, the question is a bit ambiguous. 'Feints' can have multiple benefits, and the question asks for the *main* benefit, which is not clearly defined in the given options. Furthermore, the answer includes 'ख) मौके बनाना' and 'घ) प्रतिद्वंद्वी की प्रतिक्रिया का परीक्षण करना', but these are consequences *of* successful feints, not the main benefit.","चित्र में दिखाए गए खेल में, फ़ेन्ट (feint) का उपयोग करने का मुख्य उद्देश्य क्या है?","['क) प्रतिद्वंद्वी को धोखा देना', 'ख) अपनी ऊर्जा बचाना', 'ग) खेल ��ी गति धीमी करना', 'घ) अधिक अंक प्राप्त करना']",क) प्रतिद्वंद्वी को धोखा देना
musti_yuddha_9,IBQ,India_IBQ.xlsx,Musti Yuddha,"चित्र में दिखाए गए खेल में, प्रतिद्वंद्वी के प्रहार को विफल करने के लिए निम्नलिखित में से किस तकनीक का उपयोग किया जाता है?","a) पैरी, b) ब्लॉक, c) स्लिप, d) वीव",a) पैरी,1,no mistake,no correction needed,no correction needed,no answer needed
musti_yuddha_9,IBQ,India_IBQ.xlsx,Musti Yuddha,"चित्र में दिखाए गए खेल से, मैच में क्लिंचिंग का उद्देश्य क्या है?","क) प्रतिद्वंद्वी को नियंत्रित करने के लिए, ख) हमलों को रोकने के लिए, ग) ऊर्जा संरक्षण के लिए, घ) जवाबी हमले की तैयारी के लिए","क) प्रतिद्वंद्वी को नियंत्रित करने के लिए, ख) हमलों को रोकने के लिए, ग) ऊर्जा संरक्षण के लिए",0,"The question asks about the purpose of a 'clinch' in the sport shown in the image. However, the correct answer lists *multiple* purposes, which is not typical for a multiple-choice question. A single best answer should be selected. Also the options should be exclusive. The image appears to depict wrestling, and clinching in wrestling is primarily about control and setting up takedowns, though it also involves aspects of the other options.","चित्र में दिखाए गए खेल में, मैच में क्लिंचिंग का प्राथमिक उद्देश्य क्या है?","['क) प्रतिद्वंद्वी को नियंत्रित करना', 'ख) हमलों को रोकना', 'ग) ऊर्जा संरक्षण करना', 'घ) जवाबी हमले की तैयारी क���ना']",क) प्रतिद्वंद्वी को नियंत्रित करना
musti_yuddha_9,IBQ,India_IBQ.xlsx,Musti Yuddha,"चित्र में दिखाए गए खेल में, प्रतिद्वंद्वी से दूरी कम करने के लिए निम्नलिखित में से कौन सी रणनीति का उपयोग किया जाता है?","a) अंदर की ओर कदम बढ़ाना, b) झपट्टा मारना, c) आगे की ओर झुकना, d) साइडस्टेपिंग","क) अंदर कदम रखना, ख) झपटना",1,no mistake,no correction needed,no correction needed,no answer needed
musti_yuddha_10,IBQ,India_IBQ.xlsx,Musti Yuddha,"चित्र में दिखाए गए खेल से, तीव्र शारीरिक परिश्रम के दौरान श्वास तकनीक की क्या भूमिका है?","a) हृदय गति को नियंत्रित करना, b) सहनशक्ति में सुधार करना, c) थकान को कम करना, d) ध्यान को बढ़ाना","क) हृदय गति को नियंत्रित करना, ख) सहनशक्ति में सुधार करना, ग) थकान को कम करना",0,"The question asks about the role of breathing technique during intense physical exertion in the *sport shown in the image*. However, no image is provided. Additionally, the 'correct answer' lists *multiple* options (a, b, and c) which is incorrect for a multiple-choice question; only one answer should be correct. The options also aren't mutually exclusive - multiple could apply, making it a poor MCQ.","चित्र में दिखाए गए खेल से, तीव्र शारीरिक परिश्रम के दौरान उचित श्वास तकनीक का मुख्य उद्देश्य क्या है?","['a) हृदय गति को स्थिर रखना', 'b) सहनशक्ति को बढ़ाना', 'c) मांसपेशियों की थकान को कम करना', 'd) मानसिक एकाग्रता में सुधार करना']",b) सहनशक्ति को बढ़ाना
musti_yuddha_10,IBQ,India_IBQ.xlsx,Musti Yuddha,"चित्र में दिखाए गए खेल से, निम्नलिखित में से कौन सा हमला शुरू करने का एक सामान्य तरीका है?","a) जैब, b) फ़िंट, c) हुक, d) अपरकट",a) जब,1,no mistake,no correction needed,no correction needed,no answer needed
musti_yuddha_10,IBQ,India_IBQ.xlsx,Musti Yuddha,"चित्र में दिखाए गए खेल से, रक्षात्मक प्रशिक्षण के दौरान प्राथमिक ध्यान किस पर दिया जाता है?","क) प्रहारों से बचना, ख) प्रभावी ढंग से प्रतिकार करना, ग) संतुलन बनाए रखना, घ) संयमित रहना","क) हमलों से बचना, ख) प्रभावी ढंग से जवाब देना",0,"The correct answer is provided as two options instead of one. Also, the question is slightly ambiguous and could benefit from clearer phrasing. 'प्रतिकार करना' and 'जवाब देना' are similar concepts, and the question isn't specific enough.","चित्र में दिखाए गए खेल में, रक्षात्मक प्रशिक्षण के दौरान प्राथमिक ध्यान किस पर केंद्रित होता है?","['क) प्रहारों से बचना', 'ख) प्रभावी ढंग से प्रतिक्रिया देना', 'ग) संतुलन बनाए रखना', 'घ) संयमित रहना']",क) प्रहारों से बचना
musti_yuddha_10,IBQ,India_IBQ.xlsx,Musti Yuddha,"चित्र में दिखाए गए खेल से, स्ट्राइक में शक्ति उत्पन्न करने के लिए निम्नलिखित में से कौन सा महत्वपूर्ण है?","a) कूल्हे का घुमाव, b) कोर ताकत, c) पैर ड्राइव, d) हाथ विस्तार","a) हिप रोटेशन, b) कोर ताकत, c) लेग ड्राइव",1,no mistake,no correction needed,no correction needed,no answer needed
musti_yuddha_11,IBQ,India_IBQ.xlsx,Musti Yuddha,"चित्र में दिखाए गए खेल से, मैच में समय का क्या महत्व है?","क) प्रभावी प्रहार करने के लिए, ख) जवाबी प्रहारों से बचने के लिए, ग) लय बनाए रखने के लिए, घ) प्रतिद्वंद्वी को समझने के लिए","क) प्रभावी प्रहार करने के लिए, ख) जवाबी प्रहारों से बचने के लिए",1,no mistake,no correction needed,no correction needed,no answer needed
musti_yuddha_11,IBQ,India_IBQ.xlsx,Musti Yuddha,"चित्र में दिखाए गए खेल से, कोण बनाने के लिए किस प्रकार की गति पर जोर दिया जाता है?","a) पिवोटिंग, b) साइडस्टेपिंग, c) सर्किलिंग, d) लंजिंग","a) पिवोटिंग, b) साइडस्टेपिंग, c) सर्किलिंग",0,"The question asks for the type of movement emphasized to create angles in the game shown in the image, but the provided correct answer includes three options (pivoting, sidestepping, and circling) instead of a single correct answer. This makes it a flawed MCQ. Also, the question is a bit vague; specifying the context within the game would be helpful.","चित्र में दिखाए गए बास्केटबॉल खेल में, कोण बनाने के लिए किस प्रकार की गति पर सबसे अधिक जोर दिया जाता है?","['a) पिवोटिंग', 'b) साइडस्टेपिंग', 'c) सर्किलिंग', 'd) लंजिंग']",a) पिवोटिंग
musti_yuddha_11,IBQ,India_IBQ.xlsx,Musti Yuddha,"चित्र में दिखाए गए खेल से, संयोजनों का अभ्यास करने का प्राथमिक उद्देश्य क्या है?","क) प्रतिद्वंद्वी पर भारी पड़ना, ख) प्रतिद्वंद्वी को भ्रमित करना, ग) मौके बनाना, घ) लय बनाना","क) प्रतिद्वंद्वी पर भारी पड़ना, ख) मौके बनाना",0,"The question asks about the *primary* objective, but provides *two* correct answers. This makes it a flawed MCQ. Also, the question is vague. It assumes the viewer knows the sport depicted in the image. The options are also somewhat ambiguous without knowing the specific sport.","चित्र में दिखाए गए खेल में, संयोजनों का अभ्यास करने का सबसे महत्वपूर्ण उद्देश्य क्या है?","['क) प्रतिद्वंद्वी पर शारीरिक दबाव बनाना', 'ख) प्रतिद्वंद्वी को चकमा देना', 'ग) आक्रमण के लिए अवसर उत्पन्न करना', 'घ) खेल की गति को नियंत्रित करना']",ग) आक्रमण के लिए अवसर उत्पन्न करना
musti_yuddha_11,IBQ,India_IBQ.xlsx,Musti Yuddha,"चित्र में दिखाए गए खेल में, हुक का मुकाबला करने के लिए आमतौर पर किस तकनीक का उपयोग किया जाता है?","a) स्लिप, b) डक, c) ब्लॉक, d) पैरी","b) बत्तख, c) ब्लॉक",0,"The correct answer has two options (b and c). A multiple-choice question should have only one correct answer. Also, 'Duck' is the transliteration of 'बत्तख', it should be consistent. The question is asking about countering a hook in a fighting sport, and both 'Duck' and 'Block' are valid defenses. However, 'Duck' is the more specific and generally preferred technique for avoiding a hook.","चित्र में दिखाए गए खेल में, हुक का मुकाबला करने के लिए आमतौर पर किस तकनीक का उपयोग किया जाता है?","a) स्लिप, b) बत्तख, c) ब्लॉक, d) पैरी",b) बत्तख
musti_yuddha_12,IBQ,India_IBQ.xlsx,Musti Yuddha,"चित्र में दिखाए गए खेल में से, धीरज बढ़ाने के लिए किस पारंपरिक ड्रिल का उपयोग किया जाता है?","a) रस्सी कूदना, b) बैग वर्क, c) पैड वर्क, d) शैडोबॉक्सिंग","a) रस्सी कूदना, d) शैडोबॉक्सिंग",1,no mistake,no correction needed,no correction needed,no answer needed
musti_yuddha_12,IBQ,India_IBQ.xlsx,Musti Yuddha,"चित्र में दिखाए गए खेल से, प्रहार की सटीकता विकसित करने के लिए प्रशिक्षण का कौन सा पहलू आवश्यक है?","a) फोकस मिट वर्क, b) बैग वर्क, c) शैडोबॉक्सिंग, d) स्पैरिंग",a) फोकस मिट कार्य,1,no mistake,no correction needed,no correction needed,no answer needed
musti_yuddha_12,IBQ,India_IBQ.xlsx,Musti Yuddha,"चित्र में दिखाए गए खेल से, इस खेल में क्रॉस-ट्रेनिंग का प्राथमिक लाभ क्या है?","क) समग्र फिटनेस में सुधार, ख) विशिष्ट कौशल में वृद्धि, ग) चोट के जोखिम को कम करना, घ) मानसिक दृढ़ता में वृद्धि","क) समग्र फिटनेस में सुधार, ख) विशिष्ट कौशल में वृद्धि, ग) चोट के जोखिम को कम करना",0,"The provided answer includes multiple options as correct (क, ख, ग). A multiple-choice question should ideally have only one correct answer. The question is also a bit vague without knowing what sport the image depicts.",चित्र में दिखाए गए खेल में क्रॉस-ट्रेनिंग का सबसे महत्वपूर्ण लाभ क्या है?,"['क) समग्र फिटनेस में सुधार', 'ख) विशिष्ट कौशल में वृद्धि', 'ग) चोट के जोखिम को कम करना', 'घ) मानसिक दृढ़ता में वृद्धि']",क) समग्र फिटनेस में सुधार
musti_yuddha_13,IBQ,India_IBQ.xlsx,Musti Yuddha,चित्र में दिखाए गए खेल में से किस प्रकार के प्रहार का प्रयोग प्रायः अंतिम प्रहार के रूप में किया जाता है?,"a) हुक, b) अपरकट, c) क्रॉस, d) जैब",ख) अपरकट,1,no mistake,no correction needed,no correction needed,no answer needed
musti_yuddha_13,IBQ,India_IBQ.xlsx,Musti Yuddha,"चित्र में दिखाए गए खेल से, निम्नलिखित में से कौन सा रक्षात्मक मुद्रा बनाए रखने में महत्वपूर्ण कारक है?","क) गार्ड की स्थिति, ख) पैर की स्थिति, ग) सिर की गति, घ) हाथ का विस्तार","a) गार्ड की स्थिति, b) पैर की स्थिति",1,no mistake,no correction needed,no correction needed,no answer needed
musti_yuddha_13,IBQ,India_IBQ.xlsx,Musti Yuddha,"चित्र में दिखाए गए खेल में से, प्रतिक्रिया समय में सुधार के लिए निम्नलिखित में से कौन सा अभ्यास सबसे प्रभावी है?","a) फोकस मिट वर्क, b) रिफ्लेक्स ड्रिल्स, c) स्पीड बैग, d) स्पैरिंग","b) रिफ्लेक्स ड्रिल्स, c) स्पीड बैग",0,"The question asks for the *most* effective practice, but provides two correct answers (b and c). An MCQ should generally have only one correct answer. The question is also vague without the image. Assuming the image shows boxing/martial arts, reflex drills and speed bag work are both effective, but speed bag work indirectly improves reflex via endurance and coordination. Reflex drills directly target reaction time.",चित्र में दिखाए गए खेल में प्रतिक्रिया समय में सुधार के लिए निम्नलिखित में से कौन सा अभ्यास सबसे *सीधे* प्रभावी है?,"a) फोकस मिट वर्क, b) रिफ्लेक्स ड्रिल्स, c) स्पीड बैग, d) स्पैरिंग",b) रिफ्लेक्स ड��रिल्स
musti_yuddha_13,IBQ,India_IBQ.xlsx,Musti Yuddha,"चित्र में दिखाए गए खेल से, प्रतिद्वंद्वी के साथ आँख से संपर्क बनाए रखने का क्या महत्व है?","क) प्रतिद्वंद्वी के इरादों को पढ़ना, ख) प्रतिद्वंद्वी को डराना, ग) ध्यान केंद्रित रखना, घ) प्रतिद्वंद्वी की गतिविधियों पर नज़र रखना","क) प्रतिद्वंद्वी के इरादों को पढ़ना, ग) ध्यान केंद्रित रखना",1,no mistake,no correction needed,no correction needed,no answer needed
musti_yuddha_14,IBQ,India_IBQ.xlsx,Musti Yuddha,"चित्र में दिखाए गए खेल में, प्रतिद्वंद्वी के जैब से बचने के लिए आमतौर पर किस तकनीक का उपयोग किया जाता है?","a) साइडस्टेप, b) पिवट, c) डक, d) पैरी","a) साइडस्टेप, b) पिवट",1,no mistake,no correction needed,no correction needed,no answer needed
musti_yuddha_14,IBQ,India_IBQ.xlsx,Musti Yuddha,"चित्र में दिखाए गए खेल से, आक्रामक विरोधियों का मुकाबला करने के लिए निम्नलिखित में से कौन सी रणनीति प्रभावी है?","a) टाइमिंग काउंटर, b) कोणों का उपयोग करना, c) क्लिंचिंग, d) फाइनटिंग","a) समय काउंटर, b) कोणों का उपयोग करना",1,no mistake,no correction needed,no correction needed,no answer needed
musti_yuddha_14,IBQ,India_IBQ.xlsx,Musti Yuddha,"चित्र में दिखाए गए खेल से, निम्नलिखित में से कौन सा पारंपरिक प्रशिक्षण में एक प्रमुख सिद्धांत है?","क) अनुशासन, ख) सम्मान, ग) विनम्रता, घ) आक्रामकता","क) अनुशासन, ख) सम्मान, ग) विनम्रता",1,no mistake,no correction needed,no correction needed,no answer needed
musti_yuddha_14,IBQ,India_IBQ.xlsx,Musti Yuddha,"चित्र में दिखाए गए खेल में, निम्नलिखित में से कौन सी तकनीक चूक गए प्रहार के बाद शीघ्रता से उबरने के लिए आवश्यक है?","क) संतुलन बनाए रखना, ख) त्वरित फुटवर्क, ग) गार्ड रिकवरी, घ) तुरंत जवाबी कार्रवाई","क) संतुलन बनाए रखना, ख) त्वरित फुटवर्क",1,no mistake,no correction needed,no correction needed,no answer needed
musti_yuddha_15,IBQ,India_IBQ.xlsx,Musti Yuddha,"चित्र में दिखाए गए खेल में से, शक्ति प्रशिक्षण के दौरान निम्नलिखित में से किस पर जोर दिया जाता है?","a) कोर स्थिरता, b) पैर की ताकत, c) कंधे की सहनशक्ति, d) कलाई का लचीलापन","a) कोर स्थिरता, b) पैर की ताकत",1,no mistake,no correction needed,no correction needed,no answer needed
musti_yuddha_15,IBQ,India_IBQ.xlsx,Musti Yuddha,"चित्र में दिखाए गए खेल से, शैडोबॉक्सिंग का मुख्य लाभ क्या है?","a) तकनीक में सुधार, b) सहनशक्ति का निर्माण, c) गति में वृद्धि, d) मानसिक एकाग्रता में वृद्धि","a) तकनीक में सुधार, c) गति में वृद्धि",1,no mistake,no correction needed,no correction needed,no answer needed
musti_yuddha_15,IBQ,India_IBQ.xlsx,Musti Yuddha,"चित्र में दिखाए गए खेल से, नॉकआउट पंच स्थापित करने के लिए निम्नलिखित में से कौन सी एक सामान्य रणनीति है?","a) फाइनटिंग, b) बॉडी शॉट्स, c) एंगलिंग आउट, d) संयोजनों का उपयोग करना","क) छल-कपट, ख) शरीर पर वार, घ) संयोजनों का प्रयोग",0,The question is asking about a strategy to establish a knockout punch in the sport shown in the image (boxing). The current options are poorly translated and don't accurately represent common boxing strategies. The 'correct answer' provided is also a list of options instead of a single answer. Option 'a' (छल-कपट) translates to 'deception' and is not a boxing strategy. Option 'b' (शरीर पर वार) translates to 'body shots' which is a viable strategy. Option 'd' (संयोजनों का प्रयोग) translates to 'using combinations' which is also a viable strategy. Option 'c' (एंगलिंग आउट) is missing from the provided 'correct answer'.,"चित्र में दिखाए गए खेल से, नॉकआउट पंच स्थापित करने के लिए निम्नलिखित में से कौन सी एक सामान्य रणनीति है?","['फुटवर्क का उपयोग करना', 'शरीर पर वार करना', 'एंगलिंग आउट', 'संयोजनों का उपयोग करना']",संयोजनों का उपयोग करना
musti_yuddha_15,IBQ,India_IBQ.xlsx,Musti Yuddha,"चित्र में दिखाए गए खेल में से, निम्नलिखित में से कौन सा हाथ की ताकत बढ़ाने का पारंपरिक तरीका है?","a) पकड़ व्यायाम, b) उंगली पुश-अप, c) कलाई कर्ल, d) स्लेजहैमर प्रशिक्षण","a) पकड़ अभ्यास, b) उंगली पुश-अप, d) स्लेजहैमर प्रशिक्षण",1,no mistake,no correction needed,no correction needed,no answer needed
musti_yuddha_16,IBQ,India_IBQ.xlsx,Musti Yuddha,"चित्र में दिखाए गए खेल के अनुसार, मैच के दौरान लय बनाए रखने के लिए निम्नलिखित में से कौन सा महत्वपूर्ण है?","क) पैरों की गति, ख) श्वास, ग) समय, घ) धैर्य","क) फुटवर्क, ख) टाइमिंग",0,"The question asks about maintaining rhythm *during* the game, but the correct answer lists two separate things: 'footwork' and 'timing'. It should be one single answer, as it is a multiple-choice question. Also, the options are not parallel in structure. 'Feet ki gati' is a process and 'shwas' is a state.","चित्र में दिखाए गए खेल के अनुसार, मैच के दौरान लय बनाए रखने के लिए निम्नलिखित में से कौन सा सबसे महत्वपूर्ण है?","['क) पैरों की गति', 'ख) श्वास नियंत्रण', 'ग) समय का सही अनुमान', 'घ) धैर्य']",ग) समय का सही अनुमान
musti_yuddha_16,IBQ,India_IBQ.xlsx,Musti Yuddha,"चित्र में दिखाए गए खेल से, रक्षात्मक अभ्यास का उद्देश्य क्या है?","क) प्रतिक्रिया समय में सुधार, ख) प्रभावी ढंग से जवाब देना सीखना, ग) आत्मविश्वास का निर्माण, घ) हमलों के प्रभाव को कम करना","क) प्रतिक्रिया समय में सुधार, ख) प्रभावी ढंग से मुकाबला करना सीखना",0,"The correct answer provided has two options combined (क) प्रतिक्रिया समय में सुधार, ख) प्रभावी ढंग से मुकाबला करना सीखना), which is not a standard format for a multiple-choice question. Also, 'प्रभावी ढंग से मुकाबला करना सीखना' sounds slightly awkward and not directly related to defensive drills in the image. The question asks for the *purpose* of a defensive drill; improving reaction time and learning to respond effectively are both purposes, but there should be one definitive answer. ","चित्र में दिखाए गए खेल में, रक्षात्मक अभ्यास करने का मुख्य उद्देश्य क्या है?","['क) प्रतिक्रिया समय में सुधार', 'ख) प्रभावी ढंग से जवाब देना सीखना', 'ग) आत्मविश्वास का निर्माण', 'घ) हमलों के प्रभाव को कम करना']",क) प्रतिक्रिया समय में सुधार
musti_yuddha_16,IBQ,India_IBQ.xlsx,Musti Yuddha,"चित्र में दिखाए गए खेल में, प्रतिद्वंद्वी की लय को बाधित करने के लिए मुख्य रूप से किस तकनीक का उपयोग किया जाता है?","a) फाइनटिंग, b) क्लिंचिंग, c) काउंटरिंग, d) लेवल बदलना","a) छल करना, d) स्तर बदलना",0,"The correct answer provided (a) छल करना, d) स्तर बदलना is incorrect. Looking at the image (boxing), disrupting an opponent's rhythm is achieved primarily by 'countering'. The provided options also have a typo 'छल करना' should be 'फइंटिंग'. The question is also phrased awkwardly.","चित्र में दिखाए गए खेल में, प्रतिद्वंद्वी की लय को बाधित करने के लिए मुख्य रूप से किस तकनीक का उपयोग किया जाता है?","['a) फइंटिंग', 'b) क्लिंचिंग', 'c) काउंटरिंग', 'd) लेवल बदलना']",c) काउंटरिंग
musti_yuddha_16,IBQ,India_IBQ.xlsx,Musti Yuddha,"चित्र में दिखाए गए खेल में से, निम्नलिखित में से कौन सा प्रभाव के लिए शरीर को तैयार करने का पारंपरिक तरीका है?","a) बैग वर्क, b) स्पैरिंग, c) मेडिसिन बॉल थ्रो, d) बॉडी कंडीशनिंग ड्रिल","c) मेडिसिन बॉल थ्रो, d) बॉडी कंडीशनिंग ड्रिल",0,The question asks for the traditional way to prepare the body for impact in the sport shown in the image. The correct answer lists two options (c and d) which is incorrect for a multiple-choice question. Also the question and options are not clear about what sport is in the image. It requires more specific information.,"चित्र में दिखाए गए खेल में, प्रभाव को झेलने के लिए शरीर को तैयार करने का पारंपरिक तरीका क्या है?","['a) पंचिंग बैग अभ्यास', 'b) स्पैरिंग', 'c) मेडिसिन बॉल थ्रो', 'd) बॉडी कंडीशनिंग ड्रिल']",a) पंचिंग बैग अभ्यास
musti_yuddha_17,IBQ,India_IBQ.xlsx,Musti Yuddha,"चित्र में दिखाए गए खेल से, प्रहार करते समय उचित पैर की स्थिति का क्या महत्व है?","क) शक्ति उत्पन्न करना, ख) संतुलन बनाए रखना, ग) कोण बनाना, घ) चोट के जोखिम को कम करना","क) शक्ति उत्पन्न करना, ख) संतुलन बनाए रखना, घ) चोट के जोखिम को कम करना",1,no mistake,no correction needed,no correction needed,no answer needed
musti_yuddha_17,IBQ,India_IBQ.xlsx,Musti Yuddha,"चित्र में दिखाए गए खेल में से, हाथ की गति सुधारने के लिए निम्नलिखित में से कौन सा अभ्यास सर्वोत्तम है?","a) स्पीड बैग, b) फोकस मिट वर्क, c) शैडोबॉक्सिंग, d) रिफ्लेक्स ड्रिल्स","a) स्पीड बैग, c) शैडोबॉक्सिंग",1,no mistake,no correction needed,no correction needed,no answer needed
musti_yuddha_17,IBQ,India_IBQ.xlsx,Musti Yuddha,"चित्र में दिखाए गए खेल के अनुसार, निम्न रुख बनाए रखने का प्राथमिक उद्देश्य क्या है?","क) संतुलन बढ़ाना, ख) गतिशीलता बढ़ाना, ग) शक्ति उत्पादन में सुधार करना, घ) प्रतिद्वंद्वी के प्रहार कोण को कम करना","क) संतुलन बढ़ाना, ग) बिजली उत्पादन में सुधार करना",1,no mistake,no correction needed,no correction needed,no answer needed
musti_yuddha_17,IBQ,India_IBQ.xlsx,Musti Yuddha,"चित्र में दिखाए गए खेल में से, सीधे मुक्के से बचने के लिए निम्नलिखित में से कौन सा खेल सबसे प्रभावी है?","a) फिसलना, b) उछलना, c) बुनाई, d) डकिंग","a) फिसलन, c) बुनाई",1,no mistake,no correction needed,no correction needed,no answer needed
musti_yuddha_18,IBQ,India_IBQ.xlsx,Musti Yuddha,"चित्र में दिखाए गए खेल से, प्रशिक्षण में विज़ुअलाइज़ेशन तकनीकों की क्या भूमिका है?","क) फोकस बढ़ाना, ख) विभिन्न परिदृश्यों के लिए तैयारी करना, ग) चिंता कम करना, घ) तकनीक में सुधार करना","क) फोकस बढ़ाना, ख) विभिन्न परिदृश्यों के लिए तैयारी करना",1,no mistake,no correction needed,no correction needed,no answer needed
musti_yuddha_18,IBQ,India_IBQ.xlsx,Musti Yuddha,"चित्र में दिखाए गए खेल से, निम्नलिखित में से कौन सा पैड वर्क का मुख्य लाभ है?","a) परिशुद्धता, b) समय, c) शक्ति, d) धीरज","क) परिशुद्धता, ख) समय निर्धारण",0,"The question asks for the main benefit of pad work in the sport shown in the image. However, the provided correct answer lists two options ('क) परिशुद्धता, ख) समय निर्धारण') instead of a single one, which is standard for multiple-choice questions. Also, the options feel incomplete and lack context related to the image. The question and options need to be more specific and reflect a single best answer.",चित्र में दिखाए गए खेल में पैड वर्क का मुख्य लाभ क्या है?,"a) शक्ति और सहनशक्ति में वृद्धि, b) प्रतिक्रिया समय और परिशुद्धता में सुधार, c) थकान कम करना, d) रणनीति विकास",b) प्रतिक्रिया समय और परिशुद्धता में सुधार
musti_yuddha_18,IBQ,India_IBQ.xlsx,Musti Yuddha,"चित्र में दिखाए गए खेल से, प्रशिक्षण में सिर की गति को शामिल करने का उद्देश्य क्या है?","क) हमलों से बचना, ख) जवाबी हमले के अवसर पैदा करना, ग) प्रतिद्वंद्वी को भ्रमित करना, घ) लय बनाए रखना","क) हमलों से बचना, ख) जवाबी हमले के अवसर पैदा करना",1,no mistake,no correction needed,no correction needed,no answer needed
musti_yuddha_18,IBQ,India_IBQ.xlsx,Musti Yuddha,"चित्र में दिखाए गए खेल में से, पैर की गति में सुधार के लिए निम्नलिखित में से किस अभ्यास का उपयोग किया जाता है?","a) सीढ़ी अभ्यास, b) शंकु अभ्यास, c) रस्सी कूद, d) प्लायोमेट्रिक्स","क) सीढ़ी अभ्यास, ग) रस्सी कूद",1,no mistake,no correction needed,no correction needed,no answer needed
musti_yuddha_19,IBQ,India_IBQ.xlsx,Musti Yuddha,"चित्र में दिखाए गए खेल से, प्रभावी जवाबी हमले करने के लिए निम्नलिखित में से कौन सा महत्वपूर्ण है?","a) समय, b) गति, c) शक्ति, d) परिशुद्धता","a) समय निर्धारण, b) परिशुद्धता",1,no mistake,no correction needed,no correction needed,no answer needed
musti_yuddha_19,IBQ,India_IBQ.xlsx,Musti Yuddha,"चित्र में दिखाए गए खेल से, शैडोबॉक्सिंग का प्राथमिक उद्देश्य क्या है?","क) संयोजनों का अभ्यास करना, ख) फुटवर्क में सुधार करना, ग) कंडीशनिंग को बढ़ाना, घ) लय विकसित करना","क) संयोजनों का अभ्यास करना, ख) लय विकसित करना",0,"The question asks for the *primary* purpose of shadowboxing, but the provided answer lists *two* correct options. A multiple-choice question should generally have only one correct answer. While both combination practice and rhythm development *are* purposes of shadowboxing, one is more central than the other. The question also doesn't specify what is visible in the image which makes it harder to evaluate its accuracy without context.","चित्र में दिखाए गए खेल में, शैडोबॉक्सिंग का मुख्य उद्देश्य क्या है?","['क) संयोजनों का अभ्यास करना', 'ख) फुटवर्क में सुधार करना', 'ग) कंडीशनिंग को बढ़ाना', 'घ) लय विकसित करना']",क) संयोजनों का अभ्यास करना
musti_yuddha_19,IBQ,India_IBQ.xlsx,Musti Yuddha,"चित्र में दिखाए गए खेल में, प्रतिद्वंद्वी का संतुलन बिगाड़ने के लिए आमतौर पर किस तकनीक का उपयोग किया जाता है?","a) लेग स्वीप, b) पुश, c) क्लिंच, d) ट्रिप","a) लेग स्वीप, d) ट्रिप",1,no mistake,no correction needed,no correction needed,no answer needed
musti_yuddha_19,IBQ,India_IBQ.xlsx,Musti Yuddha,"चित्र में दिखाए गए खेल से, मैच के दौरान हाथ की स्थिति का क्या महत्व है?","क) चेहरे की सुरक्षा करना, ख) काउंटर स्थापित करना, ग) संतुलन बनाए रखना, घ) दूरी नियंत्रित करना","क) चेहरे की सुरक्षा, ख) काउंटर स्थापित करना",0,"The question asks about the importance of hand position during a match in the sport shown in the image. The provided correct answer lists two options ('क) चेहरे की सुरक्षा करना' and 'ख) काउंटर स्थापित करना'), which is not standard for a multiple-choice question. A multiple-choice question should only have one correct answer. Also, without the image, it is impossible to assess the factual correctness of the options, but the multiple correct answers raise a concern. Additionally, the question itself is a bit ambiguous - 'hand position' can refer to many things.","चित्र में दिखाए गए खेल में, मैच के दौरान खिलाड़ी के हाथों की मुख्य भूमिका क्या है?","['क) चेहरे की सुरक्षा करना', '��) गेंद को नियंत्रित करना', 'ग) संतुलन बनाए रखना', 'घ) विपक्षी को रोकना']",ख) गेंद को नियंत्रित करना
musti_yuddha_20,IBQ,India_IBQ.xlsx,Musti Yuddha,"चित्र में दिखाए गए खेल में, शरीर को निशाना बनाने के लिए आमतौर पर किस प्रकार के प्रहार का उपयोग किया जाता है?","a) हुक, b) अपरकट, c) क्रॉस, d) जैब","a) हुक, c) क्रॉस",1,no mistake,no correction needed,no correction needed,no answer needed
musti_yuddha_20,IBQ,India_IBQ.xlsx,Musti Yuddha,"चित्र में दिखाए गए खेल के आधार पर, मैच में फाइन्ट्स की क्या भूमिका है?","क) मौके बनाना, ख) प्रतिद्वंद्वी को भ्रमित करना, ग) लय बिगाड़ना, घ) पावर शॉट लगाना","क) मौके बनाना, ख) प्रतिद्वंद्वी को भ्रमित करना",1,no mistake,no correction needed,no correction needed,no answer needed
musti_yuddha_20,IBQ,India_IBQ.xlsx,Musti Yuddha,"चित्र में दिखाए गए खेल से, स्ट्राइक के दौरान मजबूत कोर बनाए रखने का उद्देश्य क्या है?","क) शक्ति उत्पन्न करना, ख) संतुलन बनाए रखना, ग) जवाबी हमलों से सुरक्षा करना, घ) सहनशक्ति बढ़ाना","क) बिजली पैदा करना, ख) संतुलन बनाए रखना",1,no mistake,no correction needed,no correction needed,no answer needed
musti_yuddha_20,IBQ,India_IBQ.xlsx,Musti Yuddha,"चित्र में दिखाए गए खेल में से, निम्नलिखित में से कौन सा अभ्यास रक्षात्मक सजगता में सुधार के लिए आवश्यक है?","a) स्पैरिंग, b) मिट वर्क, c) रिफ्लेक्स बॉल ट्रेनिंग, d) स्पीड बैग","a) स्पैरिंग, c) रिफ्लेक्स बॉल प्रशिक्षण",1,no mistake,no correction needed,no correction needed,no answer needed
musti_yuddha_21,IBQ,India_IBQ.xlsx,Musti Yuddha,"चित्र में दिखाए गए खेल में, बॉडी स्ट्राइक के लिए अक्सर किस तकनीक का उपयोग किया जाता है?","a) जैब, b) फ़िंट, c) हुक, d) क्रॉस","b) फ़िंट, a) जैब",0,"The question is asking about a technique used for body strikes in the sport shown in the image. However, the provided correct answer lists two options (फ़िंट and जैब), which is invalid for a multiple-choice question. A multiple-choice question should have only one correct answer. Also, the provided answer is not entirely accurate; while a jab *can* be used for a body strike, a feint is a deceptive move *before* a strike, not the strike itself. Also question is incomplete, what sport it is about.","चित्र में दिखाए गए मुक्केबाजी के खेल में, बॉडी स्ट्राइक के लिए अक्सर किस तकनीक का उपयोग किया जाता है?","a) जैब, b) फ़िंट, c) हुक, d) अपरकट",c) हुक
musti_yuddha_21,IBQ,India_IBQ.xlsx,Musti Yuddha,"चित्र में दिखाए गए खेल से, प्रतिद्वंद्वी के प्रहार से बचने के लिए निम्नलिखित में से कौन सा महत्वपूर्ण है?","a) सिर की गति, b) पैरों का काम, c) रक्षा, d) प्रतिकार","क) सिर की गति, ख) पैरों का काम",1,no mistake,no correction needed,no correction needed,no answer needed
musti_yuddha_21,IBQ,India_IBQ.xlsx,Musti Yuddha,"चित्र में दिखाए गए खेल के अनुसार, वृत्ताकार फुटवर्क का उपयोग करने से क्या लाभ है?","क) कोण बनाना, ख) हमलों से बचना, ग) काउंटर सेट करना, घ) लय बनाए रखना","क) कोण बनाना, ख) हमलों से बचना",1,no mistake,no correction needed,no correction needed,no answer needed
musti_yuddha_21,IBQ,India_IBQ.xlsx,Musti Yuddha,"चित्र में दिखाए गए खेल में से, मुट्ठियाँ कसने के लिए निम्नलिखित में से कौन सी पारंपरिक विधि है?","a) बैग वर्क, b) नकल पुश-अप्स, c) सैंडबैग स्ट्राइकिंग, d) रॉक स्ट्राइकिंग","b) नकल पुश-अप्स, c) सैंडबैग स्ट्राइकिंग",0,"The question asks for a traditional method of 'clenching fists' in the depicted sport. The provided image shows boxing. While sandbag striking is used in boxing training, ' नकल पुश-अप्स' (knuckle push-ups) are not a standard boxing training method for fist clenching and are not directly related to strengthening the fist. The correct answer should focus on techniques that directly build fist strength and conditioning for striking.","चित्र में दिखाए गए खेल में, मुट्ठियों को मजबूत करने के लिए निम्नलिखित में से कौन सी पारंपरिक विधि है?","['a) बैग वर्क', 'b) रस्सी कूदना', 'c) सैंडबैग स्ट्राइकिंग', 'd) मेडिसिन बॉल थ्रो']",c) सैंडबैग स्ट्राइकिंग
musti_yuddha_22,IBQ,India_IBQ.xlsx,Musti Yuddha,"चित्र में दिखाए गए खेल से, स्ट्राइकिंग संयोजनों का अभ्यास करने का उद्देश्य क्या है?","क) प्रतिद्वंद्वी पर भारी पड़ना, ख) मौके बनाना, ग) गति बढ़ाना, घ) समय में सुधार करना","क) प्रतिद्वंद्वी पर भारी पड़ना, ख) मौके बनाना",1,no mistake,no correction needed,no correction needed,no answer needed
musti_yuddha_22,IBQ,India_IBQ.xlsx,Musti Yuddha,"चित्र में दिखाए गए खेल से, धीरज के लिए प्रशिक्षण करते समय निम्नलिखित में से किस पर मुख्य ध्यान दिया जाना चाहिए?","क) लंबे स्पैरिंग सत्र, ख) उच्च-पुनरावृत्ति अभ्यास, ग) अंतराल प्रशिक्षण, घ) निरंतर बैग वर्क","क) लंबे स्पैरिंग सत्र, ख) अंतराल प्रशिक्षण",1,no mistake,no correction needed,no correction needed,no answer needed
musti_yuddha_22,IBQ,India_IBQ.xlsx,Musti Yuddha,"चित्र में दिखाए गए खेल से, मैच के दौरान दूरी प्रबंधन का क्या महत्व है?","क) गति को नियंत्रित करना, ख) आक्रमण की तैयारी करना, ग) जवाबी हमलों से बचना, घ) संतुलन बनाए रखना","क) गति को नियंत्रित करना, ख) आक्रमण की तैयारी करना",1,no mistake,no correction needed,no correction needed,no answer needed
musti_yuddha_22,IBQ,India_IBQ.xlsx,Musti Yuddha,"चित्र में दिखाए गए खेल से, प्रतिद्वंद्वी के साथ दूरी कम करने का निम्नलिखित में से कौन सा तरीका सामान्य है?","a) अंदर की ओर कदम बढ़ाना, b) आगे की ओर झुकना, c) अंदर की ओर खिसकना, d) चक्कर लगाना","क) अंदर कदम रखना, ख) अंदर सरकना",0,"The question asks about reducing distance with an opponent in a sport shown in the image. The options are vague and don't clearly relate to a specific sport or action. Also, the correct answer lists two options ('क) अंदर कदम रखना, ख) अंदर सरकना') when a single correct answer is expected in a multiple-choice question. This makes the question ambiguous and incorrect.","चित्र में दिखाए गए कुश्ती के खेल में, प्रतिद्वंद्वी के साथ दूरी कम करने का निम्नलिखित में से कौन सा तरीका सामान्य है?","['a) आगे की ओर कदम बढ़ाना', 'b) अंदर की ओर कदम बढ़ाना', 'c) पीछे हटना', 'd) उछलना']",b) अंदर की ओर कदम बढ़ाना
musti_yuddha_23,IBQ,India_IBQ.xlsx,Musti Yuddha,"चित्र में दिखाए गए खेल में से, पैर की ताकत बढ़ाने के लिए किस पारंपरिक व्यायाम का उपयोग किया जाता है?","a) स्क्वैट्स, b) लंजेस, c) लेग प्रेस, d) काफ रेज","a) स्क्वैट्स, b) लंजेस",0,"The question asks for exercises to increase leg strength depicted in the image. The correct answer lists two options (squats and lunges) when a single best answer is expected in a multiple-choice question. Additionally, the image is missing which makes it difficult to verify the relevance of the question.",चित्र में दिखाए गए खेल में पैर की ताकत बढ़ाने के लिए निम्नलिखित में से किस व्यायाम का उपयोग किया जाता है?,"['a) स्क्वैट्स', 'b) लंजेस', 'c) लेग प्रेस', 'd) काफ रेज']",a) स्क्वैट्स
musti_yuddha_23,IBQ,India_IBQ.xlsx,Musti Yuddha,चित्र में दिखाए गए खेल में से कौन सी तकनीक प्रतिद्वंद्वी की शक्ति को बेअसर करने के लिए प्रभावी है?,"a) क्लिंचिंग, b) ब्लॉकिंग, c) पैरीइंग, d) स्लिपिंग","a) क्लिंचिंग, b) पैरीइंग",0,"The question asks for techniques to neutralize opponent's strength. While clinching and parrying can be used, the question specifies 'effective' and having two correct answers isn't typical for a single-answer MCQ. The image isn't provided, making a definitive assessment difficult, but 'blocking' is also a valid and potentially more directly effective technique than parrying. The question format isn't ideal. It should ideally have only one correct answer. Also, the answer format is incorrect, should be a single answer only.",चित्र में दिखाए गए खेल में प्रतिद्वंद्वी की शक्ति को बेअसर करने के लिए सबसे प्रभावी तकनीक कौन सी है?,"['a) क्लिंचिंग', 'b) ब्लॉकिंग', 'c) पैरीइंग', 'd) स्लिपिंग']",b) ब्लॉकिंग
musti_yuddha_23,IBQ,India_IBQ.xlsx,Musti Yuddha,"चित्र में दिखाए गए खेल से, रक्षात्मक प्रशिक्षण के दौरान निम्नलिखित में से किस पर जोर दिया जाता है?","a) ब्लॉकिंग, b) पैरीइंग, c) काउंटरिंग, d) फुटवर्क","a) ब्लॉकिंग, b) पैरीइंग",1,no mistake,no correction needed,no correction needed,no answer needed
musti_yuddha_23,IBQ,India_IBQ.xlsx,Musti Yuddha,"चित्र में दिखाए गए खेल से, रक्षात्मक युद्धाभ्यास का अभ्यास करने का उद्देश्य क्या है?","क) हमलों से बचना, ख) काउंटर स्थापित करना, ग) क्षति को कम करना, घ) ऊर्जा संरक्षण","क) हमलों से बचना, ख) काउंटर स्थापित करना",1,no mistake,no correction needed,no correction needed,no answer needed
musti_yuddha_24,IBQ,India_IBQ.xlsx,Musti Yuddha,"चित्र में दिखाए गए खेल में, प्रतिद्वंद्वी को थका देने के लिए निम्नलिखित में से कौन सी रणनीति का उपयोग किया जाता है?","क) क्लिंचिंग, ख) बॉडी शॉट्स, ग) सर्किलिंग, घ) हाई-वॉल्यूम पंचिंग","b) बॉडी शॉट्स, d) उच्च-मात्रा वाले पंचिंग",0,"The question has two correct answers (b and d). A good multiple-choice question should generally have only one correct answer. Also, 'उच्च-मात्रा वाले पंचिंग' is not a standard boxing term. It would be more accurate to use 'तेज़ पंचिंग'. The question and options lack clarity and precision.","चित्र में दिखाए गए खेल में, प्रतिद्वंद्वी को थका देने के लिए निम्नलिखित में से कौन सी रणनीति सबसे प्रभावी है?","['क) क्लिंचिंग', 'ख) बॉडी शॉट्स', 'ग) सर्किलिंग', 'घ) तेज़ पंचिंग']",ख) बॉडी शॉट्स
musti_yuddha_24,IBQ,India_IBQ.xlsx,Musti Yuddha,"चित्र में दिखाए गए खेल से, निम्नलिखित में से कौन सा पारंपरिक प्रशिक्षण का एक प्रमुख सिद्धांत है?","a) सम्मान, b) अनुशासन, c) धैर्य, d) आक्रामकता","क) सम्मान, ख) अनुशासन, ग) धैर्य",1,no mistake,no correction needed,no correction needed,no answer needed
musti_yuddha_24,IBQ,India_IBQ.xlsx,Musti Yuddha,"चित्र में दिखाए गए खेल से, प्रशिक्षण में डबल-एंड बैग का उपयोग करने का मुख्य उद्देश्य क्या है?","a) सटीकता में सुधार, b) गति में वृद्धि, c) लय का विकास, d) शक्ति का निर्माण","a) सटीकता में सुधार, b) गति में वृद्धि",0,"The question asks for the *main* purpose of using a double-end bag, but the answer provides *two* purposes. A multiple-choice question should ideally have one correct answer, or if multiple are correct, the question should reflect this (e.g., 'Which of the following are purposes...').","चित्र में दिखाए गए खेल में, प्रशिक्षण के दौरान डबल-एंड बैग का उपयोग करने का सबसे महत्वपूर्ण उद्देश्य क्या है?","['a) सटीकता में सुधार', 'b) गति में वृद्धि', 'c) लय का विकास', 'd) शक्ति का निर्माण']",a) सटीकता में सुधार
musti_yuddha_24,IBQ,India_IBQ.xlsx,Musti Yuddha,"चित्र में दिखाए गए खेल में, उच्च प्रहारों से बचाव के लिए आमतौर पर किस तकनीक का उपयोग किया जाता है?","a) हाई गार्ड, b) डकिंग, c) पैरीइंग, d) कवरिंग","a) हाई गार्ड, b) डकिंग",0,"The question asks for a technique to defend against high hits in the depicted sport, and provides two correct answers. A good MCQ should ideally have one correct answer. Also, the question is slightly ambiguous - 'उच्च प्रहारों' could be interpreted in different ways. The image is needed to fully assess if the given options are applicable to the sport shown. Assuming boxing, high guard and ducking are both valid defensive moves against high punches, but an MCQ should ideally have a single best answer.","चित्र में दिखाए गए खेल में, सिर पर आने वाले प्रहारों से बचाव के लिए सबसे आम तकनीक कौन सी है?","['a) हाई गार्ड', 'b) डकिंग', 'c) पैरीइंग', 'd) कवरिंग']",a) ���ाई गार्ड
musti_yuddha_25,IBQ,India_IBQ.xlsx,Musti Yuddha,चित्र में दिखाए गए खेल में से कौन सा प्रशिक्षण उपकरण हाथों और पैरों के बीच समन्वय सुधारने के लिए प्रभावी है?,"a) स्पीड बैग, b) फोकस मिट्स, c) एजिलिटी लैडर, d) हैवी बैग","a) स्पीड बैग, c) चपलता सीढ़ी",1,no mistake,no correction needed,no correction needed,no answer needed
musti_yuddha_25,IBQ,India_IBQ.xlsx,Musti Yuddha,"चित्र में दिखाए गए खेल से, फिसलन वाली सतह पर फुटवर्क अभ्यास करने से क्या लाभ है?","क) संतुलन में सुधार, ख) गति में वृद्धि, ग) पैर की मांसपेशियों को मजबूत करना, घ) चपलता में वृद्धि","a) संतुलन में सुधार, d) चपलता में वृद्धि",1,no mistake,no correction needed,no correction needed,no answer needed
musti_yuddha_25,IBQ,India_IBQ.xlsx,Musti Yuddha,"चित्र में दिखाए गए खेल में से, प्रभावी क्लिंचिंग के लिए कौन सी तकनीक आवश्यक है?","क) कलाई नियंत्रण, ख) सिर की स्थिति, ग) हाथ फंसाना, घ) पैर की स्थिति","क) कलाई नियंत्रण, ख) सिर की स्थिति",1,no mistake,no correction needed,no correction needed,no answer needed
musti_yuddha_25,IBQ,India_IBQ.xlsx,Musti Yuddha,"चित्र में दिखाए गए खेल में से, प्रशिक्षण का कौन सा पहलू मानसिक दृढ़ता में सुधार पर केंद्रित है?","a) विज़ुअलाइज़ेशन, b) स्पैरिंग, c) ध्यान, d) सहनशक्ति प्रशिक्षण","a) विज़ुअलाइज़ेशन, c) ध्यान",1,no mistake,no correction needed,no correction needed,no answer needed
lagori_1,IBQ,India_IBQ.xlsx,Lagori,लागोरी में आक्रमणकारी टीम का प्राथमिक उद्देश्य क्या है?,"A) पिरामिड तोड़ो, B) पिरामिड की रक्षा करो, C) झंडे पर कब्जा करो, D) सभी विरोधियों को टैग करो",A) पिरामिड तोड़ो,1,no mistake,no correction needed,no correction needed,no answer needed
lagori_1,IBQ,India_IBQ.xlsx,Lagori,लागोरी में स्टैक बनाने के लिए पारंपरिक रूप से किस सामग्री का उपयोग किया जाता है?,"A) पत्थर, B) लकड़ी, C) प्लास्टिक, D) धातु",ए) पत्थर,0,"The question asks about the traditional material for making the stack in Lagori, but the image clearly shows a stack made of plastic discs. Therefore, the question and answer are factually incorrect with respect to current practice and the provided image. Also 'पत्थर' as a traditional material is not accurate.",लागोरी में स्टैक बनाने के लिए आजकल किस सामग्री का उपयोग किया जाता है?,"A) पत्थर, B) लकड़ी, C) प्लास्टिक, D) धातु",सी) प्लास्टिक
lagori_1,IBQ,India_IBQ.xlsx,Lagori,लागोरी के मानक खेल में आमतौर पर कितने पत्थर रखे जाते हैं?,"ए) 3, बी) 5, सी) 7, डी) 9",सी) 7,1,no mistake,no correction needed,no correction needed,no answer needed
lagori_1,IBQ,India_IBQ.xlsx,Lagori,लागोरी बजाने के लिए कौन सा उपकरण आवश्यक है?,"A) बल्ला, B) गेंद, C) नेट, D) फ्रिसबी",बी) गेंद,1,no mistake,no correction needed,no correction needed,no answer needed
lagori_2,IBQ,India_IBQ.xlsx,Lagori,लागोरी में रक्षात्मक टीम की मुख्य भूमिका क्या है?,"A) पिरामिड का पुनर्निर्माण करें, B) पिरामिड को तोड़ें, C) गेंद से टकराने से बचें, D) अंक अर्जित करें",C) गेंद से टकराने से बचें,1,no mistake,no correction needed,no correction needed,no answer needed
lagori_2,IBQ,India_IBQ.xlsx,Lagori,यदि रक्षात्मक टीम के किसी खिलाड़ी को गेंद लग जाए तो क्या होगा?,"A) वे खेल से बाहर हो जाते हैं, B) वे टीम बदल लेते हैं, C) उन्हें एक अंक मिलता है, D) खेल पुनः शुरू हो जाता है",A) वे खेल से बाहर हो गए हैं,0,The question and answer relate to a game (likely gilli danda) which is not a mainstream sport where a player being 'out' for touching the ball is a standard rule. The answer provided is incorrect for most recognized sports. The question is not factually or logically correct without specifying the game.,यदि किसी खिलाड़ी ने गिल्ली डंडा खेलते समय गेंद को छू लिया तो क्या होगा?,"['A) वे खेल से बाहर हो जाते हैं', 'B) उन्हें एक अंक मिलता है', 'C) खेल जारी रहता है', 'D) उन्हें दूसरी टीम में जाना पड़ता है']",A) वे खेल से बाहर हो जाते हैं
lagori_2,IBQ,India_IBQ.xlsx,Lagori,"लागोरी में, जब सभी पत्थर गिरा दिए जाते हैं तो क्या शब्द प्रयोग किया जाता है?","ए) लागोरी, बी) फुल डाउन, सी) स्ट्राइक, डी) ओवर",ए) लागोरी,1,no mistake,no correction needed,no correction needed,no answer needed
lagori_2,IBQ,India_IBQ.xlsx,Lagori,यदि आक्रमणकारी टीम लागोरी में पत्थरों को गिराने में असफल हो जाती है तो परिणाम क्या होगा?,"A) वे एक अंक खो देते हैं, B) बारी दूसरी टीम को मिल जाती है, C) उन्हें पुनः प्रयास करना होगा, D) उन्हें पेनल्टी मिलती है",B) बारी दूसरी टीम को सौंप दी जाती है,1,no mistake,no correction needed,no correction needed,no answer needed
lagori_3,IBQ,India_IBQ.xlsx,Lagori,लागोरी में सफलता के लिए कौन सा कौशल सबसे महत्वपूर्ण है?,"A) कूदना, B) दौड़ना, C) सटीकता से फेंकना, D) पकड़ना",C) फेंकने की सटीकता,1,no mistake,no correction needed,no correction needed,no answer needed
lagori_3,IBQ,India_IBQ.xlsx,Lagori,लागोरी में कोई टीम खेल कैसे जीतती है?,"A) एक ही प्रयास में सभी पत्थरों को गिराकर, B) सभी विरोधियों को खत्म करके, C) पिरामिड का पुनर्निर्माण करके, D) सबसे अधिक अंक प्राप्त करके",C) पिरामिड का पुनर्निर्माण करके,1,no mistake,no correction needed,no correction needed,no answer needed
lagori_3,IBQ,India_IBQ.xlsx,Lagori,लागोरी के खेल में प्रत्येक टीम में आमतौर पर कितने खिलाड़ी होते हैं?,"ए) 3, बी) 5, सी) 7, डी) 9",सी) 7,1,no mistake,no correction needed,no correction needed,no answer needed
lagori_3,IBQ,India_IBQ.xlsx,Lagori,यदि रक्षात्मक टीम सफलतापूर्वक लागोरी में पिरामिड का पुनर्निर्माण कर ले तो क्या होगा?,"A) वे खेल जीत जाते हैं, B) खेल जारी रहता है, C) खेल बराबरी पर समाप्त होता है, D) वे पक्ष बदल लेते हैं",बी) खेल जारी है,1,no mistake,no correction needed,no correction needed,no answer needed
lagori_4,IBQ,India_IBQ.xlsx,Lagori,लागोरी में निम्नलिखित में से कौन सा कार्य अवैध है?,"A) गेंद को अंडरआर्म फेंकना, B) गेंद को ओवरहैंड फेंकना, C) गेंद को हाथों से रोकना, D) गेंद को किक मारना",D) गेंद को किक मारना,1,no mistake,no correction needed,no correction needed,no answer needed
lagori_4,IBQ,India_IBQ.xlsx,Lagori,पत्थरों को गिराने के बाद हमलावर टीम क्या करती है?,"A) भागना और छिपना, B) पिरामिड का पुनर्निर्माण करना, C) विरोधियों पर गेंद फेंकना, D) क्षेत्र की रक्षा करना",C) विरोधियों पर गेंद फेंकना,0,The question and answer relate to the game of 'Kabbadi'. The question asks what the attacking team does after touching stones (which represent defenders in Kabbadi). While throwing the ball at opponents is *not* a part of Kabaddi. The correct action is to try and return to their side of the court without being tackled. The options are also not relevant to Kabaddi.,पत्थरों को छूने के बाद हमलावर टीम क्या करने की कोशिश करती है?,"['A) तुरंत वापस अपनी टीम के क्षेत्र में जाना', 'B) विरोधियों को छूना और अंक अर्जित करना', 'C) छिपना और दोबारा हमला करना', 'D) क्षेत्र में ही घूमना']",A) तुरंत वापस अपनी टीम के क्षेत्र में जाना
lagori_4,IBQ,India_IBQ.xlsx,Lagori,"लागोरी में, रक्षात्मक टीम में खड़े अंतिम खिलाड़ी की भूमिका क्या है?","A) पिरामिड को गिराना, B) पिरामिड का पुनर्निर्माण करना, C) पिरामिड की रक्षा करना, D) गेंद को पकड़ना",बी) पिरामिड का पुनर्निर्माण,1,no mistake,no correction needed,no correction needed,no answer needed
lagori_4,IBQ,India_IBQ.xlsx,Lagori,लागोरी में आमतौर पर किस प्रकार की गेंद का उपयोग किया जाता है?,"A) टेनिस बॉल, B) बास्केटबॉल, C) क्रिकेट बॉल, D) फुटबॉल",A) टेनिस बॉल,1,no mistake,no correction needed,no correction needed,no answer needed
lagori_5,IBQ,India_IBQ.xlsx,Lagori,"लागोरी में, जब पत्थरों का पुनर्निर्माण हो जाता है तो हमलावर टीम क्या करती है?","A) आक्रमण जारी रखें, B) भूमिकाएँ बदलें, C) पुनः निर्मित पत्थरों की रक्षा करें, D) खेल समाप्त करें",बी) भूमिकाएँ बदलें,1,no mistake,no correction needed,no correction needed,no answer needed
lagori_5,IBQ,India_IBQ.xlsx,Lagori,दक्षिण भारत में लागोरी के लिए पारंपरिक शब्द क्या है?,"ए) सातोलिया, बी) लिंगोरचा, सी) पिट्टू, डी) चेंडा",बी) लिंगोरचा,1,no mistake,no correction needed,no correction needed,no answer needed
lagori_5,IBQ,India_IBQ.xlsx,Lagori,लागोरी में गेंद फेंकने के लिए आमतौर पर शरीर के किस हिस्से का उपयोग किया जाता है?,"A) पैर, B) हाथ, C) सिर, D) कोहनी",बी) हाथ,1,no mistake,no correction needed,no correction needed,no answer needed
lagori_5,IBQ,India_IBQ.xlsx,Lagori,यदि कोई खिलाड़ी लागोरी में गेंद पकड़ लेता है तो क्या होता है?,"A) खेल फिर से शुरू होता है, B) पकड़ने वाले को एक अंक मिलता है, C) फेंकने वाली टीम एक बारी खो देती है, D) पकड़ने वाली टीम को गेंद मिल जाती है",D) पकड़ने वाली टीम को गेंद मिलती है,1,no mistake,no correction needed,no correction needed,no answer needed
lagori_6,IBQ,India_IBQ.xlsx,Lagori,लागोरी में उस क्षेत्र के लिए क्या शब्द प्रयुक्त किया जाता है जहां पत्थरों को रखा जाता है?,"A) बेस, B) पिच, C) सेंटर, D) स्टैक ज़ोन",सी) केंद्र,1,no mistake,no correction needed,no correction needed,no answer needed
lagori_6,IBQ,India_IBQ.xlsx,Lagori,खेल के किस चरण में लागोरी टीम पिरामिड का पुनर्निर्माण करती है?,"A) खेल शुरू होने से पहले, B) खेल के दौरान, C) पत्थर गिराने के बाद, D) खेल समाप्त होने के बाद",बी) खेल के दौरान,1,no mistake,no correction needed,no correction needed,no answer needed
lagori_6,IBQ,India_IBQ.xlsx,Lagori,क्या होता है जब लागोरी में पिरामिड का पुनर्निर्माण करते समय किसी रक्षात्मक खिलाड़ी को चोट लगती है?,"A) वे पुनर्निर्माण जारी रखते हैं, B) वे बाहर हो जाते हैं, C) वे टीम बदल लेते हैं, D) वे एक अंक प्राप्त करते हैं",बी) वे बाहर हैं,1,no mistake,no correction needed,no correction needed,no answer needed
lagori_6,IBQ,India_IBQ.xlsx,Lagori,पत्थरों को गिराने के तुरंत बाद आक्रमणकारी टीम को क्या करना चाहिए?,"A) भाग जाना, B) पत्थरों को छिपाना, C) पत्थरों का पुनर्निर्माण करना, D) अपने क्षेत्र की रक्षा करना",ए) भाग जाना,1,no mistake,no correction needed,no correction needed,no answer needed
lagori_7,IBQ,India_IBQ.xlsx,Lagori,लागोरी में निम्नलिखित में से कौन सी रणनीति आम है?,"A) गेंद को ऊँचा फेंकना, B) गेंद को नीचे फेंकना, C) टीम के साथियों के बीच गेंद को पास करना, D) केंद्र को अवरुद्ध करना",C) टीम के साथियों के बीच गेंद पास करना,1,no mistake,no correction needed,no correction needed,no answer needed
lagori_7,IBQ,India_IBQ.xlsx,Lagori,लागोरी में रक्षात्मक टीम हमलावर टीम को स्कोर करने से कैसे रोक सकती है?,"A) पिरामिड को जल्दी से फिर से बनाना, B) हमलावरों पर गेंद फेंकना, C) पत्थरों को छिपाना, D) भाग जाना",A) पिरामिड का शीघ्र पुनर्निर्माण करें,1,no mistake,no correction needed,no correction needed,no answer needed
lagori_7,IBQ,India_IBQ.xlsx,Lagori,लागोरी में रक्षात्मक टीम के लिए आवश्यक मुख्य कौशल क्या है?,"A) गति, B) शक्ति, C) रणनीति, D) समन्वय",डी) समन्वय,1,no mistake,no correction needed,no correction needed,no answer needed
lagori_7,IBQ,India_IBQ.xlsx,Lagori,"लागोरी में, यदि आक्रमणकारी टीम फेंकते समय स्टैक से चूक जाती है तो क्या परिणाम होगा?","A) वे एक बारी खो देते हैं, B) वे एक अंक प्राप्त करते हैं, C) रक्षात्मक टीम को गेंद मिल जाती है, D) खेल समाप्त हो जाता है",A) वे एक बारी खो देते हैं,1,no mistake,no correction needed,no correction needed,no answer needed
lagori_8,IBQ,India_IBQ.xlsx,Lagori,लागोरी में हमलावरों का प्राथमिक उद्देश्य क्या है?,"A) पिरामिड का पुनर्निर्माण करें, B) पिरामिड को गिरा दें, C) पत्थरों की रक्षा करें, D) गेंद से टकराने से बचें",बी) पिरामिड को गिराना,1,no mistake,no correction needed,no correction needed,no answer needed
lagori_8,IBQ,India_IBQ.xlsx,Lagori,लागोरी में हमलावरों द्वारा पत्थरों को गिरा देने के बाद रक्षकों को जीतने के लिए क्या करना चाहिए?,"A) हमलावरों पर गेंद से प्रहार करें, B) पिरामिड का पुनर्निर्माण करें, C) पिरामिड को पुनः गिरा दें, D) हमलावरों से दूर भागें",बी) पिरामिड का पुनर्निर्माण,1,no mistake,no correction needed,no correction needed,no answer needed
lagori_8,IBQ,India_IBQ.xlsx,Lagori,लागोरी में सफल होने के लिए हमलावर किस रणनीति का उपयोग कर सकते हैं?,"ए) रक्षकों का ध्यान भटकाना, बी) पिरामिड का तेजी से पुनर्निर्माण करना, सी) एक दूसरे को गेंद फेंकना, डी) पिरामिड को गिराना और तेजी से उसका बचाव करना",D) पिरामिड को गिरा दें और जल्दी से उसकी रक्षा करें,1,no mistake,no correction needed,no correction needed,no answer needed
lagori_8,IBQ,India_IBQ.xlsx,Lagori,लागोरी में डिफेंडर्स आउट होने से कैसे बच सकते हैं?,"A) बाधाओं के पीछे छिपकर, B) तेजी से भागकर, C) हमलावरों द्वारा फेंकी गई गेंद को चकमा देकर, D) पिरामिड तोड़कर",C) हमलावरों द्वारा फेंकी गई गेंद को चकमा देकर,1,no mistake,no correction needed,no correction needed,no answer needed
lagori_9,IBQ,India_IBQ.xlsx,Lagori,37वें राष्ट्रीय खेल गोवा 2023 में लागोरी में किस टीम ने स्वर्ण पदक जीता?,"ए) केरल, बी) गोवा, सी) महाराष्ट्र, डी) कर्नाटक",बी) गोवा,1,no mistake,no correction needed,no correction needed,no answer needed
lagori_9,IBQ,India_IBQ.xlsx,Lagori,गोवा लागोरी टीम ने किस वर्ष राष्ट्रीय खेलों में स्वर्ण पदक जीता?,"ए) 2019, बी) 2021, सी) 2023, डी) 2025",सी) 2023,1,no mistake,no correction needed,no correction needed,no answer needed
lagori_9,IBQ,India_IBQ.xlsx,Lagori,37वें राष्ट्रीय खेल गोवा 2023 से संबंधित छवि में कौन सी उपलब्धि उजागर की गई है?,"A) क्रिकेट मैच जीतना, B) कबड्डी मैच जीतना, C) लागोरी टूर्नामेंट जीतना, D) फुटबॉल मैच जीतना",C) लागोरी टूर्नामेंट जीतना,1,no mistake,no correction needed,no correction needed,no answer needed
lagori_9,IBQ,India_IBQ.xlsx,Lagori,निम्नलिखित में से किसने 37वें राष्ट्रीय खेल गोवा 2023 में योगासन स्पर्धा में शीर्ष स्थान प्राप्त किया?,"A)शुभम देबनाथ, B)रोहित शर्मा,C)विराट कोहली,D)रमेश सिंह",A) शुभम देबनाथ,1,no mistake,no correction needed,no correction needed,no answer needed
lagori_10,IBQ,India_IBQ.xlsx,Lagori,"चित्र में दर्शाए अनुसार, 63.67 अंकों के साथ कौन सा खिलाड़ी इस स्पर्धा में शीर्ष पर रहा?","ए) अभिषेक सिंह, बी) मोहम्मद शिएक, सी) शुभम देबनाथ, डी) रोहित शर्मा",C) शुभम देबनाथ,0,"The image does not provide information about the scores of players in a competition. The question asks about scores (63.67 points) and a ranking, but the image shows a person posing with a mascot. Therefore, the question cannot be answered based on the provided image.",चित्र में दर्शाया गया खिलाड़ी कौन है?,"ए) अभिषेक सिंह, बी) मोहम्मद शिएक, सी) शुभम देबनाथ, डी) रोहित शर्मा",no answer needed
lagori_10,IBQ,India_IBQ.xlsx,Lagori,चित्र में दिखाए गए शुभम देबनाथ ने किस राष्ट्रीय खेल प्रतियोगिता में गोवा का प्रतिनिधित्व किया?,"ए) फुटबॉल, बी) कबड्डी, सी) लागोरी, डी) योगासन",D) योगासन,1,no mistake,no correction needed,no correction needed,no answer needed
lagori_10,IBQ,India_IBQ.xlsx,Lagori,चित्र में दिखाए गए शुभम देबनाथ राष्ट्रीय खेलों में भाग लेने के लिए किस राज्य से गोवा आये थे?,"A) महाराष्ट्र, B) पश्चिम बंगाल, C) हरियाणा, D) कर्नाटक",बी) पश्चिम बंगाल,1,no mistake,no correction needed,no correction needed,no answer needed
lagori_10,IBQ,India_IBQ.xlsx,Lagori,चित्र में दर्शाई गई स्पर्धा में शुभम देबनाथ ने कौन सा पदक जीता?,"A) स्वर्ण, B) रजत, C) कांस्य, D) कोई नहीं",A) सोना,0,"The question asks about a medal won in a competition, but the image only shows a person posing with a mascot. There is no indication of a competition or medal won. The given correct answer 'सोना' (Gold) is not supported by the image.",चित्र में शुभम देबनाथ क्या पहने हुए हैं?,"A) एक औपचारिक सूट, B) एक खेल पोशाक, C) एक स्कूल वर्दी, D) कोई भी नहीं",B) एक खेल पोशाक
lagori_11,IBQ,India_IBQ.xlsx,Lagori,छवि में लागोरी से संबंधित प्राथमिक गतिविधि क्या दर्शाई गई है?,"A) पत्थर जमाते खिलाड़ी, B) गेंद फेंकते खिलाड़ी, C) दौड़ते खिलाड़ी, D) पिरामिड की रक्षा करते खिलाड़ी",A) खिलाड़ी पत्थर जमा रहे हैं,0,"The question asks about 'lagori' activity, but the image shows players holding plaques/awards, not actively playing lagori. The question is therefore factually incorrect with respect to the image.",छवि में खिलाड़ी क्या कर रहे हैं?,"['A) पुरस्कार प्राप्त करते हुए', 'B) दौड़ते हुए', 'C) गेंद फेंकते हुए', 'D) पत्थर जमाते हुए']",A) पुरस्कार प्राप्त करते हुए
lagori_11,IBQ,India_IBQ.xlsx,Lagori,लागोरी खेल से संबंधित छवि में किस राज्य का प्रतिनिधित्व किया गया है?,"ए) महाराष्ट्र, बी) कर्नाटक, सी) हरियाणा, डी) तमिलनाडु",C) हरियाणा,0,"The question asks about Lagori game, but the image shows players celebrating a win at the 37th National Games, specifically a team from Haryana. The image context indicates the players are from Haryana, and the event is the National Games. The question should be about the state represented in the image during the National Games, not specifically about the Lagori game.",छवि में 37वें राष्ट्रीय खेल में किस राज्य का प्रतिनिधित्व किया गया है?,"ए) महाराष्ट्र, बी) कर्नाटक, सी) हरियाणा, डी) तमिलनाडु",सी) हरियाणा
lagori_11,IBQ,India_IBQ.xlsx,Lagori,लागोरी खेल के दौरान चित्र में दिखाई गई टीम का संभावित उद्देश्य क्या है?,"A) पिरामिड को तोड़ना, B) पिरामिड का पुनर्निर्माण करना, C) पिरामिड की रक्षा करना, D) गेंद को पकड़ना",बी) पिरामिड का पुनर्निर्माण करना,0,"The question refers to 'lagori' but the image depicts a team participating in a different sport (kabaddi). The answer assumes they are rebuilding a pyramid, which doesn't align with either kabaddi or lagori. The question and answer are factually incorrect given the context of the image.",चित्र में दिखाई गई टीम किस खेल में भाग ले रही है?,"['A) कबड्डी', 'B) खो-खो', 'C) लगोरी', 'D) फुटबॉल']",A) कबड्डी
lagori_11,IBQ,India_IBQ.xlsx,Lagori,चित्र में दर्शाया गया लागोरी खेल संभवतः किस प्रकार की घटना का हिस्सा है?,"ए) स्थानीय टूर्नामेंट, बी) राष्ट्रीय चैम्पियनशिप, सी) मैत्रीपूर्ण मैच, डी) प्रशिक्षण सत्र",बी) राष्ट्रीय चैम्पियनशिप,1,no mistake,no correction needed,no correction needed,no answer needed
lagori_12,IBQ,India_IBQ.xlsx,Lagori,लागोरी से संबंधित चित्र में कौन सी घटना दर्शाई गई है?,"A) स्कूल खेल दिवस, B) स्थानीय उत्सव, C) राष्ट्रीय चैम्पियनशिप, D) अभ्यास सत्र",सी) राष्ट्रीय चैम्पियनशिप,0,"The correct answer should be a local festival or a school sports day, not a national championship. The image depicts a local Lagori match with spectators, indicating a smaller-scale event. National championships usually have a more formal setup and larger crowds.",चित्र में दिखाई देने वाली लागोरी से संबंधित घटना क्या है?,"['A) स्कूल खेल दिवस', 'B) स्थानीय उत्सव', 'C) अभ्यास सत्र', 'D) सामुदायिक खेल कार्यक्रम']",B) स्थानीय उत्सव
lagori_12,IBQ,India_IBQ.xlsx,Lagori,लागोरी खेल के दौरान चित्र में खिलाड़ियों की मुख्य गतिविधि क्या है?,"A) गेंद फेंकना, B) पत्थरों को ढेर करना, C) भागना, D) पिरामिड का पुनर्निर्माण करना",B) पत्थरों को ढेर करना,1,no mistake,no correction needed,no correction needed,no answer needed
lagori_12,IBQ,India_IBQ.xlsx,Lagori,चित्र में टीम द्वारा पहनी गई जर्सी का रंग क्या है?,"A) लाल, B) नीला, C) हरा, D) पीला",ए) लाल,0,"The question asks for the color of the jersey, but the players are wearing yellow jerseys. The provided correct answer 'A) लाल' (red) is incorrect.",चित्र में टीम द्वारा पहनी गई जर्सी का रंग क्या है?,"A) पीला, B) नीला, C) हरा, D) लाल",ए) पीला
lagori_12,IBQ,India_IBQ.xlsx,Lagori,"जैसा कि चित्र में दिखाया गया है, लागोरी खेल में खिलाड़ियों का मुख्य उद्देश्य क्या है?","A) गेंद से पिरामिड को मारना, B) पिरामिड की रक्षा करना, C) पत्थरों को फिर से जोड़ना, D) गेंद को पकड़ना",C) पत्थरों का पुनर्निर्माण करना,1,no mistake,no correction needed,no correction needed,no answer needed
lagori_13,IBQ,India_IBQ.xlsx,Lagori,महाराष्ट्र राज्य में लागोरी को सामान्यतः किस नाम से जाना जाता है?,"ए) सतोलिया, बी) डब्बा काली, सी) पिट्टू, डी) लिंगोरचा",D) लिंगोरचा,1,no mistake,no correction needed,no correction needed,no answer needed
lagori_13,IBQ,India_IBQ.xlsx,Lagori,"उत्तर भारत में, विशेषकर पंजाब और हरियाणा जैसे क्षेत्रों में, लागोरी को क्या कहा जाता है?","ए) सतोलिया, बी) लिंगोरचा, सी) पिट्टू, डी) डब्बा काली",C) पिट्टू,1,no mistake,no correction needed,no correction needed,no answer needed
lagori_13,IBQ,India_IBQ.xlsx,Lagori,कर्नाटक राज्य में लागोरी को क्या नाम दिया गया है?,"ए) पिट्टू, बी) लिंगोरचा, सी) डब्बा काली, डी) किट्टी पुल",C) डब्बा काली,1,no mistake,no correction needed,no correction needed,no answer needed
lagori_13,IBQ,India_IBQ.xlsx,Lagori,निम्नलिखित में से कौन सा तमिलनाडु में लागोरी का दूसरा नाम है?,"ए) सेवन स्टोन्स, बी) सातोलिया, सी) डब्बा काली, डी) लिंगोरचा",A) सात पत्थर,1,no mistake,no correction needed,no correction needed,no answer needed
lagori_14,IBQ,India_IBQ.xlsx,Lagori,गुजरात राज्य में लागोरी को किस नाम से जाना जाता है?,"ए) पिट्टू, बी) सातोलिया, सी) डब्बा काली, डी) लिंगोरचा",बी) सतोलिया,1,no mistake,no correction needed,no correction needed,no answer needed
lagori_14,IBQ,India_IBQ.xlsx,Lagori,आंध्र प्रदेश और तेलंगाना में लागोरी को क्या कहा जाता है?,"ए) पिट्टू, बी) येदु पेंकुलु, सी) डब्बा काली, डी) लिंगोरचा",B) येदु पेनकुलु,1,no mistake,no correction needed,no correction needed,no answer needed
lagori_14,IBQ,India_IBQ.xlsx,Lagori,पाकिस्तान में लागोरी का क्या नाम है?,"ए) सतोलिया, बी) पिट्टू गरम, सी) लिंगोरचा, डी) डब्बा काली",बी) पिट्टू गरम,1,no mistake,no correction needed,no correction needed,no answer needed
lagori_14,IBQ,India_IBQ.xlsx,Lagori,बांग्लादेश में लागोरी के लिए कौन सा नाम प्रयोग किया जाता है?,"ए) सातोलिया, बी) पिट्टू, सी) सेवन स्टोन्स, डी) लिंगोरचा",बी) पिट्टू,1,no mistake,no correction needed,no correction needed,no answer needed
lagori_15,IBQ,India_IBQ.xlsx,Lagori,भारतीय राज्य पश्चिम बंगाल में लागोरी को क्या कहा जाता है?,"ए) सतोलिया, बी) पिट्टू, सी) लट्टू, डी) लिंगोरचा",C) लट्टू,1,no mistake,no correction needed,no correction needed,no answer needed
lagori_15,IBQ,India_IBQ.xlsx,Lagori,ओडिशा राज्य में लागोरी खेल को क्या नाम दिया गया है?,"ए) पिट्टू, बी) सतोलिया, सी) डब्बा काली, डी) गोली",D) गोली,1,no mistake,no correction needed,no correction needed,no answer needed
lagori_15,IBQ,India_IBQ.xlsx,Lagori,केरल राज्य में लागोरी को किस नाम से जाना जाता है?,"ए) डब्बा काली, बी) सातोलिया, सी) लिंगोरचा, डी) पिट्टू",A) डब्बा काली,1,no mistake,no correction needed,no correction needed,no answer needed
lagori_15,IBQ,India_IBQ.xlsx,Lagori,फिलीपींस में लागोरी को किस नाम से जाना जाता है?,"ए) लुक्सोंग टिनिक, बी) तुम्बांग प्रेसो, सी) पैटिनटेरो, डी) पिट्टू गरम",B) तुम्बांग प्रेसो,1,no mistake,no correction needed,no correction needed,no answer needed
lagori_16,IBQ,India_IBQ.xlsx,Lagori,महाराष्ट्र राज्य में लागोरी को पारंपरिक रूप से किस नाम से जाना जाता है?,"ए) सतोलिया, बी) लिंगोरचा, सी) पिट्टू, डी) डब्बा काली",बी) लिंगोरचा,1,no mistake,no correction needed,no correction needed,no answer needed
lagori_16,IBQ,India_IBQ.xlsx,Lagori,किस राज्य में लागोरी को सामान्यतः 'पिट्टू' कहा जाता है?,"ए) पंजाब, बी) गुजरात, सी) कर्नाटक, डी) तमिलनाडु",A) पंजाब,1,no mistake,no correction needed,no correction needed,no answer needed
lagori_16,IBQ,India_IBQ.xlsx,Lagori,लागोरी में स्टैक बनाने के लिए किस पारंपरिक सामग्री का उपयोग किया जाता है?,"A) पत्थर, B) लकड़ी, C) प्लास्टिक, D) धातु",ए) पत्थर,1,no mistake,no correction needed,no correction needed,no answer needed
lagori_18,IBQ,India_IBQ.xlsx,Lagori,जब लागोरी में सभी पत्थर गिरा दिए जाते हैं तो क्या शब्द प्रयोग किया जाता है?,"ए) लागोरी, बी) फुल डाउन, सी) स्ट्राइक, डी) ओवर",ए) लागोरी,1,no mistake,no correction needed,no correction needed,no answer needed
lagori_18,IBQ,India_IBQ.xlsx,Lagori,यदि आक्रमणकारी टीम लागोरी में पत्थरों को गिराने में असफल हो जाए तो क्या होगा?,"A) वे एक अंक खो देते हैं, B) बारी दूसरी टीम को मिल जाती है, C) उन्हें पुनः प्रयास करना होगा, D) उन्हें पेनल्टी मिलती है",B) बारी दूसरी टीम को सौंप दी जाती है,1,no mistake,no correction needed,no correction needed,no answer needed
lagori_19,IBQ,India_IBQ.xlsx,Lagori,लागोरी में कौन सी कार्रवाई अवैध है?,"A) गेंद को अंडरआर्म फेंकना, B) गेंद को ओवरहैंड फेंकना, C) गेंद को हाथों से रोकना, D) गेंद को किक मारना",D) गेंद को किक मारना,1,no mistake,no correction needed,no correction needed,no answer needed
lagori_19,IBQ,India_IBQ.xlsx,Lagori,लागोरी में पत्थरों को गिराने के बाद हमलावर टीम क्या करती है?,"A) भागना और छिपना, B) पिरामिड का पुनर्निर्माण करना, C) विरोधियों पर गेंद फेंकना, D) क्षेत्र की रक्षा करना",C) विरोधियों पर गेंद फेंकना,1,no mistake,no correction needed,no correction needed,no answer needed
lagori_20,IBQ,India_IBQ.xlsx,Lagori,लागोरी के दौरान रक्षात्मक टीम में खड़े अंतिम खिलाड़ी की भूमिका क्या है?,"A) पिरामिड को गिराना, B) पिरामिड का पुनर्निर्माण करना, C) पिरामिड की रक्षा करना, D) गेंद को पकड़ना",बी) पिरामिड का पुनर्निर्माण,1,no mistake,no correction needed,no correction needed,no answer needed
lagori_20,IBQ,India_IBQ.xlsx,Lagori,लागोरी में रक्षात्मक टीम को चोट से बचने के लिए कौन सा कौशल महत्वपूर्ण है?,"A) गति, B) शक्ति, C) रणनीति, D) समन्वय",डी) समन्वय,1,no mistake,no correction needed,no correction needed,no answer needed
lagori_21,IBQ,India_IBQ.xlsx,Lagori,लागोरी में उस क्षेत्र के लिए क्या शब्द प्रयुक्त होता है जहां पत्थरों को रखा जाता है?,"A) बेस, B) पिच, C) सेंटर, D) स्टैक ज़ोन",सी) केंद्र,1,no mistake,no correction needed,no correction needed,no answer needed
lagori_21,IBQ,India_IBQ.xlsx,Lagori,तमिलनाडु में लागोरी को किस नाम से भी जाना जाता है?,"ए) सेवन स्टोन्स, बी) सातोलिया, सी) डब्बा काली, डी) लिंगोरचा",A) सात पत्थर,1,no mistake,no correction needed,no correction needed,no answer needed
lagori_21,IBQ,India_IBQ.xlsx,Lagori,आंध्र प्रदेश और तेलंगाना में लागोरी को क्या नाम दिया गया है?,"ए) पिट्टू, बी) येदु पेंकुलु, सी) डब्बा काली, डी) लिंगोरचा",B) येदु पेनकुलु,1,no mistake,no correction needed,no correction needed,no answer needed
lagori_21,IBQ,India_IBQ.xlsx,Lagori,गुजरात में लागोरी को क्या कहा जाता है?,"ए) पिट्टू, बी) सातोलिया, सी) डब्बा काली, डी) लिंगोरचा",बी) सतोलिया,1,no mistake,no correction needed,no correction needed,no answer needed
lagori_22,IBQ,India_IBQ.xlsx,Lagori,भारतीय राज्य पश्चिम बंगाल में लागोरी को क्या नाम दिया गया है?,"ए) सतोलिया, बी) पिट्टू, सी) लट्टू, डी) लिंगोरचा",C) लट्टू,1,no mistake,no correction needed,no correction needed,no answer needed
lagori_22,IBQ,India_IBQ.xlsx,Lagori,कर्नाटक राज्य में लागोरी के लिए कौन सा नाम प्रयोग किया जाता है?,"ए) पिट्टू, बी) लिंगोरचा, सी) डब्बा काली, डी) किट्टी पुल",C) डब्बा काली,1,no mistake,no correction needed,no correction needed,no answer needed
lagori_22,IBQ,India_IBQ.xlsx,Lagori,लागोरी को किस क्षेत्र में 'पिट्टू गरम' के नाम से जाना जाता है?,"A) भारत, B) पाकिस्तान, C) नेपाल, D) बांग्लादेश",बी) पाकिस्तान,1,no mistake,no correction needed,no correction needed,no answer needed
lagori_22,IBQ,India_IBQ.xlsx,Lagori,उत्तर भारत में लागोरी के लिए पारंपरिक शब्द क्या है?,"ए) पिट्टू, बी) लिंगोरचा, सी) सातोलिया, डी) सेवन स्टोन्स",A) पिट्टू,1,no mistake,no correction needed,no correction needed,no answer needed
lagori_23,IBQ,India_IBQ.xlsx,Lagori,श्रीलंका में लागोरी को सामान्यतः किस नाम से जाना जाता है?,"ए) सातोलिया, बी) लिंगोरचा, सी) सेवन टाइल्स, डी) पिट्टू",C) सात टाइलें,0,"The question asks about the name of Lagori in Sri Lanka. However, Lagori (also known as Seven Stones) is primarily an Indian game. The correct answer should refer to its name in India, not Sri Lanka. Additionally, the given correct answer 'सात टाइलें' (saat tiles) translates to 'seven tiles' which is close to the game's common name, but 'सातोलिया' (satolia) is the more widely recognized name in many parts of India.",भारत में लागोरी को सामान्यतः किस नाम से जाना जाता है?,"ए) सातोलिया, बी) लिंगोरचा, सी) सेवन टाइल्स, डी) पिट्टू",ए) सातोलिया
lagori_23,IBQ,India_IBQ.xlsx,Lagori,लागोरी में रक्षात्मक टीम का मुख्य उद्देश्य क्या है?,"A) पिरामिड का पुनर्निर्माण करें, B) पिरामिड को तोड़ें, C) टकराने से बचें, D) अंक अर्जित करें",A) पिरामिड का पुनर्निर्माण,1,no mistake,no correction needed,no correction needed,no answer needed
lagori_23,IBQ,India_IBQ.xlsx,Lagori,कौन सा देश लागोरी को 'सात पत्थर' कहता है?,"ए) भारत, बी) पाकिस्तान, सी) नेपाल, डी) श्रीलंका",D) श्रीलंका,1,no mistake,no correction needed,no correction needed,no answer needed
lagori_24,IBQ,India_IBQ.xlsx,Lagori,लागोरी को किस राज्य में 'सतोलिया' के नाम से जाना जाता है?,"ए) गुजरात, बी) तमिलनाडु, सी) महाराष्ट्र, डी) कर्नाटक",C) महाराष्ट्र,1,no mistake,no correction needed,no correction needed,no answer needed
lagori_24,IBQ,India_IBQ.xlsx,Lagori,कौन सा राज्य लागोरी को 'लट्टू' कहता है?,"A) पश्चिम बंगाल, B) पंजाब, C) हरियाणा, D) हिमाचल प्रदेश",ए) पश्चिम बंगाल,1,no mistake,no correction needed,no correction needed,no answer needed
lagori_24,IBQ,India_IBQ.xlsx,Lagori,लागोरी में आक्रमणकारी टीम अंक कैसे अर्जित करती है?,"A) विरोधियों पर प्रहार करके, B) पिरामिड का पुनर्निर्माण करके, C) प्रहार से बचकर, D) पिरामिड को तोड़कर",D) पिरामिड को तोड़कर,1,no mistake,no correction needed,no correction needed,no answer needed
lagori_24,IBQ,India_IBQ.xlsx,Lagori,तमिलनाडु और कर्नाटक में लागोरी का सामान्य नाम क्या है?,"ए) सेवन स्टोन्स, बी) डब्बा काली, सी) सातोलिया, डी) लिंगोरचा",बी) डब्बा काली,1,no mistake,no correction needed,no correction needed,no answer needed
lagori_25,IBQ,India_IBQ.xlsx,Lagori,किस राज्य में लागोरी को 'लिंगोरचा' कहा जाता है?,"A) गुजरात, B) कर्नाटक, C) आंध्र प्रदेश, D) तेलंगाना",बी) कर्नाटक,1,no mistake,no correction needed,no correction needed,no answer needed
lagori_25,IBQ,India_IBQ.xlsx,Lagori,लागोरी में पिरामिड को गिराने के लिए हमलावर टीम क्या प्रयोग करती है?,"A) एक बल्ला, B) एक गेंद, C) एक छड़ी, D) एक डिस्क",बी) एक गेंद,1,no mistake,no correction needed,no correction needed,no answer needed
lagori_25,IBQ,India_IBQ.xlsx,Lagori,क्या होता है जब आक्रमणकारी टीम लागोरी में पिरामिड तोड़ने में असफल हो जाती है?,"A) वे अपनी बारी खो देते हैं, B) खेल समाप्त हो जाता है, C) बचाव करने वाली टीम को एक अंक मिलता है, D) आक्रमण करने वाली टीम को एक और प्रयास करने का मौका मिलता है",A) वे अपनी बारी खो देते हैं,1,no mistake,no correction needed,no correction needed,no answer needed
lagori_25,IBQ,India_IBQ.xlsx,Lagori,लागोरी में रक्षात्मक टीम के लिए मुख्य नियम क्या है?,"A) बिना टकराए पिरामिड का पुनर्निर्माण करना, B) पिरामिड को गिराना, C) गेंद से टकराने से बचना, D) दौड़कर अंक अर्जित करना",A) बिना किसी नुकसान के पिरामिड का पुनर्निर्माण करना,1,no mistake,no correction needed,no correction needed,no answer needed
lagori_26,IBQ,India_IBQ.xlsx,Lagori,"चित्र में दिखाए गए खेल के लिए, एक मानक मैच में कितने प्रतिभागी होते हैं?","ए) 1, बी) 2, सी) 3, डी) 4",बी) 2,1,no mistake,no correction needed,no correction needed,no answer needed
lagori_26,IBQ,India_IBQ.xlsx,Lagori,चित्र में दिखाए गए खेल में मुख्य हथियार क्या है?,"A) तलवार, B) भाला, C) धनुष, D) खंजर",ए) तलवार,1,no mistake,no correction needed,no correction needed,no answer needed
lagori_26,IBQ,India_IBQ.xlsx,Lagori,"चित्र में दिखाए गए खेल के लिए, एक मानक मैच कितने समय तक चलता है?","A) 3 मिनट, B) 5 मिनट, C) 10 मिनट, D) 15 मिनट",बी) 5 मिनट,1,no mistake,no correction needed,no correction needed,no answer needed
lagori_26,IBQ,India_IBQ.xlsx,Lagori,चित्र में दिखाए गए खेल में मुख्य रूप से शरीर के किस भाग को लक्ष्य बनाया जाता है?,"A) पैर, B) भुजाएँ, C) सिर, D) धड़",डी) धड़,1,no mistake,no correction needed,no correction needed,no answer needed
lagori_27,IBQ,India_IBQ.xlsx,Lagori,चित्र में दिखाए गए खेल के लिए कौन सा सुरक्षात्मक गियर आवश्यक है?,"A) हेलमेट, B) आर्म गार्ड, C) चेस्ट गार्ड, D) उपरोक्त सभी",D। उपरोक्त सभी,1,no mistake,no correction needed,no correction needed,no answer needed
lagori_27,IBQ,India_IBQ.xlsx,Lagori,चित्र में दिखाए गए खेल में प्राथमिक रुख को क्या कहा जाता है?,"A) तटस्थ रुख, B) आक्रामक रुख, C) रक्षात्मक रुख, D) आक्रामक रुख",C) रक्षात्मक रुख,1,no mistake,no correction needed,no correction needed,no answer needed
lagori_27,IBQ,India_IBQ.xlsx,Lagori,"चित्र में दिखाए गए खेल के लिए, यह मार्शल आर्ट पारंपरिक रूप से किस क्षेत्र से है?","ए) मणिपुर, बी) असम, सी) केरल, डी) पंजाब",ए) मणिपुर,1,no mistake,no correction needed,no correction needed,no answer needed
lagori_27,IBQ,India_IBQ.xlsx,Lagori,चित्र में दिखाए गए खेल के लिए निम्नलिखित में से कौन सा पारंपरिक हथियार इस्तेमाल नहीं किया जाता है?,"A) भाला, B) ढाल, C) धनुष और बाण, D) नुनचाकू",D) नुनचाकू,1,no mistake,no correction needed,no correction needed,no answer needed
lagori_28,IBQ,India_IBQ.xlsx,Lagori,चित्र में दर्शाए गए खेल में प्रतिस्पर्धा करने के लिए न्यूनतम आयु क्या है?,"A) 12 वर्ष, B) 14 वर्ष, C) 16 वर्ष, D) 18 वर्ष",सी) 16 वर्ष,1,no mistake,no correction needed,no correction needed,no answer needed
lagori_28,IBQ,India_IBQ.xlsx,Lagori,"चित्र में दिखाए गए खेल में, निम्नलिखित में से कौन सी सफलता के लिए प्रमुख विशेषता है?","A) गति, B) शक्ति, C) लचीलापन, D) उपरोक्त सभी",D। उपरोक्त सभी,1,no mistake,no correction needed,no correction needed,no answer needed
lagori_28,IBQ,India_IBQ.xlsx,Lagori,चित्र में दिखाए गए खेल के लिए स्कोरिंग पद्धति क्या है?,"ए) अंक प्रणाली, बी) नॉकआउट, सी) सबमिशन, डी) समय-आधारित",ए) अंक प्रणाली,1,no mistake,no correction needed,no correction needed,no answer needed
lagori_28,IBQ,India_IBQ.xlsx,Lagori,चित्र में दिखाया गया खेल आमतौर पर किस मौसम में खेला जाता है?,"A) शीत ऋतु, B) ग्रीष्म ऋतु, C) मानसून, D) सभी ऋतुएँ",D) सभी मौसम,1,no mistake,no correction needed,no correction needed,no answer needed
lagori_29,IBQ,India_IBQ.xlsx,Lagori,चित्र में दिखाए गए खेल का प्राथमिक लक्ष्य क्या है?,"A) क्षेत्र की रक्षा करें, B) प्रतिद्वंद्वी को गिरा दें, C) लक्ष्य पर प्रहार करें, D) हमलों को रोकें",बी) प्रतिद्वंद्वी को गिराना,1,no mistake,no correction needed,no correction needed,no answer needed
lagori_29,IBQ,India_IBQ.xlsx,Lagori,चित्र में दिखाए गए खेल में शारीरिक फिटनेस का कौन सा पहलू सबसे महत्वपूर्ण है?,"A) धीरज, B) चपलता, C) शक्ति, D) संतुलन",बी) चपलता,1,no mistake,no correction needed,no correction needed,no answer needed
lagori_29,IBQ,India_IBQ.xlsx,Lagori,चित्र में दिखाए गए खेल के लिए पारंपरिक पोशाक को क्या कहा जाता है?,"ए) डोबोक, बी) जीआई, सी) फैनेक, डी) लुंगिस",C) फानेक,1,no mistake,no correction needed,no correction needed,no answer needed
lagori_29,IBQ,India_IBQ.xlsx,Lagori,चित्र में दिखाए गए खेल के लिए विजेता का निर्धारण कैसे किया जाता है?,"A) सबसे पहले 10 अंक प्राप्त करने वाला, B) नॉकआउट, C) जजों का निर्णय, D) प्रतिद्वंद्वी का हटना",C) न्यायाधीशों का निर्णय,1,no mistake,no correction needed,no correction needed,no answer needed
lagori_30,IBQ,India_IBQ.xlsx,Lagori,चित्र में दिखाए गए खेल में बचाव के लिए निम्नलिखित में से किसका उपयोग किया जाता है?,"A) तलवार, B) भाला, C) ढाल, D) कोई नहीं",सी) ढाल,1,no mistake,no correction needed,no correction needed,no answer needed
lagori_30,IBQ,India_IBQ.xlsx,Lagori,"चित्र में दिखाए गए खेल के लिए, रक्षा हेतु कौन सा कौशल महत्वपूर्ण है?","A) समय, B) शक्ति, C) धीरज, D) शक्ति",ए) समय,1,no mistake,no correction needed,no correction needed,no answer needed
lagori_30,IBQ,India_IBQ.xlsx,Lagori,चित्र में दिखाए गए खेल में निम्नलिखित में से कौन सी चाल निषिद्ध है?,"A) सिर पर प्रहार करना, B) तलवार पकड़ना, C) लात मारना, D) उपरोक्त सभी",बी) तलवार पकड़ना,1,no mistake,no correction needed,no correction needed,no answer needed
lagori_30,IBQ,India_IBQ.xlsx,Lagori,"चित्र में दिखाए गए खेल के लिए, एक मानक मैच में कितने राउंड होते हैं?","A) 1 राउंड, B) 2 राउंड, C) 3 राउंड, D) 5 राउंड",सी) 3 राउंड,1,no mistake,no correction needed,no correction needed,no answer needed
lagori_31,IBQ,India_IBQ.xlsx,Lagori,चित्र में दिखाए गए खेल में सफल आक्रमण के लिए क्या शब्द है?,"A) स्ट्राइक, B) हिट, C) पॉइंट, D) स्लैश",सी) बिंदु,1,no mistake,no correction needed,no correction needed,no answer needed
lagori_31,IBQ,India_IBQ.xlsx,Lagori,चित्र में दिखाए गए खेल के लिए प्रत्येक खिलाड़ी का प्राथमिक उद्देश्य क्या है?,"A) राउंड में जीवित रहना, B) सबसे अधिक अंक प्राप्त करना, C) अखाड़े की रक्षा करना, D) बिना चोट पहुंचाए हमला करना",B) सबसे अधिक अंक प्राप्त करें,1,no mistake,no correction needed,no correction needed,no answer needed
lagori_31,IBQ,India_IBQ.xlsx,Lagori,"चित्र में दिखाए गए खेल में, निम्नलिखित में से कौन सी रणनीति मान्य है?","A) बार-बार पीछे हटना, B) आक्रामक हमले, C) रक्षात्मक अवरोधन, D) B और C दोनों",D) B और C दोनों,1,no mistake,no correction needed,no correction needed,no answer needed
lagori_31,IBQ,India_IBQ.xlsx,Lagori,"चित्र में दिखाए गए खेल के लिए, मैच आमतौर पर किस प्रकार की सतह पर खेला जाता है?","A) घास, B) रेत, C) लकड़ी का फर्श, D) गंदगी",C) लकड़ी का फर्श,1,no mistake,no correction needed,no correction needed,no answer needed
lagori_32,IBQ,India_IBQ.xlsx,Lagori,चित्र में दिखाए गए खेल में रेफरी की भूमिका क्या है?,"A) स्कोरकीपर, B) टाइमकीपर, C) नियम लागू करना, D) उपरोक्त सभी",D। उपरोक्त सभी,1,no mistake,no correction needed,no correction needed,no answer needed
lagori_32,IBQ,India_IBQ.xlsx,Lagori,चित्र में दिखाए गए खेल में फुटवर्क का क्या महत्व है?,"A) संतुलन बनाए रखें, B) चपलता बढ़ाएँ, C) हमलों से बचें, D) उपरोक्त सभी",D। उपरोक्त सभी,1,no mistake,no correction needed,no correction needed,no answer needed
lagori_32,IBQ,India_IBQ.xlsx,Lagori,"चित्र में दिखाए गए खेल के लिए, यदि कोई खिलाड़ी नियमों का उल्लंघन करता है तो क्या होगा?","A) चेतावनी, B) अयोग्यता, C) अंक कटौती, D) उपरोक्त में से कोई भी",D) उपरोक्त में से कोई भी,1,no mistake,no correction needed,no correction needed,no answer needed
lagori_32,IBQ,India_IBQ.xlsx,Lagori,"चित्र में दिखाए गए खेल में, बराबरी वाले मैच का समाधान कैसे किया जाता है?","A) अतिरिक्त समय, B) अचानक मौत, C) रेफरी का निर्णय, D) सिक्का उछालना",बी) अचानक मृत्यु,1,no mistake,no correction needed,no correction needed,no answer needed
lagori_33,IBQ,India_IBQ.xlsx,Lagori,चित्र में दिखाए गए खेल में यदि किसी खिलाड़ी का हथियार टूट जाए तो क्या होगा?,"A) तत्काल हार, B) रेफरी मैच रोक देता है, C) प्रतिद्वंद्वी जीत जाता है, D) अयोग्यता",B) रेफरी मैच रोक देता है,1,no mistake,no correction needed,no correction needed,no answer needed
lagori_33,IBQ,India_IBQ.xlsx,Lagori,चित्र में दिखाए गए खेल के लिए ढाल का उद्देश्य क्या है?,"A) प्रतिद्वंद्वी पर हमला करना, B) हमलों को रोकना, C) प्रतिद्वंद्वी को ताना मारना, D) सिर की रक्षा करना",बी) हमलों को विक्षेपित करना,1,no mistake,no correction needed,no correction needed,no answer needed
lagori_33,IBQ,India_IBQ.xlsx,Lagori,"चित्र में दिखाए गए खेल के लिए, निम्नलिखित में से किससे अंक प्राप्त हो सकता है?","A) प्रतिद्वंद्वी के धड़ पर प्रहार करना, B) पैरों पर प्रहार करना, C) सिर पर प्रहार करना, D) उपरोक्त सभी",D। उपरोक्त सभी,0,"The question asks about scoring in a sport depicted in an image, but the image is missing. Without the image, it is impossible to verify the factual correctness of the question or the answer. The options also imply a combat sport, but without context, it is difficult to confirm if all options are valid scoring methods. Assuming the image depicts a combat sport like boxing or martial arts, hitting the head (C) is often illegal and does *not* result in points; it results in penalties. Therefore, 'D' is factually incorrect without knowing the specifics of the sport.","चित्र में दिखाए गए खेल के लिए, निम्नलिखित में से किस क्रिया से अंक प्राप्त हो सकता है?","['A) वैध पंच या किक से प्रतिद्वंद्वी को मारना', 'B) नियमों का पालन करते हुए प्रतिद्वंद्वी को गिराना', 'C) प्रतिद्वंद्वी द्वारा नियमों का उल्लंघन करने पर', 'D) उपरोक्त सभी']",D) उपरोक्त सभी
lagori_33,IBQ,India_IBQ.xlsx,Lagori,"चित्र में दिखाए गए खेल के लिए, आमतौर पर कितने जज मैच का स्कोर देते हैं?","ए) 1, बी) 2, सी) 3, डी) 4",सी) 3,1,no mistake,no correction needed,no correction needed,no answer needed
pambaram_1,IBQ,India_IBQ.xlsx,Pambaram,"चित्र में दिखाए गए खेल से, कताई लट्टू बनाने के लिए प्राथमिक सामग्री क्या है?","a) लकड़ी, b) धातु, c) प्लास्टिक, d) मिट्टी",एक लकड़ी,1,no mistake,no correction needed,no correction needed,no answer needed
pambaram_1,IBQ,India_IBQ.xlsx,Pambaram,चित्र में दिखाए गए खेल से घूर्णन गति कैसे शुरू होती है?,"a) हाथ से घुमाकर, b) तार खींचकर, c) फूंक मारकर, d) बटन दबाकर",ख) एक तार खींचकर,1,no mistake,no correction needed,no correction needed,no answer needed
pambaram_1,IBQ,India_IBQ.xlsx,Pambaram,"चित्र में दिखाए गए खेल में से, निम्नलिखित में से कौन सा खेल खेलने के लिए एक सामान्य सतह है?","a) घास, b) रेत, c) कंक्रीट, d) मिट्टी",ग) कंक्रीट,0,"The image shows children playing with spinning tops (lattu). These are commonly played on surfaces like soil or hard-packed earth, not concrete. The correct answer should reflect this.","चित्र में दिखाए गए खेल में से, निम्नलिखित में से कौन सी सतह खेलने के लिए सबसे उपयुक्त है?","a) घास, b) रेत, c) मिट्टी, d) कंक्रीट",ग) मिट्टी
pambaram_1,IBQ,India_IBQ.xlsx,Pambaram,चित्र में दिखाए गए खेल से मुख्यतः किस कौशल का परीक्षण किया जाता है?,"a) शक्ति, b) संतुलन, c) चपलता, d) परिशुद्धता",घ) परिशुद्धता,1,no mistake,no correction needed,no correction needed,no answer needed
pambaram_2,IBQ,India_IBQ.xlsx,Pambaram,"चित्र में दिखाए गए खेल से, किसी अन्य खिलाड़ी के शीर्ष पर हिट करने का लक्ष्य क्या है?","क) इसे घूमने से रोकने के लिए, ख) इसे तोड़ने के लिए, ग) इसे खेल क्षेत्र से बाहर धकेलने के लिए, घ) इसे तेजी से घुमाने के लिए",a) इसे घूमने से रोकने के लिए,1,no mistake,no correction needed,no correction needed,no answer needed
pambaram_2,IBQ,India_IBQ.xlsx,Pambaram,चित्र में दिखाए गए खेल से खिलाड़ी यह कैसे तय करते हैं कि कौन पहले खेलेगा?,"a) उम्र के आधार पर, b) ताकत के आधार पर, c) सिक्का उछालकर, d) सबसे लंबे प्रारंभिक स्पिन के आधार पर",d) सबसे लंबे प्रारंभिक स्पिन द्वारा,1,no mistake,no correction needed,no correction needed,no answer needed
pambaram_2,IBQ,India_IBQ.xlsx,Pambaram,"चित्र में दिखाए गए खेल से, घूमते हुए लट्टू का विशिष्ट आकार क्या है?","a) घनाकार, b) बेलनाकार, c) शंक्वाकार, d) गोलाकार",c) शंक्वाकार,1,no mistake,no correction needed,no correction needed,no answer needed
pambaram_2,IBQ,India_IBQ.xlsx,Pambaram,"चित्र में दिखाए गए खेल में, लॉन्च करने से पहले आमतौर पर शीर्ष पर क्या लपेटा जाता है?","a) कपड़े का एक टुकड़ा, b) एक रबर बैंड, c) एक धातु का तार, d) एक डोरी",d) एक स्ट्रिंग,1,no mistake,no correction needed,no correction needed,no answer needed
pambaram_3,IBQ,India_IBQ.xlsx,Pambaram,"चित्र में दिखाए गए खेल में से, किस प्रकार की सतह शीर्ष को घुमाने के लिए सबसे कम आदर्श है?","a) घास, b) कंक्रीट, c) संगमरमर, d) लकड़ी का फर्श",क) घास,1,no mistake,no correction needed,no correction needed,no answer needed
pambaram_3,IBQ,India_IBQ.xlsx,Pambaram,"चित्र में दिखाए गए खेल में से, इनमें से कौन सी विधि शीर्ष को अधिक समय तक घुमाने की पारंपरिक विधि है?","a) छोटी डोरी, b) मजबूत खिंचाव, c) ऊर्ध्वाधर गिरावट, d) हल्का शीर्ष",b) अधिक मजबूत खिंचाव,1,no mistake,no correction needed,no correction needed,no answer needed
pambaram_3,IBQ,India_IBQ.xlsx,Pambaram,"चित्र में दिखाए गए खेल से, प्रतिस्पर्धी खेल में एक सामान्य लक्ष्य क्या है?","a) सबसे लंबे समय तक घूमना, b) अन्य शीर्षों को तोड़ना, c) इसे स्थिर रखना, d) सबसे तेज आवाज करना",a) सबसे लंबे समय तक घूमना,1,no mistake,no correction needed,no correction needed,no answer needed
pambaram_3,IBQ,India_IBQ.xlsx,Pambaram,"चित्र में दिखाए गए खेल में से, निम्नलिखित में से कौन सा खेल में एक उन्नत कौशल है?","क) कई टॉप फेंकना, ख) स्पिन की गति को नियंत्रित करना, ग) एक पैर पर स्पिन करना, घ) बिना स्ट्रिंग के स्पिन करना",b) स्पिन गति को नियंत्रित करना,1,no mistake,no correction needed,no correction needed,no answer needed
pambaram_4,IBQ,India_IBQ.xlsx,Pambaram,चित्र में दिखाए गए खेल में से कौन सा कारक स्पिन अवधि को प्रभावित नहीं करता है?,"a) लट्टू का वजन, b) सतह की खुरदरापन, c) खिलाड़ी की आयु, d) डोरी की लंबाई",c) खिलाड़ी की आयु,1,no mistake,no correction needed,no correction needed,no answer needed
pambaram_4,IBQ,India_IBQ.xlsx,Pambaram,"चित्र में दिखाए गए खेल से, शीर्ष को अधिक टिकाऊ बनाने के लिए अक्सर क्या उपयोग किया जाता है?","a) एक धातु की नोक, b) एक मोटी डोरी, c) एक लकड़ी का आधार, d) एक रबर कोटिंग",a) एक धातु की नोक,1,no mistake,no correction needed,no correction needed,no answer needed
pambaram_4,IBQ,India_IBQ.xlsx,Pambaram,चित्र में दिखाए गए खेल से खिलाड़ी निष्पक्ष खेल कैसे सुनिश्चित करते हैं?,"क) शीर्ष को मापकर, ख) तार की लंबाई को मानकीकृत करके, ग) एक ही सतह का उपयोग करके, घ) खिलाड़ियों की आंखों पर पट्टी बांधकर",b) स्ट्रिंग की लंबाई को मानकीकृत करके,1,no mistake,no correction needed,no correction needed,no answer needed
pambaram_4,IBQ,India_IBQ.xlsx,Pambaram,चित्र में दिखाए गए खेल में स्पिनिंग गति बढ़ाने के लिए किस तकनीक का उपयोग किया जाता है?,"क) भारी टॉप का उपयोग करना, ख) डोरी को तेजी से खींचना, ग) अधिक ऊंचाई से फेंकना, घ) लंबी डोरी का उपयोग करना",b) डोरी को तेजी से खींचना,1,no mistake,no correction needed,no correction needed,no answer needed
pambaram_5,IBQ,India_IBQ.xlsx,Pambaram,"चित्र में दिखाए गए खेल से, खेल में एक सामान्य चुनौती क्या है?","क) एक पैर पर संतुलन बनाना, ख) लट्टू को विभिन्न सतहों पर घुमाना, ग) लट्टू को उल्टा घुमाना, घ) टूटी हुई डोरी से घुमाना",b) शीर्ष को विभिन्न सतहों पर घुमाना,1,no mistake,no correction needed,no correction needed,no answer needed
pambaram_5,IBQ,India_IBQ.xlsx,Pambaram,"चित्र में दिखाए गए खेल से, शीर्ष का कौन सा हिस्सा एक अच्छे स्पिन के लिए सबसे महत्वपूर्ण है?","a) आधार, b) डोरी, c) सिरा, d) शीर्ष",ग) टिप,1,no mistake,no correction needed,no correction needed,no answer needed
pambaram_5,IBQ,India_IBQ.xlsx,Pambaram,"चित्र में दिखाए गए खेल से, खिलाड़ी आमतौर पर स्पिन करने के बाद अपने टॉप्स को कैसे प्राप्त करते हैं?","क) इसे रुकने देकर, ख) घूमते समय इसे पकड़कर, ग) डोरी से इसे पीछे खींचकर, घ) छड़ी का प्रयोग करके",b) स्पिन के बीच में पकड़कर,1,no mistake,no correction needed,no correction needed,no answer needed
pambaram_5,IBQ,India_IBQ.xlsx,Pambaram,"चित्र में दिखाए गए खेल से, शीर्ष को सजाने का पारंपरिक तरीका क्या है?","a) पेंटिंग करना, b) स्टिकर लगाना, c) पैटर्न उकेरना, d) कपड़े में लपेटना",a) इसे रंगना,1,no mistake,no correction needed,no correction needed,no answer needed
pambaram_6,IBQ,India_IBQ.xlsx,Pambaram,"चित्र में दिखाए गए खेल से, कई समुदायों में इस खेल का सांस्कृतिक महत्व क्या है?","a) शक्ति का प्रतीक है, b) बचपन की यादों का प्रतिनिधित्व करता है, c) त्योहारों से जुड़ा है, d) अनुष्ठानों में उपयोग किया जाता है",b) बचपन की यादों का प्रतिनिधित्व करता है,1,no mistake,no correction needed,no correction needed,no answer needed
pambaram_6,IBQ,India_IBQ.xlsx,Pambaram,"चित्र में दिखाए गए खेल में से, निम्नलिखित में से कौन सा खेल का रूपांतर नहीं है?","क) टीम आधारित प्रतियोगिता, ख) दूरी के लिए स्पिन, ग) शोर के लिए स्पिन, घ) गति के लिए स्पिन",c) शोर के लिए स्पिन,1,no mistake,no correction needed,no correction needed,no answer needed
pambaram_6,IBQ,India_IBQ.xlsx,Pambaram,"छवि में दिखाए गए खेल से, शीर्ष आमतौर पर कैसे लॉन्च किया जाता है?","a) क्षैतिज, b) ऊर्ध्वाधर, c) तिरछे, d) पार्श्व",ख) लंबवत,1,no mistake,no correction needed,no correction needed,no answer needed
pambaram_6,IBQ,India_IBQ.xlsx,Pambaram,"चित्र में दिखाए गए खेल से, कौन सा कारक शीर्ष को डगमगाने और स्पिन खोने का कारण बन सकता है?","a) असमान सतह, b) गलत स्ट्रिंग लंबाई, c) गलत भार वितरण, d) अत्यधिक गति",ग) गलत वजन वितरण,1,no mistake,no correction needed,no correction needed,no answer needed
pambaram_7,IBQ,India_IBQ.xlsx,Pambaram,"चित्र में दिखाए गए खेल से, पेशेवर टॉप की एक सामान्य विशेषता क्या है?","a) लंबे टिप्स, b) भारी वजन, c) सुव्यवस्थित डिज़ाइन, d) जीवंत रंग",c) सुव्यवस्थित डिजाइन,1,no mistake,no correction needed,no correction needed,no answer needed
pambaram_7,IBQ,India_IBQ.xlsx,Pambaram,"चित्र में दिखाए गए खेल से, टूटी हुई डोरी का उपयोग करने का क्या परिणाम होता है?","a) कम स्पिन समय, b) बढ़ी हुई शीर्ष गति, c) बेहतर नियंत्रण, d) अधिक शोर",a) कम स्पिन समय,1,no mistake,no correction needed,no correction needed,no answer needed
pambaram_7,IBQ,India_IBQ.xlsx,Pambaram,"चित्र में दिखाए गए खेल के आधार पर, किसी करीबी प्रतियोगिता में अक्सर निर्णायक कारक क्या होता है?","a) शीर्ष डिज़ाइन, b) स्पिन गति, c) स्पिन अवधि, d) सतह का प्रकार",c) स्पिन अवधि,1,no mistake,no correction needed,no correction needed,no answer needed
pambaram_7,IBQ,India_IBQ.xlsx,Pambaram,"चित्र में दिखाए गए खेल से, खिलाड़ी अपने टॉप की स्पिन अवधि कैसे बढ़ा सकते हैं?","a) पतली डोरी का उपयोग करके, b) शीर्ष का भार कम करके, c) नोक के आकार को अनुकूलित करके, d) घास पर घुमाकर",c) टिप के आकार को अनुकूलित करके,1,no mistake,no correction needed,no correction needed,no answer needed
pambaram_8,IBQ,India_IBQ.xlsx,Pambaram,"छवि में दिखाए गए खेल में से, इनमें से कौन सा उन्नत प्रदर्शन के लिए एक लोकप्रिय संशोधन है?","क) ऊपरी सतह पर भार डालना, ख) रस्सी को छोटा करना, ग) लकड़ी की नोक का उपयोग करना, घ) सतह को घिसना",a) शीर्ष पर भार जोड़ना,1,no mistake,no correction needed,no correction needed,no answer needed
pambaram_8,IBQ,India_IBQ.xlsx,Pambaram,"चित्र में दिखाए गए खेल से, स्ट्रिंग की लंबाई का क्या महत्व है?","a) टॉप के वजन को प्रभावित करता है, b) स्पिन की दिशा निर्धारित करता है, c) स्पिन की गति को प्रभावित करता है, d) टॉप का रंग बदलता है",c) स्पिन गति को प्रभावित करता है,1,no mistake,no correction needed,no correction needed,no answer needed
pambaram_8,IBQ,India_IBQ.xlsx,Pambaram,"चित्र में दिखाए गए खेल से, शीर्ष के पहनने और आंसू को कम करने का एक तरीका क्या है?","क) खुरदरी सतहों से बचें, ख) मोटे धागे का प्रयोग करें, ग) इसे धीरे घुमाएं, घ) ठंडी जगह पर रखें",क) खुरदरी सतहों से बचें,1,no mistake,no correction needed,no correction needed,no answer needed
pambaram_8,IBQ,India_IBQ.xlsx,Pambaram,"चित्र में दिखाए गए खेल से, निम्नलिखित में से कौन सा एक आदर्श स्पिन प्राप्त करने में कारक नहीं है?","a) लट्टू का संतुलन, b) डोरी का तनाव, c) फेंकने का कोण, d) खिलाड़ी की ऊँचाई",d) खिलाड़ी की ऊंचाई,1,no mistake,no correction needed,no correction needed,no answer needed
pambaram_9,IBQ,India_IBQ.xlsx,Pambaram,"चित्र में दिखाए गए खेल से, भारी टॉप का क्या प्रभाव है?","a) धीमी गति से घूमता है, b) अधिक समय तक घूमता है, c) नियंत्रित करना आसान है, d) अधिक शोर करता है",b) अधिक समय तक घूमता है,1,no mistake,no correction needed,no correction needed,no answer needed
pambaram_9,IBQ,India_IBQ.xlsx,Pambaram,चित्र में दिखाए गए खेल में नॉकआउट राउंड जीतने के लिए किस रणनीति का उपयोग किया जाता है?,"a) सबसे लंबे समय तक घूमना, b) प्रतिद्वंद्वी के शीर्ष को मारना, c) सबसे तेज़ घूमना, d) अन्य शीर्षों से बचना",ख) प्रतिद्वंद्वी के शीर्ष पर प्रहार करना,1,no mistake,no correction needed,no correction needed,no answer needed
pambaram_9,IBQ,India_IBQ.xlsx,Pambaram,चित्र में दिखाए गए खेल में से किस प्रकार का तार सबसे अच्छा स्पिन प्रदान करता है?,"क) मोटा और छोटा, ख) पतला और लंबा, ग) मध्यम और लचीला, घ) खुरदुरा और मजबूत",ख) पतला और लंबा,1,no mistake,no correction needed,no correction needed,no answer needed
pambaram_9,IBQ,India_IBQ.xlsx,Pambaram,चित्र में दिखाए गए खेल में निपुणता प्राप्त करने की कुंजी क्या है?,"क) कच्ची ताकत, ख) लगातार अभ्यास, ग) महंगे उपकरण, घ) सही सतह पर खेलना",ख) लगातार अभ्यास,1,no mistake,no correction needed,no correction needed,no answer needed
pambaram_10,IBQ,India_IBQ.xlsx,Pambaram,"चित्र में दिखाए गए खेल में, शुरुआती लोगों द्वारा की जाने वाली सामान्य गलती कौन सी है?","क) बहुत अधिक तार का उपयोग करना, ख) पर्याप्त जोर से नहीं खींचना, ग) ऊपरी भाग को गलत तरीके से पकड़ना, घ) असमान सतह पर घूमना",c) ऊपरी भाग को गलत तरीके से पकड़ना,1,no mistake,no correction needed,no correction needed,no answer needed
pambaram_10,IBQ,India_IBQ.xlsx,Pambaram,"चित्र में दिखाए गए खेल से, लट्टू को घुमाने के लिए प्रयुक्त होने वाले धागे की पारंपरिक लंबाई क्या है?","a) 30 सेमी, b) 60 सेमी, c) 90 सेमी, d) 120 सेमी",ख) 60 सेमी,1,no mistake,no correction needed,no correction needed,no answer needed
pambaram_10,IBQ,India_IBQ.xlsx,Pambaram,"चित्र में दिखाए गए खेल से, खेल शुरू करने का सामान्य तरीका क्या है?","a) सभी खिलाड़ी एक साथ घूमते हैं, b) खिलाड़ी बारी-बारी से घूमते हैं, c) खिलाड़ी जोड़ियों में घूमते हैं, d) रेफरी पहले घूमता है",a) सभी खिलाड़ी एक साथ घूमते हैं,1,no mistake,no correction needed,no correction needed,no answer needed
pambaram_10,IBQ,India_IBQ.xlsx,Pambaram,"चित्र में दिखाए गए खेल से, टॉप के रंग का क्या महत्व है?","a) खिलाड़ी के स्वामित्व को दर्शाता है, b) कौशल स्तर दर्शाता है, c) स्पिन गति को प्रभावित करता है, d) केवल सौंदर्यबोध के लिए",a) खिलाड़ी के स्वामित्व को दर्शाता है,1,no mistake,no correction needed,no correction needed,no answer needed
pambaram_11,IBQ,India_IBQ.xlsx,Pambaram,"चित्र में दिखाए गए खेल से, खेल के दौरान खिलाड़ी के रुख का क्या प्रभाव पड़ता है?","a) स्पिन गति, b) स्पिन दिशा, c) स्पिन अवधि, d) टॉप का संतुलन",b) स्पिन दिशा,1,no mistake,no correction needed,no correction needed,no answer needed
pambaram_11,IBQ,India_IBQ.xlsx,Pambaram,"चित्र में दिखाए गए खेल से, खेल में गुरुत्वाकर्षण की क्या भूमिका है?","a) प्रारंभिक स्पिन में मदद करता है, b) स्पिन समय को कम करता है, c) शीर्ष गति को बढ़ाता है, d) शीर्ष को संतुलित करता है",a) प्रारंभिक स्पिन में मदद करता है,1,no mistake,no correction needed,no correction needed,no answer needed
pambaram_11,IBQ,India_IBQ.xlsx,Pambaram,"चित्र में दिखाए गए खेल से, एक अच्छी तरह से पॉलिश टिप का क्या प्रभाव है?","a) कम स्पिन समय, b) अधिक सटीक स्पिन, c) उच्च शीर्ष गति, d) नियंत्रण में आसान",b) अधिक सटीक स्पिन,1,no mistake,no correction needed,no correction needed,no answer needed
pambaram_11,IBQ,India_IBQ.xlsx,Pambaram,चित्र में दिखाए गए खेल में से कौन से सांस्कृतिक उत्सवों में यह खेल अक्सर दिखाया जाता है?,"a) दिवाली, b) पोंगल, c) होली, d) मकर संक्रांति",घ) मकर संक्रांति,1,no mistake,no correction needed,no correction needed,no answer needed
pambaram_12,IBQ,India_IBQ.xlsx,Pambaram,"चित्र में दिखाए गए खेल से, कई संस्कृतियों में घूमता हुआ लट्टू किसका प्रतीक है?","a) जीवन का संतुलन, b) शक्ति, c) चपलता, d) धन",क) जीवन का संतुलन,1,no mistake,no correction needed,no correction needed,no answer needed
pambaram_12,IBQ,India_IBQ.xlsx,Pambaram,"चित्र में दिखाए गए खेल से, टॉप बनाते समय पारंपरिक रूप से किस सामग्री का उपयोग नहीं किया जाता है?","a) बांस, b) सागौन, c) लोहा, d) प्लास्टिक",ग) लोहा,1,no mistake,no correction needed,no correction needed,no answer needed
pambaram_12,IBQ,India_IBQ.xlsx,Pambaram,"चित्र में दिखाए गए खेल से, स्पिन की गति किस पर निर्भर करती है?","a) लट्टू का वजन, b) खिलाड़ी का कौशल, c) डोरी की लंबाई, d) गिरने की ऊंचाई",ख) खिलाड़ी का कौशल,1,no mistake,no correction needed,no correction needed,no answer needed
pambaram_12,IBQ,India_IBQ.xlsx,Pambaram,चित्र में दिखाए गए खेल से यह किस प्रकार का खेल माना जाता है?,"a) रणनीति-आधारित, b) कौशल-आधारित, c) भाग्य-आधारित, d) धीरज-आधारित",ख) कौशल-आधारित,1,no mistake,no correction needed,no correction needed,no answer needed
pambaram_13,IBQ,India_IBQ.xlsx,Pambaram,"चित्र में दिखाए गए खेल से, इनमें से कौन सा शीर्ष को रोकने का एक सामान्य तरीका है?","क) उस पर रेत फेंकना, ख) उसे धीरे से थपथपाना, ग) उसे कपड़े से पकड़ना, घ) उसे स्वाभाविक रूप से रुकने देना",d) इसे स्वाभाविक रूप से बंद होने देना,1,no mistake,no correction needed,no correction needed,no answer needed
pambaram_13,IBQ,India_IBQ.xlsx,Pambaram,"छवि में दिखाए गए खेल से, शीर्ष को अनुकूलित करने का एक सामान्य तरीका क्या है?","क) स्टिकर लगाना, ख) चटकीले रंगों से पेंटिंग करना, ग) डिज़ाइन उकेरना, घ) धातु की अंगूठी लगाना",ख) जीवंत रंगों से चित्रकारी,1,no mistake,no correction needed,no correction needed,no answer needed
pambaram_13,IBQ,India_IBQ.xlsx,Pambaram,"चित्र में दिखाए गए खेल से, तापमान खेल को कैसे प्रभावित करता है?","a) लट्टू को तेजी से घुमाता है, b) डोरी की लोच को प्रभावित करता है, c) सतह के घर्षण को प्रभावित करता है, d) लट्टू के संतुलन को बदलता है",c) सतह घर्षण को प्रभावित करता है,1,no mistake,no correction needed,no correction needed,no answer needed
pambaram_13,IBQ,India_IBQ.xlsx,Pambaram,"चित्र में दिखाए गए खेल से, मैत्रीपूर्ण मैच का प्राथमिक उद्देश्य क्या है?","a) सबसे लंबे समय तक घूमना, b) लक्ष्य पर प्रहार करना, c) सबसे तेज घूमना, d) शीर्ष उछाल बनाना",a) सबसे लंबे समय तक घूमना,1,no mistake,no correction needed,no correction needed,no answer needed
pambaram_14,IBQ,India_IBQ.xlsx,Pambaram,चित्र में दिखाए गए खेल में सामान्य नियम उल्लंघन क्या है?,"क) लंबी डोरी का उपयोग करना, ख) ढलान पर घूमना, ग) लट्टू के वजन को संशोधित करना, घ) सिग्नल से पहले शुरू करना",c) शीर्ष के वजन को संशोधित करना,1,no mistake,no correction needed,no correction needed,no answer needed
pambaram_14,IBQ,India_IBQ.xlsx,Pambaram,"चित्र में दिखाए गए खेल से, लकड़ी का प्रकार खेल को कैसे प्रभावित करता है?","a) स्पिन गति को बदलता है, b) टॉप के वजन को बदलता है, c) स्थायित्व को प्रभावित करता है, d) रंग को प्रभावित करता है",c) स्थायित्व को प्रभावित करता है,1,no mistake,no correction needed,no correction needed,no answer needed
pambaram_14,IBQ,India_IBQ.xlsx,Pambaram,"चित्र में दिखाए गए खेल से, शीर्ष की नोक के आकार का क्या महत्व है?","a) स्पिन दिशा निर्धारित करता है, b) गति को प्रभावित करता है, c) संतुलन को प्रभावित करता है, d) स्पिन समय को प्रभावित करता है",d) प्रभाव स्पिन समय,1,no mistake,no correction needed,no correction needed,no answer needed
pambaram_14,IBQ,India_IBQ.xlsx,Pambaram,"चित्र में दिखाए गए खेल से, प्रतिस्पर्धी खेल में रणनीतिक चाल क्या है?","क) कोण पर घूमना, ख) लट्टू को ऊपर फेंकना, ग) खुरदरी सतह पर घूमना, घ) भारी लट्टू का उपयोग करना",a) एक कोण पर घूमना,1,no mistake,no correction needed,no correction needed,no answer needed
pambaram_15,IBQ,India_IBQ.xlsx,Pambaram,चित्र में दिखाए गए खेल में से किसे उन्नत तकनीक माना जाएगा?,"क) एक उंगली पर शीर्ष को संतुलित करना, ख) बिना तार के घूमना, ग) खेल के बीच में स्पिन दिशा बदलना, घ) शीर्ष को उछालना",c) खेल के बीच में स्पिन दिशा बदलना,1,no mistake,no correction needed,no correction needed,no answer needed
pambaram_15,IBQ,India_IBQ.xlsx,Pambaram,"चित्र में दिखाए गए खेल से, शीर्ष लॉन्च करते समय एक सामान्य गलती क्या है?","क) डोरी को बहुत कसकर लपेटना, ख) डोरी को बहुत जोर से खींचना, ग) ऊपरी भाग को ठीक से संरेखित न करना, घ) बहुत अधिक बल का प्रयोग करना",c) शीर्ष को ठीक से संरेखित न करना,1,no mistake,no correction needed,no correction needed,no answer needed
pambaram_15,IBQ,India_IBQ.xlsx,Pambaram,"चित्र में दिखाए गए खेल से, शीर्ष को किस प्रकार के रखरखाव की आवश्यकता है?","क) नियमित सफाई, ख) टिप को पॉलिश करना, ग) स्ट्रिंग को बदलना, घ) उपरोक्त सभी",D। उपरोक्त सभी,1,no mistake,no correction needed,no correction needed,no answer needed
pambaram_15,IBQ,India_IBQ.xlsx,Pambaram,"चित्र में दिखाए गए खेल से, शीर्ष पर खांचे का उद्देश्य क्या है?","क) सौंदर्य अपील, ख) पकड़ में सुधार, ग) वायु प्रतिरोध को कम करना, घ) वजन को संतुलित करना",ख) पकड़ में सुधार,1,no mistake,no correction needed,no correction needed,no answer needed
pambaram_16,IBQ,India_IBQ.xlsx,Pambaram,"चित्र में दिखाए गए खेल से, ठंडे क्षेत्रों में उपयोग किए जाने वाले टॉप की एक अनूठी विशेषता क्या है?","a) भारी वजन, b) मोटे सिरे, c) इंसुलेटेड तार, d) कम ऊँचाई",b) मोटे सिरे,1,no mistake,no correction needed,no correction needed,no answer needed
pambaram_16,IBQ,India_IBQ.xlsx,Pambaram,"चित्र में दिखाए गए खेल से, हवा खेल को कैसे प्रभावित करती है?","a) स्पिन दिशा बदलता है, b) स्पिन गति बढ़ाता है, c) स्पिन समय कम करता है, d) स्पिन स्थिरता बढ़ाता है",c) स्पिन समय कम करता है,1,no mistake,no correction needed,no correction needed,no answer needed
pambaram_16,IBQ,India_IBQ.xlsx,Pambaram,"चित्र में दिखाए गए खेल से, शीर्ष पर वजन जोड़ने का उद्देश्य क्या है?","a) स्पिन अवधि बढ़ाएँ, b) अधिकतम गति कम करें, c) स्थिरता में सुधार करें, d) पकड़ना आसान बनाएँ",a) स्पिन अवधि बढ़ाएँ,1,no mistake,no correction needed,no correction needed,no answer needed
pambaram_16,IBQ,India_IBQ.xlsx,Pambaram,"चित्र में दिखाए गए खेल से, एक टूटी हुई चोटी का एक सामान्य परिणाम क्या है?","a) तेजी से घूमता है, b) कम समय तक घूमता है, c) अधिक संतुलित हो जाता है, d) शोर बढ़ जाता है",b) स्पिन कम होता है,1,no mistake,no correction needed,no correction needed,no answer needed
pambaram_17,IBQ,India_IBQ.xlsx,Pambaram,"चित्र में दिखाए गए खेल से, छोटी डोरी का उपयोग करने का क्या प्रभाव पड़ता है?","a) आसान नियंत्रण, b) तेज़ स्पिन, c) कम स्पिन समय, d) मज़बूत लॉन्च",c) कम स्पिन समय,1,no mistake,no correction needed,no correction needed,no answer needed
pambaram_17,IBQ,India_IBQ.xlsx,Pambaram,"चित्र में दिखाए गए खेल से, विभिन्न सतहों पर अभ्यास करने का उद्देश्य क्या है?","क) कौशल स्तर में वृद्धि, ख) गति में सुधार, ग) स्थायित्व में वृद्धि, घ) अनुकूलन करना सीखें",घ) अनुकूलन करना सीखें,1,no mistake,no correction needed,no correction needed,no answer needed
pambaram_17,IBQ,India_IBQ.xlsx,Pambaram,"चित्र में दिखाए गए खेल से, खिलाड़ी का अनुभव खेल को किस प्रकार प्रभावित करता है?","a) लंबे स्पिन, b) बेहतर संतुलन, c) त्वरित शुरुआत, d) उपरोक्त सभी",D। उपरोक्त सभी,1,no mistake,no correction needed,no correction needed,no answer needed
pambaram_17,IBQ,India_IBQ.xlsx,Pambaram,चित्र में दिखाए गए खेल में से कौन सा एक सामान्य फिनिशिंग मूव है?,"a) स्पिन के बीच में टॉप को पकड़ना, b) प्रतिद्वंद्वी के टॉप को टैप करना, c) अधिकतम गति से स्पिन करना, d) टॉप को उछलने देना",a) शीर्ष मध्य-स्पिन को पकड़ना,1,no mistake,no correction needed,no correction needed,no answer needed
pambaram_18,IBQ,India_IBQ.xlsx,Pambaram,"चित्र में दिखाए गए खेल से, मैच के दौरान एक उन्नत खिलाड़ी का ध्यान किस पर होता है?","क) संतुलन बनाए रखना, ख) स्पिन समय को अधिकतम करना, ग) विरोधियों को परास्त करना, घ) उपरोक्त सभी",D। उपरोक्त सभी,1,no mistake,no correction needed,no correction needed,no answer needed
pambaram_18,IBQ,India_IBQ.xlsx,Pambaram,"चित्र में दिखाए गए खेल से, खिलाड़ी आमतौर पर टूर्नामेंट में कैसे प्रतिस्पर्धा करते हैं?","a) स्पिन की संख्या से, b) स्पिन की अवधि से, c) शीर्ष डिज़ाइन से, d) स्ट्रिंग की लंबाई से",b) स्पिन की अवधि के अनुसार,1,no mistake,no correction needed,no correction needed,no answer needed
pambaram_18,IBQ,India_IBQ.xlsx,Pambaram,"चित्र में दिखाए गए खेल के अनुसार, सफल थ्रो किस पर निर्भर करता है?","a) सही स्ट्रिंग लपेट, b) सही कोण, c) संतुलित शीर्ष, d) उपरोक्त सभी",D। उपरोक्त सभी,1,no mistake,no correction needed,no correction needed,no answer needed
pambaram_18,IBQ,India_IBQ.xlsx,Pambaram,"चित्र में दिखाए गए खेल से, पारंपरिक खेलों में लट्टू किसका प्रतीक है?","a) बचपन की खुशियाँ, b) सटीकता और कौशल, c) सांस्कृतिक विरासत, d) उपरोक्त सभी",D। उपरोक्त सभी,1,no mistake,no correction needed,no correction needed,no answer needed
pambaram_19,IBQ,India_IBQ.xlsx,Pambaram,"चित्र में दिखाए गए खेल से, खराब तरीके से निष्पादित स्पिन का परिणाम क्या होता है?","a) ऊपरी हिस्सा डगमगाता है, b) ऊपरी हिस्सा तेजी से घूमता है, c) ऊपरी हिस्सा उछलता है, d) ऊपरी हिस्सा जल्दी रुक जाता है",a) शीर्ष डगमगाता है,1,no mistake,no correction needed,no correction needed,no answer needed
pambaram_19,IBQ,India_IBQ.xlsx,Pambaram,"चित्र में दिखाए गए खेल से, एक अच्छी तरह से बनाए रखा शीर्ष का सामान्य जीवनकाल क्या है?","क) कुछ महीने, ख) कुछ वर्ष, ग) कई दशक, घ) पूरा जीवन",ख) कुछ वर्ष,1,no mistake,no correction needed,no correction needed,no answer needed
pambaram_19,IBQ,India_IBQ.xlsx,Pambaram,"चित्र में दिखाए गए खेल से, शीर्ष बनाने के लिए उपयोग की जाने वाली प्राथमिक सामग्री क्या है?","a) प्लास्टिक, b) लकड़ी, c) धातु, d) रबर",ख) लकड़ी,1,no mistake,no correction needed,no correction needed,no answer needed
pambaram_19,IBQ,India_IBQ.xlsx,Pambaram,"चित्र में दिखाए गए खेल से, शीर्ष की नुकीली नोक का क्या कार्य है?","a) संतुलन बनाए रखने के लिए, b) घूमने की गति बढ़ाने के लिए, c) घिसाव को रोकने के लिए, d) घर्षण को कम करने के लिए",a) संतुलन बनाए रखने के लिए,1,no mistake,no correction needed,no correction needed,no answer needed
pambaram_20,IBQ,India_IBQ.xlsx,Pambaram,"चित्र में दिखाए गए खेल से, किसी खेल में विजेता का निर्धारण आमतौर पर कैसे किया जाता है?","a) घूमने की अवधि से, b) घूमने की संख्या से, c) टॉप के डिज़ाइन से, d) इस्तेमाल की गई डोरी की लंबाई से",a) स्पिन की अवधि से,1,no mistake,no correction needed,no correction needed,no answer needed
pambaram_20,IBQ,India_IBQ.xlsx,Pambaram,"चित्र में दिखाए गए खेल के अनुसार, किस प्रकार की सतह खेलने के लिए आदर्श है?","a) चिकना और सपाट, b) खुरदुरा और असमान, c) नरम और घास जैसा, d) फिसलन भरा और गीला",क) चिकना और सपाट,1,no mistake,no correction needed,no correction needed,no answer needed
pambaram_20,IBQ,India_IBQ.xlsx,Pambaram,"चित्र में दिखाए गए खेल से, खेल में तार की क्या भूमिका है?","a) स्पिन गति को नियंत्रित करता है, b) स्पिन अवधि निर्धारित करता है, c) स्पिन दिशा को प्रभावित करता है, d) उपरोक्त सभी",D। उपरोक्त सभी,1,no mistake,no correction needed,no correction needed,no answer needed
pambaram_20,IBQ,India_IBQ.xlsx,Pambaram,"चित्र में दिखाए गए खेल से, तेज स्पिन प्राप्त करने की सामान्य तकनीक क्या है?","क) लंबी डोरी का उपयोग करना, ख) डोरी को तेजी से खींचना, ग) डोरी को कसकर लपेटना, घ) ऊपरी हिस्से को जोर से फेंकना",ख) डोरी को तेजी से खींचना,1,no mistake,no correction needed,no correction needed,no answer needed
pambaram_21,IBQ,India_IBQ.xlsx,Pambaram,चित्र में दिखाए गए खेल में से कौन सा खेल पारंपरिक रूप से भिन्न है?,"क) टीम-आधारित स्पिनिंग, ख) लक्ष्य-आधारित स्पिनिंग, ग) रिले-शैली स्पिनिंग, घ) समयबद्ध स्पिनिंग",ख) लक्ष्य-आधारित कताई,1,no mistake,no correction needed,no correction needed,no answer needed
pambaram_21,IBQ,India_IBQ.xlsx,Pambaram,"चित्र में दिखाए गए खेल के अनुसार, यदि शीर्ष ठीक से नहीं घूमता तो क्या होता है?","a) यह तेजी से डगमगाता है और रुक जाता है, b) यह तेजी से घूमता है, c) यह सीधी रेखा में चलता है, d) यह तेज आवाज करता है",a) यह डगमगाता है और जल्दी से रुक जाता है,1,no mistake,no correction needed,no correction needed,no answer needed
pambaram_21,IBQ,India_IBQ.xlsx,Pambaram,"चित्र में दिखाए गए खेल से, तार की मोटाई क्या प्रभावित करती है?","a) स्पिन गति, b) स्पिन नियंत्रण, c) उपयोग में आसानी, d) स्पिन अवधि",a) स्पिन गति,1,no mistake,no correction needed,no correction needed,no answer needed
pambaram_21,IBQ,India_IBQ.xlsx,Pambaram,"चित्र में दिखाए गए खेल से, रेतीली सतह पर खेलने से खेल पर क्या प्रभाव पड़ता है?","a) स्पिन को धीमा करता है, b) स्पिन को तेज करता है, c) शीर्ष पर घिसाव बढ़ाता है, d) नियंत्रण बढ़ाता है",a) स्पिन को धीमा कर देता है,1,no mistake,no correction needed,no correction needed,no answer needed
pambaram_22,IBQ,India_IBQ.xlsx,Pambaram,"चित्र में दिखाए गए खेल से, प्रतिस्पर्धी खेल में इनमें से कौन सा नियम सामान्य है?","क) घूमने के बाद ऊपरी भाग को न छूना, ख) केवल एक निश्चित लंबाई की डोरी का उपयोग करना, ग) चिह्नित स्थान से घूमना, घ) उपरोक्त सभी",D। उपरोक्त सभी,1,no mistake,no correction needed,no correction needed,no answer needed
pambaram_22,IBQ,India_IBQ.xlsx,Pambaram,"चित्र में दिखाए गए खेल से, तार को कसकर लपेटने का उद्देश्य क्या है?","a) स्पिन गति बढ़ाने के लिए, b) वायु प्रतिरोध को कम करने के लिए, c) संतुलन में सुधार करने के लिए, d) स्ट्रिंग की सुरक्षा के लिए",a) स्पिन गति बढ़ाने के लिए,1,no mistake,no correction needed,no correction needed,no answer needed
pambaram_22,IBQ,India_IBQ.xlsx,Pambaram,"चित्र में दिखाए गए खेल से, ढीली डोरी का क्या प्रभाव पड़ता है?","a) धीमी स्पिन, b) तेज़ स्पिन, c) लंबी स्पिन अवधि, d) बेहतर नियंत्रण",a) धीमी स्पिन,1,no mistake,no correction needed,no correction needed,no answer needed
pambaram_22,IBQ,India_IBQ.xlsx,Pambaram,"चित्र में दिखाए गए खेल से, इनमें से कौन सा कारक एक आदर्श प्रक्षेपण के लिए महत्वपूर्ण है?","a) फेंकने का कोण, b) डोरी की लंबाई, c) लट्टू का वजन, d) लट्टू का डिज़ाइन",a) फेंक का कोण,1,no mistake,no correction needed,no correction needed,no answer needed
pambaram_23,IBQ,India_IBQ.xlsx,Pambaram,"चित्र में दिखाए गए खेल से, एक सफल खेल किस पर निर्भर करता है?","a) स्थिरता, b) शक्ति, c) भाग्य, d) टीम वर्क",क) संगति,1,no mistake,no correction needed,no correction needed,no answer needed
pambaram_23,IBQ,India_IBQ.xlsx,Pambaram,"चित्र में दिखाए गए खेल से, मैच में प्रतिद्वंद्वियों को मात देने की रणनीति क्या है?","a) ऊपरी हिस्से को एक कोण पर घुमाएँ, b) भारी ऊपरी हिस्से का उपयोग करें, c) अधिक बल से घुमाएँ, d) ऊपरी हिस्से को ज़मीन के करीब घुमाएँ",b) भारी टॉप का उपयोग करें,1,no mistake,no correction needed,no correction needed,no answer needed
pambaram_23,IBQ,India_IBQ.xlsx,Pambaram,चित्र में दिखाए गए खेल में अनुभवी खिलाड़ियों के लिए सामान्य तकनीक क्या है?,"क) स्पिन की दिशा बदलना, ख) खुरदरी सतहों पर स्पिन करना, ग) एकाधिक टॉप का उपयोग करना, घ) टॉप को झटके से फेंकना",d) झटके से टॉप फेंकना,1,no mistake,no correction needed,no correction needed,no answer needed
pambaram_23,IBQ,India_IBQ.xlsx,Pambaram,"चित्र में दिखाए गए खेल से, एक शुरुआती की गलती क्या है?","क) डोरी को पर्याप्त जोर से न खींचना, ख) छोटी डोरी का उपयोग करना, ग) ऊपरी भाग को ढीला पकड़ना, घ) असमान सतह पर घूमना",c) ऊपरी भाग को ढीला पकड़े हुए,1,no mistake,no correction needed,no correction needed,no answer needed
pambaram_24,IBQ,India_IBQ.xlsx,Pambaram,"चित्र में दिखाए गए खेल से, शीर्ष पारंपरिक रूप से कैसे सजाया जाता है?","a) चमकीले रंगों के साथ, b) धातु के छल्लों के साथ, c) नक्काशीदार पैटर्न के साथ, d) उपरोक्त सभी",D। उपरोक्त सभी,1,no mistake,no correction needed,no correction needed,no answer needed
pambaram_24,IBQ,India_IBQ.xlsx,Pambaram,"चित्र में दिखाए गए खेल से, किसी खुरदुरे तार का उपयोग करने का क्या प्रभाव पड़ता है?","a) घर्षण बढ़ाता है, b) घूमने का समय कम करता है, c) नियंत्रण बढ़ाता है, d) घुमाना कठिन बनाता है",a) घर्षण बढ़ाता है,1,no mistake,no correction needed,no correction needed,no answer needed
pambaram_24,IBQ,India_IBQ.xlsx,Pambaram,"चित्र में दिखाए गए खेल से, स्पिनिंग से पहले शीर्ष को संतुलित करने का उद्देश्य क्या है?","a) सीधा घूमना सुनिश्चित करने के लिए, b) इसे तेजी से घुमाने के लिए, c) शोर कम करने के लिए, d) डगमगाने से रोकने के लिए",d) डगमगाने से रोकने के लिए,1,no mistake,no correction needed,no correction needed,no answer needed
pambaram_24,IBQ,India_IBQ.xlsx,Pambaram,"चित्र में दिखाए गए खेल से, हवा चलने की स्थिति में खिलाड़ियों को किस चुनौती का सामना करना पड़ता है?","a) संतुलन बनाए रखने में कठिनाई, b) स्पिन अवधि में कमी, c) टॉप लॉन्च करने में कठिनाई, d) उपरोक्त सभी",D। उपरोक्त सभी,1,no mistake,no correction needed,no correction needed,no answer needed
pambaram_25,IBQ,India_IBQ.xlsx,Pambaram,"चित्र में दिखाए गए खेल से, विभिन्न शीर्ष भार के साथ अभ्यास करने का उद्देश्य क्या है?","क) यह समझने के लिए कि वजन स्पिन को कैसे प्रभावित करता है, ख) ताकत में सुधार करने के लिए, ग) सटीकता बढ़ाने के लिए, घ) सहनशक्ति बढ़ाने के लिए",a) यह समझने के लिए कि वजन स्पिन को कैसे प्रभावित करता है,1,no mistake,no correction needed,no correction needed,no answer needed
pambaram_25,IBQ,India_IBQ.xlsx,Pambaram,"चित्र में दिखाए गए खेल से, एक अच्छी तरह से निर्मित शीर्ष का संकेतक क्या है?","a) चिकनी सतह, b) संतुलित वजन, c) तेज नोक, d) उपरोक्त सभी",D। उपरोक्त सभी,1,no mistake,no correction needed,no correction needed,no answer needed
pambaram_25,IBQ,India_IBQ.xlsx,Pambaram,"चित्र में दिखाए गए खेल से, स्ट्रिंग की गुणवत्ता का परीक्षण करने का एक सामान्य तरीका क्या है?","a) इसकी लोच की जाँच करना, b) इसकी लंबाई मापना, c) इसका वजन करना, d) इसे ऊपर से लपेटना",a) इसकी लोच की जाँच करना,1,no mistake,no correction needed,no correction needed,no answer needed
pambaram_25,IBQ,India_IBQ.xlsx,Pambaram,"चित्र में दिखाए गए खेल से, स्पिन की अवधि किस पर निर्भर करती है?","a) लट्टू का डिज़ाइन, b) डोरी की लंबाई, c) घूमने का बल, d) उपरोक्त सभी",D। उपरोक्त सभी,1,no mistake,no correction needed,no correction needed,no answer needed
pambaram_26,IBQ,India_IBQ.xlsx,Pambaram,"चित्र में दिखाए गए खेल के लिए, एक मानक मैच में कितने प्रतिभागी होते हैं?","ए) 1, बी) 2, सी) 3, डी) 4",बी) 2,1,no mistake,no correction needed,no correction needed,no answer needed
pambaram_26,IBQ,India_IBQ.xlsx,Pambaram,चित्र में दिखाए गए खेल में मुख्य हथियार क्या है?,"A) तलवार, B) भाला, C) धनुष, D) खंजर",ए) तलवार,1,no mistake,no correction needed,no correction needed,no answer needed
pambaram_26,IBQ,India_IBQ.xlsx,Pambaram,"चित्र में दिखाए गए खेल के लिए, एक मानक मैच कितने समय तक चलता है?","A) 3 मिनट, B) 5 मिनट, C) 10 मिनट, D) 15 मिनट",बी) 5 मिनट,1,no mistake,no correction needed,no correction needed,no answer needed
pambaram_26,IBQ,India_IBQ.xlsx,Pambaram,चित्र में दिखाए गए खेल में मुख्य रूप से शरीर के किस भाग को लक्ष्य बनाया जाता है?,"A) पैर, B) भुजाएँ, C) सिर, D) धड़",डी) धड़,1,no mistake,no correction needed,no correction needed,no answer needed
pambaram_27,IBQ,India_IBQ.xlsx,Pambaram,चित्र में दिखाए गए खेल के लिए कौन सा सुरक्षात्मक गियर आवश्यक है?,"A) हेलमेट, B) आर्म गार्ड, C) चेस्ट गार्ड, D) उपरोक्त सभी",D। उपरोक्त सभी,1,no mistake,no correction needed,no correction needed,no answer needed
pambaram_27,IBQ,India_IBQ.xlsx,Pambaram,चित्र में दिखाए गए खेल में प्राथमिक रुख को क्या कहा जाता है?,"A) तटस्थ रुख, B) आक्रामक रुख, C) रक्षात्मक रुख, D) आक्रामक रुख",C) रक्षात्मक रुख,1,no mistake,no correction needed,no correction needed,no answer needed
pambaram_27,IBQ,India_IBQ.xlsx,Pambaram,"चित्र में दिखाए गए खेल के लिए, यह मार्शल आर्ट पारंपरिक रूप से किस क्षेत्र से है?","ए) मणिपुर, बी) असम, सी) केरल, डी) पंजाब",ए) मणिपुर,1,no mistake,no correction needed,no correction needed,no answer needed
pambaram_27,IBQ,India_IBQ.xlsx,Pambaram,चित्र में दिखाए गए खेल के लिए निम्नलिखित में से कौन सा पारंपरिक हथियार इस्तेमाल नहीं किया जाता है?,"A) भाला, B) ढाल, C) धनुष और बाण, D) नुनचाकू",D) नुनचाकू,1,no mistake,no correction needed,no correction needed,no answer needed
pambaram_28,IBQ,India_IBQ.xlsx,Pambaram,चित्र में दर्शाए गए खेल में प्रतिस्पर्धा करने के लिए न्यूनतम आयु क्या है?,"A) 12 वर्ष, B) 14 वर्ष, C) 16 वर्ष, D) 18 वर्ष",सी) 16 वर्ष,0,"The question asks about the minimum age for competing in the sport shown in the image. However, no image was provided. Therefore, it's impossible to verify the factual correctness of the question or answer. Assuming the image shows Gymnastics, the minimum age is indeed 16 for certain international competitions, but without the image, this is just an assumption. Additionally, the question lacks specificity regarding the *level* of competition (e.g., national, international, professional).",चित्र में दर्शाए गए खेल में अंतर्राष्ट्रीय स्तर पर प्रतिस्पर्धा करने के लिए न्यूनतम आयु क्या है?,"A) 12 वर्ष, B) 14 वर्ष, C) 16 वर्ष, D) 18 वर्ष",सी) 16 वर्ष
pambaram_28,IBQ,India_IBQ.xlsx,Pambaram,"चित्र में दिखाए गए खेल में, निम्नलिखित में से कौन सी सफलता के लिए प्रमुख विशेषता है?","A) गति, B) शक्ति, C) लचीलापन, D) उपरोक्त सभी",D। उपरोक्त सभी,1,no mistake,no correction needed,no correction needed,no answer needed
pambaram_28,IBQ,India_IBQ.xlsx,Pambaram,चित्र में दिखाए गए खेल के लिए स्कोरिंग पद्धति क्या है?,"ए) अंक प्रणाली, बी) नॉकआउट, सी) सबमिशन, डी) समय-आधारित",ए) अंक प्रणाली,1,no mistake,no correction needed,no correction needed,no answer needed
pambaram_28,IBQ,India_IBQ.xlsx,Pambaram,चित्र में दिखाया गया खेल आमतौर पर किस मौसम में खेला जाता है?,"A) शीत ऋतु, B) ग्रीष्म ऋतु, C) मानसून, D) सभी ऋतुएँ",D) सभी मौसम,1,no mistake,no correction needed,no correction needed,no answer needed
pambaram_29,IBQ,India_IBQ.xlsx,Pambaram,चित्र में दिखाए गए खेल का प्राथमिक लक्ष्य क्या है?,"A) क्षेत्र की रक्षा करें, B) प्रतिद्वंद्वी को गिरा दें, C) लक्ष्य पर प्रहार करें, D) हमलों को रोकें",बी) प्रतिद्वंद्वी को गिराना,1,no mistake,no correction needed,no correction needed,no answer needed
pambaram_29,IBQ,India_IBQ.xlsx,Pambaram,चित्र में दिखाए गए खेल में शारीरिक फिटनेस का कौन सा पहलू सबसे महत्वपूर्ण है?,"A) धीरज, B) चपलता, C) शक्ति, D) संतुलन",बी) चपलता,1,no mistake,no correction needed,no correction needed,no answer needed
pambaram_29,IBQ,India_IBQ.xlsx,Pambaram,चित्र में दिखाए गए खेल के लिए पारंपरिक पोशाक को क्या कहा जाता है?,"ए) डोबोक, बी) जीआई, सी) फैनेक, डी) लुंगिस",C) फानेक,1,no mistake,no correction needed,no correction needed,no answer needed
pambaram_29,IBQ,India_IBQ.xlsx,Pambaram,चित्र में दिखाए गए खेल के लिए विजेता का निर्धारण कैसे किया जाता है?,"A) सबसे पहले 10 अंक प्राप्त करने वाला, B) नॉकआउट, C) जजों का निर्णय, D) प्रतिद्वंद्वी का हटना",C) न्यायाधीशों का निर्णय,1,no mistake,no correction needed,no correction needed,no answer needed
pambaram_30,IBQ,India_IBQ.xlsx,Pambaram,चित्र में दिखाए गए खेल में बचाव के लिए निम्नलिखित में से किसका उपयोग किया जाता है?,"A) तलवार, B) भाला, C) ढाल, D) कोई नहीं",सी) ढाल,1,no mistake,no correction needed,no correction needed,no answer needed
pambaram_30,IBQ,India_IBQ.xlsx,Pambaram,"चित्र में दिखाए गए खेल के लिए, रक्षा हेतु कौन सा कौशल महत्वपूर्ण है?","A) समय, B) शक्ति, C) धीरज, D) शक्ति",ए) समय,1,no mistake,no correction needed,no correction needed,no answer needed
pambaram_30,IBQ,India_IBQ.xlsx,Pambaram,चित्र में दिखाए गए खेल में निम्नलिखित में से कौन सी चाल निषिद्ध है?,"A) सिर पर प्रहार करना, B) तलवार पकड़ना, C) लात मारना, D) उपरोक्त सभी",बी) तलवार पकड़ना,1,no mistake,no correction needed,no correction needed,no answer needed
pambaram_30,IBQ,India_IBQ.xlsx,Pambaram,"चित्र में दिखाए गए खेल के लिए, एक मानक मैच में कितने राउंड होते हैं?","A) 1 राउंड, B) 2 राउंड, C) 3 राउंड, D) 5 राउंड",सी) 3 राउंड,1,no mistake,no correction needed,no correction needed,no answer needed
pambaram_31,IBQ,India_IBQ.xlsx,Pambaram,चित्र में दिखाए गए खेल में सफल आक्रमण के लिए क्या शब्द है?,"A) स्ट्राइक, B) हिट, C) पॉइंट, D) स्लैश",सी) बिंदु,1,no mistake,no correction needed,no correction needed,no answer needed
pambaram_31,IBQ,India_IBQ.xlsx,Pambaram,चित्र में दिखाए गए खेल के लिए प्रत्येक खिलाड़ी का प्राथमिक उद्देश्य क्या है?,"A) राउंड में जीवित रहना, B) सबसे अधिक अंक प्राप्त करना, C) अखाड़े की रक्षा करना, D) बिना चोट पहुंचाए हमला करना",B) सबसे अधिक अंक प्राप्त करें,1,no mistake,no correction needed,no correction needed,no answer needed
pambaram_31,IBQ,India_IBQ.xlsx,Pambaram,"चित्र में दिखाए गए खेल में, निम्नलिखित में से कौन सी रणनीति मान्य है?","A) बार-बार पीछे हटना, B) आक्रामक हमले, C) रक्षात्मक अवरोधन, D) B और C दोनों",D) B और C दोनों,1,no mistake,no correction needed,no correction needed,no answer needed
pambaram_31,IBQ,India_IBQ.xlsx,Pambaram,"चित्र में दिखाए गए खेल के लिए, मैच आमतौर पर किस प्रकार की सतह पर खेला जाता है?","A) घास, B) रेत, C) लकड़ी का फर्श, D) गंदगी",C) लकड़ी का फर्श,1,no mistake,no correction needed,no correction needed,no answer needed
pambaram_32,IBQ,India_IBQ.xlsx,Pambaram,चित्र में दिखाए गए खेल में रेफरी की भूमिका क्या है?,"A) स्कोरकीपर, B) टाइमकीपर, C) नियम लागू करना, D) उपरोक्त सभी",D। उपरोक्त सभी,1,no mistake,no correction needed,no correction needed,no answer needed
pambaram_32,IBQ,India_IBQ.xlsx,Pambaram,चित्र में दिखाए गए खेल में फुटवर्क का क्या महत्व है?,"A) संतुलन बनाए रखें, B) चपलता बढ़ाएँ, C) हमलों से बचें, D) उपरोक्त सभी",D। उपरोक्त सभी,1,no mistake,no correction needed,no correction needed,no answer needed
pambaram_32,IBQ,India_IBQ.xlsx,Pambaram,"चित्र में दिखाए गए खेल के लिए, यदि कोई खिलाड़ी नियमों का उल्लंघन करता है तो क्या होगा?","A) चेतावनी, B) अयोग्यता, C) अंक कटौती, D) उपरोक्त में से कोई भी",D) उपरोक्त में से कोई भी,1,no mistake,no correction needed,no correction needed,no answer needed
pambaram_32,IBQ,India_IBQ.xlsx,Pambaram,"चित्र में दिखाए गए खेल में, बराबरी वाले मैच का समाधान कैसे किया जाता है?","A) अतिरिक्त समय, B) अचानक मौत, C) रेफरी का निर्णय, D) सिक्का उछालना",बी) अचानक मृत्यु,1,no mistake,no correction needed,no correction needed,no answer needed
pambaram_33,IBQ,India_IBQ.xlsx,Pambaram,चित्र में दिखाए गए खेल में यदि किसी खिलाड़ी का हथियार टूट जाए तो क्या होगा?,"A) तत्काल हार, B) रेफरी मैच रोक देता है, C) प्रतिद्वंद्वी जीत जाता है, D) अयोग्यता",B) रेफरी मैच रोक देता है,1,no mistake,no correction needed,no correction needed,no answer needed
pambaram_33,IBQ,India_IBQ.xlsx,Pambaram,चित्र में दिखाए गए खेल के लिए ढाल का उद्देश्य क्या है?,"A) प्रतिद्वंद्वी पर हमला करना, B) हमलों को रोकना, C) प्रतिद्वंद्वी को ताना मारना, D) सिर की रक्षा करना",बी) हमलों को विक्षेपित करना,1,no mistake,no correction needed,no correction needed,no answer needed
pambaram_33,IBQ,India_IBQ.xlsx,Pambaram,"चित्र में दिखाए गए खेल के लिए, निम्नलिखित में से किससे अंक प्राप्त हो सकता है?","A) प्रतिद्वंद्वी के धड़ पर प्रहार करना, B) पैरों पर प्रहार करना, C) सिर पर प्रहार करना, D) उपरोक्त सभी",D। उपरोक्त सभी,0,"The question refers to an image which is not provided. Without the image, it's impossible to determine if the question and answer are factually correct or logically sound. The question seems to be about a combat sport like boxing or martial arts, and striking the head, body, or legs can score points, but this depends on the *specific* rules of the sport depicted in the image. Assuming the sport allows all these strikes, the answer is correct, but it's an assumption. The options could be more specific (e.g., mentioning specific techniques or areas).","चित्र में दिखाए गए खेल के लिए, निम्नलिखित में से कौन सी हरकत से अंक प्राप्त हो सकता है?","['A) वैध पंच या किक से प्रतिद्वंद्वी के धड़ पर प्रहार करना', 'B) वैध किक से प्रतिद्वंद्वी के पैरों पर प्रहार करना', 'C) वैध पंच से प्रतिद्वंद्वी के सिर पर प्रहार करना', 'D) उपरोक्त सभी']",D) उपरोक्त सभी
pambaram_33,IBQ,India_IBQ.xlsx,Pambaram,"चित्र में दिखाए गए खेल के लिए, आमतौर पर कितने जज मैच का स्कोर देते हैं?","ए) 1, बी) 2, सी) 3, डी) 4",सी) 3,1,no mistake,no correction needed,no correction needed,no answer needed
pambaram_34,IBQ,India_IBQ.xlsx,Pambaram,चित्र में दिखाए गए खेल के लिए विवादों का समाधान कैसे किया जाता है?,"A) सिक्का उछालना, B) मुख्य रेफरी का निर्णय, C) खिलाड़ी का निर्णय, D) राउंड को पुनः खेलना",बी) मुख्य रेफरी का निर्णय,1,no mistake,no correction needed,no correction needed,no answer needed
pambaram_34,IBQ,India_IBQ.xlsx,Pambaram,"चित्र में दिखाए गए खेल में, निम्नलिखित में से कौन सा स्कोरिंग प्रणाली का हिस्सा नहीं है?","A) परिशुद्धता, B) शक्ति, C) रूप, D) खेल भावना",डी) खेल भावना,1,no mistake,no correction needed,no correction needed,no answer needed
pambaram_34,IBQ,India_IBQ.xlsx,Pambaram,चित्र में दिखाए गए खेल के लिए रक्षात्मक ब्लॉक का क्या अर्थ है?,"A) पैरी, B) गार्ड, C) डिफ्लेक्ट, D) शील्ड",ए) पैरी,1,no mistake,no correction needed,no correction needed,no answer needed
pambaram_34,IBQ,India_IBQ.xlsx,Pambaram,चित्र में दिखाए गए खेल के लिए ड्रॉ का प्रबंधन कैसे किया जाता है?,"A) मैच पुनः खेलना, B) दोनों खिलाड़ियों को पुरस्कार देना, C) अचानक मृत्यु, D) जजों का निर्णय",C) अचानक मृत्यु,1,no mistake,no correction needed,no correction needed,no answer needed
dhop_khel_1,IBQ,India_IBQ.xlsx,Dhop Khel,"चित्र में दिखाए गए खेल से, खेल का प्राथमिक उद्देश्य क्या है?","क) दौड़कर स्कोर करना, ख) प्रतिद्वंद्वी को मारना, ग) गेंद पास करना, घ) झंडा पकड़ना",a) दौड़कर स्कोर करना,1,no mistake,no correction needed,no correction needed,no answer needed
dhop_khel_1,IBQ,India_IBQ.xlsx,Dhop Khel,"चित्र में दिखाए गए खेल से, खेल शुरू करने के लिए क्या उपयोग किया जाता है?","a) सिक्का उछालना, b) सीटी बजाना, c) गेंद फेंकना, d) शुरुआती हॉर्न बजाना",ग) एक गेंद फेंकना,1,no mistake,no correction needed,no correction needed,no answer needed
dhop_khel_1,IBQ,India_IBQ.xlsx,Dhop Khel,"चित्र में दिखाए गए खेल के अनुसार, प्रत्येक टीम में आमतौर पर कितने खिलाड़ी होते हैं?","a) 5 खिलाड़ी, b) 7 खिलाड़ी, c) 9 खिलाड़ी, d) 11 खिलाड़ी",b) 7 खिलाड़ी,1,no mistake,no correction needed,no correction needed,no answer needed
dhop_khel_1,IBQ,India_IBQ.xlsx,Dhop Khel,"चित्र में दिखाए गए खेल से, केंद्रीय रेखा का क्या महत्व है?","a) मैदान को विभाजित करता है, b) स्कोरिंग क्षेत्र को चिह्नित करता है, c) फ़ाउल लाइन को इंगित करता है, d) टीम की सीमा को चिह्नित करता है",a) क्षेत्र को विभाजित करता है,1,no mistake,no correction needed,no correction needed,no answer needed
dhop_khel_2,IBQ,India_IBQ.xlsx,Dhop Khel,चित्र में दिखाए गए खेल में आमतौर पर किस प्रकार की गेंद का उपयोग किया जाता है?,"a) चमड़े की गेंद, b) रबर की गेंद, c) लकड़ी की गेंद, d) प्लास्टिक की गेंद",b) रबर की गेंद,1,no mistake,no correction needed,no correction needed,no answer needed
dhop_khel_2,IBQ,India_IBQ.xlsx,Dhop Khel,चित्र में दिखाए गए खेल से स्कोरिंग के लिए मुख्य रणनीति क्या है?,"क) गेंद को तेजी से पास करना, ख) प्रतिद्वंद्वी के स्पर्श से बचना, ग) प्रतिद्वंद्वी के क्षेत्र से भागना, घ) प्रतिद्वंद्वी के गोलपोस्ट पर गेंद मारना",c) प्रतिद्वंद्वी के क्षेत्र से होकर दौड़ना,1,no mistake,no correction needed,no correction needed,no answer needed
dhop_khel_2,IBQ,India_IBQ.xlsx,Dhop Khel,"चित्र में दिखाए गए खेल में से, विरोधियों को चकमा देने के लिए कौन सा कौशल सबसे महत्वपूर्ण है?","क) चपलता, ख) शक्ति, ग) सहनशक्ति, घ) लचीलापन",क) चपलता,1,no mistake,no correction needed,no correction needed,no answer needed
dhop_khel_2,IBQ,India_IBQ.xlsx,Dhop Khel,"चित्र में दिखाए गए खेल से, एक मैच की सामान्य अवधि क्या है?","a) 20 मिनट, b) 30 मिनट, c) 40 मिनट, d) 60 मिनट",ख) 30 मिनट,1,no mistake,no correction needed,no correction needed,no answer needed
dhop_khel_3,IBQ,India_IBQ.xlsx,Dhop Khel,"चित्र में दिखाए गए खेल के अनुसार, जब कोई खिलाड़ी खेल की सीमा से बाहर कदम रखता है तो क्या होता है?","a) टीम एक अंक खो देती है, b) खिलाड़ी को अयोग्य घोषित कर दिया जाता है, c) गेंद प्रतिद्वंद्वी को दे दी जाती है, d) फाउल घोषित कर दिया जाता है",ग) गेंद प्रतिद्वंद्वी को दे दी जाती है,1,no mistake,no correction needed,no correction needed,no answer needed
dhop_khel_3,IBQ,India_IBQ.xlsx,Dhop Khel,चित्र में दिखाए गए खेल से विजेता का निर्धारण कैसे होता है?,"a) बनाए गए रनों की संख्या से, b) बनाए गए अंकों से, c) टैग किए गए विरोधियों की संख्या से, d) बचे समय से",ख) अर्जित अंकों के आधार पर,1,no mistake,no correction needed,no correction needed,no answer needed
dhop_khel_3,IBQ,India_IBQ.xlsx,Dhop Khel,"चित्र में दिखाए गए खेल से, बचाव करने वाली टीम की भूमिका क्या है?","a) धावकों को टैग करना, b) अंक अर्जित करना, c) गेंद को पास करना, d) गोल को रोकना",a) धावकों को टैग करना,1,no mistake,no correction needed,no correction needed,no answer needed
dhop_khel_3,IBQ,India_IBQ.xlsx,Dhop Khel,"चित्र में दिखाए गए खेल के अनुसार, जब गेंद प्रतिद्वंद्वी द्वारा पकड़ ली जाती है तो क्या होता है?","a) खेल पुनः शुरू होता है, b) कैचर को एक अंक मिलता है, c) गेंद फेंकने वाला खिलाड़ी आउट हो जाता है, d) टीम को गेंद पर कब्ज़ा मिल जाता है",d) टीम ने कब्ज़ा हासिल कर लिया,1,no mistake,no correction needed,no correction needed,no answer needed
dhop_khel_4,IBQ,India_IBQ.xlsx,Dhop Khel,"चित्र में दिखाए गए खेल के आधार पर, एक टीम रक्षात्मक से आक्रामक स्थिति में कैसे परिवर्तित होती है?","a) गेंद पकड़कर, b) प्रतिद्वंद्वी को टैग करके, c) अंक प्राप्त करके, d) रेफरी के निर्णय द्वारा",a) गेंद पकड़कर,1,no mistake,no correction needed,no correction needed,no answer needed
dhop_khel_4,IBQ,India_IBQ.xlsx,Dhop Khel,चित्र में दिखाए गए खेल में खेल के दौरान कौन सी क्रिया की अनुमति नहीं है?,"क) गेंद के साथ दौड़ना, ख) गेंद पास करना, ग) प्रतिद्वंद्वी को टैग करना, घ) सीमा से बाहर कदम रखना",a) गेंद के साथ दौड़ना,1,no mistake,no correction needed,no correction needed,no answer needed
dhop_khel_4,IBQ,India_IBQ.xlsx,Dhop Khel,"चित्र में दिखाए गए खेल से, फाउल कैसे किया जाता है?","क) प्रतिद्वंद्वी को मारकर, ख) केंद्रीय रेखा पार करके, ग) गेंद को बहुत देर तक रोककर, घ) सीमा से बाहर निकलकर",b) केंद्रीय रेखा को पार करके,0,"The question asks how a foul is committed in the sport shown in the image. Without the image, it's impossible to verify if crossing the central line is a foul in that sport. However, based on general sports knowledge and the options provided, the question appears to be referring to basketball or volleyball. If so, option (b) is not a typical foul. Fouls are generally committed by physical contact (a), holding the ball for too long (c), or going out of bounds (d).","चित्र में दिखाए गए खेल में, निम्नलिखित में से कौन सा कार्य फाउल माना जाएगा?","['क) प्रतिद्वंद्वी को मारकर', 'ख) गेंद को बहुत देर तक रोककर', 'ग) सीमा से बाहर निकलकर', 'घ) शारीरिक संप��्क करना']",क) प्रतिद्वंद्वी को मारकर
dhop_khel_4,IBQ,India_IBQ.xlsx,Dhop Khel,"चित्र में दिखाए गए खेल से, प्राथमिक रक्षात्मक रणनीति क्या है?","a) गेंद को रोकना, b) प्रतिद्वंद्वी को टैग करना, c) गेंद को तेज़ी से पास करना, d) गोल को कवर करना",ख) प्रतिद्वंद्वी को टैग करना,1,no mistake,no correction needed,no correction needed,no answer needed
dhop_khel_5,IBQ,India_IBQ.xlsx,Dhop Khel,"चित्र में दिखाए गए खेल से, बचाव करने वाली टीम को गेंद फेंकने का उद्देश्य क्या है?","क) खेल को पुनः शुरू करना, ख) कब्जा देना, ग) बचाव शुरू करना, घ) खेल समाप्त करना",c) बचाव शुरू करना,1,no mistake,no correction needed,no correction needed,no answer needed
dhop_khel_5,IBQ,India_IBQ.xlsx,Dhop Khel,चित्र में दिखाए गए खेल के लिए कौन सा उपकरण आवश्यक है?,"a) हेलमेट, b) बल्ला, c) गेंद, d) दस्ताने",ग) एक गेंद,1,no mistake,no correction needed,no correction needed,no answer needed
dhop_khel_5,IBQ,India_IBQ.xlsx,Dhop Khel,चित्र में दिखाए गए खेल से स्कोरिंग की मुख्य विधि क्या है?,"a) गेंद को मारना, b) बेस के बीच दौड़ना, c) मैदान के पार गेंद को पास करना, d) दौड़कर स्कोर करना",d) दौड़कर स्कोर करना,1,no mistake,no correction needed,no correction needed,no answer needed
dhop_khel_5,IBQ,India_IBQ.xlsx,Dhop Khel,चित्र में दिखाए गए खेल में कोई खिलाड़ी टैग होने से कैसे बचता है?,"a) तेज़ दौड़कर, b) चकमा देकर, c) छिपकर, d) गेंद फेंककर",ख) चकमा देकर,1,no mistake,no correction needed,no correction needed,no answer needed
dhop_khel_6,IBQ,India_IBQ.xlsx,Dhop Khel,"चित्र में दिखाए गए खेल से, सीमा रेखाओं का क्या महत्व है?","क) स्कोरिंग क्षेत्र को चिह्नित करता है, ख) इंगित करता है कि खिलाड़ी कहां जा सकते हैं, ग) टीमों को विभाजित करता है, घ) गोल क्षेत्र को चिह्नित करता है",b) इंगित करता है कि खिलाड़ी कहाँ जा सकते हैं,1,no mistake,no correction needed,no correction needed,no answer needed
dhop_khel_6,IBQ,India_IBQ.xlsx,Dhop Khel,"चित्र में दिखाए गए खेल से, केंद्रीय सर्कल क्या भूमिका निभाता है?","क) यह वह स्थान है जहाँ खेल शुरू होता है, ख) यह स्कोरिंग क्षेत्र है, ग) यह वह स्थान है जहाँ खिलाड़ी आराम करते हैं, घ) यह रक्षा क्षेत्र है",क) यहीं से खेल शुरू होता है,1,no mistake,no correction needed,no correction needed,no answer needed
dhop_khel_6,IBQ,India_IBQ.xlsx,Dhop Khel,चित्र में दिखाए गए खेल में स्कोर करने के बाद क्या क्रिया की जाती है?,"a) खेल रुक जाता है, b) विरोधी टीम गेंद पर कब्ज़ा कर लेती है, c) टीम जश्न मनाती है, d) खेल समाप्त हो जाता है",b) विरोधी टीम कब्ज़ा कर लेती है,0,"The question asks what happens *after* scoring in the game shown in the image. The correct answer should relate to the continuation of the game, but 'the opposing team takes possession' is not the immediate action. While it eventually happens, the immediate action is a kickoff or face-off depending on the sport. The provided answer is too broad. The question lacks context because it doesn’t specify which sport is shown in the picture.",चित्र में दिखाए गए खेल में गोल करने के बाद तुरंत क्या होता है?,"['a) खेल रुक जाता है', 'b) खेल फिर से शुरू होता है', 'c) टीम जश्न मनाती है', 'd) खेल समाप्त हो जाता है']",b) खेल फिर से शुरू होता है
dhop_khel_6,IBQ,India_IBQ.xlsx,Dhop Khel,"चित्र में दिखाए गए खेल से, स्कोरिंग को रोकने का एक सामान्य तरीका क्या है?","a) धावक को रोकना, b) गेंद को पकड़ना, c) सीमा से बाहर कदम रखना, d) गेंद को पास करना",a) धावक को रोकना,1,no mistake,no correction needed,no correction needed,no answer needed
dhop_khel_7,IBQ,India_IBQ.xlsx,Dhop Khel,"चित्र में दिखाए गए खेल से, सफल टैग का परिणाम क्या है?","a) टैग किया गया खिलाड़ी आउट हो जाता है, b) टीम स्कोर करती है, c) खेल पुनः शुरू होता है, d) टीम अंक खो देती है",a) टैग किया गया खिलाड़ी आउट हो गया है,1,no mistake,no correction needed,no correction needed,no answer needed
dhop_khel_7,IBQ,India_IBQ.xlsx,Dhop Khel,"चित्र में दिखाए गए खेल से, टीमवर्क किस प्रकार महत्वपूर्ण है?","a) गेंद पास करने के लिए, b) गोल की रक्षा के लिए, c) रणनीति बनाने के लिए, d) विरोधियों को टैग करने के लिए",c) रणनीति बनाने के लिए,1,no mistake,no correction needed,no correction needed,no answer needed
dhop_khel_7,IBQ,India_IBQ.xlsx,Dhop Khel,चित्र में दिखाए गए खेल से कौन सी शारीरिक विशेषता सबसे अधिक लाभदायक है?,"a) गति, b) शक्ति, c) धीरज, d) चपलता",क) गति,1,no mistake,no correction needed,no correction needed,no answer needed
dhop_khel_7,IBQ,India_IBQ.xlsx,Dhop Khel,"चित्र में दिखाए गए खेल के अनुसार, यदि कोई टीम अधिक अंक प्राप्त कर ले तो क्या होगा?","a) खेल समाप्त हो जाता है, b) टीम तुरंत जीत जाती है, c) खेल जारी रहता है, d) टीम गेंद पर कब्जा खो देती है",c) खेल जारी है,1,no mistake,no correction needed,no correction needed,no answer needed
dhop_khel_8,IBQ,India_IBQ.xlsx,Dhop Khel,"चित्र में दिखाए गए खेल के अनुसार, रेफरी की सीटी का क्या महत्व है?","a) खेल शुरू करता है, b) खेल समाप्त करता है, c) फ़ाउल का संकेत देता है, d) टाइम-आउट का संकेत देता है",c) बेईमानी का संकेत देता है,0,"The correct answer provided ('बेईमानी का संकेत देता है' - indicates foul) doesn't match the commonly understood meaning of a referee's whistle in most sports. While a whistle *can* indicate a foul, it's not its sole or primary function. The question is asking about the significance of the whistle in the *displayed* sport and without the image, it's difficult to assess specific contexts. Also, the phrase 'बेईमानी का संकेत देता है' is slightly awkward; 'फ़ाउल का संकेत देता है' is more standard. The options are also not perfectly aligned with the question - a whistle can start/end play or indicate timeouts.","चित्र में दिखाए गए खेल के अनुसार, रेफरी की सीटी बजाने का क्या उद्देश्य है?","a) खेल ���ुरू करना, b) खेल समाप्त करना, c) फ़ाउल दिखाना, d) समय समाप्त होने का संकेत देना",c) फ़ाउल दिखाना
dhop_khel_8,IBQ,India_IBQ.xlsx,Dhop Khel,"चित्र में दिखाए गए खेल के अनुसार, सीमा से बाहर कदम रखने पर क्या दंड है?","a) टीम एक अंक खो देती है, b) खिलाड़ी अयोग्य घोषित कर दिया जाता है, c) टीम गेंद पर कब्ज़ा कर लेती है, d) खेल रुक जाता है",b) खिलाड़ी को अयोग्य घोषित कर दिया गया है,1,no mistake,no correction needed,no correction needed,no answer needed
dhop_khel_8,IBQ,India_IBQ.xlsx,Dhop Khel,चित्र में दिखाए गए खेल से कप्तान की भूमिका क्या है?,"क) टीम का नेतृत्व करना, ख) रणनीति तय करना, ग) रेफरी के साथ संवाद करना, घ) उपरोक्त सभी",D। उपरोक्त सभी,1,no mistake,no correction needed,no correction needed,no answer needed
dhop_khel_8,IBQ,India_IBQ.xlsx,Dhop Khel,"चित्र में दिखाए गए खेल से, खेल को पुनः आरंभ करने का सामान्य तरीका क्या है?","a) थ्रो-इन, b) किक-ऑफ, c) बॉल ड्रॉप, d) सीटी बजाना",a) एक थ्रो-इन,1,no mistake,no correction needed,no correction needed,no answer needed
dhop_khel_9,IBQ,India_IBQ.xlsx,Dhop Khel,"चित्र में दिखाए गए खेल से, गति का क्या महत्व है?","a) त्वरित स्कोरिंग के लिए, b) टैग से बचने के लिए, c) ज़ोन के बीच दौड़ने के लिए, d) उपरोक्त सभी",D। उपरोक्त सभी,1,no mistake,no correction needed,no correction needed,no answer needed
dhop_khel_9,IBQ,India_IBQ.xlsx,Dhop Khel,चित्र में दिखाए गए खेल से टीम को किस प्रकार लाभ प्राप्त होता है?,"a) अंक अर्जित करके, b) विरोधियों को टैग करके, c) गेंद पकड़कर, d) उपरोक्त सभी",D। उपरोक्त सभी,1,no mistake,no correction needed,no correction needed,no answer needed
dhop_khel_9,IBQ,India_IBQ.xlsx,Dhop Khel,"चित्र में दिखाए गए खेल से, शारीरिक सहनशक्ति की क्या भूमिका है?","क) लम्बी दूरी तक दौड़ने के लिए, ख) पूरे मैच में टिके रहने के लिए, ग) प्रभावी ढंग से बचाव करने के लिए, घ) गति बनाए रखने के लिए",b) पूरे मैच तक चलने के लिए,1,no mistake,no correction needed,no correction needed,no answer needed
dhop_khel_9,IBQ,India_IBQ.xlsx,Dhop Khel,"चित्र में दिखाए गए खेल के अनुसार, जब कोई खिलाड़ी स्कोर करता है तो क्या होता है?","a) टीम को अंक मिलते हैं, b) टीम गेंद पर से कब्जा खो देती है, c) खेल समाप्त हो जाता है, d) प्रतिद्वंद्वी गेंद ले लेता है",a) टीम को अंक मिलते हैं,1,no mistake,no correction needed,no correction needed,no answer needed
dhop_khel_10,IBQ,India_IBQ.xlsx,Dhop Khel,"चित्र में दिखाए गए खेल से, संचार टीम को किस प्रकार मदद करता है?","a) रणनीति बनाकर, b) चालों का समन्वय करके, c) टीम के साथियों को सतर्क करके, d) उपरोक्त सभी",D। उपरोक्त सभी,1,no mistake,no correction needed,no correction needed,no answer needed
dhop_khel_10,IBQ,India_IBQ.xlsx,Dhop Khel,"चित्र में दिखाए गए खेल से, रक्षकों का मुख्य उद्देश्य क्या है?","a) स्कोरिंग रोकने के लिए, b) गेंद पास करने के लिए, c) अंक स्कोर करने के लिए, d) विरोधियों को रोकने के लिए",a) स्कोरिंग को रोकने के लिए,1,no mistake,no correction needed,no correction needed,no answer needed
dhop_khel_10,IBQ,India_IBQ.xlsx,Dhop Khel,"चित्र में दिखाए गए खेल के अनुसार, फाउल का परिणाम क्या होता है?","a) टीम एक अंक खो देती है, b) खेल पुनः शुरू हो जाता है, c) प्रतिद्वंद्वी गेंद पर कब्ज़ा कर लेता है, d) खेल रुक जाता है",c) प्रतिद्वंद्वी को कब्ज़ा मिल जाता है,1,no mistake,no correction needed,no correction needed,no answer needed
dhop_khel_10,IBQ,India_IBQ.xlsx,Dhop Khel,"चित्र में दिखाए गए खेल के आधार पर, प्रतिद्वंद्वी से बचने का सामान्य तरीका क्या है?","क) दिशा में त्वरित परिवर्तन, ख) लंबी छलांग, ग) ऊंची किक, घ) तेज दौड़",क) दिशा में त्वरित परिवर्तन,1,no mistake,no correction needed,no correction needed,no answer needed
dhop_khel_11,IBQ,India_IBQ.xlsx,Dhop Khel,चित्र में दिखाए गए खेल के अनुसार खिलाड़ियों के लिए कौन से उपकरण आवश्यक हैं?,"a) सुरक्षात्मक गियर, b) एक गेंद, c) वर्दी, d) उपरोक्त सभी",ख) एक गेंद,0,"The question asks about the necessary equipment for the sport shown in the image, but the correct answer 'ख) एक गेंद' (a ball) is incomplete. While a ball *is* necessary, it isn't the *only* necessary equipment. Protective gear and uniforms are also essential for most sports. The question is also poorly worded, asking what equipment is 'necessary' when 'primarily used' or 'most important' might be more appropriate depending on the image. The question and answer do not accurately reflect the equipment required in most sports.",चित्र में दिखाए गए खेल के लिए खिलाड़ियों को किन उपकरणों की आवश्यकता होती है?,"a) सुरक्षात्मक गियर, b) एक गेंद, c) वर्दी, d) उपरोक्त सभी",घ) उपरोक्त स���ी
dhop_khel_11,IBQ,India_IBQ.xlsx,Dhop Khel,"चित्र में दिखाए गए खेल के अनुसार, सफल टैग के लिए क्या आवश्यक है?","a) सटीकता और समय, b) गति और शक्ति, c) चपलता और समन्वय, d) उपरोक्त सभी",क) सटीकता और समय,1,no mistake,no correction needed,no correction needed,no answer needed
dhop_khel_11,IBQ,India_IBQ.xlsx,Dhop Khel,चित्र में दिखाए गए खेल में साइडलाइन की क्या भूमिका है?,"क) सीमाओं को चिह्नित करना, ख) स्कोरिंग क्षेत्रों को निर्दिष्ट करना, ग) सुरक्षित क्षेत्रों को इंगित करना, घ) टीमों को अलग करना",a) सीमाओं को चिह्नित करने के लिए,1,no mistake,no correction needed,no correction needed,no answer needed
dhop_khel_11,IBQ,India_IBQ.xlsx,Dhop Khel,"चित्र में दिखाए गए खेल से, एक खिलाड़ी के लिए प्रमुख कौशल क्या है?","क) त्वरित प्रतिक्रिया, ख) लंबी दूरी की दृष्टि, ग) उच्च सहनशक्ति, घ) मजबूत टैकलिंग",a) त्वरित सजगता,1,no mistake,no correction needed,no correction needed,no answer needed
dhop_khel_12,IBQ,India_IBQ.xlsx,Dhop Khel,"चित्र में दिखाए गए खेल से, प्रतिद्वंद्वी को मात देने के लिए किस रणनीति का उपयोग किया जा सकता है?","क) छल और धोखे, ख) लंबे पास, ग) रक्षात्मक स्थिति, घ) आक्रामक दौड़",क) छल और जालसाजी,1,no mistake,no correction needed,no correction needed,no answer needed
dhop_khel_12,IBQ,India_IBQ.xlsx,Dhop Khel,चित्र में दिखाए गए खेल से आमतौर पर खेल की समाप्ति का संकेत कैसे मिलता है?,"क) सीटी बजाना, ख) अंतिम स्कोर की घोषणा, ग) हाथ मिलाना, घ) खिलाड़ियों का एकत्र होना",क) सीटी बजाना,1,no mistake,no correction needed,no correction needed,no answer needed
dhop_khel_12,IBQ,India_IBQ.xlsx,Dhop Khel,"चित्र में दिखाए गए खेल से, गोल क्षेत्र का प्राथमिक कार्य क्या है?","a) स्कोरिंग, b) डिफेंस, c) प्रतिस्थापन, d) आराम",क) स्कोरिंग,1,no mistake,no correction needed,no correction needed,no answer needed
dhop_khel_12,IBQ,India_IBQ.xlsx,Dhop Khel,"चित्र में दिखाए गए खेल के अनुसार, मैच के दौरान कोच क्या भूमिका निभाते हैं?","क) निरीक्षण करना और सलाह देना, ख) टीम के साथ खेलना, ग) खेल का संचालन करना, घ) स्कोरिंग करना",क) निरीक्षण करना और सलाह देना,1,no mistake,no correction needed,no correction needed,no answer needed
dhop_khel_13,IBQ,India_IBQ.xlsx,Dhop Khel,"चित्र में दिखाए गए खेल के अनुसार, खेल भावना के विपरीत आचरण के लिए सामान्य दंड क्या है?","क) निलंबन, ख) अंक कटौती, ग) प्रतिद्वंद्वी को फ्री थ्रो, घ) टीम अयोग्यता",क) निलंबन,1,no mistake,no correction needed,no correction needed,no answer needed
dhop_khel_13,IBQ,India_IBQ.xlsx,Dhop Khel,चित्र में दिखाए गए खेल से खिलाड़ी अपनी टीम वर्क को कैसे बढ़ा सकते हैं?,"क) नियमित अभ्यास, ख) प्रभावी संचार, ग) साझा रणनीतियाँ, घ) उपरोक्त सभी",D। उपरोक्त सभी,1,no mistake,no correction needed,no correction needed,no answer needed
dhop_khel_13,IBQ,India_IBQ.xlsx,Dhop Khel,"चित्र में दिखाए गए खेल से, त्वरित निर्णय लेने का क्या प्रभाव पड़ता है?","a) इससे गेमप्ले बेहतर होता है, b) इससे खिलाड़ी की गति बढ़ती है, c) इससे खेल का समय कम होता है, d) इससे गलतियाँ कम होती हैं",a) इससे गेमप्ले बेहतर होता है,1,no mistake,no correction needed,no correction needed,no answer needed
dhop_khel_13,IBQ,India_IBQ.xlsx,Dhop Khel,चित्र में दिखाए गए खेल से लाभ प्राप्त करने का सामान्य तरीका क्या है?,"a) तेज़ गति, b) सटीक पास, c) रणनीतिक स्थिति, d) उपरोक्त सभी",D। उपरोक्त सभी,1,no mistake,no correction needed,no correction needed,no answer needed
dhop_khel_14,IBQ,India_IBQ.xlsx,Dhop Khel,"चित्र में दिखाए गए खेल के अनुसार, खिलाड़ियों को टाइमआउट के दौरान किस पर ध्यान केंद्रित करना चाहिए?","क) रणनीति की समीक्षा करना, ख) आराम करना, ग) एक-दूसरे को प्रेरित करना, घ) उपरोक्त सभी",D। उपरोक्त सभी,1,no mistake,no correction needed,no correction needed,no answer needed
dhop_khel_14,IBQ,India_IBQ.xlsx,Dhop Khel,"चित्र में दिखाए गए खेल से, रक्षात्मक कौशल का क्या महत्व है?","क) स्कोरिंग रोकने के लिए, ख) गेंद को नियंत्रित करने के लिए, ग) टीम के साथियों का समर्थन करने के लिए, घ) रणनीति बनाने के लिए",a) स्कोरिंग को रोकने के लिए,1,no mistake,no correction needed,no correction needed,no answer needed
dhop_khel_14,IBQ,India_IBQ.xlsx,Dhop Khel,"चित्र में दिखाए गए खेल से, नए खिलाड़ियों के सामने आने वाली आम चुनौती क्या है?","क) खेल के नियमों को समझना, ख) गति विकसित करना, ग) तकनीक सीखना, घ) सहनशक्ति बनाए रखना",a) खेल के नियमों को समझना,1,no mistake,no correction needed,no correction needed,no answer needed
dhop_khel_14,IBQ,India_IBQ.xlsx,Dhop Khel,"चित्र में दिखाए गए खेल से, किसी खिलाड़ी के प्रदर्शन में शारीरिक कंडीशनिंग की क्या भूमिका है?","a) सहनशक्ति और ताकत में सुधार करने के लिए, b) गति बढ़ाने के लिए, c) चपलता का समर्थन करने के लिए, d) उपरोक्त सभी",D। उपरोक्त सभी,1,no mistake,no correction needed,no correction needed,no answer needed
dhop_khel_15,IBQ,India_IBQ.xlsx,Dhop Khel,"चित्र में दिखाए गए खेल से, प्रभावी संचार से टीम को क्या लाभ होता है?","a) आंदोलनों का समन्वय करके, b) रणनीतियों को स्पष्ट करके, c) मनोबल में सुधार करके, d) उपरोक्त सभी",D। उपरोक्त सभी,1,no mistake,no correction needed,no correction needed,no answer needed
dhop_khel_15,IBQ,India_IBQ.xlsx,Dhop Khel,"चित्र में दिखाए गए खेल से, रेफरी का कार्य क्या है?","a) नियमों को लागू करना, b) खिलाड़ियों को प्रशिक्षित करना, c) खेल का स्कोर बनाना, d) खिलाड़ियों को प्रशिक्षित करना",a) नियमों को लागू करने के लिए,1,no mistake,no correction needed,no correction needed,no answer needed
dhop_khel_15,IBQ,India_IBQ.xlsx,Dhop Khel,"चित्र में दिखाए गए खेल से, उचित जूते का क्या प्रभाव पड़ता है?","a) यह पकड़ और स्थिरता बढ़ाता है, b) यह गति में सुधार करता है, c) यह चोटों को रोकता है, d) उपरोक्त सभी",D। उपरोक्त सभी,1,no mistake,no correction needed,no correction needed,no answer needed
dhop_khel_15,IBQ,India_IBQ.xlsx,Dhop Khel,"चित्र में दिखाए गए खेल से, किसी खिलाड़ी की चपलता में सुधार करने का एक तरीका क्या है?","क) अभ्यास और कसरत, ख) गेमप्ले वीडियो देखना, ग) रणनीति का अध्ययन करना, घ) संतुलित आहार खाना",क) अभ्यास और व्यायाम,1,no mistake,no correction needed,no correction needed,no answer needed
dhop_khel_16,IBQ,India_IBQ.xlsx,Dhop Khel,"चित्र में दिखाए गए खेल के अनुसार, गोलकीपर की भूमिका क्या है?","क) गोल रोकने के लिए, ख) अंक अर्जित करने के लिए, ग) टीम की रणनीति का प्रबंधन करने के लिए, घ) खेल का संचालन करने के लिए",a) लक्ष्यों को रोकने के लिए,1,no mistake,no correction needed,no correction needed,no answer needed
dhop_khel_16,IBQ,India_IBQ.xlsx,Dhop Khel,"चित्र में दिखाए गए खेल के अनुसार, खिलाड़ियों की स्थिति सामान्यतः कैसी होती है?","a) उनके कौशल के आधार पर, b) ऊंचाई के आधार पर, c) उम्र के आधार पर, d) अनुभव के आधार पर",a) उनके कौशल के आधार पर,1,no mistake,no correction needed,no correction needed,no answer needed
dhop_khel_16,IBQ,India_IBQ.xlsx,Dhop Khel,चित्र में दिखाए गए खेल से बचाव के लिए सामान्य रणनीति क्या है?,"a) विरोधियों को रोकना, b) तेजी से पास देना, c) आक्रामक तरीके से हमला करना, d) तेजी से दौड़ना",a) विरोधियों को रोकना,1,no mistake,no correction needed,no correction needed,no answer needed
dhop_khel_16,IBQ,India_IBQ.xlsx,Dhop Khel,"चित्र में दिखाए गए खेल से, मध्य वृत्त का क्या महत्व है?","a) यह वह स्थान है जहाँ खेल शुरू होता है, b) यह स्कोरिंग क्षेत्र है, c) यह मैदान के मध्य को चिह्नित करता है, d) यह प्रतिस्थापन क्षेत्र है",क) यहीं से खेल शुरू होता है,1,no mistake,no correction needed,no correction needed,no answer needed
dhop_khel_17,IBQ,India_IBQ.xlsx,Dhop Khel,"चित्र में दिखाए गए खेल से, पासिंग कौशल का अभ्यास करने का एक विशिष्ट तरीका क्या है?","क) लक्ष्य अभ्यास, ख) लंबी दूरी की थ्रो, ग) तेज ड्रिब्लिंग, घ) कूदने के अभ्यास",क) लक्ष्य अभ्यास,1,no mistake,no correction needed,no correction needed,no answer needed
dhop_khel_17,IBQ,India_IBQ.xlsx,Dhop Khel,चित्र में दिखाए गए खेल के आधार पर टाइमआउट का सामान्य कारण क्या है?,"क) चोटों का इलाज करना, ख) रणनीति बनाना, ग) खिलाड़ियों को आराम देना, घ) उपरोक्त सभी",D। उपरोक्त सभी,1,no mistake,no correction needed,no correction needed,no answer needed
dhop_khel_17,IBQ,India_IBQ.xlsx,Dhop Khel,"चित्र में दिखाए गए खेल से, एक खेल को आम तौर पर कैसे विभाजित किया जाता है?","a) आधे में, b) चौथाई में, c) अवधि में, d) राउंड में",a) आधे हिस्सों में,1,no mistake,no correction needed,no correction needed,no answer needed
dhop_khel_17,IBQ,India_IBQ.xlsx,Dhop Khel,"चित्र में दिखाए गए खेल से, टीम कप्तान की भूमिका क्या है?","a) टीम का नेतृत्व करना, b) रणनीतिक निर्णय लेना, c) रेफरी के साथ संवाद करना, d) उपरोक्त सभी",D। उपरोक्त सभी,1,no mistake,no correction needed,no correction needed,no answer needed
dhop_khel_18,IBQ,India_IBQ.xlsx,Dhop Khel,"चित्र में दिखाए गए खेल से, प्रभावी स्कोरिंग का एक प्रमुख पहलू क्या है?","a) परिशुद्धता, b) समय, c) शक्ति, d) गति",ख) समय,1,no mistake,no correction needed,no correction needed,no answer needed
dhop_khel_18,IBQ,India_IBQ.xlsx,Dhop Khel,चित्र में दिखाए गए खेल में से कौन सी सतह खेलने के लिए सबसे उपयुक्त है?,"a) घास का मैदान, b) मिट्टी का मैदान, c) लकड़ी का फर्श, d) कंक्रीट का फुटपाथ",ख) मिट्टी की जमीन,1,no mistake,no correction needed,no correction needed,no answer needed
dhop_khel_18,IBQ,India_IBQ.xlsx,Dhop Khel,"चित्र में दिखाए गए खेल से, आमतौर पर एक टीम में कितने खिलाड़ी भाग लेते हैं?","a) 2-4 खिलाड़ी, b) 5-7 खिलाड़ी, c) 8-10 खिलाड़ी, d) 11-13 खिलाड़ी",ख) 5-7 खिलाड़ी,1,no mistake,no correction needed,no correction needed,no answer needed
dhop_khel_19,IBQ,India_IBQ.xlsx,Dhop Khel,चित्र में दिखाए गए खेल में प्रतिभागियों द्वारा पहनी जाने वाली पारंपरिक पोशाक क्या है?,"क) शॉर्ट्स और टी-शर्ट, ख) पारंपरिक धोती और पगड़ी, ग) ट्रैकसूट, घ) जर्सी और शॉर्ट्स",ख) पारंपरिक धोती और पगड़ी,1,no mistake,no correction needed,no correction needed,no answer needed
dhop_khel_19,IBQ,India_IBQ.xlsx,Dhop Khel,चित्र में दिखाए गए खेल में सबसे महत्वपूर्ण कौशल क्या है?,"a) गति, b) शक्ति, c) रणनीति, d) धीरज",क) गति,1,no mistake,no correction needed,no correction needed,no answer needed
dhop_khel_19,IBQ,India_IBQ.xlsx,Dhop Khel,"चित्र में दिखाए गए खेल से, 'मोहोरी' की भूमिका क्या है?","a) आक्रामक खिलाड़ी, b) रक्षात्मक खिलाड़ी, c) रेफरी, d) कोच",a) आक्रामक खिलाड़ी,1,no mistake,no correction needed,no correction needed,no answer needed
dhop_khel_19,IBQ,India_IBQ.xlsx,Dhop Khel,चित्र में दिखाए गए खेल में से निम्नलिखित में से किसकी अनुमति नहीं है?,"क) दौड़ना, ख) कूदना, ग) विरोधियों को टैग करना, घ) उपकरण का उपयोग करना",घ) उपकरण का उपयोग करना,1,no mistake,no correction needed,no correction needed,no answer needed
dhop_khel_20,IBQ,India_IBQ.xlsx,Dhop Khel,"चित्र में दिखाए गए खेल से, किसी दौर का अंत क्या निर्धारित करता है?","a) एक निश्चित समय सीमा, b) सभी खिलाड़ियों को टैग आउट करना, c) एक निश्चित संख्या में अंक प्राप्त करना, d) एक रेखा पार करना",b) सभी खिलाड़ी टैग आउट,1,no mistake,no correction needed,no correction needed,no answer needed
dhop_khel_20,IBQ,India_IBQ.xlsx,Dhop Khel,चित्र में दिखाए गए खेल में से कौन सा खेल पारंपरिक रूप से किस मौसम में खेला जाता है?,"a) ग्रीष्म, b) मानसून, c) शीत, d) वसंत",एक गर्मी,1,no mistake,no correction needed,no correction needed,no answer needed
dhop_khel_20,IBQ,India_IBQ.xlsx,Dhop Khel,चित्र में दिखाए गए खेल में खिलाड़ी आमतौर पर किस प्रकार के जूते पहनते हैं?,"a) नंगे पांव, b) सैंडल, c) स्नीकर्स, d) जूते",क) नंगे पांव,1,no mistake,no correction needed,no correction needed,no answer needed
dhop_khel_20,IBQ,India_IBQ.xlsx,Dhop Khel,"चित्र में दिखाए गए खेल से, खेलने का प्राथमिक शारीरिक लाभ क्या है?","a) बेहतर हृदय संबंधी फिटनेस, b) मांसपेशियों में वृद्धि, c) बेहतर लचीलापन, d) बेहतर संतुलन",a) बेहतर हृदय संबंधी फिटनेस,1,no mistake,no correction needed,no correction needed,no answer needed
dhop_khel_21,IBQ,India_IBQ.xlsx,Dhop Khel,"चित्र में दिखाए गए खेल में से, यह खेल प्रायः किस सांस्कृतिक या क्षेत्रीय त्यौहार से जुड़ा हुआ है?","ए) दिवाली, बी) बैसाखी, सी) बिहू, डी) पोंगल",ग) बिहू,1,no mistake,no correction needed,no correction needed,no answer needed
dhop_khel_21,IBQ,India_IBQ.xlsx,Dhop Khel,चित्र में दिखाए गए खेल से विजेता का निर्धारण आमतौर पर कैसे होता है?,"क) सबसे अधिक अंक प्राप्त करके, ख) सभी प्रतिद्वंद्वियों को पीछे छोड़कर, ग) सबसे पहले फिनिश लाइन पार करके, घ) प्रतिद्वंद्वियों से अधिक समय तक टिककर",b) सभी विरोधियों को टैग करके,0,"The provided correct answer 'b) सभी विरोधियों को टैग करके' (tagging all opponents) is incorrect for the sport depicted in the image (kabaddi). The winner is determined by scoring more points than the opposing team, not tagging all opponents. The question itself is logically sound, but the answer is flawed.",चित्र में दिखाए गए खेल से विजेता का निर्धारण आमतौर पर कैसे होता है?,"['क) सबसे अधिक अंक प्राप्त करके', 'ख) सभी प्रतिद्वंद्वियों को छूकर', 'ग) सबसे पहले फिनिश लाइन पार करके', 'घ) प्रतिद्वंद्वियों से अधिक समय तक टिककर']",क) सबसे अधिक अंक प्राप्त करके
dhop_khel_21,IBQ,India_IBQ.xlsx,Dhop Khel,चित्र में दिखाए गए खेल में प्रयुक्त प्राथमिक रक्षात्मक तकनीक क्या है?,"a) चकमा देना, b) रोकना, c) पकड़ना, d) धक्का देना",क) चकमा देना,1,no mistake,no correction needed,no correction needed,no answer needed
dhop_khel_21,IBQ,India_IBQ.xlsx,Dhop Khel,चित्र में दिखाए गए खेल में शरीर का कौन सा अंग सबसे अधिक शामिल होता है?,"a) हाथ, b) पैर, c) सिर, d) कंधे",ख) पैर,1,no mistake,no correction needed,no correction needed,no answer needed
dhop_khel_22,IBQ,India_IBQ.xlsx,Dhop Khel,"चित्र में दिखाए गए खेल से, एक खेल की सामान्य अवधि क्या है?","a) 10-20 मिनट, b) 30-40 मिनट, c) 50-60 मिनट, d) 70-80 मिनट",ख) 30-40 मिनट,1,no mistake,no correction needed,no correction needed,no answer needed
dhop_khel_22,IBQ,India_IBQ.xlsx,Dhop Khel,"चित्र में दिखाए गए खेल से, 'घेरा' का उद्देश्य क्या है?","क) खेल क्षेत्र को परिभाषित करना, ख) स्कोरिंग क्षेत्र के रूप में कार्य करना, ग) सुरक्षित क्षेत्र को निर्दिष्ट करना, घ) सीमा को चिह्नित करना",a) खेल क्षेत्र को परिभाषित करने के लिए,1,no mistake,no correction needed,no correction needed,no answer needed
dhop_khel_22,IBQ,India_IBQ.xlsx,Dhop Khel,"चित्र में दिखाए गए खेल से, शुरुआत में टीम के गठन का क्या महत्व है?","क) विरोधियों को भ्रमित करने के लिए, ख) हमले की रणनीति बनाने के लिए, ग) टीम भावना प्रदर्शित करने के लिए, घ) स्थिति चिह्नित करने के लिए",ख) हमले की रणनीति बनाना,1,no mistake,no correction needed,no correction needed,no answer needed
dhop_khel_22,IBQ,India_IBQ.xlsx,Dhop Khel,"चित्र में दिखाए गए खेल में, खिलाड़ी को खेल में बने रहने के लिए किन चीजों से बचना चाहिए?","क) हाथों से ज़मीन को छूना, ख) सीमा रेखा के बाहर कदम रखना, ग) साथियों से टकराना, घ) बहुत धीमी गति से चलना",ख) सीमा से बाहर कदम रखना,1,no mistake,no correction needed,no correction needed,no answer needed
dhop_khel_23,IBQ,India_IBQ.xlsx,Dhop Khel,"चित्र में दिखाए गए खेल के अनुसार, किस प्रकार का भूभाग इस खेल के लिए आदर्श माना जाता है?","a) समतल और चिकना, b) पहाड़ी और ऊबड़-खाबड़, c) गीला और कीचड़ भरा, d) रेतीला और सूखा",a) सपाट और चिकना,1,no mistake,no correction needed,no correction needed,no answer needed
dhop_khel_23,IBQ,India_IBQ.xlsx,Dhop Khel,"चित्र में दिखाए गए खेल में से, निम्नलिखित में से कौन सी एक सामान्य टीम रणनीति है?","क) मानव श्रृंखला बनाना, ख) विरोधियों को घेरना, ग) बारी-बारी से आक्रमण करना, घ) रक्षात्मक खेलना",c) बारी-बारी से हमला करना,1,no mistake,no correction needed,no correction needed,no answer needed
dhop_khel_23,IBQ,India_IBQ.xlsx,Dhop Khel,चित्र में दिखाए गए खेल में प्रतिभागियों का सामान्य आयु वर्ग क्या है?,"a) बच्चे, b) किशोर, c) वयस्क, d) सभी उम्र के लोग",घ) सभी आयु वर्ग,1,no mistake,no correction needed,no correction needed,no answer needed
dhop_khel_23,IBQ,India_IBQ.xlsx,Dhop Khel,"चित्र में दिखाए गए खेल से, खेल के दौरान विवादों को निपटाने का एक सामान्य तरीका क्या है?","a) राउंड को दोबारा खेलना, b) जज को रेफर करना, c) समाधान होने तक बहस करना, d) सिक्का उछालना",ख) किसी न्यायाधीश को संदर्भित करें,1,no mistake,no correction needed,no correction needed,no answer needed
dhop_khel_24,IBQ,India_IBQ.xlsx,Dhop Khel,चित्र में दिखाए गए खेल में से कौन सा खेल से पहले का सामान्य अनुष्ठान है?,"क) स्ट्रेचिंग, ख) नारे लगाना, ग) ध्यान, घ) टीम हडल",d) टीम हडल,1,no mistake,no correction needed,no correction needed,no answer needed
dhop_khel_24,IBQ,India_IBQ.xlsx,Dhop Khel,"चित्र में दिखाए गए खेल से, 'पाली' की भूमिका क्या है?","क) हमले का नेतृत्व करना, ख) आधार की रक्षा करना, ग) समय बनाए रखना, घ) अंक अर्जित करना",a) हमले का नेतृत्व करना,1,no mistake,no correction needed,no correction needed,no answer needed
dhop_khel_24,IBQ,India_IBQ.xlsx,Dhop Khel,चित्र में दिखाए गए खेल में से स्कोरिंग का विशिष्ट तरीका कौन सा है?,"a) प्रतिद्वंद्वी को छूना, b) रेखा पार करना, c) गेंद फेंकना, d) गोल मारना",a) प्रतिद्वंद्वी को छूना,1,no mistake,no correction needed,no correction needed,no answer needed
dhop_khel_24,IBQ,India_IBQ.xlsx,Dhop Khel,चित्र में दिखाए गए खेल से निष्पक्ष खेल कैसे सुनिश्चित किया जाता है?,"क) सख्त नियम प्रवर्तन, ख) यादृच्छिक निरीक्षण, ग) सहकर्मी समीक्षा, घ) स्व-नियमन",क) सख्त नियमों का प्रवर्तन,1,no mistake,no correction needed,no correction needed,no answer needed
dhop_khel_25,IBQ,India_IBQ.xlsx,Dhop Khel,"चित्र में दिखाए गए खेल के अनुसार, राउंड के बीच आराम करने का मुख्य कारण क्या है?","a) रणनीति बनाना, b) हाइड्रेट करना, c) ऊर्जा पुनः प्राप्त करना, d) नियमों पर चर्चा करना",c) ऊर्जा पुनः प्राप्त करने के लिए,1,no mistake,no correction needed,no correction needed,no answer needed
dhop_khel_25,IBQ,India_IBQ.xlsx,Dhop Khel,"चित्र में दिखाए गए खेल में से, निम्नलिखित में से कौन सी क्रिया को हतोत्साहित किया गया है?","क) टीमवर्क, ख) व्यक्तिगत प्रतिभा, ग) आक्रामक खेल, घ) धोखाधड़ी",घ) धोखाधड़ी,1,no mistake,no correction needed,no correction needed,no answer needed
dhop_khel_25,IBQ,India_IBQ.xlsx,Dhop Khel,"चित्र में दिखाए गए खेल के अनुसार, प्रतिद्वंद्वी को टैग करने के बाद खिलाड़ी आमतौर पर क्या करता है?","a) बेस की ओर वापस दौड़ता है, b) स्थिर खड़ा रहता है, c) आराम करता है, d) टीम के साथ जश्न मनाता है",a) बेस की ओर वापस दौड़ता है,1,no mistake,no correction needed,no correction needed,no answer needed
dhop_khel_25,IBQ,India_IBQ.xlsx,Dhop Khel,चित्र में दिखाए गए खेल में से किसी खिलाड़ी में कौन सा गुण सबसे अधिक प्रशंसनीय है?,"a) बहादुरी, b) बुद्धिमत्ता, c) गति, d) खेल भावना",घ) खेल भावना,1,no mistake,no correction needed,no correction needed,no answer needed
kanche_1,IBQ,India_IBQ.xlsx,Kanche,चित्र में दिखाए गए खेल से संबंधित खेल वस्तुएं आमतौर पर किस सामग्री से बनी होती हैं?,"a) कांच, b) लकड़ी, c) धातु, d) प्लास्टिक",क) कांच,0,"The question asks about the material of sports items shown in the image, and the correct answer is given as 'glass'. However, based on the typical sports items (basketball, volleyball, football, etc.), the materials are primarily rubber/leather (for the ball's outer layer), and often have plastic or rubber bladders. Glass is not a typical material used for these kinds of balls, so the answer is factually incorrect.",चित्र में दिखाए गए खेल से संबंधित खेल वस्तुएं आमतौर पर किस सामग्री से बनी होती हैं?,"a) रबर, b) लकड़ी, c) धातु, d) प्लास्टिक",क) रबर
kanche_1,IBQ,India_IBQ.xlsx,Kanche,"चित्र में दिखाए गए खेल से, प्राथमिक उद्देश्य क्या है?","क) अन्य वस्तुओं को मारना, ख) अंक अर्जित करना, ग) अधिक वस्तुओं को एकत्रित करना, घ) गोल की रक्षा करना",c) अधिक वस्तुएँ एकत्रित करना,1,no mistake,no correction needed,no correction needed,no answer needed
kanche_1,IBQ,India_IBQ.xlsx,Kanche,चित्र में दिखाए गए खेल में खिलाड़ियों की मानक संख्या कितनी होनी चाहिए?,"ए) 2, बी) 4, सी) 6, डी) 8",क) 2,1,no mistake,no correction needed,no correction needed,no answer needed
kanche_1,IBQ,India_IBQ.xlsx,Kanche,"चित्र में दिखाए गए खेल से, ज़मीन पर खींचे गए छोटे वृत्तों के लिए आमतौर पर प्रयुक्त शब्द क्या है?","ए) कंचे, बी) सर्कल, सी) डब्बा, डी) गड्ढा",ग) डब्बा,0,"ERROR: ('Connection aborted.', RemoteDisconnected('Remote end closed connection without response'))",ERROR,ERROR,ERROR
kanche_2,IBQ,India_IBQ.xlsx,Kanche,चित्र में दिखाए गए खेल में उत्कृष्टता प्राप्त करने के लिए मुख्यतः किस कौशल की आवश्यकता होती है?,"a) सटीकता, b) गति, c) शक्ति, d) धीरज",क) सटीकता,1,no mistake,no correction needed,no correction needed,no answer needed
kanche_2,IBQ,India_IBQ.xlsx,Kanche,"चित्र में दिखाए गए खेल में से, खेलने के लिए शरीर का कौन सा अंग सबसे अधिक उपयोग किया जाता है?","a) हाथ, b) पैर, c) कोहनी, d) घुटना",क) हाथ,1,no mistake,no correction needed,no correction needed,no answer needed
kanche_2,IBQ,India_IBQ.xlsx,Kanche,चित्र में दिखाए गए खेल में से कौन सी रणनीति किसी खिलाड़ी की जीत की संभावना बढ़ाएगी?,"क) लक्ष्य पर सटीकता से प्रहार करना, ख) प्रतिद्वंद्वी का ध्यान भटकाना, ग) तेजी से आगे बढ़ना, घ) क्षेत्र की रक्षा करना",क) लक्ष्य पर सटीकता से प्रहार करना,1,no mistake,no correction needed,no correction needed,no answer needed
kanche_2,IBQ,India_IBQ.xlsx,Kanche,"चित्र में दिखाए गए खेल से, खिलाड़ी आमतौर पर कितनी दूरी से निशाना लगाते हैं?","a) निकट दूरी, b) मध्यम दूरी, c) लंबी दूरी, d) खेल के अनुसार भिन्न होता है",d) खेल के अनुसार भिन्न होता है,1,no mistake,no correction needed,no correction needed,no answer needed
kanche_3,IBQ,India_IBQ.xlsx,Kanche,"चित्र में दिखाए गए खेल से, आमतौर पर मोड़ कैसे निर्धारित किए जाते हैं?","a) लॉटरी द्वारा, b) जज द्वारा, c) सहमति से, d) पिछला राउंड जीतकर",ग) समझौते से,1,no mistake,no correction needed,no correction needed,no answer needed
kanche_3,IBQ,India_IBQ.xlsx,Kanche,"चित्र में दिखाए गए खेल के अनुसार, जब कोई खिलाड़ी किसी अन्य वस्तु पर सफलतापूर्वक प्रहार करता है तो क्या होता है?","a) उन्हें एक और बारी मिलती है, b) वे खेल जीत जाते हैं, c) खेल समाप्त हो जाता है, d) वे अपनी बारी खो देते हैं",a) उन्हें एक और बारी मिलती है,1,no mistake,no correction needed,no correction needed,no answer needed
kanche_3,IBQ,India_IBQ.xlsx,Kanche,चित्र में दिखाए गए खेल में से किस प्रकार की सतह खेलने के लिए सबसे उपयुक्त है?,"a) चिकना और कठोर, b) खुरदुरा और असमान, c) गीला और मुलायम, d) घास जैसा और मुलायम",क) चिकना और कठोर,1,no mistake,no correction needed,no correction needed,no answer needed
kanche_3,IBQ,India_IBQ.xlsx,Kanche,"चित्र में दिखाए गए खेल के अनुसार, शॉट चूकने का क्या परिणाम होता है?","a) एक बारी खोना, b) अंक खोना, c) खेल समाप्त करना, d) फिर से शुरू करना",a) एक बारी खोना,1,no mistake,no correction needed,no correction needed,no answer needed
kanche_4,IBQ,India_IBQ.xlsx,Kanche,"चित्र में दिखाए गए खेल से, वस्तु को प्रक्षेपित करने के लिए सबसे अधिक किस तकनीक का उपयोग किया जाता है?","क) अंगूठे से झटका देना, ख) हाथ से फेंकना, ग) पैर से लात मारना, घ) हथेली से धक्का देना",क) अंगूठे से झटका देना,1,no mistake,no correction needed,no correction needed,no answer needed
kanche_4,IBQ,India_IBQ.xlsx,Kanche,चित्र में दिखाए गए खेल में से कौन सा कारक शॉट के प्रक्षेप पथ को प्रभावित करने की सबसे अधिक संभावना रखता है?,"a) लगाया गया बल, b) वस्तु का रंग, c) दिन का समय, d) खिलाड़ियों की संख्या",a) लगाया गया बल,1,no mistake,no correction needed,no correction needed,no answer needed
kanche_4,IBQ,India_IBQ.xlsx,Kanche,"चित्र में दिखाए गए खेल के अनुसार, जब किसी खिलाड़ी की बारी आती है तो उसका लक्ष्य क्या होता है?","a) वस्तुओं को मारना और इकट्ठा करना, b) सभी वस्तुओं को दूर करना, c) वस्तुओं को संतुलित करना, d) वस्तुओं को छिपाना",a) वस्तुओं को मारना और इकट्ठा करना,1,no mistake,no correction needed,no correction needed,no answer needed
kanche_4,IBQ,India_IBQ.xlsx,Kanche,चित्र में दिखाए गए खेल से विजेता का निर्णय आमतौर पर कैसे होता है?,"a) सबसे अधिक वस्तुएँ एकत्रित करके, b) एक विशिष्ट स्कोर तक पहुँचकर, c) खेल को पहले पूरा करके, d) सभी विरोधियों को समाप्त करके",a) सबसे अधिक वस्तुएँ एकत्रित करके,1,no mistake,no correction needed,no correction needed,no answer needed
kanche_5,IBQ,India_IBQ.xlsx,Kanche,चित्र में दिखाए गए खेल में से किस प्रकार का शॉट सबसे कठिन माना जाएगा?,"a) लंबी दूरी का शॉट, b) नज़दीकी शॉट, c) साइडवेज़ शॉट, d) अंडरहैंड शॉट",a) लंबी दूरी का शॉट,1,no mistake,no correction needed,no correction needed,no answer needed
kanche_5,IBQ,India_IBQ.xlsx,Kanche,"चित्र में दिखाए गए खेल से, पर्यावरण गेमप्ले को किस प्रकार प्रभावित करता है?","a) यह वस्तुओं की गति को प्रभावित कर सकता है, b) इसका कोई प्रभाव नहीं होता, c) यह खिलाड़ियों की संख्या निर्धारित करता है, d) यह नियमों को बदलता है",a) यह वस्तुओं की गति को प्रभावित कर सकता है,1,no mistake,no correction needed,no correction needed,no answer needed
kanche_5,IBQ,India_IBQ.xlsx,Kanche,"चित्र में दिखाए गए खेल में से, निम्नलिखित में से कौन सा गेमप्ले में एक सामान्य भिन्नता है?","क) बड़ी वस्तुओं के साथ खेलना, ख) विभिन्न रंगों की वस्तुओं का उपयोग करना, ग) खेल क्षेत्र का आकार बदलना, घ) खेल के बीच में नियम बदलना",ग) खेल क्षेत्र का आकार बदलना,1,no mistake,no correction needed,no correction needed,no answer needed
kanche_5,IBQ,India_IBQ.xlsx,Kanche,"चित्र में दिखाए गए खेल से, रक्षात्मक खेल का महत्वपूर्ण पहलू क्या है?","क) वस्तुओं को रणनीतिक रूप से रखना, ख) आक्रामक तरीके से हमला करना, ग) तेजी से आगे बढ़ना, घ) आंखों से संपर्क से बचना",क) वस्तुओं को रणनीतिक रूप से स्थित करना,1,no mistake,no correction needed,no correction needed,no answer needed
kanche_6,IBQ,India_IBQ.xlsx,Kanche,चित्र में दिखाए गए खेल से कोई खिलाड़ी अपनी सटीकता कैसे बढ़ा सकता है?,"क) नियमित अभ्यास करना, ख) वस्तु का आकार बदलना, ग) दोनों हाथों का उपयोग करना, घ) पास खड़े रहना",क) नियमित अभ्यास करना,1,no mistake,no correction needed,no correction needed,no answer needed
kanche_6,IBQ,India_IBQ.xlsx,Kanche,"चित्र में दिखाए गए खेल के अनुसार, क्या होता है जब कोई खिलाड़ी लक्ष्य पर सफलतापूर्वक निशाना लगाता है, लेकिन गेंद को लेने से चूक जाता है?","a) वे अपनी बारी खो देते हैं, b) वे आधे अंक अर्जित करते हैं, c) उन्हें एक और मौका मिलता है, d) बारी अगले खिलाड़ी की हो जाती है",d) बारी अगले खिलाड़ी की होती है,1,no mistake,no correction needed,no correction needed,no answer needed
kanche_6,IBQ,India_IBQ.xlsx,Kanche,"चित्र में दिखाए गए खेल से, 'लैगिंग' शब्द का क्या तात्पर्य है?","क) बारी का क्रम तय करने के लिए प्रारंभिक शॉट, ख) शॉट चूकना, ग) खेल जीतना, घ) अधिक वस्तुएँ एकत्रित करना",a) बारी का क्रम तय करने के लिए प्रारंभिक शॉट,1,no mistake,no correction needed,no correction needed,no answer needed
kanche_6,IBQ,India_IBQ.xlsx,Kanche,"चित्र में दिखाए गए खेल से, आमतौर पर विवादों का समाधान कैसे किया जाता है?","a) खिलाड़ियों के बीच आम सहमति से, b) जज द्वारा, c) बारी को दोबारा खेलकर, d) नियम पुस्तिका से परामर्श करके",a) खिलाड़ियों के बीच आम सहमति से,1,no mistake,no correction needed,no correction needed,no answer needed
kanche_7,IBQ,India_IBQ.xlsx,Kanche,"चित्र में दिखाए गए खेल से, टाई तोड़ने का सबसे आम तरीका क्या है?","क) अचानक मौत का दौर, ख) एकत्रित वस्तुओं की गिनती, ग) खेल को फिर से खेलना, घ) इसे ड्रा घोषित करना",a) अचानक मौत का दौर,1,no mistake,no correction needed,no correction needed,no answer needed
kanche_7,IBQ,India_IBQ.xlsx,Kanche,चित्र में दिखाए गए खेल में से किसी खिलाड़ी में कौन सा गुण सबसे अधिक प्रशंसनीय है?,"a) परिशुद्धता, b) गति, c) शक्ति, d) धीरज",क) परिशुद्धता,1,no mistake,no correction needed,no correction needed,no answer needed
kanche_7,IBQ,India_IBQ.xlsx,Kanche,"चित्र में दिखाए गए खेल से, प्रयुक्त वस्तुओं का विशिष्ट आकार क्या है?","a) गोल, b) वर्गाकार, c) आयताकार, d) त्रिकोणीय",आस-पास,0,"The question asks about the 'specific shape of the objects used' in the image. However, the answer 'आस-पास' (around) is not a shape. The question requires an answer describing a geometric shape. Also, the question is not specific enough. It doesn't specify *which* object's shape it is asking about. Assuming the image depicts a basketball game, we need to be more precise.",चित्र में दिखाए गए खेल में प्रयुक्त गेंद का विशिष्ट आकार क्या है?,"a) गोल, b) वर्गाकार, c) आयताकार, d) त्रिकोणीय",a) गोल
kanche_7,IBQ,India_IBQ.xlsx,Kanche,"चित्र में दिखाए गए खेल के अनुसार, एक खिलाड़ी अपनी बारी हारने के बाद कैसे वापसी कर सकता है?","क) अगले दौर की प्रतीक्षा करके, ख) फैसले को चुनौती देकर, ग) अतिरिक्त दांव लगाकर, घ) खेल छोड़कर",a) अगले दौर की प्रतीक्षा करके,1,no mistake,no correction needed,no correction needed,no answer needed
kanche_8,IBQ,India_IBQ.xlsx,Kanche,चित्र में दिखाए गए खेल में कौन सा कारक कठिनाई स्तर को महत्वपूर्ण रूप से बदल सकता है?,"क) वस्तुओं का आकार, ख) मौसम की स्थिति, ग) खिलाड़ियों की संख्या, घ) सतह का प्रकार",घ) सतह का प्रकार,1,no mistake,no correction needed,no correction needed,no answer needed
kanche_8,IBQ,India_IBQ.xlsx,Kanche,"चित्र में दिखाए गए खेल से, शॉट पूरी तरह से चूकने के लिए सामान्य शब्द क्या है?","a) रिक्त, b) चूक, c) शून्य, d) दोष",ख) मिस,1,no mistake,no correction needed,no correction needed,no answer needed
kanche_8,IBQ,India_IBQ.xlsx,Kanche,"चित्र में दिखाए गए खेल से, खेल की शुरुआत में वस्तुओं को आमतौर पर किस प्रकार व्यवस्थित किया जाता है?","a) एक समूह में, b) एक पंक्ति में, c) बेतरतीब ढंग से बिखरे हुए, d) एक वृत्त में",a) एक समूह में,1,no mistake,no correction needed,no correction needed,no answer needed
kanche_8,IBQ,India_IBQ.xlsx,Kanche,"चित्र में दिखाए गए खेल से, बड़ी वस्तुओं के उपयोग का क्या प्रभाव पड़ता है?","a) यह खेल को आसान बनाता है, b) यह खेल को कठिन बनाता है, c) इसका कोई प्रभाव नहीं पड़ता, d) यह खेल को गति देता है",b) यह खेल को कठिन बनाता है,1,no mistake,no correction needed,no correction needed,no answer needed
kanche_9,IBQ,India_IBQ.xlsx,Kanche,चित्र में दिखाए गए खेल में से किस क्रिया के परिणामस्वरूप दंड मिलेगा?,"क) दूसरे खिलाड़ी की बारी में हस्तक्षेप करना, ख) शॉट लगाने में बहुत अधिक समय लेना, ग) खेल के दौरान बात करना, घ) अलग तकनीक का उपयोग करना",a) दूसरे खिलाड़ी की बारी में हस्तक्षेप करना,1,no mistake,no correction needed,no correction needed,no answer needed
kanche_9,IBQ,India_IBQ.xlsx,Kanche,"चित्र में दिखाए गए खेल से, विरोधियों को विचलित करने की एक सामान्य तकनीक क्या है?","a) जोर से बात करना, b) इधर-उधर घूमना, c) नकली शॉट लेना, d) कोई नहीं, ध्यान भटकाने की अनुमति नहीं है",ग) नकली शॉट,1,no mistake,no correction needed,no correction needed,no answer needed
kanche_9,IBQ,India_IBQ.xlsx,Kanche,"चित्र में दिखाए गए खेल के अनुसार, खेल क्षेत्र को आमतौर पर कैसे चिह्नित किया जाता है?","a) चाक से, b) पेंट से, c) रस्सियों से, d) पत्थरों से",a) चाक से,1,no mistake,no correction needed,no correction needed,no answer needed
kanche_9,IBQ,India_IBQ.xlsx,Kanche,"चित्र में दिखाए गए खेल के अनुसार, यदि खेल की वस्तुएं निर्धारित क्षेत्र से बाहर चली जाएं तो क्या होगा?","a) बारी जब्त कर ली जाती है, b) वस्तुएँ वापस कर दी जाती हैं, c) खिलाड़ी को दंडित किया जाता है, d) खेल पुनः शुरू किया जाता है",a) बारी जब्त कर ली जाती है,1,no mistake,no correction needed,no correction needed,no answer needed
kanche_10,IBQ,India_IBQ.xlsx,Kanche,"चित्र में दिखाए गए खेल के आधार पर, खिलाड़ियों द्वारा किसी विशेष हाथ की तकनीक का उपयोग करने का मुख्य कारण क्या है?","a) बेहतर नियंत्रण के लिए, b) गति के लिए, c) शैली के लिए, d) परंपरा के लिए",a) बेहतर नियंत्रण के लिए,1,no mistake,no correction needed,no correction needed,no answer needed
kanche_10,IBQ,India_IBQ.xlsx,Kanche,"चित्र में दिखाए गए खेल से, खेल के अंत में विजेता की पहचान कैसे की जाती है?","a) एकत्रित वस्तुओं की संख्या से, b) ली गई बारी की संख्या से, c) चूकने वालों की संख्या से, d) सबसे तेज़ जयकार से",a) एकत्रित वस्तुओं की संख्या से,1,no mistake,no correction needed,no correction needed,no answer needed
kanche_10,IBQ,India_IBQ.xlsx,Kanche,"चित्र में दिखाए गए खेल के अनुसार, प्रतिद्वंद्वी के कंचे पर निशाना साधते समय प्राथमिक उद्देश्य क्या होता है?","a) इसे गोले से बाहर धकेलना, b) इसे मारकर इसकी स्थिति बदलना, c) इससे बचना, d) इसे दूसरे कंचे के ऊपर से कूदवाना",a) इसे घेरे से बाहर धकेलना,1,no mistake,no correction needed,no correction needed,no answer needed
kanche_10,IBQ,India_IBQ.xlsx,Kanche,"चित्र में दिखाए गए खेल में से, कंचे को उछालने के लिए आमतौर पर किस तकनीक का उपयोग किया जाता है?","a) अंगूठा झटका, b) उंगली धक्का, c) कलाई झटका, d) हथेली रोल",a) अंगूठा झटका,1,no mistake,no correction needed,no correction needed,no answer needed
kanche_11,IBQ,India_IBQ.xlsx,Kanche,"चित्र में दिखाए गए खेल से, प्रारंभिक वृत्त आमतौर पर मैदान पर कैसे खींचा जाता है?","a) छड़ी से, b) रस्सी का उपयोग करके, c) जूते से निशान बनाकर, d) चाक या मार्कर से",घ) चाक या मार्कर से,1,no mistake,no correction needed,no correction needed,no answer needed
kanche_11,IBQ,India_IBQ.xlsx,Kanche,"चित्र में दिखाए गए खेल में से, निम्नलिखित में से कौन सी सतह खेलने के लिए आदर्श है?","a) कड़ी मिट्टी, b) घास, c) बजरी, d) रेत",क) कठोर मिट्टी,1,no mistake,no correction needed,no correction needed,no answer needed
kanche_11,IBQ,India_IBQ.xlsx,Kanche,"चित्र में दिखाए गए खेल के अनुसार, यदि शॉट के बाद खिलाड़ी का कंचा सर्कल के बाहर गिर जाए तो क्या होगा?","a) खिलाड़ी को एक और बारी मिलती है, b) शॉट जब्त कर लिया जाता है, c) खिलाड़ी जीत जाता है, d) कंचा वापस सर्कल में आ जाता है",b) शॉट जब्त कर लिया गया है,1,no mistake,no correction needed,no correction needed,no answer needed
kanche_11,IBQ,India_IBQ.xlsx,Kanche,"चित्र में दिखाए गए खेल से, बड़े मार्बल, जिसे 'किंग' मार्बल भी कहा जाता है, का क्या महत्व है?","a) इसका उपयोग अन्य कंचों पर प्रहार करने के लिए किया जाता है, b) यह अंतिम कंचा है जिसे खटखटाया जाता है, c) इसकी कोई विशेष भूमिका नहीं है, d) यह विजेता का निर्धारण करता है",a) इसका उपयोग अन्य कंचों पर प्रहार करने के लिए किया जाता है,1,no mistake,no correction needed,no correction needed,no answer needed
kanche_12,IBQ,India_IBQ.xlsx,Kanche,"चित्र में दिखाए गए खेल के अनुसार, खेल की शुरुआत में आमतौर पर सर्कल के अंदर कितने कंचे रखे जाते हैं?","ए) 1, बी) 5, सी) 10, डी) 20",बी) 5,1,no mistake,no correction needed,no correction needed,no answer needed
kanche_12,IBQ,India_IBQ.xlsx,Kanche,चित्र में दिखाए गए खेल में से कौन सा कौशल सफल स्ट्राइक के लिए सबसे महत्वपूर्ण है?,"a) सटीकता, b) गति, c) शक्ति, d) समय",क) सटीकता,1,no mistake,no correction needed,no correction needed,no answer needed
kanche_12,IBQ,India_IBQ.xlsx,Kanche,"चित्र में दिखाए गए खेल से, जब कई कंचे एक साथ पास हों तो मुख्य रणनीति क्या है?","क) बीच वाले मार्बल पर प्रहार करें, ख) जितना संभव हो सके उतने मार्बल को बाहर कर दें, ग) किसी भी मार्बल पर प्रहार करने से बचें, घ) मार्बल को कम से कम बल से उछालें",ख) जितना संभव हो सके उतने लोगों को बाहर करें,1,no mistake,no correction needed,no correction needed,no answer needed
kanche_12,IBQ,India_IBQ.xlsx,Kanche,"चित्र में दिखाए गए खेल में से, निम्नलिखित में से किसे फाउल माना जाता है?","क) फ्लिक करने से पहले लाइन पार करना, ख) सभी मार्बल मिस करना, ग) कई मार्बल मारना, घ) मार्बल को बहुत हल्के से मारना",a) फ़्लिक करने से पहले रेखा पार करना,1,no mistake,no correction needed,no correction needed,no answer needed
kanche_13,IBQ,India_IBQ.xlsx,Kanche,"चित्र में दिखाए गए खेल के अनुसार, क्या होता है जब स्ट्राइक के बाद खिलाड़ी का कंचा सर्कल के अंदर रहता है?","a) खिलाड़ी एक बारी खो देता है, b) खिलाड़ी को एक और मौका मिलता है, c) कंचा खेल से हटा दिया जाता है, d) कंचा खेल में बना रहता है",d) कंचा खेल में बना रहता है,1,no mistake,no correction needed,no correction needed,no answer needed
kanche_13,IBQ,India_IBQ.xlsx,Kanche,"चित्र में दिखाए गए खेल से, फ़्लिक करने से पहले कंचे को पकड़ने का सबसे अच्छा तरीका क्या है?","क) अंगूठे और तर्जनी के बीच, ख) हाथ की हथेली में, ग) तर्जनी और मध्यमा के बीच, घ) अंगूठे और मध्यमा के बीच",क) अंगूठे और तर्जनी के बीच,1,no mistake,no correction needed,no correction needed,no answer needed
kanche_13,IBQ,India_IBQ.xlsx,Kanche,"चित्र में दिखाए गए खेल से, निम्नलिखित में से कौन सा कारक मार्बल स्ट्राइक के परिणाम को प्रभावित करता है?","a) फ़्लिक का कोण, b) कंचे का रंग, c) वृत्त का आकार, d) खिलाड़ियों की संख्या",a) झटका का कोण,1,no mistake,no correction needed,no correction needed,no answer needed
kanche_13,IBQ,India_IBQ.xlsx,Kanche,चित्र में दिखाए गए खेल में किस खिलाड़ी को पहली बारी मिलती है?,"a) सबसे कम उम्र का खिलाड़ी, b) सबसे बड़ा कंचा रखने वाला खिलाड़ी, c) सबसे छोटी छड़ी निकालने वाला खिलाड़ी, d) सिक्का उछालने वाला खिलाड़ी",d) वह खिलाड़ी जो सिक्का उछालकर जीतता है,1,no mistake,no correction needed,no correction needed,no answer needed
kanche_14,IBQ,India_IBQ.xlsx,Kanche,"चित्र में दिखाए गए खेल के अनुसार, क्या होता है जब कोई खिलाड़ी सर्कल से सभी कंचों को सफलतापूर्वक बाहर निकाल देता है?","a) खेल रीसेट हो जाता है, b) खिलाड़ी खेल जीत जाता है, c) खिलाड़ी को एक अतिरिक्त बारी मिलती है, d) खिलाड़ी एक बारी खो देता है",b) खिलाड़ी खेल जीतता है,1,no mistake,no correction needed,no correction needed,no answer needed
kanche_14,IBQ,India_IBQ.xlsx,Kanche,"चित्र में दिखाए गए खेल के अनुसार, खेल चक्र का सामान्य आकार क्या है?","a) 1 फुट व्यास, b) 2 फुट व्यास, c) 3 फुट व्यास, d) 4 फुट व्यास",c) 3 फीट व्यास,1,no mistake,no correction needed,no correction needed,no answer needed
kanche_14,IBQ,India_IBQ.xlsx,Kanche,"चित्र में दिखाए गए खेल के अनुसार, यदि किसी खिलाड़ी का कंचा किसी अन्य खिलाड़ी द्वारा गिरा दिया जाए तो इसका क्या परिणाम होगा?","a) खिलाड़ी कंचा खो देता है, b) खिलाड़ी को एक अतिरिक्त बारी मिलती है, c) कंचा खिलाड़ी को वापस कर दिया जाता है, d) कंचा वापस गोले में रख दिया जाता है",a) खिलाड़ी मार्बल हार जाता है,1,no mistake,no correction needed,no correction needed,no answer needed
kanche_14,IBQ,India_IBQ.xlsx,Kanche,"चित्र में दिखाए गए खेल से, 'शूटर' मार्बल की क्या भूमिका है?","क) खेल शुरू करना, ख) अन्य कंचों को घेरे से बाहर करना, ग) सीमा चिन्हित करना, घ) लक्ष्य के रूप में उपयोग करना",b) अन्य कंचों को घेरे से बाहर गिराना,1,no mistake,no correction needed,no correction needed,no answer needed
kanche_15,IBQ,India_IBQ.xlsx,Kanche,"चित्र में दिखाए गए खेल से, पारंपरिक मार्बल आमतौर पर किस सामग्री से बनाए जाते हैं?","a) कांच, b) प्लास्टिक, c) धातु, d) मिट्टी",क) कांच,1,no mistake,no correction needed,no correction needed,no answer needed
kanche_15,IBQ,India_IBQ.xlsx,Kanche,"चित्र में दिखाए गए खेल में से, शूटिंग के लिए कंचे का चयन करते समय कौन सा कारक सबसे कम महत्वपूर्ण है?","a) रंग, b) वजन, c) आकार, d) आकृति",क) रंग,1,no mistake,no correction needed,no correction needed,no answer needed
kanche_15,IBQ,India_IBQ.xlsx,Kanche,चित्र में दिखाए गए खेल से विजेता का निर्धारण आमतौर पर कैसे होता है?,"a) एकत्रित किए गए कंचों की संख्या से, b) कंचे द्वारा तय की गई दूरी से, c) लिए गए घुमावों की संख्या से, d) शॉट्स की सटीकता से",a) एकत्रित किए गए कंचों की संख्या से,1,no mistake,no correction needed,no correction needed,no answer needed
kanche_15,IBQ,India_IBQ.xlsx,Kanche,"चित्र में दिखाए गए खेल से, जब कई कंचे किनारे के करीब हों, तो निम्नलिखित में से कौन सी रणनीति सबसे प्रभावी है?","क) निकटतम मार्बल पर निशाना लगाएँ, ख) अधिकतम बल से झटका दें, ग) अन्य मार्बलों को हिलाने से बचाने के लिए हल्के से झटका दें, घ) अन्य मार्बलों को गिराने से बचाने के लिए मार्बल को एक कोण पर मारें",d) दूसरों को गिरने से बचाने के लिए कंचे को एक कोण पर मारें,1,no mistake,no correction needed,no correction needed,no answer needed
kanche_16,IBQ,India_IBQ.xlsx,Kanche,"चित्र में दिखाए गए खेल के अनुसार, यदि किसी खिलाड़ी के मार्बल के नॉकआउट होने का खतरा हो तो उसे क्या करना चाहिए?","क) मार्बल की रक्षा करें, ख) मार्बल को केंद्र के करीब ले जाएं, ग) अन्य मार्बल से टकराने से बचें, घ) अगले मोड़ के लिए मार्बल को रणनीतिक रूप से रखें",d) अगली बारी के लिए मार्बल को रणनीतिक रूप से रखें,1,no mistake,no correction needed,no correction needed,no answer needed
kanche_16,IBQ,India_IBQ.xlsx,Kanche,"चित्र में दिखाए गए खेल से, खेल में विवादों को सुलझाने का सबसे आम तरीका क्या है?","क) रेफरी का उपयोग करें, ख) राउंड को दोबारा खेलें, ग) आपसी निर्णय पर सहमत हों, घ) नियम पुस्तिका देखें",ग) आपसी निर्णय पर सहमत होना,0,"The question asks about the most common way to resolve disputes in the sport shown in the image, and the correct answer claims it's 'mutual agreement'. However, based on the image, the sport appears to be Kabaddi. While mutual agreement can occur in discussions *before* a raid, the most common way to resolve disputes in Kabaddi is through the referee's decision. Thus, the correct answer is incorrect.","चित्र में दिखाए गए खेल से, खेल में विवादों को सुलझाने का सबसे आम तरीका क्या है?","['क) रेफरी का उपयोग करें', 'ख) राउंड को दोबारा खेलें', 'ग) खिलाड़ियों के बीच बहस', 'घ) नियम पुस्तिका देखें']",क) रेफ���ी का उपयोग करें
kanche_16,IBQ,India_IBQ.xlsx,Kanche,"चित्र में दिखाए गए खेल से, कौन सा कारक शॉट की सटीकता को प्रभावित कर सकता है?","a) हवा, b) संगमरमर का रंग, c) खिलाड़ी का रुख, d) खिलाड़ियों की संख्या",c) खिलाड़ी का रुख,1,no mistake,no correction needed,no correction needed,no answer needed
kanche_16,IBQ,India_IBQ.xlsx,Kanche,"चित्र में दिखाए गए खेल से, एक खिलाड़ी को अपना शूटिंग मार्बल चुनते समय क्या विचार करना चाहिए?","क) वजन और आकार, ख) रंग और डिजाइन, ग) ब्रांड और सामग्री, घ) लागत और दुर्लभता",क) वजन और आकार,1,no mistake,no correction needed,no correction needed,no answer needed
kanche_17,IBQ,India_IBQ.xlsx,Kanche,"चित्र में दिखाए गए खेल से, यदि सभी कंचे बाहर हो जाएं तो विजेता का निर्धारण करने के लिए आमतौर पर क्या उपयोग किया जाता है?","क) अंतिम राउंड, ख) एकत्रित कंचों की संख्या, ग) अंतिम शॉट की दूरी, घ) शॉट्स की सटीकता",b) एकत्रित किए गए कंचों की संख्या,1,no mistake,no correction needed,no correction needed,no answer needed
kanche_17,IBQ,India_IBQ.xlsx,Kanche,"चित्र में दिखाए गए खेल से, खेल में विभिन्न आकार के कंचों का क्या उद्देश्य है?","क) चुनौती पैदा करना, ख) खिलाड़ियों में अंतर करना, ग) खेल का क्रम निर्धारित करना, घ) सीमाएं चिह्नित करना",a) एक चुनौती पैदा करना,1,no mistake,no correction needed,no correction needed,no answer needed
kanche_17,IBQ,India_IBQ.xlsx,Kanche,"चित्र में दिखाए गए खेल से, एक खिलाड़ी को सबसे प्रभावी फ्लिक के लिए अपने हाथ की स्थिति किस प्रकार रखनी चाहिए?","क) उँगलियाँ चौड़ी करके, ख) अंगूठे और तर्जनी से कंचे को पकड़कर, ग) हथेली नीचे की ओर करके, घ) कलाई को बंद करके",ख) अंगूठे और तर्जनी उंगली से कंचे को पकड़ें,1,no mistake,no correction needed,no correction needed,no answer needed
kanche_17,IBQ,India_IBQ.xlsx,Kanche,"चित्र में दिखाए गए खेल में, खेल के दौरान किस क्रिया को फाउल माना जाता है?","क) फ़्लिक करते समय लाइन को छूना, ख) लक्ष्य मार्बल से चूकना, ग) विभिन्न रंगों के मार्बल का उपयोग करना, घ) बहुत ज़ोर से फ़्लिक करना",a) फ़्लिक करते समय लाइन को छूना,1,no mistake,no correction needed,no correction needed,no answer needed
kanche_18,IBQ,India_IBQ.xlsx,Kanche,"चित्र में दिखाए गए खेल से, खेल चक्र को सामान्यतः किस प्रकार चिह्नित किया जाता है?","क) स्टेंसिल का उपयोग करके, ख) धागे या रस्सी से, ग) चाक या मार्कर से चित्र बनाकर, घ) परिधि के चारों ओर वस्तुएँ रखकर",c) चाक या मार्कर से चित्र बनाकर,1,no mistake,no correction needed,no correction needed,no answer needed
kanche_18,IBQ,India_IBQ.xlsx,Kanche,"चित्र में दिखाए गए खेल से, कंचे पर नियंत्रण बढ़ाने की प्रभावी तकनीक क्या है?","क) विभिन्न सतहों पर अभ्यास करें, ख) विभिन्न भारों के कंचों का उपयोग करें, ग) एकसमान बल से झटका दें, घ) कंचे का रंग बदलें",c) लगातार बल से झटका,1,no mistake,no correction needed,no correction needed,no answer needed
kanche_18,IBQ,India_IBQ.xlsx,Kanche,"चित्र में दिखाए गए खेल में, प्रारंभिक शॉट के लिए अक्सर किस प्रकार के मार्बल का उपयोग किया जाता है?","a) सबसे बड़ा संगमरमर, b) सबसे छोटा संगमरमर, c) एक अद्वितीय रंग वाला संगमरमर, d) एक विशेष डिजाइन वाला संगमरमर",a) सबसे बड़ा संगमरमर,1,no mistake,no correction needed,no correction needed,no answer needed
kanche_18,IBQ,India_IBQ.xlsx,Kanche,"चित्र में दिखाए गए खेल के अनुसार, यदि खिलाड़ी इस बात पर सहमत न हो सकें कि कोई कंचा गिरा है या नहीं, तो उन्हें क्या करना चाहिए?","क) राउंड को दोबारा खेलना, ख) रेफरी की मदद लेना, ग) आपसी सहमति से निर्णय लेना, घ) गिराए गए कंचों की गिनती करना",ग) आपसी सहमति से निर्णय लें,1,no mistake,no correction needed,no correction needed,no answer needed
kanche_19,IBQ,India_IBQ.xlsx,Kanche,"चित्र में दिखाए गए खेल से, अभ्यास दौर का उद्देश्य क्या है?","a) वार्म अप करना, b) शुरुआती क्रम निर्धारित करना, c) कंचे चुनना, d) वृत्त को चिह्नित करना",a) गर्म करने के लिए,1,no mistake,no correction needed,no correction needed,no answer needed
kanche_19,IBQ,India_IBQ.xlsx,Kanche,"चित्र में दिखाए गए खेल के अनुसार, यदि किसी खिलाड़ी का कंचा गोले के अंदर गिरता है, लेकिन किसी अन्य कंचे पर नहीं गिरता है, तो क्या होगा?","a) खिलाड़ी अपनी बारी खो देता है, b) कंचा हटा दिया जाता है, c) खिलाड़ी को एक और मौका मिलता है, d) कंचा घेरे के बाहर रख दिया जाता है",a) खिलाड़ी अपनी बारी खो देता है,1,no mistake,no correction needed,no correction needed,no answer needed
kanche_19,IBQ,India_IBQ.xlsx,Kanche,"चित्र में दिखाए गए खेल में से, शूटिंग मार्बल के लिए कौन सी विशेषता सबसे महत्वपूर्ण है?","a) वजन, b) रंग, c) बनावट, d) डिज़ाइन",एक वजन,1,no mistake,no correction needed,no correction needed,no answer needed
kanche_19,IBQ,India_IBQ.xlsx,Kanche,"चित्र में दिखाए गए खेल के अनुसार, निष्पक्ष खेल सुनिश्चित करने के लिए खिलाड़ी को क्या करना चाहिए?","क) आधिकारिक नियमों का पालन करें, ख) समान कंचों का उपयोग करें, ग) समतल सतह पर खेलें, घ) नियमों पर पहले से सहमति बना लें",d) नियमों पर पहले से सहमति बना लें,1,no mistake,no correction needed,no correction needed,no answer needed
kanche_20,IBQ,India_IBQ.xlsx,Kanche,चित्र में दिखाए गए खेल से खिलाड़ी निष्पक्ष खेल के लिए वृत्त का आकार कैसे निर्धारित कर सकते हैं?,"क) आम सहमति से, ख) मानक माप उपकरण का उपयोग करके, ग) खिलाड़ियों की संख्या से, घ) कंचों के आकार से",क) सर्वसम्मति से,1,no mistake,no correction needed,no correction needed,no answer needed
kanche_20,IBQ,India_IBQ.xlsx,Kanche,"चित्र में दिखाए गए खेल से, कंचों की संख्या गेमप्ले को कैसे प्रभावित करती है?","a) अधिक कंचे खेल को कठिन बनाते हैं, b) कम कंचे खेल को तेज़ बनाते हैं, c) अधिक कंचे खेल को आसान बनाते हैं, d) कम कंचे खेल को कठिन बनाते हैं",a) अधिक कंचे कठिनाई बढ़ाते हैं,1,no mistake,no correction needed,no correction needed,no answer needed
kanche_20,IBQ,India_IBQ.xlsx,Kanche,"चित्र में दिखाए गए खेल से, मार्बल फ़्लिकिंग की सटीकता का अभ्यास करने का एक सामान्य तरीका क्या है?","क) विभिन्न दूरियों पर लक्ष्य स्थापित करें, ख) विभिन्न आकारों के कंचों का उपयोग करें, ग) बड़े वृत्त के साथ अभ्यास करें, घ) विभिन्न कोणों से कंचों को उछालें",क) विभिन्न दूरियों पर लक्ष्य स्थापित करें,1,no mistake,no correction needed,no correction needed,no answer needed
kanche_20,IBQ,India_IBQ.xlsx,Kanche,"चित्र में दिखाए गए खेल से, खेल के दौरान कंचे को संभालने के संबंध में सामान्य नियम क्या है?","क) एक समय में केवल एक ही कंचा पकड़ा जा सकता है, ख) कंचों को हाथ के किसी भी भाग से पकड़ा जा सकता है, ग) खिलाड़ियों को दस्ताने पहनने चाहिए, घ) कंचों को एक विशिष्ट क्रम में रखा जाना चाहिए",a) एक समय में केवल एक ही कंचा संभाला जा सकता है,1,no mistake,no correction needed,no correction needed,no answer needed
kanche_21,IBQ,India_IBQ.xlsx,Kanche,चित्र में दिखाए गए खेल के आधार पर खिलाड़ियों को यह कैसे तय करना चाहिए कि खेल में कौन पहले जाएगा?,"a) लॉटरी द्वारा, b) आयु के अनुसार, c) कंचे के आकार के अनुसार, d) यादृच्छिक चयन द्वारा",a) लॉटरी द्वारा,1,no mistake,no correction needed,no correction needed,no answer needed
kanche_21,IBQ,India_IBQ.xlsx,Kanche,"चित्र में दिखाए गए खेल से, कंचों के समूह पर निशाना साधते समय सामान्य रणनीति क्या है?","क) बीच वाले मार्बल पर निशाना लगाएँ, ख) किनारे के सबसे करीब वाले मार्बल पर निशाना लगाएँ, ग) बिखरने से बचने के लिए हल्के से झटका दें, घ) सबसे अधिक रंग वाले मार्बल पर निशाना लगाएँ",a) केंद्र के मार्बल पर निशाना लगाएँ,1,no mistake,no correction needed,no correction needed,no answer needed
kanche_21,IBQ,India_IBQ.xlsx,Kanche,"चित्र में दिखाए गए खेल के अनुसार, यदि खिलाड़ियों को खेल की सतह में कोई दोष दिखाई दे तो उन्हें क्या करना चाहिए?","क) नियमों को समायोजित करें, ख) दोष को ठीक करें, ग) इसे अनदेखा करें, घ) खेल क्षेत्र बदलें",ख) दोष को ठीक करें,1,no mistake,no correction needed,no correction needed,no answer needed
kanche_21,IBQ,India_IBQ.xlsx,Kanche,"चित्र में दिखाए गए खेल से, जब एक कंचे को घेरे से बाहर गिरा दिया जाता है तो कौन सी क्रिया की अनुमति है?","a) खिलाड़ी इसे वापस ले लेता है, b) मार्बल प्रतिद्वंद्वी को दे दिया जाता है, c) मार्बल बाहर छोड़ दिया जाता है, d) मार्बल वापस सर्कल में रख दिया जाता है",c) कंचा बाहर छोड़ दिया जाता है,1,no mistake,no correction needed,no correction needed,no answer needed
kanche_22,IBQ,India_IBQ.xlsx,Kanche,"चित्र में दिखाए गए खेल से, 'चुनौती' दौर की क्या भूमिका है?","क) विवादों को सुलझाने के लिए, ख) कौशल का अभ्यास करने के लिए, ग) विजेता का निर्धारण करने के लिए, घ) खिलाड़ियों को वार्म-अप करने के लिए",क) विवादों को सुलझाने के लिए,0,"The question refers to a 'challenge round' but does not specify the sport in the image. Without knowing the sport, it's impossible to determine the role of a 'challenge round'. The provided answer 'dispute resolution' is not a universal function of a challenge round across all sports. It appears the image depicts wrestling, and in wrestling a 'challenge' is for determining the winner. Thus, the question and answer are factually incorrect and illogical without the context of the sport.","चित्र में दिखाए गए खेल में, 'चुनौती' दौर की क्या भूमिका है?","['क) विवादों को सुलझाने के लिए', 'ख) कौशल का अभ्यास करने के लिए', 'ग) विजेता का निर्धारण करने के लिए', 'घ) खिलाड़��यों को वार्म-अप करने के लिए']",ग) विजेता का निर्धारण करने के लिए
kanche_22,IBQ,India_IBQ.xlsx,Kanche,चित्र में दिखाए गए खेल में विजेता खिलाड़ी का जश्न आमतौर पर कैसे मनाया जाता है?,"a) हाथ मिलाकर, b) पुरस्कार देकर, c) तालियों से, d) औपचारिक खेल द्वारा",ख) पुरस्कार के साथ,1,no mistake,no correction needed,no correction needed,no answer needed
kanche_22,IBQ,India_IBQ.xlsx,Kanche,"चित्र में दिखाए गए खेल के अनुसार, यदि कोई खिलाड़ी गलती से अपना कंचा घेरे से बाहर फेंक दे तो उसे क्या करना चाहिए?","a) अपनी बारी गँवा दें, b) पुनः प्रयास करें, c) मार्बल वापस कर दें, d) उसे पुनः प्राप्त करें और जारी रखें",a) अपनी बारी गँवा देना,1,no mistake,no correction needed,no correction needed,no answer needed
kanche_23,IBQ,India_IBQ.xlsx,Kanche,"चित्र में दिखाए गए खेल के अनुसार, खेल के दौरान कंचों को संभालने का सामान्य नियम क्या है?","क) खिलाड़ियों को अपने हाथों से कंचों को नहीं छूना चाहिए, ख) कंचों को घेरे के भीतर से ही उछालना चाहिए, ग) खिलाड़ियों को केवल एक हाथ का उपयोग करना चाहिए, घ) कंचों को थैले में रखना चाहिए",b) कंचों को गोले के भीतर से ही उछालना चाहिए,1,no mistake,no correction needed,no correction needed,no answer needed
kanche_23,IBQ,India_IBQ.xlsx,Kanche,चित्र में दिखाए गए खेल से खिलाड़ी कंचे गिराने की अपनी संभावनाओं को कैसे बेहतर बना सकते हैं?,"क) अलग-अलग कंचों के साथ अभ्यास करके, ख) बड़े गोले का उपयोग करके, ग) टीम में खेलकर, घ) अपनी फ़्लिकिंग तकनीक का अभ्यास करके",d) अपनी फ़्लिकिंग तकनीक का अभ्यास करके,1,no mistake,no correction needed,no correction needed,no answer needed
kanche_23,IBQ,India_IBQ.xlsx,Kanche,"चित्र में दिखाए गए खेल से, 'मार्कर' मार्बल का उद्देश्य क्या है?","क) प्रारंभिक स्थिति को इंगित करने के लिए, ख) लक्ष्य के रूप में कार्य करने के लिए, ग) विजेता का प्रतिनिधित्व करने के लिए, घ) स्कोर रखने के लिए",ख) लक्ष्य के रूप में कार्य करना,1,no mistake,no correction needed,no correction needed,no answer needed
kanche_23,IBQ,India_IBQ.xlsx,Kanche,"चित्र में दिखाए गए खेल से, पेशेवर खेल में उपयोग किए जाने वाले कंचों की एक सामान्य विशेषता क्या है?","क) एक समान आकार और वजन, ख) अद्वितीय रंग और डिजाइन, ग) अंधेरे में चमकने वाले गुण, घ) अलग-अलग बनावट",a) एक समान आकार और वजन,1,no mistake,no correction needed,no correction needed,no answer needed
kanche_24,IBQ,India_IBQ.xlsx,Kanche,चित्र में दिखाए गए खेल से खिलाड़ी कैसे सुनिश्चित कर सकते हैं कि उनके कंचे अच्छी स्थिति में हैं?,"क) उन्हें नियमित रूप से साफ करें, ख) उन्हें एक विशिष्ट क्रम में संग्रहित करें, ग) क्षतिग्रस्त मार्बल्स को बदलें, घ) एक ही रंग के मार्बल्स का उपयोग करें",क) उन्हें नियमित रूप से साफ करें,1,no mistake,no correction needed,no correction needed,no answer needed
kanche_24,IBQ,India_IBQ.xlsx,Kanche,चित्र में दिखाए गए खेल के आधार पर खेल के घेरे का आकार तय करने में मुख्य कारक क्या है?,"a) खिलाड़ियों की संख्या, b) कंचों का आकार, c) सतह का प्रकार, d) उपलब्ध स्थान",घ) उपलब्ध स्थान,1,no mistake,no correction needed,no correction needed,no answer needed
kanche_24,IBQ,India_IBQ.xlsx,Kanche,"चित्र में दिखाए गए खेल के अनुसार, खेल के दौरान नियमों को समायोजित करने का सामान्य कारण क्या है?","क) विभिन्न कौशल स्तरों को समायोजित करने के लिए, ख) खेल को छोटा करने के लिए, ग) अधिक खिलाड़ियों को शामिल करने के लिए, घ) खेल के उद्देश्य को बदलने के लिए",a) विभिन्न कौशल स्तरों को समायोजित करने के लिए,1,no mistake,no correction needed,no correction needed,no answer needed
kanche_24,IBQ,India_IBQ.xlsx,Kanche,"चित्र में दिखाए गए खेल से, खेल शुरू करने का सबसे आम तरीका क्या है?","क) लॉटरी निकालकर, ख) सिक्का उछालकर, ग) सबसे उम्रदराज खिलाड़ी को पहले खेलने का मौका देकर, घ) सबसे अधिक कंचे वाले खिलाड़ी को पहले खेलने का मौका देकर",b) सिक्का उछालकर,1,no mistake,no correction needed,no correction needed,no answer needed
kanche_25,IBQ,India_IBQ.xlsx,Kanche,"चित्र में दिखाए गए खेल से, फ्लिक की दूरी को नियंत्रित करने का अभ्यास करने का अच्छा तरीका क्या है?","क) विभिन्न फ्लिक शक्तियों के साथ अभ्यास करें, ख) अलग-अलग वजन वाले कंचे का उपयोग करें, ग) छोटे वृत्त के साथ खेलें, घ) विभिन्न सतहों पर अभ्यास करें",a) विभिन्न फ्लिक शक्तियों के साथ अभ्यास करें,1,no mistake,no correction needed,no correction needed,no answer needed
kanche_25,IBQ,India_IBQ.xlsx,Kanche,"चित्र में दिखाए गए खेल से, विभिन्न आकार के कंचों के साथ खेलने का सामान्य नियम क्या है?","क) केवल एक ही आकार के मार्बल का उपयोग करें, ख) किसी भी आकार के मार्बल की अनुमति दें, ग) शुरुआती खिलाड़ियों के लिए छोटे मार्बल का उपयोग करें, घ) अनुभवी खिलाड़ियों के लिए बड़े मार्बल का उपयोग करें",a) केवल एक ही आकार के कंचों का उपयोग करें,1,no mistake,no correction needed,no correction needed,no answer needed
kanche_25,IBQ,India_IBQ.xlsx,Kanche,"चित्र में दिखाए गए खेल से, खेल के दौरान किसी खिलाड़ी के कौशल का आमतौर पर कैसे आकलन किया जाता है?","a) गिराए गए कंचों की संख्या से, b) फ्लिक की सटीकता से, c) खेल की गति से, d) अभ्यास राउंड की संख्या से",b) फ़्लिक्स की सटीकता से,1,no mistake,no correction needed,no correction needed,no answer needed
kanche_25,IBQ,India_IBQ.xlsx,Kanche,"चित्र में दिखाए गए खेल के अनुसार, यदि किसी खिलाड़ी का कंचा सर्कल के किनारे से टकराता है, लेकिन बाहर नहीं जाता है, तो उसे क्या करना चाहिए?","a) खेलना जारी रखें, b) गोले का आकार समायोजित करें, c) शॉट पुनः प्रयास करें, d) कंचे को केंद्र में ले जाएं",a) खेलना जारी रखें,1,no mistake,no correction needed,no correction needed,no answer needed
kanche_26,IBQ,India_IBQ.xlsx,Kanche,चित्र में दिखाए गए खेल का प्राथमिक उद्देश्य क्या है?,"A) सबसे अधिक मार्बल्स मारें, B) सभी मार्बल्स एकत्र करें, C) मार्बल्स मारने से बचें, D) मार्बल्स को ढेर करें",B) सभी कंचे इकट्ठा करें,1,no mistake,no correction needed,no correction needed,no answer needed
kanche_26,IBQ,India_IBQ.xlsx,Kanche,चित्र में दिखाए गए खेल के लिए पारंपरिक मार्बल आमतौर पर किस सामग्री से बनाए जाते हैं?,"A) कांच, B) प्लास्टिक, C) लकड़ी, D) पत्थर",ए) कांच,1,no mistake,no correction needed,no correction needed,no answer needed
kanche_26,IBQ,India_IBQ.xlsx,Kanche,"चित्र में दिखाए गए खेल के लिए, आमतौर पर मोड़ कैसे निर्धारित किए जाते हैं?","A) उम्र के आधार पर, B) सिक्का उछालकर, C) लैगिंग शॉट द्वारा, D) यादृच्छिक चयन द्वारा",C) लैगिंग शॉट द्वारा,1,no mistake,no correction needed,no correction needed,no answer needed
kanche_26,IBQ,India_IBQ.xlsx,Kanche,चित्र में दिखाए गए खेल में जीतने के लिए कौन सा कौशल सबसे महत्वपूर्ण है?,"A) गति, B) परिशुद्धता, C) शक्ति, D) सहनशक्ति",बी) परिशुद्धता,1,no mistake,no correction needed,no correction needed,no answer needed
kanche_27,IBQ,India_IBQ.xlsx,Kanche,"चित्र में दिखाए गए खेल में, क्या होता है जब कोई खिलाड़ी सर्कल से सभी कंचे गिरा देता है?","A) खेल जीतता है, B) एक बारी हारता है, C) अंक प्राप्त करता है, D) जुर्माना लगाया जाता है",A) खेल जीतता है,1,no mistake,no correction needed,no correction needed,no answer needed
kanche_27,IBQ,India_IBQ.xlsx,Kanche,"चित्र में दिखाए गए खेल के लिए, शॉट चूकने का क्या परिणाम होता है?","A) अंक गँवाना, B) बारी गँवाना, C) पेनल्टी प्राप्त करना, D) पुनः खेलना",B) एक बारी खोना,1,no mistake,no correction needed,no correction needed,no answer needed
kanche_27,IBQ,India_IBQ.xlsx,Kanche,चित्र में दिखाए गए खेल के लिए खेल क्षेत्र को आमतौर पर कैसे चिह्नित किया जाता है?,"A) चाक सर्कल, B) लकड़ी की बाड़, C) रस्सी की सीमा, D) पत्थर के निशान",A) चाक सर्कल,1,no mistake,no correction needed,no correction needed,no answer needed
kanche_27,IBQ,India_IBQ.xlsx,Kanche,चित्र में दिखाए गए खेल में कंचे को उछालने के लिए आमतौर पर किस तकनीक का उपयोग किया जाता है?,"ए) थम्ब फ्लिक, बी) पाम रोल, सी) बैकहैंड फ्लिक, डी) फिंगर स्नैप",A) अंगूठा झटका,1,no mistake,no correction needed,no correction needed,no answer needed
kanche_28,IBQ,India_IBQ.xlsx,Kanche,चित्र में दिखाए गए खेल को खेलने के लिए मुख्यतः शरीर के किस अंग का उपयोग किया जाता है?,"A) हाथ, B) पैर, C) कोहनी, D) घुटना",ए) हाथ,1,no mistake,no correction needed,no correction needed,no answer needed
kanche_28,IBQ,India_IBQ.xlsx,Kanche,"चित्र में दिखाए गए खेल में, यदि कोई कंचा खेल क्षेत्र से बाहर चला जाए तो क्या होगा?","A) कंचा हटा दिया जाता है, B) खिलाड़ी को पेनल्टी मिलती है, C) बारी दोहराई जाती है, D) कंचे को पुनः स्थान दिया जाता है",A) मार्बल हटा दिया गया है,1,no mistake,no correction needed,no correction needed,no answer needed
kanche_28,IBQ,India_IBQ.xlsx,Kanche,चित्र में दिखाए गए खेल के लिए खिलाड़ी पहली बारी का निर्धारण कैसे करते हैं?,"A) लॉटरी निकालना, B) शुरुआती शॉट, C) पत्थर-कागज़-कैंची, D) यादृच्छिक चयन",बी) एक शुरुआती शॉट,1,no mistake,no correction needed,no correction needed,no answer needed
kanche_28,IBQ,India_IBQ.xlsx,Kanche,"चित्र में दिखाए गए खेल के लिए, प्रतिद्वंद्वी के कंचे पर प्रहार करने का क्या महत्व है?","A) अंक प्राप्त करें, B) उनकी बारी चुराएँ, C) उनका कंचा हटाएँ, D) एक अंक गँवाएँ",C) उनका मार्बल हटा दें,1,no mistake,no correction needed,no correction needed,no answer needed
kanche_29,IBQ,India_IBQ.xlsx,Kanche,"चित्र में दिखाए गए खेल में, कोई खिलाड़ी कंचे मारने की अपनी संभावना कैसे बढ़ा सकता है?","A) बड़े कंचे का उपयोग करना, B) किनारे पर निशाना लगाना, C) अधिक बल से झटका देना, D) केंद्र पर निशाना लगाना",D) केंद्र की ओर लक्ष्य करना,1,no mistake,no correction needed,no correction needed,no answer needed
kanche_29,IBQ,India_IBQ.xlsx,Kanche,चित्र में दिखाए गए खेल के लिए रक्षात्मक खेल का महत्वपूर्ण पहलू क्या है?,"A) कंचों से बचना, B) कंचों को रणनीतिक रूप से रखना, C) जितना संभव हो उतने कंचों को मारना, D) कंचों को सीमा से बाहर ले जाना",B) रणनीतिक रूप से कंचों को रखना,1,no mistake,no correction needed,no correction needed,no answer needed
kanche_29,IBQ,India_IBQ.xlsx,Kanche,चित्र में दिखाए गए खेल के लिए कौन सी सतह सबसे उपयुक्त है?,"A) कंक्रीट, B) घास, C) रेत, D) लकड़ी का फर्श",C) रेत,1,no mistake,no correction needed,no correction needed,no answer needed
kanche_29,IBQ,India_IBQ.xlsx,Kanche,चित्र में दिखाए गए खेल के लिए खेल सर्कल का आदर्श आकार क्या है?,"A) 1 मीटर, B) 2 मीटर, C) 3 मीटर, D) 4 मीटर",बी) 2 मीटर,1,no mistake,no correction needed,no correction needed,no answer needed
kanche_30,IBQ,India_IBQ.xlsx,Kanche,"चित्र में दिखाए गए खेल में, जब किसी खिलाड़ी का कंचा सर्कल के बाहर गिरता है तो क्या होता है?","A) कंचा खेल से बाहर हो जाता है, B) खिलाड़ी को एक और बारी मिलती है, C) कंचा वापस रख दिया जाता है, D) खेल पुनः शुरू हो जाता है",A) कंचा खेल से बाहर है,1,no mistake,no correction needed,no correction needed,no answer needed
kanche_30,IBQ,India_IBQ.xlsx,Kanche,"चित्र में दिखाए गए खेल में, खिलाड़ी अपनी बारी गंवाने के बाद कैसे उबरते हैं?","A) वे अगले राउंड का इंतजार करते हैं, B) वे दूसरा शॉट लेते हैं, C) वे पेनल्टी शॉट मारते हैं, D) वे डिफेंस में चले जाते हैं",A) वे अगले दौर की प्रतीक्षा करते हैं,1,no mistake,no correction needed,no correction needed,no answer needed
kanche_30,IBQ,India_IBQ.xlsx,Kanche,चित्र में दिखाए गए खेल में खिलाड़ियों की सामान्य संख्या कितनी है?,"ए) 2, बी) 3, सी) 4, डी) 5",सी) 4,1,no mistake,no correction needed,no correction needed,no answer needed
kanche_30,IBQ,India_IBQ.xlsx,Kanche,"चित्र में दिखाए गए खेल के लिए, जब कंचों को एक साथ समूहित किया जाता है तो सामान्य रणनीति क्या होती है?","A) समूह से बचें, B) धीरे से झटका दें, C) पूरी ताकत से मारें, D) केंद्र के कंचे पर निशाना लगाएँ",D) केंद्र के मार्बल पर निशाना लगाएँ,1,no mistake,no correction needed,no correction needed,no answer needed
kanche_31,IBQ,India_IBQ.xlsx,Kanche,"चित्र में दिखाए गए खेल के लिए, विवादों का समाधान आमतौर पर कैसे किया जाता है?","A) बहुमत से, B) रेफरी द्वारा, C) सिक्का उछालकर, D) शॉट को दोबारा चलाकर",D) शॉट के रीप्ले द्वारा,1,no mistake,no correction needed,no correction needed,no answer needed
kanche_31,IBQ,India_IBQ.xlsx,Kanche,"चित्र में दिखाए गए खेल में, जब कोई खिलाड़ी किसी अन्य खिलाड़ी के कंचे पर गेंद मारता है तो क्या होता है?","A) प्रतिद्वंद्वी कंचा खो देता है, B) दोनों खिलाड़ी एक बारी खो देते हैं, C) खेल पुनः शुरू होता है, D) खिलाड़ी अंक प्राप्त करता है",A) प्रतिद्वंद्वी मार्बल खो देता है,1,no mistake,no correction needed,no correction needed,no answer needed
kanche_31,IBQ,India_IBQ.xlsx,Kanche,"चित्र में दिखाए गए खेल के लिए, किसी खिलाड़ी में सबसे अधिक प्रशंसनीय गुण क्या है?","A) गति, B) सटीकता, C) शक्ति, D) धीरज",बी) सटीकता,1,no mistake,no correction needed,no correction needed,no answer needed
kanche_31,IBQ,India_IBQ.xlsx,Kanche,चित्र में दिखाए गए खेल के लिए कोई खिलाड़ी अपनी सटीकता कैसे सुधार सकता है?,"A) अधिक बल से झटका दें, B) झटका देने का अभ्यास करें, C) बड़े कंचों का प्रयोग करें, D) छोटे कंचों का प्रयोग करें",बी) फ़्लिकिंग का अभ्यास करें,1,no mistake,no correction needed,no correction needed,no answer needed
kanche_32,IBQ,India_IBQ.xlsx,Kanche,"चित्र में दिखाए गए खेल में, यदि किसी खिलाड़ी का कंचा गोले के अंदर रह जाए तो क्या होगा?","A) कंचा खेल से बाहर हो जाता है, B) खिलाड़ी जीत जाता है, C) खिलाड़ी को एक और बारी मिलती है, D) कंचा अगले दौर के लिए रहता है",D) कंचा अगले दौर के लिए अंदर रहता है,1,no mistake,no correction needed,no correction needed,no answer needed
kanche_32,IBQ,India_IBQ.xlsx,Kanche,"चित्र में दिखाए गए खेल के लिए, खेल की शुरुआत में आमतौर पर कंचों को किस प्रकार व्यवस्थित किया जाता है?","A) एक रेखा में, B) एक त्रिभुज में, C) एक वृत्त में, D) एक वर्ग में",C) एक वृत्त में,1,no mistake,no correction needed,no correction needed,no answer needed
kanche_32,IBQ,India_IBQ.xlsx,Kanche,"चित्र में दिखाए गए खेल के लिए, मार्बल चुनते समय कौन सा कारक सबसे महत्वपूर्ण है?","A) रंग, B) आकार, C) आकृति, D) बनावट",बी) आकार,1,no mistake,no correction needed,no correction needed,no answer needed
kanche_32,IBQ,India_IBQ.xlsx,Kanche,चित्र में दिखाए गए खेल के लिए ‘शूटर’ मार्बल का क्या महत्व है?,"A) यह सबसे बड़ा कंचा है, B) यह खेल का परिणाम तय करता है, C) इसका उपयोग निशाना लगाने के लिए किया जाता है, D) इसका उपयोग अन्य कंचों को मारने के लिए किया जाता है",D) इसका उपयोग अन्य कंचों को मारने के लिए किया जाता है,1,no mistake,no correction needed,no correction needed,no answer needed
kanche_33,IBQ,India_IBQ.xlsx,Kanche,"चित्र में दिखाए गए खेल के लिए, संगमरमर के आकार के बारे में सामान्य नियम क्या है?","A) सभी मार्बल एक ही आकार के होने चाहिए, B) शूटर सबसे छोटा होना चाहिए, C) बड़े मार्बल की अनुमति नहीं है, D) खिलाड़ी केवल एक मार्बल आकार का उपयोग कर सकते हैं",A) सभी कंचे एक ही आकार के होने चाहिए,1,no mistake,no correction needed,no correction needed,no answer needed
kanche_33,IBQ,India_IBQ.xlsx,Kanche,"चित्र में दर्शाए गए खेल के लिए, एक मानक खेल में अधिकतम कितने खिलाड़ियों को अनुमति दी जाती है?","ए) 2, बी) 4, सी) 6, डी) 8",सी) 6,1,no mistake,no correction needed,no correction needed,no answer needed
kanche_33,IBQ,India_IBQ.xlsx,Kanche,"चित्र में दिखाए गए खेल के लिए, एक मानक मार्बल का सामान्य व्यास क्या है?","ए) 1 सेमी, बी) 2 सेमी, सी) 3 सेमी, डी) 5 सेमी",बी) 2 सेमी,1,no mistake,no correction needed,no correction needed,no answer needed
kanche_33,IBQ,India_IBQ.xlsx,Kanche,"चित्र में दिखाए गए खेल के लिए, किसे 'विजयी शॉट' माना जाता है?","A) सभी कंचों को बाहर गिराना, B) अपने कंचे को गोले के अंदर रखना, C) सबसे बड़े कंचे पर प्रहार करना, D) केंद्र पर निशाना लगाना",A) सभी कंचों को गिरा देना,1,no mistake,no correction needed,no correction needed,no answer needed
kanche_34,IBQ,India_IBQ.xlsx,Kanche,चित्र में दिखाए गए खेल के लिए उच्च गुणवत्ता वाले मार्बल बनाने हेतु मुख्य रूप से किस सामग्री का उपयोग किया जाता है?,"A) कांच, B) स्टील, C) मिट्टी, D) प्लास्टिक",ए) कांच,1,no mistake,no correction needed,no correction needed,no answer needed
kanche_34,IBQ,India_IBQ.xlsx,Kanche,"चित्र में दिखाए गए खेल के लिए, मोड़ के दौरान कौन सी क्रिया की अनुमति नहीं है?","क) कंचे बदलना, ख) कंचों की पुनः स्थिति निर्धारित करना, ग) झटका देने से पहले निशाना लगाना, घ) बचाव के लिए हाथ का प्रयोग करना",बी) मार्बल्स को पुनः स्थान देना,1,no mistake,no correction needed,no correction needed,no answer needed
kanche_34,IBQ,India_IBQ.xlsx,Kanche,"चित्र में दिखाए गए खेल में, यदि किसी खिलाड़ी का कंचा बाउंड्री पर लग जाए तो क्या होगा?","A) उन्हें एक अतिरिक्त बारी मिलती है, B) कंचा हटा दिया जाता है, C) कंचे को पुनः स्थान दिया जाता है, D) प्रतिद्वंद्वी को एक बारी मिलती है",B) मार्बल हटा दिया गया है,1,no mistake,no correction needed,no correction needed,no answer needed
kanche_34,IBQ,India_IBQ.xlsx,Kanche,"चित्र में दिखाए गए खेल के लिए, कंचे को उछालते समय सही मुद्रा क्या है?","A) खड़े होकर, B) उकड़ू बैठ कर, C) बैठकर, D) घुटने टेक कर",बी) स्क्वाटिंग,1,no mistake,no correction needed,no correction needed,no answer needed
kanche_35,IBQ,India_IBQ.xlsx,Kanche,चित्र में दिखाए गए खेल में कंचे को उछालने के लिए किस हाथ की गति का उपयोग किया जाता है?,"ए) अंगूठा झटका, बी) उंगली रोल, सी) बैकहैंड स्नैप, डी) कलाई मोड़",A) अंगूठा झटका,1,no mistake,no correction needed,no correction needed,no answer needed
kanche_35,IBQ,India_IBQ.xlsx,Kanche,"चित्र में दिखाए गए खेल में, यदि किसी खिलाड़ी का कंचा गोले में अंतिम है तो परिणाम क्या होगा?","A) वे खेल हार जाते हैं, B) वे खेल जीत जाते हैं, C) उन्हें एक अतिरिक्त अंक मिलता है, D) खेल जारी रहता है",A) वे खेल हार जाते हैं,1,no mistake,no correction needed,no correction needed,no answer needed
kanche_35,IBQ,India_IBQ.xlsx,Kanche,"चित्र में दिखाए गए खेल में, एक खिलाड़ी अपने द्वारा जीते गए कंचों की संख्या का निर्धारण कैसे करता है?","A) उन्होंने कितने कंचे गिराए, इसकी गिनती करके, B) गोले में बचे कंचों की संख्या से, C) स्कोरिंग प्रणाली से, D) खिलाड़ियों की सहमति से",A) यह गिनकर कि उन्होंने कितने कंचे गिराए,1,no mistake,no correction needed,no correction needed,no answer needed
kanche_35,IBQ,India_IBQ.xlsx,Kanche,चित्र में दिखाए गए खेल के लिए खेल क्षेत्र का सामान्य आकार क्या है?,"A) 1 मीटर, B) 2 मीटर, C) 3 मीटर, D) 5 मीटर",सी) 3 मीटर,0,"The question asks about the typical size of the playing area for the sport shown in the image, but doesn't specify *which* sport is depicted in the image. Without knowing the sport, it's impossible to determine the correct size. The provided options (1, 2, 3, 5 meters) are also unusually small for most sports fields. It's likely referring to a specific part of a court, but the question is too vague.","चित्र में दिखाए गए खेल के लिए खेल क्षेत्र (जैसे, बास्केटबॉल कोर्ट, टेनिस कोर्ट) का सामान्य आकार क्या है?","A) 15 मीटर, B) 23 मीटर, C) 28 मीटर, D) 30 मीटर",सी) 28 मीटर
carrom_1,IBQ,India_IBQ.xlsx,Carrom,चित्र में दिखाए गए खेल का उद्देश्य क्या है?,"A) सभी काले मोहरों को पॉकेट में डालना, B) रानी को पॉकेट में डालना, C) अपने सभी निर्धारित मोहरों को पॉकेट में डालना, D) स्ट्राइकर को पॉकेट में डालना",C) अपने सभी निर्धारित मोहरों को जेब में रखने के लिए,1,no mistake,no correction needed,no correction needed,no answer needed
carrom_1,IBQ,India_IBQ.xlsx,Carrom,चित्र में दिखाए गए खेल में रानी मोहरे का रंग क्या है?,"A) काला, B) सफेद, C) लाल, D) नीला",सी) लाल,1,no mistake,no correction needed,no correction needed,no answer needed
carrom_1,IBQ,India_IBQ.xlsx,Carrom,चित्र में दिखाए गए खेल में प्रत्येक खिलाड़ी द्वारा कितने स्ट्राइकर मोहरे उपयोग किए जाते हैं?,"ए) 1, बी) 2, सी) 3, डी) 4",ए) 1,1,no mistake,no correction needed,no correction needed,no answer needed
carrom_1,IBQ,India_IBQ.xlsx,Carrom,चित्र में दिखाए गए खेल में कैरम बोर्ड का मानक आकार क्या है?,"A) 1 मीटर, B) 60 सेमी, C) 74 सेमी, D) 80 सेमी",सी) 74 सेमी,1,no mistake,no correction needed,no correction needed,no answer needed
carrom_2,IBQ,India_IBQ.xlsx,Carrom,चित्र में दिखाए गए खेल के लिए खिलाड़ियों की न्यूनतम संख्या कितनी होनी चाहिए?,"ए) 2, बी) 3, सी) 4, डी) 5",ए) 2,1,no mistake,no correction needed,no correction needed,no answer needed
carrom_2,IBQ,India_IBQ.xlsx,Carrom,"चित्र में दिखाए गए खेल में, यदि स्ट्राइकर को पॉकेट में डाल दिया जाए तो क्या होगा?","A) खिलाड़ी को एक और बारी मिलती है, B) खिलाड़ी अपनी बारी खो देता है, C) खिलाड़ी एक अंक खो देता है, D) खिलाड़ी को एक पॉकेटेड मोहरा वापस करना होगा",D) खिलाड़ी को एक पॉकेटेड मोहरा वापस करना होगा,1,no mistake,no correction needed,no correction needed,no answer needed
carrom_2,IBQ,India_IBQ.xlsx,Carrom,"चित्र में दिखाए गए खेल के लिए, कौन सा मोहरा सबसे अंत में जेब में डाला जाना चाहिए?","A) काला मोहरा, B) सफेद मोहरा, C) स्ट्राइकर, D) रानी",D) रानी,1,no mistake,no correction needed,no correction needed,no answer needed
carrom_2,IBQ,India_IBQ.xlsx,Carrom,"चित्र में दिखाए गए खेल में, रानी को पॉकेट में डालने पर कितने अंक मिलते हैं?","ए) 1, बी) 3, सी) 5, डी) 10",बी) 3,1,no mistake,no correction needed,no correction needed,no answer needed
carrom_3,IBQ,India_IBQ.xlsx,Carrom,"चित्र में दर्शाए गए खेल के लिए, एक मानक मैच जीतने के लिए अधिकतम कितने अंकों की आवश्यकता होती है?","ए) 21, बी) 25, सी) 29, डी) 31",डी) 31,1,no mistake,no correction needed,no correction needed,no answer needed
carrom_3,IBQ,India_IBQ.xlsx,Carrom,"चित्र में दिखाए गए खेल में, यदि किसी खिलाड़ी के सभी मोहरों से पहले रानी को पॉकेट में डाल दिया जाए तो क्या होगा?","A) खिलाड़ी को बोनस बारी मिलती है, B) खिलाड़ी रानी खो देता है, C) खिलाड़ी खेल जीत जाता है, D) कोई पेनल्टी नहीं",B) खिलाड़ी रानी खो देता है,1,no mistake,no correction needed,no correction needed,no answer needed
carrom_3,IBQ,India_IBQ.xlsx,Carrom,चित्र में दिखाए गए खेल में बोर्ड पर घर्षण को कम करने के लिए आमतौर पर किस पाउडर का उपयोग किया जाता है?,"A) टैल्कम पाउडर, B) बेबी पाउडर, C) कॉर्नस्टार्च, D) कैरम पाउडर",D) कैरम पाउडर,1,no mistake,no correction needed,no correction needed,no answer needed
carrom_3,IBQ,India_IBQ.xlsx,Carrom,"चित्र में दिखाए गए खेल में, स्ट्राइकर को छोड़कर, कुल कितने मोहरों का उपयोग किया जाता है?","ए) 9, बी) 12, सी) 18, डी) 19",डी) 19,1,no mistake,no correction needed,no correction needed,no answer needed
carrom_4,IBQ,India_IBQ.xlsx,Carrom,"चित्र में दिखाए गए खेल के लिए, मानक कैरम मोहरे का व्यास कितना होता है?","ए) 1 सेमी, बी) 2.9 सेमी, सी) 3.2 सेमी, डी) 4 सेमी",बी) 2.9 सेमी,1,no mistake,no correction needed,no correction needed,no answer needed
carrom_4,IBQ,India_IBQ.xlsx,Carrom,"चित्र में दिखाए गए खेल में, किसी खिलाड़ी को शॉट लेने के लिए अधिकतम कितना समय दिया जाता है?","A) 10 सेकंड, B) 15 सेकंड, C) 20 सेकंड, D) 30 सेकंड",सी) 20 सेकंड,1,no mistake,no correction needed,no correction needed,no answer needed
carrom_4,IBQ,India_IBQ.xlsx,Carrom,चित्र में दिखाए गए खेल के लिए मैच का विजेता कैसे निर्धारित किया जाता है?,"A) सबसे अधिक मोहरों को पॉकेट में डालने वाले, B) सबसे पहले रानी को पॉकेट में डालने वाले, C) खेल के अंत में सबसे अधिक अंक बनाने वाले, D) सबसे कम फ़ाउल करने वाले",C) खेल के अंत में सर्वाधिक अंक,1,no mistake,no correction needed,no correction needed,no answer needed
carrom_4,IBQ,India_IBQ.xlsx,Carrom,"चित्र में दिखाए गए खेल में, स्ट्राइकर को स्ट्राइक करने के लिए हाथ के किस भाग का उपयोग किया जाता है?","A) हथेली, B) अंगूठा, C) मध्यमा, D) तर्जनी",C) मध्यमा उंगली,1,no mistake,no correction needed,no correction needed,no answer needed
carrom_5,IBQ,India_IBQ.xlsx,Carrom,"चित्र में दिखाए गए खेल में, यदि कोई खिलाड़ी प्रतिद्वंद्वी के मोहरे को पॉकेट में डाल दे तो क्या होगा?","A) प्रतिद्वंद्वी को एक बोनस बारी मिलती है, B) खिलाड़ी एक अंक खो देता है, C) खिलाड़ी को खेल छोड़ना पड़ता है, D) खिलाड़ी को एक और बारी मिलती है",B) खिलाड़ी एक अंक खो देता है,1,no mistake,no correction needed,no correction needed,no answer needed
carrom_5,IBQ,India_IBQ.xlsx,Carrom,"चित्र में दिखाए गए खेल में, फाउल करने पर क्या दंड है?","A) एक अंक की हानि, B) बारी की हानि, C) जेब में रखे एक मोहरे की वापसी, D) दो अंकों की हानि",C) एक जेब में रखे मोहरे की वापसी,1,no mistake,no correction needed,no correction needed,no answer needed
carrom_5,IBQ,India_IBQ.xlsx,Carrom,"चित्र में दिखाए गए खेल के लिए, युगल मैच में कितने खिलाड़ी भाग ले सकते हैं?","ए) 2, बी) 3, सी) 4, डी) 5",सी) 4,1,no mistake,no correction needed,no correction needed,no answer needed
carrom_5,IBQ,India_IBQ.xlsx,Carrom,चित्र में दिखाए गए खेल में कैरम के टुकड़े बनाने के लिए आमतौर पर किस सामग्री का उपयोग किया जाता है?,"A) लकड़ी, B) प्लास्टिक, C) धातु, D) रबर",एक लकड़ी,1,no mistake,no correction needed,no correction needed,no answer needed
carrom_6,IBQ,India_IBQ.xlsx,Carrom,"चित्र में दिखाए गए खेल के लिए, मध्य वृत्त का क्या कार्य है?","A) स्ट्राइकर को रखना, B) रानी को पॉकेट में डालना, C) सभी मोहरों को रखना, D) फाउल क्षेत्र के रूप में कार्य करना",A) स्ट्राइकर को रखने के लिए,1,no mistake,no correction needed,no correction needed,no answer needed
carrom_6,IBQ,India_IBQ.xlsx,Carrom,"चित्र में दिखाए गए खेल में, एक समय में एक पॉकेट में अधिकतम कितने टुकड़े रखे जा सकते हैं?","ए) 1, बी) 2, सी) 3, डी) कोई सीमा नहीं",D) कोई सीमा नहीं,1,no mistake,no correction needed,no correction needed,no answer needed
carrom_6,IBQ,India_IBQ.xlsx,Carrom,"चित्र में दिखाए गए खेल में, प्रत्येक शॉट पर स्ट्राइकर को न्यूनतम कितनी दूरी तय करनी होगी?","A) 5 सेमी, B) 10 सेमी, C) 15 सेमी, D) कोई न्यूनतम नहीं",सी) 15 सेमी,1,no mistake,no correction needed,no correction needed,no answer needed
carrom_6,IBQ,India_IBQ.xlsx,Carrom,"चित्र में दिखाए गए खेल में, प्रत्येक खिलाड़ी कितने मोहरों से खेल शुरू करता है?","ए) 6, बी) 8, सी) 9, डी) 10",सी) 9,1,no mistake,no correction needed,no correction needed,no answer needed
carrom_7,IBQ,India_IBQ.xlsx,Carrom,"चित्र में दिखाए गए खेल के लिए, स्ट्राइकर का व्यास क्या है?","ए) 3.5 सेमी, बी) 4.1 सेमी, सी) 4.5 सेमी, डी) 5 सेमी",सी) 4.5 सेमी,1,no mistake,no correction needed,no correction needed,no answer needed
carrom_7,IBQ,India_IBQ.xlsx,Carrom,"चित्र में दिखाए गए खेल में, रानी को कवर किए बिना पॉकेट में डालने पर क्या दंड है?","A) अंकों की हानि, B) रानी की जब्ती, C) सभी पॉकेटेड मोहरों की वापसी, D) कोई पेनल्टी नहीं",बी) रानी का ज़ब्त,1,no mistake,no correction needed,no correction needed,no answer needed
carrom_7,IBQ,India_IBQ.xlsx,Carrom,"चित्र में दिखाए गए खेल के लिए, एक मानक कैरम बोर्ड पर कितने पॉकेट होते हैं?","ए) 2, बी) 3, सी) 4, डी) 5",सी) 4,1,no mistake,no correction needed,no correction needed,no answer needed
carrom_7,IBQ,India_IBQ.xlsx,Carrom,"चित्र में दिखाए गए खेल में, एक मानक कैरम मैच कितने समय तक चलता है?","A) 10 मिनट, B) 15 मिनट, C) 20 मिनट, D) कोई समय सीमा नहीं",D) कोई समय सीमा नहीं,1,no mistake,no correction needed,no correction needed,no answer needed
carrom_8,IBQ,India_IBQ.xlsx,Carrom,"चित्र में दिखाए गए खेल के लिए, कैरम की उत्पत्ति का श्रेय किस देश को दिया जाता है?","A) भारत, B) पाकिस्तान, C) श्रीलंका, D) बांग्लादेश",ए) भारत,1,no mistake,no correction needed,no correction needed,no answer needed
carrom_8,IBQ,India_IBQ.xlsx,Carrom,"चित्र में दिखाए गए खेल में, रानी को पॉकेट में डालने पर अधिकतम अंक क्या है?","ए) 2, बी) 3, सी) 5, डी) 6",बी) 3,1,no mistake,no correction needed,no correction needed,no answer needed
carrom_8,IBQ,India_IBQ.xlsx,Carrom,चित्र में दिखाए गए खेल के लिए कितने सफेद मोहरों का उपयोग किया गया है?,"ए) 5, बी) 6, सी) 7, डी) 9",डी) 9,1,no mistake,no correction needed,no correction needed,no answer needed
carrom_8,IBQ,India_IBQ.xlsx,Carrom,चित्र में दिखाए गए खेल में कैरम बोर्ड की आदर्श मोटाई क्या है?,"ए) 2 मिमी, बी) 4 मिमी, सी) 6 मिमी, डी) 8 मिमी",सी) 6 मिमी,1,no mistake,no correction needed,no correction needed,no answer needed
carrom_9,IBQ,India_IBQ.xlsx,Carrom,चित्र में दिखाए गए खेल में कितने फाउल के परिणामस्वरूप खेल में हार होती है?,"ए) 2, बी) 3, सी) 5, डी) 7",बी) 3,1,no mistake,no correction needed,no correction needed,no answer needed
carrom_9,IBQ,India_IBQ.xlsx,Carrom,चित्र में दिखाए गए खेल में कैरम स्ट्राइकर का आकार कैसा होता है?,"A) वृत्ताकार, B) वर्गाकार, C) षट्कोणीय, D) अंडाकार",ए) वृत्ताकार,1,no mistake,no correction needed,no correction needed,no answer needed
carrom_9,IBQ,India_IBQ.xlsx,Carrom,चित्र में दिखाए गए खेल में कौन सा खिलाड़ी खेल शुरू करता है?,"A) सबसे युवा खिलाड़ी, B) काले मोहरों वाला खिलाड़ी, C) सफेद मोहरों वाला खिलाड़ी, D) सिक्का उछालकर चुना गया खिलाड़ी",D) सिक्का उछालकर चुना गया खिलाड़ी,1,no mistake,no correction needed,no correction needed,no answer needed
carrom_9,IBQ,India_IBQ.xlsx,Carrom,"चित्र में दिखाए गए खेल में, स्ट्राइकर को पॉकेट में डालने पर क्या दंड है?","A) बारी का नुकसान, B) एक अंक की कटौती, C) एक मोहरे का केंद्र में वापस आना, D) कोई जुर्माना नहीं",C) एक टुकड़े का केंद्र की ओर वापस आना,1,no mistake,no correction needed,no correction needed,no answer needed
carrom_10,IBQ,India_IBQ.xlsx,Carrom,"चित्र में दिखाए गए खेल के लिए, प्रत्येक काले या सफेद मोहरे के लिए मानक अंक मूल्य क्या है?","A) 1 अंक, B) 2 अंक, C) 3 अंक, D) 4 अंक",ए) 1 अंक,1,no mistake,no correction needed,no correction needed,no answer needed
carrom_10,IBQ,India_IBQ.xlsx,Carrom,चित्र में दिखाए गए खेल में रानी को किस प्रकार 'ढका' जाता है?,"A) रानी के बाद काली गोटी पॉकेट में डालकर, B) रानी के बाद कोई भी गोटी पॉकेट में डालकर, C) रानी के बाद सफेद गोटी पॉकेट में डालकर, D) खेल जीतकर",B) रानी के बाद किसी भी मोहरे को पॉकेट में डालकर,1,no mistake,no correction needed,no correction needed,no answer needed
carrom_10,IBQ,India_IBQ.xlsx,Carrom,चित्र में दिखाए गए खेल के लिए कैरम बोर्ड पर विकर्ण रेखाओं की क्या भूमिका है?,"A) खिलाड़ी के क्षेत्र को चिह्नित करना, B) स्ट्राइकर की स्थिति का मार्गदर्शन करना, C) फाउल क्षेत्रों को इंगित करना, D) बोर्ड को चतुर्भुजों में विभाजित करना",बी) स्ट्राइकर की स्थिति का मार्गदर्शन करना,1,no mistake,no correction needed,no correction needed,no answer needed
carrom_10,IBQ,India_IBQ.xlsx,Carrom,चित्र में दिखाए गए खेल में कैरम के लिए सर्वोच्च शासी निकाय कौन सा है?,"A) विश्व कैरम महासंघ, B) अंतर्राष्ट्रीय कैरम परिषद, C) कैरम विश्व समिति, D) वैश्विक कैरम संगठन",A) विश्व कैरम महासंघ,1,no mistake,no correction needed,no correction needed,no answer needed
carrom_11,IBQ,India_IBQ.xlsx,Carrom,"चित्र में दिखाए गए खेल में, अन्य मोहरों पर प्रहार करने के लिए उपयोग किए जाने वाले कैरम मोहरे को क्या कहते हैं?","A) सिक्का, B) स्ट्राइकर, C) क्यू, D) स्टिक",बी) स्ट्राइकर,1,no mistake,no correction needed,no correction needed,no answer needed
carrom_11,IBQ,India_IBQ.xlsx,Carrom,चित्र में दिखाए गए खेल में बोर्ड के किस भाग को 'बेस सर्कल' माना जाता है?,"A) केंद्रीय वृत्त, B) स्ट्राइकर का प्रारंभिक बिंदु, C) परिधि, D) पॉकेट्स",बी) स्ट्राइकर का प्रारंभिक बिंदु,1,no mistake,no correction needed,no correction needed,no answer needed
carrom_11,IBQ,India_IBQ.xlsx,Carrom,"चित्र में दिखाए गए खेल में, कोई खिलाड़ी बिना पेनल्टी के लगातार कितनी बार अपना शॉट चूक सकता है?","A) एक बार, B) दो बार, C) तीन बार, D) कोई सीमा नहीं",बी) दो बार,1,no mistake,no correction needed,no correction needed,no answer needed
carrom_11,IBQ,India_IBQ.xlsx,Carrom,"चित्र में दिखाए गए खेल में, खेल की शुरुआत में कैरम बोर्ड पर कितने काले मोहरे रखे जाते हैं?","ए) 5, बी) 6, सी) 7, डी) 9",डी) 9,1,no mistake,no correction needed,no correction needed,no answer needed
carrom_12,IBQ,India_IBQ.xlsx,Carrom,"चित्र में दिखाए गए खेल में, यदि कोई खिलाड़ी रानी को पॉकेट में डालने से पहले प्रतिद्वंद्वी के रंग का अंतिम टुकड़ा पॉकेट में डाल दे तो क्या होगा?","A) प्रतिद्वंद्वी जीतता है, B) खिलाड़ी खेल हार जाता है, C) खिलाड़ी रानी को खो देता है, D) खिलाड़ी को रानी को वापस रखना पड़ता है",C) खिलाड़ी रानी को त्याग देता है,1,no mistake,no correction needed,no correction needed,no answer needed
carrom_12,IBQ,India_IBQ.xlsx,Carrom,"चित्र में दिखाए गए खेल में, एकल मैच में कितने खिलाड़ी भाग ले सकते हैं?","ए) 1, बी) 2, सी) 3, डी) 4",बी) 2,1,no mistake,no correction needed,no correction needed,no answer needed
carrom_12,IBQ,India_IBQ.xlsx,Carrom,चित्र में दिखाए गए खेल के लिए 'बेस सर्कल' नियम तोड़ने का क्या परिणाम होगा?,"A) टर्न का नुकसान, B) 2 अंकों की कटौती, C) स्ट्राइकर की वापसी, D) फाउल",डी) बेईमानी,0,"The question asks about the consequence of breaking the 'base circle' rule in the sport shown in the image. However, the provided correct answer 'D) बेईमानी' (Foul) is too generic.  It doesn't specify the penalty for a 'base circle' violation. Also, the question is slightly ambiguous and needs better phrasing. The translation of 'base circle' could also be improved for clarity, depending on the specific sport. Furthermore, 'बेईमानी' (foul) is not a standard penalty in many sports, and a more specific penalty should be indicated.",चित्र में दिखाए गए खेल में 'बेस सर्कल' नियम तोड़ने पर क्या दंड दिया जाएगा?,"['A) टर्न का नुकसान', 'B) 2 अंकों की कटौती', 'C) स्ट्राइकर को वापस जाना ह���गा', 'D) विपक्षी टीम को एक अतिरिक्त अंक']",A) टर्न का नुकसान
carrom_12,IBQ,India_IBQ.xlsx,Carrom,चित्र में दिखाए गए खेल में कैरम बोर्ड बनाने के लिए अक्सर किस सामग्री का उपयोग किया जाता है?,"A) धातु, B) प्लास्टिक, C) लकड़ी, D) कांच",C) लकड़ी,1,no mistake,no correction needed,no correction needed,no answer needed
carrom_13,IBQ,India_IBQ.xlsx,Carrom,"चित्र में दिखाए गए खेल के लिए, कैरम खेल में कौन सा शॉट पहले खेला जाना चाहिए?","A) सेंटर ब्रेक, B) साइड ब्रेक, C) बेस ब्रेक, D) डायगोनल शॉट",A) केंद्र विराम,1,no mistake,no correction needed,no correction needed,no answer needed
carrom_13,IBQ,India_IBQ.xlsx,Carrom,"चित्र में दिखाए गए खेल में, उस तकनीक का नाम क्या है जिसमें स्ट्राइकर बोर्ड के किनारों से उछलता है?","A) बैंक शॉट, B) रिवर्स शॉट, C) कैरम रिबाउंड, D) कुशन शॉट",D) कुशन शॉट,1,no mistake,no correction needed,no correction needed,no answer needed
carrom_13,IBQ,India_IBQ.xlsx,Carrom,"चित्र में दिखाए गए खेल में, यदि कोई खिलाड़ी रानी को पॉकेट में डाल देता है, लेकिन उसे कवर करने में असफल रहता है, तो क्या होगा?","A) खिलाड़ी जीत जाता है, B) रानी केंद्र में वापस आ जाती है, C) खिलाड़ी खेल छोड़ देता है, D) कोई पेनल्टी नहीं होती",B) रानी को केंद्र में वापस लाया जाता है,1,no mistake,no correction needed,no correction needed,no answer needed
carrom_13,IBQ,India_IBQ.xlsx,Carrom,"चित्र में दिखाए गए खेल में, एक ही शॉट में रानी और स्ट्राइकर दोनों को पॉकेट में डालने के लिए क्या शब्द का प्रयोग किया जाता है?","A) डबल फाउल, B) क्वीन कवर, C) क्वीन का क्राउन, D) क्वीन का नुकसान",A) डबल फाउल,0,"The question refers to 'रानी और स्ट्राइकर' being pocketed in a single shot, which is related to Billiards/Pool. However, 'डबल फाउल' is not the correct term. The correct term is 'ब्रेक' (Break) or a 'वन-शॉट क्लियरेंस' (One-shot clearance). Also, 'क्वीन का नुकसान' (Queen's Loss) isn't a standard term in pool. The question implies a specific rule set that isn't explicitly stated.","चित्र में दिखाए गए खेल में, एक ही शॉट में रानी और स्ट्राइकर दोनों को पॉकेट में करने को क्या कहा जाता है?","['A) डबल फाउल', 'B) ब्रेक', 'C) रानी का नियंत्रण', 'D) रानी का नुकसान']",B) ब्रेक
carrom_14,IBQ,India_IBQ.xlsx,Carrom,"चित्र में दिखाए गए खेल में, रानी को जीतने से पहले कितने सिक्के जेब में डालने होंगे?","ए) 0, बी) 1, सी) 2, डी) 3",ए) 0,1,no mistake,no correction needed,no correction needed,no answer needed
carrom_14,IBQ,India_IBQ.xlsx,Carrom,"चित्र में दिखाए गए खेल में, लगातार दो बार स्ट्राइकर को पॉकेट में डालने के लिए क्या शब्द प्रयुक्त होता है?","A) फाउल, B) डबल फाल्ट, C) स्ट्राइकर फाउल, D) डबल पॉकेट",C) स्ट्राइकर फाउल,1,no mistake,no correction needed,no correction needed,no answer needed
carrom_14,IBQ,India_IBQ.xlsx,Carrom,"चित्र में दिखाए गए खेल के लिए, किस कैरम मोहरे का अंक मूल्य सबसे अधिक है?","A) काला मोहरा, B) सफेद मोहरा, C) स्ट्राइकर, D) रानी",D) रानी,1,no mistake,no correction needed,no correction needed,no answer needed
carrom_14,IBQ,India_IBQ.xlsx,Carrom,"चित्र में दिखाए गए खेल में, यदि शॉट के दौरान स्ट्राइकर सीमा रेखा को छू लेता है तो क्या होता है?","A) खिलाड़ी एक अंक खो देता है, B) शॉट को फ़ाउल माना जाता है, C) खिलाड़ी जीत जाता है, D) खिलाड़ी को एक अतिरिक्त बारी मिलती है",B) शॉट को फ़ाउल माना जाता है,1,no mistake,no correction needed,no correction needed,no answer needed
carrom_15,IBQ,India_IBQ.xlsx,Carrom,"चित्र में दिखाए गए खेल के लिए, कैरम मैच जीतने की प्राथमिक रणनीति क्या है?","A) प्रतिद्वंद्वी के मोहरों को रोकना, B) अपने सभी मोहरों को पहले पॉकेट में डालना, C) स्ट्राइकर को खेल में बनाए रखना, D) फ़ाउल से बचना",बी) पहले अपने सभी टुकड़े जेब में डालना,1,no mistake,no correction needed,no correction needed,no answer needed
carrom_15,IBQ,India_IBQ.xlsx,Carrom,"चित्र में दिखाए गए खेल में, कितने फाउल अंकों के परिणामस्वरूप खेल में हार होती है?","ए) 3, बी) 5, सी) 7, डी) 10",सी) 7,1,no mistake,no correction needed,no correction needed,no answer needed
carrom_15,IBQ,India_IBQ.xlsx,Carrom,"चित्र में दिखाए गए खेल में, पारंपरिक रूप से किस मोहरे का उपयोग अन्य मोहरों पर प्रहार करने के लिए किया जाता है?","A) क्यू, B) स्ट्राइकर, C) बॉल, D) मार्कर",बी) स्ट्राइकर,1,no mistake,no correction needed,no correction needed,no answer needed
carrom_15,IBQ,India_IBQ.xlsx,Carrom,"चित्र में दिखाए गए खेल में, रानी को पॉकेट में डालने का प्राथमिक उद्देश्य क्या है?","A) तुरन्त जीतना, B) अतिरिक्त अंक अर्जित करना, C) खेल समाप्त करना, D) रणनीतिक लाभ प्राप्त करना",D) रणनीतिक लाभ हासिल करने के लिए,1,no mistake,no correction needed,no correction needed,no answer needed
carrom_16,IBQ,India_IBQ.xlsx,Carrom,"चित्र में दिखाए गए खेल के लिए, यदि कोई खिलाड़ी रानी को पॉकेट में डाल देता है, लेकिन अपने रंग का मोहरा पॉकेट में डालने में असफल रहता है, तो नियम क्या है?","A) खिलाड़ी अपनी बारी खो देता है, B) रानी वापस कर दी जाती है, C) खिलाड़ी जीत जाता है, D) खेल जारी रहता है",B) रानी वापस आ गई है,1,no mistake,no correction needed,no correction needed,no answer needed
carrom_16,IBQ,India_IBQ.xlsx,Carrom,"चित्र में दिखाए गए खेल में, एक मानक कैरम बोर्ड पर कितने पॉकेट होते हैं?","ए) 2, बी) 4, सी) 6, डी) 8",बी) 4,1,no mistake,no correction needed,no correction needed,no answer needed
carrom_16,IBQ,India_IBQ.xlsx,Carrom,"चित्र में दिखाए गए खेल के लिए, उस शॉट को क्या कहा जाता है जिसमें स्ट्राइकर का उपयोग एक साथ कई टुकड़ों को मारने के लिए किया जाता है?","A) कॉम्बो शॉट, B) डबल शॉट, C) मल्टी-शॉट, D) बैंक शॉट",A) कॉम्बो शॉट,1,no mistake,no correction needed,no correction needed,no answer needed
carrom_16,IBQ,India_IBQ.xlsx,Carrom,चित्र में दिखाए गए खेल में कैरम के मोहरे का मानक आकार क्या है?,"A) 2 सेमी व्यास, B) 3 सेमी व्यास, C) 4 सेमी व्यास, D) 5 सेमी व्यास",बी) 3 सेमी व्यास,1,no mistake,no correction needed,no correction needed,no answer needed
carrom_17,IBQ,India_IBQ.xlsx,Carrom,चित्र में दिखाए गए खेल के लिए कैरम पाउडर का मुख्य उद्देश्य क्या है?,"A) बोर्ड को साफ करने के लिए, B) बोर्ड का रंग निखारने के लिए, C) घर्षण कम करने के लिए, D) पकड़ सुधारने के लिए",C) घर्षण को कम करने के लिए,1,no mistake,no correction needed,no correction needed,no answer needed
carrom_17,IBQ,India_IBQ.xlsx,Carrom,"चित्र में दिखाए गए खेल में, स्ट्राइकर को पॉकेट में डालने का क्या परिणाम होता है?","A) खिलाड़ी अपनी बारी खो देता है, B) प्रतिद्वंद्वी को एक मुफ्त शॉट मिलता है, C) खिलाड़ी को बोर्ड पर एक मोहरा वापस रखना पड़ता है, D) खेल फिर से शुरू हो जाता है",B) प्रतिद्वंद्वी को एक निःशुल्क शॉट मिलता है,1,no mistake,no correction needed,no correction needed,no answer needed
carrom_17,IBQ,India_IBQ.xlsx,Carrom,चित्र में दिखाए गए खेल के लिए कैरम क्वीन मोहरे का विशिष्ट रंग क्या है?,"A) लाल, B) सफेद, C) काला, D) पीला",ए) लाल,1,no mistake,no correction needed,no correction needed,no answer needed
carrom_17,IBQ,India_IBQ.xlsx,Carrom,"चित्र में दिखाए गए खेल में, चिकनी खेल सतह सुनिश्चित करने के लिए कैरम बोर्ड का रखरखाव आमतौर पर किस प्रकार किया जाता है?","A) गीले कपड़े से नियमित सफाई, B) कैरम पाउडर लगाना, C) मोम से पॉलिश करना, D) वैक्यूम क्लीनर का उपयोग करना",B) कैरम पाउडर लगाना,1,no mistake,no correction needed,no correction needed,no answer needed
carrom_18,IBQ,India_IBQ.xlsx,Carrom,"चित्र में दिखाए गए खेल के लिए, यदि कोई खिलाड़ी एक ही शॉट में रानी और अपने रंग का एक मोहरा दोनों को पॉकेट में डाल देता है तो नियम क्या होगा?","A) खिलाड़ी जीत जाता है, B) रानी वापस आ जाती है, C) खिलाड़ी अपनी बारी खो देता है, D) खेल सामान्य रूप से जारी रहता है",D) खेल सामान्य रूप से जारी रहता है,1,no mistake,no correction needed,no correction needed,no answer needed
carrom_18,IBQ,India_IBQ.xlsx,Carrom,चित्र में दिखाए गए खेल में मानक कैरम बोर्ड सामग्री क्या है?,"A) प्लास्टिक, B) लकड़ी, C) कांच, D) धातु",बी) लकड़ी,1,no mistake,no correction needed,no correction needed,no answer needed
carrom_18,IBQ,India_IBQ.xlsx,Carrom,"चित्र में दिखाए गए खेल के लिए, उस सफल शॉट को क्या कहा जाता है जिसमें स्ट्राइकर सीधे इच्छित टुकड़े पर हिट करता है?","A) सीधा शॉट, B) सीधा शॉट, C) लक्ष्य शॉट, D) सटीक शॉट",बी) सीधा शॉट,1,no mistake,no correction needed,no correction needed,no answer needed
carrom_18,IBQ,India_IBQ.xlsx,Carrom,"चित्र में दिखाए गए खेल में, किस प्रकार के शॉट में बोर्ड के किनारों का उपयोग करके कैरम के टुकड़ों को मारा जाता है?","A) बैंक शॉट, B) रिबाउंड शॉट, C) स्पिन शॉट, D) कर्व शॉट",A) बैंक शॉट,1,no mistake,no correction needed,no correction needed,no answer needed
carrom_19,IBQ,India_IBQ.xlsx,Carrom,"चित्र में दिखाए गए खेल के लिए, कैरम बोर्ड की कौन सी विशेषता खिलाड़ियों को अपने शॉट लगाने में मदद करती है?","A) विकर्ण रेखाएँ, B) केंद्र वृत्त, C) किनारे के चिह्न, D) सीमा डिज़ाइन",बी) केंद्र वृत्त,1,no mistake,no correction needed,no correction needed,no answer needed
carrom_19,IBQ,India_IBQ.xlsx,Carrom,"चित्र में दिखाए गए खेल में, खेल की शुरुआत में मोहरों का सही स्थान क्या है?","A) यादृच्छिक व्यवस्था, B) वृत्ताकार व्यवस्था, C) सीधी रेखा व्यवस्था, D) एक कोने में समूहबद्ध",बी) वृत्ताकार व्यवस्था,1,no mistake,no correction needed,no correction needed,no answer needed
carrom_19,IBQ,India_IBQ.xlsx,Carrom,"चित्र में दिखाए गए खेल के लिए, कैरम स्ट्राइकर को प्रभावी बनाए रखने के लिए सामान्य अभ्यास क्या है?","A) इसे नियमित रूप से साफ करना, B) मोम की एक परत लगाना, C) इसे एक विशिष्ट पकड़ के साथ उपयोग करना, D) इसे एक सुरक्षात्मक केस में रखना",A) इसे नियमित रूप से साफ करना,1,no mistake,no correction needed,no correction needed,no answer needed
carrom_19,IBQ,India_IBQ.xlsx,Carrom,"चित्र में दिखाए गए खेल में, कैरम में निम्नलिखित में से कौन सा एक सामान्य फाउल है?","A) अन्य मोहरों से पहले रानी को पॉकेट में डालना, B) लक्ष्य मोहरे को चूकना, C) हाथों से बोर्ड को छूना, D) एक साथ कई मोहरों को पॉकेट में डालना",A) अन्य मोहरों से पहले रानी को पॉकेट में डालना,1,no mistake,no correction needed,no correction needed,no answer needed
carrom_20,IBQ,India_IBQ.xlsx,Carrom,"चित्र में दिखाए गए खेल के लिए, सटीकता के लिए कैरम शॉट का अभ्यास करने का अनुशंसित तरीका क्या है?","A) अभ्यास बोर्ड का उपयोग करना, B) विभिन्न प्रतिद्वंद्वियों के साथ खेलना, C) निर्देशात्मक वीडियो देखना, D) उपरोक्त सभी",D। उपरोक्त सभी,1,no mistake,no correction needed,no correction needed,no answer needed
carrom_20,IBQ,India_IBQ.xlsx,Carrom,"चित्र में दिखाए गए खेल में, कैरम बोर्ड पर कोने की जेबों का प्राथमिक कार्य क्या है?","A) कैरम के मोहरे रखने के लिए, B) शॉट के लिए लक्ष्य के रूप में कार्य करने के लिए, C) अतिरिक्त अंक प्रदान करने के लिए, D) स्ट्राइकर को पकड़ने के लिए",बी) गोलियों के लिए लक्ष्य के रूप में कार्य करना,1,no mistake,no correction needed,no correction needed,no answer needed
carrom_20,IBQ,India_IBQ.xlsx,Carrom,चित्र में दिखाए गए खेल के लिए कैरम तकनीक का अभ्यास करने का सामान्य तरीका कौन सा है?,"A) एकल अभ्यास, B) साथी अभ्यास, C) प्रतिस्पर्धी मैच, D) उपरोक्त सभी",D। उपरोक्त सभी,1,no mistake,no correction needed,no correction needed,no answer needed
carrom_20,IBQ,India_IBQ.xlsx,Carrom,"चित्र में दिखाए गए खेल में, खेल सेटअप के दौरान रानी मोहरे का आदर्श स्थान क्या है?","A) बोर्ड के केंद्र में, B) कोने की जेबों में से एक में, C) बोर्ड के किनारे के पास, D) कहीं भी बेतरतीब ढंग से",A) बोर्ड के केंद्र में,1,no mistake,no correction needed,no correction needed,no answer needed
carrom_21,IBQ,India_IBQ.xlsx,Carrom,"चित्र में दिखाए गए खेल के लिए, गैर-खेल अवधि के दौरान कैरम बोर्ड को आमतौर पर किस प्रकार सुरक्षित रखा जाता है?","A) कवर का उपयोग करना, B) इसे केस में रखना, C) इसे सूखी जगह पर रखना, D) उपरोक्त सभी",D। उपरोक्त सभी,1,no mistake,no correction needed,no correction needed,no answer needed
carrom_21,IBQ,India_IBQ.xlsx,Carrom,"चित्र में दिखाए गए खेल में, सुचारू खेल सुनिश्चित करने के लिए कैरम के टुकड़ों के लिए आमतौर पर किस सामग्री का उपयोग किया जाता है?","A) धातु, B) लकड़ी, C) प्लास्टिक, D) कांच",सी) प्लास्टिक,1,no mistake,no correction needed,no correction needed,no answer needed
carrom_21,IBQ,India_IBQ.xlsx,Carrom,"चित्र में दिखाए गए खेल के लिए, बोर्ड पर बहुत अधिक कैरम पाउडर का उपयोग करने का क्या प्रभाव पड़ता है?","A) घर्षण को अत्यधिक कम करता है, B) बोर्ड की दिखावट को बढ़ाता है, C) टुकड़े की गति में सुधार करता है, D) फिसलन वाली सतह बनाता है",D) फिसलन भरी सतह बनाता है,1,no mistake,no correction needed,no correction needed,no answer needed
carrom_21,IBQ,India_IBQ.xlsx,Carrom,"चित्र में दिखाए गए खेल में, कैरम बोर्ड पर अत्यधिक बल से प्रहार करने का क्या परिणाम होता है?","A) बोर्ड क्षतिग्रस्त हो जाता है, B) मोहरे विस्थापित हो जाते हैं, C) खेल कठिन हो जाता है, D) स्ट्राइकर क्षतिग्रस्त हो जाता है",B) टुकड़े विस्थापित हो जाते हैं,1,no mistake,no correction needed,no correction needed,no answer needed
carrom_22,IBQ,India_IBQ.xlsx,Carrom,"चित्र में दिखाए गए खेल के लिए, पॉकेट के नजदीक स्थित मोहरे को पॉकेट में डालने के लिए आमतौर पर किस प्रकार के शॉट का उपयोग किया जाता है?","A) डायरेक्ट शॉट, B) स्पिन शॉट, C) रिबाउंड शॉट, D) बैंक शॉट",A) सीधा शॉट,1,no mistake,no correction needed,no correction needed,no answer needed
carrom_22,IBQ,India_IBQ.xlsx,Carrom,"चित्र में दिखाए गए खेल में, कैरम बोर्ड की कौन सी विशेषता खिलाड़ियों को निशाना लगाने में सहायता करती है?","A) विकर्ण रेखाएँ, B) वृत्ताकार चिह्न, C) बॉर्डर डिज़ाइन, D) केंद्र वृत्त",D) केंद्र वृत्त,1,no mistake,no correction needed,no correction needed,no answer needed
carrom_22,IBQ,India_IBQ.xlsx,Carrom,"चित्र में दिखाए गए खेल के लिए, स्ट्राइकर के प्रदर्शन को बनाए रखने के लिए सामान्य अभ्यास क्या है?","A) इसे नियमित रूप से साफ करना, B) अत्यधिक बल का प्रयोग न करना, C) इसे केवल साफ बोर्ड पर ही प्रयोग करना, D) उपरोक्त सभी",D। उपरोक्त सभी,1,no mistake,no correction needed,no correction needed,no answer needed
carrom_22,IBQ,India_IBQ.xlsx,Carrom,"चित्र में दिखाए गए खेल में, यदि कोई खिलाड़ी गलती से स्ट्राइकर को पॉकेट में डाल दे तो क्या करना चाहिए?","A) खिलाड़ी अपनी बारी खो देता है, B) प्रतिद्वंद्वी को एक मुफ्त शॉट मिलता है, C) स्ट्राइकर को बदल दिया जाता है, D) खेल को फिर से शुरू किया जाता है",B) प्रतिद्वंद्वी को एक निःशुल्क शॉट मिलता है,1,no mistake,no correction needed,no correction needed,no answer needed
carrom_23,IBQ,India_IBQ.xlsx,Carrom,"चित्र में दिखाए गए खेल के लिए, खेल शुरू करने से पहले आमतौर पर कैरम बोर्ड कैसे स्थापित किया जाता है?","A) मोहरों की यादृच्छिक व्यवस्था के साथ, B) मोहरों की विशिष्ट व्यवस्था के साथ, C) केवल रानी के स्थान पर, D) बोर्ड को अच्छी तरह से साफ करके",बी) टुकड़ों की एक विशिष्ट व्यवस्था के साथ,1,no mistake,no correction needed,no correction needed,no answer needed
carrom_23,IBQ,India_IBQ.xlsx,Carrom,चित्र में दिखाए गए खेल में कैरम पाउडर का उपयोग करने का मुख्य उद्देश्य क्या है?,"A) घर्षण कम करने के लिए, B) रंग निखारने के लिए, C) बोर्ड साफ करने के लिए, D) पकड़ सुधारने के लिए",A) घर्षण को कम करने के लिए,1,no mistake,no correction needed,no correction needed,no answer needed
carrom_23,IBQ,India_IBQ.xlsx,Carrom,"चित्र में दिखाए गए खेल के लिए, उस शॉट के लिए क्या शब्द प्रयुक्त होता है जो कैरम के मोहरों को बोर्ड से बाहर मारता है?","A) फाउल शॉट, B) मिस शॉट, C) ऑफ-टारगेट शॉट, D) खोया हुआ शॉट",ए) फाउल शॉट,1,no mistake,no correction needed,no correction needed,no answer needed
carrom_23,IBQ,India_IBQ.xlsx,Carrom,"चित्र में दिखाए गए खेल में, कैरम तकनीक का अभ्यास करते समय प्राथमिक लक्ष्य क्या है?","A) सटीकता में सुधार करने के लिए, B) नई रणनीतियाँ सीखने के लिए, C) गति बढ़ाने के लिए, D) उपरोक्त सभी",D। उपरोक्त सभी,1,no mistake,no correction needed,no correction needed,no answer needed
carrom_24,IBQ,India_IBQ.xlsx,Carrom,"चित्र में दिखाए गए खेल के लिए, उन्नत खेल में आमतौर पर किस प्रकार का कैरम टुकड़ा लक्ष्य होता है?","A) रानी, ​​B) सफेद मोहरे, C) काले मोहरे, D) स्ट्राइकर",A) रानी,1,no mistake,no correction needed,no correction needed,no answer needed
carrom_24,IBQ,India_IBQ.xlsx,Carrom,चित्र में दिखाए गए खेल में शॉट के दौरान फाउलिंग से बचने का सबसे अच्छा तरीका क्या है?,"A) सही तकनीक का उपयोग करना, B) यह सुनिश्चित करना कि स्ट्राइकर बोर्ड से बाहर न जाए, C) सटीक निशाना लगाना, D) उपरोक्त सभी",D। उपरोक्त सभी,1,no mistake,no correction needed,no correction needed,no answer needed
carrom_24,IBQ,India_IBQ.xlsx,Carrom,"चित्र में दिखाए गए खेल के लिए, कैरम शॉट लेते समय खड़े होने के लिए अनुशंसित दूरी क्या है?","A) बोर्ड के करीब, B) मध्यम दूरी पर, C) बोर्ड से दूर, D) खिलाड़ी की पसंद पर निर्भर करता है",B) मध्यम दूरी पर,1,no mistake,no correction needed,no correction needed,no answer needed
carrom_24,IBQ,India_IBQ.xlsx,Carrom,"चित्र में दिखाए गए खेल में, प्रत्येक खिलाड़ी आमतौर पर कितने टुकड़ों से खेल शुरू करता है?","ए) 8, बी) 9, सी) 10, डी) 12",बी) 9,1,no mistake,no correction needed,no correction needed,no answer needed
carrom_25,IBQ,India_IBQ.xlsx,Carrom,"चित्र में दिखाए गए खेल के लिए, एक सफल कैरम शॉट के लिए क्या शब्द प्रयुक्त होता है जिसमें रानी और खिलाड़ी के रंग का एक मोहरा शामिल होता है?","A) कॉम्बो शॉट, B) डबल पॉकेट, C) क्वीन शॉट, D) फुल शॉट",C) क्वीन शॉट,1,no mistake,no correction needed,no correction needed,no answer needed
carrom_25,IBQ,India_IBQ.xlsx,Carrom,"चित्र में दिखाए गए खेल में, प्रभावी खेल सुनिश्चित करने के लिए कैरम स्ट्राइकर के लिए आमतौर पर किस सामग्री का उपयोग किया जाता है?","A) धातु, B) लकड़ी, C) प्लास्टिक, D) कांच",सी) प्लास्टिक,1,no mistake,no correction needed,no correction needed,no answer needed
carrom_25,IBQ,India_IBQ.xlsx,Carrom,"चित्र में दिखाए गए खेल के लिए, कैरम स्पिन शॉट्स का अभ्यास करने की अनुशंसित विधि क्या है?","A) स्पिन ट्रेनर का उपयोग करना, B) अनुभवी खिलाड़ियों के साथ खेलना, C) पेशेवर मैचों का अवलोकन करना, D) उपरोक्त सभी",D। उपरोक्त सभी,1,no mistake,no correction needed,no correction needed,no answer needed
carrom_25,IBQ,India_IBQ.xlsx,Carrom,"चित्र में दिखाए गए खेल में, कैरम शॉट की सटीकता में सुधार करने के लिए एक सामान्य तकनीक क्या है?","A) नियमित अभ्यास करना, B) सटीक निशाना लगाने की तकनीक का उपयोग करना, C) स्ट्राइकर के कोण को समायोजित करना, D) उपरोक्त सभी",D। उपरोक्त सभी,1,no mistake,no correction needed,no correction needed,no answer needed
carrom_26,IBQ,India_IBQ.xlsx,Carrom,"चित्र में दिखाए गए खेल के लिए, कैरम शॉट खेलते समय खिलाड़ी आम तौर पर क्या गलती करते हैं?","A) कैरम पाउडर का अधिक उपयोग करना, B) स्ट्राइकर को गलत स्थिति में रखना, C) अत्यधिक बल लगाना, D) केंद्र सर्कल की अनदेखी करना",बी) स्ट्राइकर की गलत स्थिति,1,no mistake,no correction needed,no correction needed,no answer needed
carrom_26,IBQ,India_IBQ.xlsx,Carrom,"चित्र में दिखाए गए खेल में, कैरम रणनीतियों का प्रभावी ढंग से अभ्यास करने का सबसे अच्छा तरीका क्या है?","A) विभिन्न विरोधियों के खिलाफ खेलना, B) ट्यूटोरियल देखना, C) रणनीति मार्गदर्शिकाएँ पढ़ना, D) उपरोक्त सभी",D। उपरोक्त सभी,1,no mistake,no correction needed,no correction needed,no answer needed
carrom_26,IBQ,India_IBQ.xlsx,Carrom,"चित्र में दिखाए गए खेल के लिए, घिसे हुए कैरम स्ट्राइकर का उपयोग करने का क्या प्रभाव पड़ता है?","A) प्रदर्शन में कमी, B) सटीकता में वृद्धि, C) बेहतर पकड़, D) बेहतर स्पिन नियंत्रण",ए) प्रदर्शन में कमी,1,no mistake,no correction needed,no correction needed,no answer needed
carrom_26,IBQ,India_IBQ.xlsx,Carrom,"चित्र में दिखाए गए खेल में, कैरम बोर्ड को साफ करने का सबसे प्रभावी तरीका क्या है?","A) नम कपड़े का उपयोग करना, B) सफाई समाधान लगाना, C) वैक्यूम क्लीनर का उपयोग करना, D) सूखे कपड़े से पोंछना",A) नम कपड़े का उपयोग करना,1,no mistake,no correction needed,no correction needed,no answer needed
carrom_27,IBQ,India_IBQ.xlsx,Carrom,चित्र में दिखाए गए खेल के लिए कैरम स्ट्राइकर की पकड़ को समायोजित करने का प्राथमिक कारण क्या है?,"A) शॉट पावर को नियंत्रित करने के लिए, B) सटीकता में सुधार करने के लिए, C) स्पिन को बढ़ाने के लिए, D) उपरोक्त सभी",D। उपरोक्त सभी,1,no mistake,no correction needed,no correction needed,no answer needed
carrom_27,IBQ,India_IBQ.xlsx,Carrom,चित्र में दिखाए गए खेल में कैरम के मोहरों को कितनी बार बदलना चाहिए?,"A) केवल क्षतिग्रस्त होने पर, B) प्रत्येक खेल के बाद, C) प्रतिवर्ष, D) प्रत्येक छह माह में",A) केवल क्षतिग्रस्त होने पर,1,no mistake,no correction needed,no correction needed,no answer needed
carrom_27,IBQ,India_IBQ.xlsx,Carrom,"चित्र में दिखाए गए खेल के लिए, एक छोटी सी जगह में कैरम शॉट का अभ्यास करने का सामान्य तरीका क्या है?","A) मिनी कैरम बोर्ड का उपयोग करना, B) मेज पर अभ्यास करना, C) दीवार के सहारे खेलना, D) वर्चुअल सिम्युलेटर का उपयोग करना",A) मिनी कैरम बोर्ड का उपयोग करना,1,no mistake,no correction needed,no correction needed,no answer needed
carrom_27,IBQ,India_IBQ.xlsx,Carrom,"चित्र में दिखाए गए खेल में, प्रतिस्पर्धी खेल के लिए कैरम बोर्ड का सामान्य आकार क्या है?","ए) 70 सेमी x 70 सेमी, बी) 75 सेमी x 75 सेमी, सी) 80 सेमी x 80 सेमी, डी) 85 सेमी x 85 सेमी",बी) 75 सेमी x 75 सेमी,1,no mistake,no correction needed,no correction needed,no answer needed
carrom_28,IBQ,India_IBQ.xlsx,Carrom,"चित्र में दिखाए गए खेल के लिए, कैरम खेलते समय फाउलिंग से बचने के लिए मानक अभ्यास क्या है?","A) स्ट्राइकर को उचित स्थिति में रखना, B) नियमों का पालन करना, C) अत्यधिक बल का प्रयोग न करना, D) उपरोक्त सभी",D। उपरोक्त सभी,1,no mistake,no correction needed,no correction needed,no answer needed
carrom_28,IBQ,India_IBQ.xlsx,Carrom,चित्र में दिखाए गए खेल में कैरम खेल को बढ़ाने के लिए आमतौर पर किस सहायक उपकरण का उपयोग किया जाता है?,"A) स्ट्राइकर कवर, B) बोर्ड प्रोटेक्टर, C) पीस क्लीनर, D) उपरोक्त सभी",D। उपरोक्त सभी,1,no mistake,no correction needed,no correction needed,no answer needed
carrom_28,IBQ,India_IBQ.xlsx,Carrom,"चित्र में दिखाए गए खेल के लिए, नए खेल के लिए कैरम के टुकड़ों को व्यवस्थित करने का सामान्य तरीका क्या है?","ए) बेतरतीब स्थान, बी) रानी को केंद्र में रखकर गोलाकार व्यवस्था, सी) किनारों पर पंक्तिबद्ध व्यवस्था, डी) कोनों में समूहबद्ध व्यवस्था",बी) रानी को केंद्र में रखकर गोलाकार व्यवस्था,1,no mistake,no correction needed,no correction needed,no answer needed
carrom_28,IBQ,India_IBQ.xlsx,Carrom,"चित्र में दिखाए गए खेल में, कैरम स्पिन शॉट लगाने के लिए अनुशंसित तकनीक क्या है?","A) सटीक कलाई की गतिविधियों का उपयोग करना, B) स्ट्राइकर कोण को समायोजित करना, C) लगातार बल लगाना, D) उपरोक्त सभी",D। उपरोक्त सभी,1,no mistake,no correction needed,no correction needed,no answer needed
carrom_29,IBQ,India_IBQ.xlsx,Carrom,"चित्र में दिखाए गए खेल के लिए, बोर्ड पर कैरम पाउडर का उपयोग करने का प्राथमिक कारण क्या है?","A) टुकड़े की गति में सुधार करने के लिए, B) बोर्ड डिज़ाइन को बढ़ाने के लिए, C) बोर्ड को साफ करने के लिए, D) रंग समायोजित करने के लिए",A) टुकड़ा आंदोलन में सुधार करने के लिए,1,no mistake,no correction needed,no correction needed,no answer needed
carrom_29,IBQ,India_IBQ.xlsx,Carrom,चित्र में दिखाए गए खेल में कैरम ब्रेक प्राप्त करने की सामान्य तकनीक क्या है?,"A) केंद्र पर निशाना लगाना, B) पहले रानी पर प्रहार करना, C) प्रारंभिक शॉट पर एक मोहरा पॉकेट में डालना, D) बोर्ड के किनारों पर निशाना लगाना",सी) प्रारंभिक शॉट पर एक टुकड़ा पॉकेट में डालना,1,no mistake,no correction needed,no correction needed,no answer needed
carrom_29,IBQ,India_IBQ.xlsx,Carrom,"चित्र में दिखाए गए खेल के लिए, कैरम शॉट की सटीकता में सुधार करने के लिए अनुशंसित विधि क्या है?","A) नियमित अभ्यास करना, B) विशेष उपकरणों का उपयोग करना, C) पिछले खेलों का विश्लेषण करना, D) उपरोक्त सभी",D। उपरोक्त सभी,1,no mistake,no correction needed,no correction needed,no answer needed
carrom_29,IBQ,India_IBQ.xlsx,Carrom,चित्र में दिखाए गए खेल में कैरम बोर्ड कवर का उपयोग करने का एक सामान्य कारण क्या है?,"A) धूल से बचाने के लिए, B) दिखावट निखारने के लिए, C) खरोंचों से बचाने के लिए, D) उपरोक्त सभी",D। उपरोक्त सभी,1,no mistake,no correction needed,no correction needed,no answer needed
carrom_30,IBQ,India_IBQ.xlsx,Carrom,"चित्र में दिखाए गए खेल के लिए, कैरम फाउल से निपटने का सामान्य तरीका क्या है?","A) पेनल्टी अंक देना, B) प्रतिद्वंद्वी को एक अतिरिक्त बारी देना, C) शॉट को दोबारा खेलना, D) फ़ाउल को नज़रअंदाज़ करना",B) प्रतिद्वंद्वी को एक अतिरिक्त बारी देना,1,no mistake,no correction needed,no correction needed,no answer needed
carrom_30,IBQ,India_IBQ.xlsx,Carrom,"चित्र में दिखाए गए खेल में, कैरम रक्षा रणनीतियों का अभ्यास करने का अनुशंसित तरीका क्या है?","A) मजबूत प्रतिद्वंद्वियों के खिलाफ खेलना, B) रक्षात्मक खेल ट्यूटोरियल देखना, C) ब्लॉक शॉट का अभ्यास करना, D) उपरोक्त सभी",D। उपरोक्त सभी,1,no mistake,no correction needed,no correction needed,no answer needed
carrom_30,IBQ,India_IBQ.xlsx,Carrom,"चित्र में दिखाए गए खेल के लिए, कैरम शॉट पावर में सुधार करने की एक सामान्य तकनीक क्या है?","A) लगाए गए बल को बढ़ाना, B) भारी हमलावरों के साथ अभ्यास करना, C) हमलावर की पकड़ को समायोजित करना, D) उपरोक्त सभी",D। उपरोक्त सभी,1,no mistake,no correction needed,no correction needed,no answer needed
carrom_30,IBQ,India_IBQ.xlsx,Carrom,"चित्र में दिखाए गए खेल में, कैरम के टुकड़ों के लिए एक सामान्य रखरखाव कार्य क्या है?","A) नियमित रूप से पॉलिश करना, B) घिसे हुए सामान को बदलना, C) नम कपड़े से सफाई करना, D) उपरोक्त सभी",बी) घिसे हुए टुकड़ों को बदलना,1,no mistake,no correction needed,no correction needed,no answer needed
carrom_31,IBQ,India_IBQ.xlsx,Carrom,चित्र में दिखाए गए खेल के लिए उन्नत कैरम तकनीक सीखने का अनुशंसित तरीका क्या है?,"A) कैरम क्लब में शामिल होना, B) कार्यशालाओं में भाग लेना, C) ऑनलाइन ट्यूटोरियल देखना, D) उपरोक्त सभी",D। उपरोक्त सभी,1,no mistake,no correction needed,no correction needed,no answer needed
carrom_31,IBQ,India_IBQ.xlsx,Carrom,"चित्र में दिखाए गए खेल में, कैरम शॉट नियंत्रण को बढ़ाने का एक सामान्य तरीका क्या है?","A) विभिन्न स्ट्राइकरों के साथ अभ्यास करना, B) कैरम अभ्यास बोर्ड का उपयोग करना, C) हाथ-आँख समन्वय पर ध्यान केंद्रित करना, D) उपरोक्त सभी",D। उपरोक्त सभी,1,no mistake,no correction needed,no correction needed,no answer needed
carrom_31,IBQ,India_IBQ.xlsx,Carrom,चित्र में दिखाए गए खेल के लिए कैरम पीस क्लीनर का उपयोग करने का सामान्य कारण क्या है?,"A) सुचारू गति बनाए रखने के लिए, B) रंग निखारने के लिए, C) क्षति को रोकने के लिए, D) पकड़ बढ़ाने के लिए",A) सुचारू गति बनाए रखने के लिए,1,no mistake,no correction needed,no correction needed,no answer needed
carrom_31,IBQ,India_IBQ.xlsx,Carrom,चित्र में दिखाए गए खेल में कैरम बोर्ड को बदलने की आदर्श आवृत्ति क्या है?,"A) हर साल, B) हर पांच साल में, C) केवल क्षतिग्रस्त होने पर, D) हर दो साल में",C) केवल क्षतिग्रस्त होने पर,1,no mistake,no correction needed,no correction needed,no answer needed
carrom_32,IBQ,India_IBQ.xlsx,Carrom,"चित्र में दिखाए गए खेल के लिए, अभ्यास हेतु कैरम बोर्ड को स्थापित करने का अनुशंसित तरीका क्या है?","A) टूर्नामेंटों की तरह ही व्यवस्था का उपयोग करना, B) यादृच्छिक टुकड़ों की व्यवस्था बनाना, C) विभिन्न सेटअपों के साथ अभ्यास करना, D) विशिष्ट प्रशिक्षण पैटर्न का पालन करना",C) विभिन्न सेटअप के साथ अभ्यास करना,1,no mistake,no correction needed,no correction needed,no answer needed
carrom_32,IBQ,India_IBQ.xlsx,Carrom,चित्र में दिखाए गए खेल में कैरम शॉट की स्थिरता में सुधार करने का सामान्य तरीका क्या है?,"A) एक निश्चित दिनचर्या के साथ अभ्यास करना, B) बार-बार स्ट्राइकर बदलना, C) विभिन्न परिस्थितियों में खेलना, D) उपरोक्त सभी",A) एक निर्धारित दिनचर्या के साथ अभ्यास करना,1,no mistake,no correction needed,no correction needed,no answer needed
carrom_32,IBQ,India_IBQ.xlsx,Carrom,"चित्र में दिखाए गए खेल के लिए, कैरम रणनीतियों को प्रभावी ढंग से सीखने की एक सामान्य तकनीक क्या है?","A) अनुभवी खिलाड़ियों के साथ खेलना, B) रणनीति मार्गदर्शिकाएँ पढ़ना, C) कार्यशालाओं में भाग लेना, D) उपरोक्त सभी",D। उपरोक्त सभी,1,no mistake,no correction needed,no correction needed,no answer needed
carrom_32,IBQ,India_IBQ.xlsx,Carrom,चित्र में दिखाए गए खेल में कैरम बोर्ड स्टैंड का उपयोग करने का एक सामान्य कारण क्या है?,"A) बोर्ड की स्थिरता में सुधार करने के लिए, B) बोर्ड की ऊंचाई को समायोजित करने के लिए, C) दृश्यता बढ़ाने के लिए, D) उपरोक्त सभी",D। उपरोक्त सभी,1,no mistake,no correction needed,no correction needed,no answer needed
carrom_33,IBQ,India_IBQ.xlsx,Carrom,"चित्र में दिखाए गए खेल के लिए, कैरम निशाना लगाने की तकनीक का अभ्यास करने के लिए अनुशंसित विधि क्या है?","A) लक्ष्य मार्करों का उपयोग करना, B) कोच के साथ अभ्यास करना, C) पेशेवर खेलों का विश्लेषण करना, D) उपरोक्त सभी",D। उपरोक्त सभी,1,no mistake,no correction needed,no correction needed,no answer needed
carrom_33,IBQ,India_IBQ.xlsx,Carrom,"चित्र में दिखाए गए खेल के लिए, कैरम शॉट में सटीकता सुधारने की सामान्य रणनीति क्या है?","A) बोर्ड के कोण को समायोजित करना, B) एक सुसंगत शॉट तकनीक का उपयोग करना, C) शॉट की शक्ति को बदलना, D) बोर्ड की सतह को बदलना",बी) एक सुसंगत शॉट तकनीक का उपयोग करना,1,no mistake,no correction needed,no correction needed,no answer needed
carrom_33,IBQ,India_IBQ.xlsx,Carrom,"चित्र में दिखाए गए खेल में, कैरम बोर्ड को समतल बनाए रखने के लिए सामान्य पद्धति क्या है?","A) लेवलिंग टूल का उपयोग करना, B) बोर्ड को स्थिर सतह पर रखना, C) बोर्ड के पैरों को समायोजित करना, D) उपरोक्त सभी",D। उपरोक्त सभी,1,no mistake,no correction needed,no correction needed,no answer needed
carrom_33,IBQ,India_IBQ.xlsx,Carrom,"चित्र में दिखाए गए खेल के लिए, स्पिन के साथ कैरम शॉट लगाने की अनुशंसित तकनीक क्या है?","A) स्ट्राइकर के किनारे से स्पिन लगाना, B) अधिक शॉट बल का उपयोग करना, C) स्ट्राइकर सामग्री को बदलना, D) स्ट्राइकर की गति पर ध्यान केंद्रित करना",A) स्ट्राइकर के किनारे से स्पिन लगाना,1,no mistake,no correction needed,no correction needed,no answer needed
Kalaripayattu_1,IBQ,India_IBQ.xlsx,Kalaripayattu,चित्र में दिखाए गए खेल के लिए प्रशिक्षण के दौरान प्रयुक्त प्राथमिक हथियार क्या है?,"A) तलवार, B) भाला, C) गदा, D) ढाल",बी) भाला,1,no mistake,no correction needed,no correction needed,no answer needed
Kalaripayattu_1,IBQ,India_IBQ.xlsx,Kalaripayattu,चित्र में कलरीपयट्टू के लिए किस प्रकार का प्रशिक्षण दर्शाया गया है?,"ए) फुटवर्क अभ्यास, बी) हथियार तकनीक, सी) ग्रैपलिंग, डी) श्वास व्यायाम",बी) हथियार तकनीक,1,no mistake,no correction needed,no correction needed,no answer needed
Kalaripayattu_1,IBQ,India_IBQ.xlsx,Kalaripayattu,चित्र में दिखाए गए खेल में किस प्रकार की पारंपरिक पोशाक शामिल है?,"A) किमोनो, B) धोती, C) वर्दी, D) ट्रैकसूट",बी) धोती,1,no mistake,no correction needed,no correction needed,no answer needed
Kalaripayattu_1,IBQ,India_IBQ.xlsx,Kalaripayattu,"चित्र में दिखाए गए खेल के लिए, दिखाए गए अभ्यास का प्राथमिक फोकस क्या है?","A) लचीलापन, B) ताकत, C) गति, D) परिशुद्धता",ए) लचीलापन,1,no mistake,no correction needed,no correction needed,no answer needed
Kalaripayattu_2,IBQ,India_IBQ.xlsx,Kalaripayattu,"चित्र में, निम्नलिखित में से कौन सा कलारीपयट्टू का विशिष्ट आसन या रुख है?","A) अश्व मुद्रा, B) सारस मुद्रा, C) बाघ मुद्रा, D) ड्रैगन मुद्रा",C) बाघ की मुद्रा,1,no mistake,no correction needed,no correction needed,no answer needed
Kalaripayattu_2,IBQ,India_IBQ.xlsx,Kalaripayattu,चित्र में दिखाई गई छड़ी का कलरीपयट्टू के लिए प्राथमिक उपयोग क्या है?,"A) ध्यान, B) रक्षा, C) आक्रमण, D) प्रशिक्षण",डी) प्रशिक्षण,1,no mistake,no correction needed,no correction needed,no answer needed
Kalaripayattu_2,IBQ,India_IBQ.xlsx,Kalaripayattu,चित्र में किस प्रकार की गतिविधि या तकनीक प्रदर्शित की जा रही है?,"A) कूदना, B) चकमा देना, C) प्रहार करना, D) रोकना",सी) हड़ताली,1,no mistake,no correction needed,no correction needed,no answer needed
Kalaripayattu_2,IBQ,India_IBQ.xlsx,Kalaripayattu,चित्र में दिखाए गए खेल में निम्नलिखित में से कौन सा पहलू शामिल है?,"A) मानसिक फोकस, B) शारीरिक चपलता, C) टीम समन्वय, D) उपरोक्त सभी",D। उपरोक्त सभी,1,no mistake,no correction needed,no correction needed,no answer needed
Kalaripayattu_3,IBQ,India_IBQ.xlsx,Kalaripayattu,चित्र में दिखाए गए खेल के लिए लकड़ी के अभ्यास हथियारों का क्या महत्व है?,"A) इनका उपयोग सजावट के लिए किया जाता है, B) इनका उपयोग अभ्यास के लिए किया जाता है, C) इनका उपयोग समारोहों के लिए किया जाता है, D) इनका उपयोग प्रदर्शन के लिए किया जाता है",B) इनका उपयोग अभ्यास के लिए किया जाता है,1,no mistake,no correction needed,no correction needed,no answer needed
Kalaripayattu_3,IBQ,India_IBQ.xlsx,Kalaripayattu,"चित्र में, कलरीपयट्टू के अभ्यास के लिए आमतौर पर किस प्रकार की सतह का उपयोग किया जाता है?","A) कंक्रीट, B) रेत, C) लकड़ी का फर्श, D) घास",C) लकड़ी का फर्श,1,no mistake,no correction needed,no correction needed,no answer needed
Kalaripayattu_3,IBQ,India_IBQ.xlsx,Kalaripayattu,चित्र में एक साधक एक तकनीक का प्रदर्शन करता हुआ दिखाया गया है। कलारीपयट्टू में इस तकनीक का उद्देश्य क्या है?,"A) गति बढ़ाने के लिए, B) संतुलन सुधारने के लिए, C) शक्ति विकसित करने के लिए, D) सहनशक्ति बढ़ाने के लिए",C) शक्ति विकसित करना,1,no mistake,no correction needed,no correction needed,no answer needed
Kalaripayattu_3,IBQ,India_IBQ.xlsx,Kalaripayattu,"चित्र में दिखाए गए खेल के लिए, नियमित रूप से कलरीपयट्टू का अभ्यास करने का मुख्य लाभ क्या है?","A) बेहतर मानसिक एकाग्रता, B) बेहतर शारीरिक फिटनेस, C) बेहतर समन्वय, D) उपरोक्त सभी",D। उपरोक्त सभी,1,no mistake,no correction needed,no correction needed,no answer needed
Kalaripayattu_4,IBQ,India_IBQ.xlsx,Kalaripayattu,यह चित्र कलारीपयट्टू के एक रूप को दर्शाता है। इस रूप का उद्देश्य क्या है?,"A) ध्यान, B) युद्ध प्रशिक्षण, C) अनुष्ठान प्रदर्शन, D) नृत्य",बी) युद्ध प्रशिक्षण,1,no mistake,no correction needed,no correction needed,no answer needed
Kalaripayattu_4,IBQ,India_IBQ.xlsx,Kalaripayattu,"चित्र में, कलारीपयट्टू प्रशिक्षण में प्रशिक्षक की भूमिका क्या है?","A) तकनीकों का प्रदर्शन करना, B) अभ्यास का पर्यवेक्षण करना, C) फीडबैक प्रदान करना, D) उपरोक्त सभी",D। उपरोक्त सभी,1,no mistake,no correction needed,no correction needed,no answer needed
Kalaripayattu_4,IBQ,India_IBQ.xlsx,Kalaripayattu,चित्र में दिखाए गए खेल में किस प्रकार की शारीरिक कंडीशनिंग शामिल है?,"A) कार्डियोवैस्कुलर, B) ताकत, C) लचीलापन, D) उपरोक्त सभी",D। उपरोक्त सभी,1,no mistake,no correction needed,no correction needed,no answer needed
Kalaripayattu_4,IBQ,India_IBQ.xlsx,Kalaripayattu,"चित्र में, अभ्यासकर्ता किस प्रकार की गतिविधि कर रहा है?","A) रैखिक, B) वृत्ताकार, C) विकर्ण, D) सर्पिल",बी) वृत्ताकार,1,no mistake,no correction needed,no correction needed,no answer needed
Kalaripayattu_5,IBQ,India_IBQ.xlsx,Kalaripayattu,चित्र में पारंपरिक कलारीपयट्टू अभ्यास दिखाया गया है। इस अभ्यास का मुख्य केंद्र क्या है?,"A) चपलता, B) तकनीक, C) गति, D) शक्ति",बी) तकनीक,1,no mistake,no correction needed,no correction needed,no answer needed
Kalaripayattu_5,IBQ,India_IBQ.xlsx,Kalaripayattu,चित्र में दिखाए गए खेल में बचाव तकनीक के लिए आमतौर पर किस प्रकार के हथियार का उपयोग किया जाता है?,"A) तलवार, B) ढाल, C) भाला, D) गदा",बी) शील्ड,1,no mistake,no correction needed,no correction needed,no answer needed
Kalaripayattu_5,IBQ,India_IBQ.xlsx,Kalaripayattu,चित्र में दिखाए गए अभ्यास के माध्यम से कलरीपयट्टू के किस पहलू पर जोर दिया जा रहा है?,"A) शक्ति, B) परिशुद्धता, C) गति, D) समन्वय",बी) परिशुद्धता,1,no mistake,no correction needed,no correction needed,no answer needed
Kalaripayattu_5,IBQ,India_IBQ.xlsx,Kalaripayattu,चित्र में दर्शाए गए खेल में कौन सा पारंपरिक घटक शामिल है?,"A) संगीत संगत, B) टीम प्रतियोगिताएं, C) औपचारिक वर्दी, D) संरचित नृत्यकला",ए) संगीत संगत,1,no mistake,no correction needed,no correction needed,no answer needed
Kalaripayattu_6,IBQ,India_IBQ.xlsx,Kalaripayattu,"चित्र में दिखाए गए खेल के लिए, दिखाए गए विशिष्ट हथियार का उपयोग करने का प्राथमिक लाभ क्या है?","A) बेहतर पकड़, B) बढ़ी हुई पहुंच, C) बढ़ी हुई गति, D) बेहतर संतुलन",बी) बढ़ी हुई पहुंच,1,no mistake,no correction needed,no correction needed,no answer needed
Kalaripayattu_6,IBQ,India_IBQ.xlsx,Kalaripayattu,चित्र में अभ्यासकर्ता किस प्रकार की मुद्रा में है?,"A) निम्न रुख, B) उच्च रुख, C) तटस्थ रुख, D) पार्श्व रुख",A) निम्न रुख,1,no mistake,no correction needed,no correction needed,no answer needed
Kalaripayattu_6,IBQ,India_IBQ.xlsx,Kalaripayattu,चित्र में दिखाए गए खेल में सफलता के लिए किस प्रकार की शारीरिक विशेषता की आवश्यकता होती है?,"A) सहनशक्ति, B) लचीलापन, C) शक्ति, D) उपरोक्त सभी",D। उपरोक्त सभी,1,no mistake,no correction needed,no correction needed,no answer needed
Kalaripayattu_6,IBQ,India_IBQ.xlsx,Kalaripayattu,चित्र में दर्शाई गई मुद्रा की क्या भूमिका है?,"A) चपलता में सुधार करने के लिए, B) ताकत विकसित करने के लिए, C) समन्वय बढ़ाने के लिए, D) एक विशिष्ट तकनीक को निष्पादित करने के लिए",D) किसी विशिष्ट तकनीक को क्रियान्वित करने के लिए,1,no mistake,no correction needed,no correction needed,no answer needed
Kalaripayattu_7,IBQ,India_IBQ.xlsx,Kalaripayattu,चित्र में दिखाए गए खेल के लिए आमतौर पर किस प्रकार के अभ्यास वातावरण का उपयोग किया जाता है?,"A) इनडोर, B) आउटडोर, C) इनडोर और आउटडोर दोनों, D) वर्चुअल",सी) इनडोर और आउटडोर दोनों,1,no mistake,no correction needed,no correction needed,no answer needed
Kalaripayattu_7,IBQ,India_IBQ.xlsx,Kalaripayattu,चित्र में कलरीपयट्टू के लिए किस प्रकार की तकनीक का प्रदर्शन किया जा रहा है?,"A) आक्रामक, B) रक्षात्मक, C) ग्रैपलिंग, D) स्ट्राइकिंग",डी) हड़ताली,1,no mistake,no correction needed,no correction needed,no answer needed
Kalaripayattu_7,IBQ,India_IBQ.xlsx,Kalaripayattu,चित्र में दिखाए गए खेल में प्रायः किस प्रकार का फुटवर्क शामिल होता है?,"A) स्थिर, B) आगे और पीछे, C) पार्श्व, D) घूर्णी",बी) आगे और पीछे,1,no mistake,no correction needed,no correction needed,no answer needed
Kalaripayattu_7,IBQ,India_IBQ.xlsx,Kalaripayattu,"चित्र में, प्रदर्शन की जा रही गतिविधि का प्राथमिक फोकस क्या है?","A) गति, B) संतुलन, C) परिशुद्धता, D) लचीलापन",सी) परिशुद्धता,1,no mistake,no correction needed,no correction needed,no answer needed
Kalaripayattu_8,IBQ,India_IBQ.xlsx,Kalaripayattu,"चित्र में दिखाए गए खेल के लिए, दर्शाए गए प्रशिक्षण का मुख्य उद्देश्य क्या है?","A) कंडीशनिंग, B) तकनीक सुधार, C) प्रदर्शन वृद्धि, D) मानसिक फोकस",बी) तकनीक में सुधार,1,no mistake,no correction needed,no correction needed,no answer needed
Kalaripayattu_8,IBQ,India_IBQ.xlsx,Kalaripayattu,चित्र में दिखाए गए खेल में किस प्रकार के पारंपरिक उपकरणों का उपयोग किया गया है?,"A) कवच, B) ढाल, C) तलवारें, D) उपरोक्त सभी",D। उपरोक्त सभी,1,no mistake,no correction needed,no correction needed,no answer needed
Kalaripayattu_8,IBQ,India_IBQ.xlsx,Kalaripayattu,चित्र में दर्शाए गए विशिष्ट अभ्यास या अभ्यास का उद्देश्य क्या है?,"A) तकनीक को बढ़ाने के लिए, B) सहनशक्ति का निर्माण करने के लिए, C) गति विकसित करने के लिए, D) समन्वय में सुधार करने के लिए",A) तकनीक को बढ़ाने के लिए,1,no mistake,no correction needed,no correction needed,no answer needed
Kalaripayattu_8,IBQ,India_IBQ.xlsx,Kalaripayattu,"चित्र में दिखाए गए खेल के लिए, दिखाए गए अभ्यास के माध्यम से प्रशिक्षण के किस पहलू पर जोर दिया गया है?","A) शक्ति, B) सटीकता, C) सहनशक्ति, D) चपलता",बी) सटीकता,1,no mistake,no correction needed,no correction needed,no answer needed
Kalaripayattu_9,IBQ,India_IBQ.xlsx,Kalaripayattu,चित्र में कलारीपयट्टू का एक रूप दिखाया गया है। इस रूप का मुख्य उद्देश्य क्या है?,"A) आक्रमण, B) रक्षा, C) संतुलन, D) गति",बी) रक्षा,1,no mistake,no correction needed,no correction needed,no answer needed
Kalaripayattu_9,IBQ,India_IBQ.xlsx,Kalaripayattu,चित्र में दिखाए गए हथियार के साथ किस प्रकार की तकनीक का अभ्यास किया जा रहा है?,"A) ब्लॉकिंग, B) स्ट्राइकिंग, C) ग्रैबिंग, D) डोजिंग",बी) हड़ताली,1,no mistake,no correction needed,no correction needed,no answer needed
Kalaripayattu_9,IBQ,India_IBQ.xlsx,Kalaripayattu,चित्र में दिखाया गया खेल पारंपरिक रूप से किस क्षेत्र से जुड़ा हुआ है?,"A) दक्षिण भारत, B) उत्तर भारत, C) पूर्वी भारत, D) पश्चिम भारत",A) दक्षिण भारत,1,no mistake,no correction needed,no correction needed,no answer needed
Kalaripayattu_9,IBQ,India_IBQ.xlsx,Kalaripayattu,चित्र में दिखाए गए खेल के लिए प्रशिक्षण से पहले सामान्य अभ्यास या अनुष्ठान क्या है?,"A) ध्यान, B) जप, C) स्ट्रेचिंग, D) श्वास व्यायाम",बी) जप,0,"The question asks about a common practice before training in the sport shown in the image. However, the correct answer 'जप' (chanting) is not typically associated with pre-training routines in most sports. Stretching is the most common practice. Also, the question could be more specific about *which* sport the image depicts to avoid ambiguity.",चित्र में दिखाए गए खेल के प्रशिक्षण से पहले खिलाड़ी आमतौर पर क्या करते हैं?,"['ए) ध्यान', 'बी) स्ट्रेचिंग', 'सी) जप', 'डी) श्वास व्यायाम']",बी) स्ट्रेचिंग
Kalaripayattu_10,IBQ,India_IBQ.xlsx,Kalaripayattu,"चित्र में, अभ्यासकर्ता की शारीरिक स्थिति का प्राथमिक फोकस क्या है?","A) स्थिरता, B) चपलता, C) शक्ति, D) लचीलापन",ए) स्थिरता,1,no mistake,no correction needed,no correction needed,no answer needed
Kalaripayattu_10,IBQ,India_IBQ.xlsx,Kalaripayattu,चित्र में दिखाए गए खेल में किस प्रकार की गतिविधि शामिल है?,"A) तेज़ गति वाला, B) धीमा और जानबूझकर किया गया, C) यादृच्छिक, D) उच्च प्रभाव वाला",बी) धीमा और जानबूझकर,1,no mistake,no correction needed,no correction needed,no answer needed
Kalaripayattu_10,IBQ,India_IBQ.xlsx,Kalaripayattu,चित्र में किस प्रकार की पारंपरिक प्रशिक्षण पद्धति का प्रदर्शन किया जा रहा है?,"A) छाया युद्ध, B) साथी अभ्यास, C) एकल अभ्यास, D) समूह प्रशिक्षण",बी) पार्टनर अभ्यास,1,no mistake,no correction needed,no correction needed,no answer needed
Kalaripayattu_10,IBQ,India_IBQ.xlsx,Kalaripayattu,"चित्र में दिखाए गए खेल के लिए, दिखाए गए विशिष्ट रुख की क्या भूमिका है?","A) गति बढ़ाने के लिए, B) संतुलन प्रदान करने के लिए, C) हमले की तैयारी करने के लिए, D) बचाव को सुविधाजनक बनाने के लिए",बी) संतुलन प्रदान करने के लिए,1,no mistake,no correction needed,no correction needed,no answer needed
Kalaripayattu_11,IBQ,India_IBQ.xlsx,Kalaripayattu,चित्र में किस प्रकार के कलारीपयट्टू अभ्यास को दर्शाया गया है?,"A) ध्यान, B) हथियार चलाना, C) युद्ध अनुकरण, D) शारीरिक कंडीशनिंग",बी) हथियार संचालन,1,no mistake,no correction needed,no correction needed,no answer needed
Kalaripayattu_11,IBQ,India_IBQ.xlsx,Kalaripayattu,चित्र में दर्शाए गए खेल में प्रायः किस प्रकार के प्रशिक्षण उपकरण की आवश्यकता होती है?,"ए) सुरक्षात्मक गियर, बी) भारित बेल्ट, सी) अभ्यास हथियार, डी) मैट",C) अभ्यास हथियार,1,no mistake,no correction needed,no correction needed,no answer needed
Kalaripayattu_11,IBQ,India_IBQ.xlsx,Kalaripayattu,चित्र में दर्शाई गई तकनीक के माध्यम से कलरीपयट्टू के किस पहलू पर ध्यान केंद्रित किया जा रहा है?,"ए) आक्रमण पैटर्न, बी) रक्षात्मक कौशल, सी) ग्रैपलिंग तकनीक, डी) श्वास तकनीक",बी) रक्षात्मक कौशल,1,no mistake,no correction needed,no correction needed,no answer needed
Kalaripayattu_11,IBQ,India_IBQ.xlsx,Kalaripayattu,चित्र में दिखाए गए खेल के लिए प्रशिक्षण सत्र की सामान्य अवधि क्या है?,"A) 30 मिनट, B) 1 घंटा, C) 1.5 घंटे, D) 2 घंटे",बी) 1 घंटा,0,"The question asks about the typical duration of a training session for the sport shown in the image. However, no image was provided. Without the image, it is impossible to determine if the question is factually correct or if the answer is appropriate for the sport depicted. Assuming the image depicts Football training, then answer is correct, but without image it's hard to confirm.",चित्र में दिखाए गए खेल के लिए प्रशिक्षण सत्र की सामान्य अवधि क्या होती है?,"['A) 20 मिनट', 'B) 1 घंटा', 'C) 1.5 घंटे', 'D) 2.5 घंटे']",B) 1 घंटा
Kalaripayattu_12,IBQ,India_IBQ.xlsx,Kalaripayattu,"चित्र में, किए जा रहे अभ्यास का फोकस क्या है?","A) धीरज, B) लचीलापन, C) तकनीक, D) गति",C) तकनीक,1,no mistake,no correction needed,no correction needed,no answer needed
Kalaripayattu_12,IBQ,India_IBQ.xlsx,Kalaripayattu,चित्र में दिखाए गए खेल के लिए किस प्रकार के अभ्यास क्षेत्र की आवश्यकता होती है?,"ए) इनडोर क्षेत्र, बी) आउटडोर मैदान, सी) जिम्नेजियम, डी) विशेष डोजो",डी) विशेष डोजो,1,no mistake,no correction needed,no correction needed,no answer needed
Kalaripayattu_12,IBQ,India_IBQ.xlsx,Kalaripayattu,चित्र में दर्शाई गई प्रथा के माध्यम से कौन सा पारंपरिक पहलू उजागर हुआ है?,"A) अनुष्ठान महत्व, B) हथियार निपुणता, C) लचीलापन अभ्यास, D) ध्यान तकनीक",बी) हथियार महारत,1,no mistake,no correction needed,no correction needed,no answer needed
Kalaripayattu_12,IBQ,India_IBQ.xlsx,Kalaripayattu,चित्र में दिखाए गए खेल के लिए प्रयुक्त प्रशिक्षण उपकरण की विशिष्ट विशेषता क्या है?,"A) हल्का और लचीला, B) भारी और टिकाऊ, C) सजावटी और अलंकृत, D) सरल और व्यावहारिक",बी) भारी और टिकाऊ,1,no mistake,no correction needed,no correction needed,no answer needed
Kalaripayattu_13,IBQ,India_IBQ.xlsx,Kalaripayattu,चित्र में अभ्यासकर्ता किस प्रकार की मुद्रा प्रदर्शित कर रहा है?,"A) रक्षात्मक, B) आक्रामक, C) तटस्थ, D) ध्यानात्मक",ए) रक्षात्मक,1,no mistake,no correction needed,no correction needed,no answer needed
Kalaripayattu_13,IBQ,India_IBQ.xlsx,Kalaripayattu,चित्र में दिखाए गए खेल में किस प्रकार की पैर की गतिविधियाँ शामिल हैं?,"A) तेज़ फुटवर्क, B) स्थिर और नियंत्रित, C) यादृच्छिक और अनिश्चित, D) कूदना और घूमना",बी) स्थिर और नियंत्रित,1,no mistake,no correction needed,no correction needed,no answer needed
Kalaripayattu_13,IBQ,India_IBQ.xlsx,Kalaripayattu,चित्र में दर्शाई गई तकनीक का प्राथमिक लाभ क्या है?,"A) बढ़ी हुई ताकत, B) बढ़ी हुई सटीकता, C) बेहतर लचीलापन, D) बेहतर चपलता",बी) बढ़ी हुई सटीकता,1,no mistake,no correction needed,no correction needed,no answer needed
Kalaripayattu_13,IBQ,India_IBQ.xlsx,Kalaripayattu,चित्र में दिखाए गए खेल के लिए प्रशिक्षण दिनचर्या का सामान्य तत्व क्या है?,"A) एकल अभ्यास, B) साथी अभ्यास, C) समूह संरचना, D) उपरोक्त सभी",D। उपरोक्त सभी,1,no mistake,no correction needed,no correction needed,no answer needed
Kalaripayattu_14,IBQ,India_IBQ.xlsx,Kalaripayattu,चित्र में दर्शाए गए विशिष्ट कदम का उद्देश्य क्या है?,"A) बचाव करना, B) आक्रमण करना, C) मुद्राओं के बीच परिवर्तन करना, D) वार्म-अप करना",A) बचाव कार्य करना,1,no mistake,no correction needed,no correction needed,no answer needed
Kalaripayattu_14,IBQ,India_IBQ.xlsx,Kalaripayattu,चित्र में दर्शाया गया खेल पारंपरिक रूप से निम्नलिखित में से किस पर केंद्रित है?,"A) आत्म-अनुशासन, B) प्रतिस्पर्धी सफलता, C) कलात्मक प्रदर्शन, D) शारीरिक सहनशक्ति",A) आत्म-अनुशासन,1,no mistake,no correction needed,no correction needed,no answer needed
Kalaripayattu_14,IBQ,India_IBQ.xlsx,Kalaripayattu,चित्र में प्रयुक्त विशिष्ट तकनीक का क्या महत्व है?,"A) यह एक आधारभूत कौशल है, B) यह सहनशक्ति बढ़ाता है, C) यह समन्वय में सुधार करता है, D) इसका उपयोग प्रदर्शन में किया जाता है",A) यह एक आधारभूत कौशल है,0,"The question is too vague. Without the image, it's impossible to determine what ""specific technique"" is being referred to. The question relies entirely on visual context that is not available. The provided answer 'A) यह एक आधारभूत कौशल है' (It is a basic skill) is also vague and depends heavily on the image. The options are too general to be useful without image.",चित्र में प्रदर्शित खेल तकनीक का नाम क्या है?,"['A) दौड़ना', 'B) कूदना', 'C) फेंकना', 'D) पकड़ना']",no answer needed
Kalaripayattu_14,IBQ,India_IBQ.xlsx,Kalaripayattu,"चित्र में दिखाए गए खेल के लिए, दिखाई गई तकनीक में महारत हासिल करने का सामान्य परिणाम क्या है?","A) बेहतर लचीलापन, B) उन्नत युद्ध कौशल, C) बेहतर मानसिक एकाग्रता, D) बढ़ी हुई ताकत",बी) उन्नत युद्ध कौशल,0,"The question asks about the result of mastering the technique shown in the image. However, the image depicts Judo, a grappling martial art focused on throws and submissions, not striking or 'battle skills' in the traditional sense. The correct answer should relate to Judo's benefits like balance, technique, or mental focus. 'Advanced battle skills' is a misinterpretation of Judo's core principles.","चित्र में दिखाए गए खेल के लिए, दिखाई गई तकनीक में महारत हासिल करने का सामान्य परिणाम क्या है?","['A) बेहतर लचीलापन', 'B) बेहतर संतुलन और समन्वय', 'C) बेहतर मानसिक एकाग्रता', 'D) बढ़ी हुई ताकत']",C) बेहतर मानसिक एकाग्रता
Kalaripayattu_15,IBQ,India_IBQ.xlsx,Kalaripayattu,चित्र में दिखाया गया व्यायाम किस प्रकार के प्रशिक्षण को दर्शाता है?,"A) शक्ति प्रशिक्षण, B) तकनीक परिशोधन, C) गति अभ्यास, D) सहनशक्ति निर्माण",बी) तकनीक परिशोधन,1,no mistake,no correction needed,no correction needed,no answer needed
Kalaripayattu_15,IBQ,India_IBQ.xlsx,Kalaripayattu,चित्र में दिखाया गया खेल पारंपरिक भारतीय मार्शल आर्ट के किस पहलू से जुड़ा है?,"A) आध्यात्मिक अभ्यास, B) युद्ध प्रभावशीलता, C) प्रदर्शन कला, D) ऐतिहासिक पुनर्निर्माण",बी) लड़ाकू प्रभावशीलता,1,no mistake,no correction needed,no correction needed,no answer needed
Kalaripayattu_15,IBQ,India_IBQ.xlsx,Kalaripayattu,चित्र में अभ्यासकर्ता किस प्रकार की मुद्रा या स्थिति प्रदर्शित कर रहा है?,"A) आक्रमण मुद्रा, B) रक्षात्मक मुद्रा, C) विश्राम मुद्रा, D) ध्यान मुद्रा",बी) रक्षात्मक रुख,1,no mistake,no correction needed,no correction needed,no answer needed
Kalaripayattu_15,IBQ,India_IBQ.xlsx,Kalaripayattu,"चित्र में दिखाए गए खेल के लिए, दिखाए गए अभ्यास का प्राथमिक उद्देश्य क्या है?","A) ताकत बढ़ाने के लिए, B) तकनीकों का अभ्यास करने के लिए, C) गति बढ़ाने के लिए, D) समन्वय विकसित करने के लिए",बी) तकनीकों का अभ्यास करना,1,no mistake,no correction needed,no correction needed,no answer needed
Kalaripayattu_16,IBQ,India_IBQ.xlsx,Kalaripayattu,चित्र में दिखाए गए अभ्यास के लिए प्रयुक्त प्राथमिक उपकरण या हथियार क्या है?,"A) तलवार, B) भाला, C) गदा, D) लाठी",डी) स्टाफ,1,no mistake,no correction needed,no correction needed,no answer needed
Kalaripayattu_16,IBQ,India_IBQ.xlsx,Kalaripayattu,"चित्र में, अभ्यास के माध्यम से किस पारंपरिक पहलू पर जोर दिया जा रहा है?","ए) ऐतिहासिक सटीकता, बी) अनुष्ठान महत्व, सी) युद्ध तत्परता, डी) शारीरिक सहनशक्ति",सी) युद्ध तत्परता,1,no mistake,no correction needed,no correction needed,no answer needed
Kalaripayattu_16,IBQ,India_IBQ.xlsx,Kalaripayattu,"चित्र में दिखाए गए खेल के लिए, किए जा रहे अभ्यास का सामान्य फोकस क्या है?","A) लचीलापन, B) ताकत, C) तकनीक, D) धीरज",C) तकनीक,1,no mistake,no correction needed,no correction needed,no answer needed
Kalaripayattu_17,IBQ,India_IBQ.xlsx,Kalaripayattu,चित्र में कलरीपयट्टू के लिए किस प्रकार का अभ्यास दिखाया जा रहा है?,"ए) एकल अभ्यास, बी) पार्टनर ड्रिल, सी) समूह अभ्यास, डी) प्रतिस्पर्धी मैच",बी) पार्टनर ड्रिल,1,no mistake,no correction needed,no correction needed,no answer needed
Kalaripayattu_17,IBQ,India_IBQ.xlsx,Kalaripayattu,चित्र में दर्शाए गए खेल के लिए किस प्रकार के मानसिक दृष्टिकोण की आवश्यकता होती है?,"A) फोकस और एकाग्रता, B) आक्रामकता, C) रणनीतिक सोच, D) रचनात्मकता",ए) फोकस और एकाग्रता,1,no mistake,no correction needed,no correction needed,no answer needed
Kalaripayattu_17,IBQ,India_IBQ.xlsx,Kalaripayattu,"चित्र में, कलरीपयट्टू के किस पहलू को विशिष्ट तकनीक के साथ प्रदर्शित किया जा रहा है?","A) रक्षा रणनीति, B) आक्रामक तकनीक, C) लचीलापन प्रशिक्षण, D) संतुलन सुधार",ए) रक्षा रणनीति,1,no mistake,no correction needed,no correction needed,no answer needed
Kalaripayattu_17,IBQ,India_IBQ.xlsx,Kalaripayattu,"चित्र में दिखाए गए खेल के लिए, पारंपरिक प्रशिक्षण व्यवस्था में एक सामान्य तत्व क्या है?","A) श्वास व्यायाम, B) शक्ति कंडीशनिंग, C) ध्यान, D) उपरोक्त सभी",D। उपरोक्त सभी,1,no mistake,no correction needed,no correction needed,no answer needed
Kalaripayattu_18,IBQ,India_IBQ.xlsx,Kalaripayattu,चित्र में अभ्यासकर्ता किस प्रकार की मुद्रा या स्थिति का उपयोग कर रहा है?,"A) आक्रामक रुख, B) रक्षात्मक मुद्रा, C) तटस्थ स्थिति, D) ध्यानात्मक रुख",बी) रक्षात्मक मुद्रा,1,no mistake,no correction needed,no correction needed,no answer needed
Kalaripayattu_18,IBQ,India_IBQ.xlsx,Kalaripayattu,चित्र में दिखाया गया खेल किस विशेषता के लिए जाना जाता है?,"A) तेज़ गति, B) तरल संक्रमण, C) आक्रामक हमले, D) त्वरित हमले",बी) द्रव संक्रमण,1,no mistake,no correction needed,no correction needed,no answer needed
Kalaripayattu_18,IBQ,India_IBQ.xlsx,Kalaripayattu,"चित्र में, प्रयोग की जा रही तकनीक का प्राथमिक उद्देश्य क्या है?","A) गति बढ़ाने के लिए, B) सटीकता का अभ्यास करने के लिए, C) ताकत बनाने के लिए, D) चपलता विकसित करने के लिए",बी) परिशुद्धता का अभ्यास करना,1,no mistake,no correction needed,no correction needed,no answer needed
Kalaripayattu_18,IBQ,India_IBQ.xlsx,Kalaripayattu,"चित्र में दिखाए गए खेल के लिए, किस प्रकार का आक्रमण प्रदर्शित किया जा रहा है?","A) मुक्का, B) लात, C) हथियार से प्रहार, D) हाथापाई",C) हथियार से प्रहार करना,1,no mistake,no correction needed,no correction needed,no answer needed
Kalaripayattu_19,IBQ,India_IBQ.xlsx,Kalaripayattu,चित्र में अभ्यासकर्ता की मुद्रा का मुख्य फोकस क्या है?,"A) लचीलापन, B) ताकत, C) संतुलन, D) गति",सी) संतुलन,1,no mistake,no correction needed,no correction needed,no answer needed
Kalaripayattu_19,IBQ,India_IBQ.xlsx,Kalaripayattu,चित्र में दिखाए गए खेल में अभ्यास के लिए आमतौर पर निम्नलिखित में से किसका उपयोग किया जाता है?,"A) पारंपरिक हथियार, B) आधुनिक उपकरण, C) भारयुक्त गियर, D) कोई उपकरण नहीं",A) पारंपरिक हथियार,1,no mistake,no correction needed,no correction needed,no answer needed
Kalaripayattu_19,IBQ,India_IBQ.xlsx,Kalaripayattu,चित्र में दर्शाई गई विशिष्ट तकनीक का उद्देश्य क्या है?,"ए) आक्रामक हमला, बी) रक्षात्मक ब्लॉक, सी) जवाबी हमला, डी) आंदोलन संक्रमण",बी) रक्षात्मक ब्लॉक,1,no mistake,no correction needed,no correction needed,no answer needed
Kalaripayattu_19,IBQ,India_IBQ.xlsx,Kalaripayattu,चित्र में दर्शाया गया खेल किस पहलू पर जोर देने के लिए जाना जाता है?,"A) मानसिक अनुशासन, B) शारीरिक शक्ति, C) निष्पादन की गति, D) कलात्मक अभिव्यक्ति",A) मानसिक अनुशासन,1,no mistake,no correction needed,no correction needed,no answer needed
Kalaripayattu_20,IBQ,India_IBQ.xlsx,Kalaripayattu,"चित्र में, साधक किस प्रकार का अभ्यास कर रहा है?","ए) एकल ड्रिल, बी) पार्टनर मुकाबला, सी) समूह प्रदर्शन, डी) प्रदर्शन कला",बी) साथी मुकाबला,1,no mistake,no correction needed,no correction needed,no answer needed
Kalaripayattu_20,IBQ,India_IBQ.xlsx,Kalaripayattu,चित्र में दिखाए गए खेल के लिए किस प्रकार की गतिविधि का उपयोग किया जा रहा है?,"A) त्वरित और विस्फोटक, B) धीमा और जानबूझकर, C) यादृच्छिक और विविध, D) स्थिर और सुसंगत",बी) धीमा और जानबूझकर,1,no mistake,no correction needed,no correction needed,no answer needed
Kalaripayattu_20,IBQ,India_IBQ.xlsx,Kalaripayattu,चित्र में अभ्यासी ने किस प्रकार की पोशाक पहन रखी है?,"A) पारंपरिक परिधान, B) आधुनिक खेलकूद परिधान, C) सुरक्षात्मक गियर, D) कैजुअल कपड़े",A) पारंपरिक परिधान,1,no mistake,no correction needed,no correction needed,no answer needed
Kalaripayattu_20,IBQ,India_IBQ.xlsx,Kalaripayattu,चित्र में दिखाए गए खेल में किस प्रकार की मुद्राएं शामिल हैं?,"A) स्थिर, B) गतिशील, C) परिवर्तनशील, D) परिवर्तनशील",बी) गतिशील,1,no mistake,no correction needed,no correction needed,no answer needed
Kalaripayattu_21,IBQ,India_IBQ.xlsx,Kalaripayattu,चित्र में दिखाए गए व्यायाम का प्राथमिक लक्ष्य क्या है?,"A) लचीलापन बढ़ाने के लिए, B) युद्ध कौशल विकसित करने के लिए, C) सहनशक्ति में सुधार करने के लिए, D) फुटवर्क का अभ्यास करने के लिए",बी) युद्ध कौशल विकसित करने के लिए,0,"The question asks about the primary goal of the exercise shown in the image. However, the provided correct answer, 'युद्ध कौशल विकसित करने के लिए' (to develop combat skills), is not generally associated with the exercise depicted in most images of people stretching or doing basic physical fitness routines. It's a misinterpretation of what the exercise is meant for. It seems like the question and answer relate to a different image or context.",चित्र में दिखाए गए व्यायाम का प्राथमिक लक्ष्य क्या है?,"['A) लचीलापन बढ़ाने के लिए', 'B) मांसपेशियों की ताकत बढ़ाने के लिए', 'C) हृदय स्वास्थ्य में सुधार करने के लिए', 'D) ��ंतुलन और समन्वय में सुधार करने के लिए']",A) लचीलापन बढ़ाने के लिए
Kalaripayattu_21,IBQ,India_IBQ.xlsx,Kalaripayattu,चित्र में दिखाए गए खेल के लिए प्रशिक्षण शुरू करने से पहले सामान्य अभ्यास क्या है?,"ए) अनुष्ठान प्रार्थना, बी) वार्म-अप व्यायाम, सी) स्ट्रेचिंग, डी) श्वास तकनीक",A) अनुष्ठान प्रार्थना,0,"The question asks about a common practice before starting training for the sport shown in the image. However, the correct answer 'अनुष्ठान प्रार्थना' (ritual prayer) is not a generally accepted or universally practiced warm-up routine for sports. The more common practices before sports training are warm-up exercises and stretching. The question and answer are culturally specific and don't represent a universal sports practice.",चित्र में दिखाए गए खेल के लिए प्रशिक्षण शुरू करने से पहले सामान्य तैयारी क्या है?,"['ए) वार्म-अप व्यायाम', 'बी) स्ट्रेचिंग', 'सी) श्वास तकनीक', 'डी) खेल-विशिष्ट ड्रिल']",���) वार्म-अप व्यायाम
Kalaripayattu_21,IBQ,India_IBQ.xlsx,Kalaripayattu,चित्र में कलारीपयट्टू के किस पहलू को प्रदर्शित किया गया है?,"A) गति अभ्यास, B) हथियार तकनीक, C) ध्यान, D) सहनशक्ति प्रशिक्षण",बी) हथियार तकनीक,1,no mistake,no correction needed,no correction needed,no answer needed
Kalaripayattu_21,IBQ,India_IBQ.xlsx,Kalaripayattu,चित्र में दर्शाए गए खेल में प्रायः अभ्यासकर्ताओं को निम्नलिखित में से क्या करने की आवश्यकता होती है?,"ए) एकल अभ्यास, बी) साथी अभ्यास, सी) प्रतिस्पर्धी मैच, डी) समूह प्रदर्शन",बी) पार्टनर अभ्यास,1,no mistake,no correction needed,no correction needed,no answer needed
Kalaripayattu_22,IBQ,India_IBQ.xlsx,Kalaripayattu,चित्र में दर्शाई गई विशिष्ट तकनीक में अभ्यासकर्ता किस पर ध्यान केंद्रित कर रहा है?,"A) चपलता, B) परिशुद्धता, C) शक्ति, D) संतुलन",डी) संतुलन,1,no mistake,no correction needed,no correction needed,no answer needed
Kalaripayattu_22,IBQ,India_IBQ.xlsx,Kalaripayattu,चित्र में दिखाए गए खेल के लिए प्रशिक्षण वातावरण की विशिष्ट विशेषता क्या है?,"A) इनडोर जिम, B) आउटडोर मैदान, C) पारंपरिक प्रशिक्षण क्षेत्र, D) आधुनिक डोजो",C) पारंपरिक प्रशिक्षण क्षेत्र,1,no mistake,no correction needed,no correction needed,no answer needed
Kalaripayattu_22,IBQ,India_IBQ.xlsx,Kalaripayattu,चित्र में दिखाया गया खेल निम्नलिखित में से किस तकनीक पर जोर देने के लिए जाना जाता है?,"A) प्रहार, B) हाथापाई, C) लात मारना, D) फेंकना",ए) हड़ताली,1,no mistake,no correction needed,no correction needed,no answer needed
Kalaripayattu_23,IBQ,India_IBQ.xlsx,Kalaripayattu,"चित्र में, अभ्यास किये जा रहे विशिष्ट आंदोलन का उद्देश्य क्या है?","A) आक्रमण करना, B) बचाव करना, C) एक स्थिति से दूसरे स्थिति में जाना, D) शक्ति निर्माण करना",बी) बचाव कार्य करने के लिए,1,no mistake,no correction needed,no correction needed,no answer needed
Kalaripayattu_23,IBQ,India_IBQ.xlsx,Kalaripayattu,चित्र में दिखाए गए खेल के अभ्यास के दौरान आमतौर पर किस प्रकार के अभ्यास का उपयोग किया जाता है?,"A) छाया युद्ध, B) साथी अभ्यास, C) कंडीशनिंग अभ्यास, D) उपरोक्त सभी",D। उपरोक्त सभी,1,no mistake,no correction needed,no correction needed,no answer needed
Kalaripayattu_23,IBQ,India_IBQ.xlsx,Kalaripayattu,"चित्र में, दिखाए गए हथियार के साथ अभ्यासकर्ता किस प्रकार की तकनीक का उपयोग कर रहा है?","A) काटना, B) जोर लगाना, C) अवरोधन, D) बचाव करना",सी) अवरुद्ध करना,1,no mistake,no correction needed,no correction needed,no answer needed
Kalaripayattu_23,IBQ,India_IBQ.xlsx,Kalaripayattu,चित्र में दर्शाया गया खेल पारंपरिक रूप से किस परिवेश में खेला जाता है?,"A) खुला मैदान, B) इनडोर डोजो, C) मंदिर का मैदान, D) आउटडोर अखाड़ा",C) मंदिर परिसर,1,no mistake,no correction needed,no correction needed,no answer needed
Kalaripayattu_24,IBQ,India_IBQ.xlsx,Kalaripayattu,चित्र में दर्शाई गई तकनीक का मुख्य लाभ क्या है?,"A) बेहतर सहनशक्ति, B) बढ़ी हुई सटीकता, C) बढ़ी हुई ताकत, D) बेहतर लचीलापन",बी) बढ़ी हुई सटीकता,1,no mistake,no correction needed,no correction needed,no answer needed
Kalaripayattu_24,IBQ,India_IBQ.xlsx,Kalaripayattu,चित्र में दिखाए गए खेल के लिए सामान्य प्रशिक्षण उपकरण क्या है?,"A) लकड़ी का कर्मचारी, B) धातु की ढाल, C) चमड़े के दस्ताने, D) अभ्यास तलवारें",A) लकड़ी का कर्मचारी,1,no mistake,no correction needed,no correction needed,no answer needed
Kalaripayattu_24,IBQ,India_IBQ.xlsx,Kalaripayattu,"चित्र में, अभ्यासकर्ता की मुद्रा या रुख का प्राथमिक फोकस क्या है?","A) आक्रामक क्षमता, B) रक्षात्मक तत्परता, C) गति, D) शक्ति",बी) रक्षात्मक तत्परता,1,no mistake,no correction needed,no correction needed,no answer needed
Kalaripayattu_24,IBQ,India_IBQ.xlsx,Kalaripayattu,चित्र में दिखाए गए खेल में प्रायः किस प्रकार की गतिविधि शामिल होती है?,"A) त्वरित और चुस्त, B) धीमा और नियंत्रित, C) यादृच्छिक और अनिश्चित, D) रैखिक और प्रत्यक्ष",बी) धीमा और नियंत्रित,1,no mistake,no correction needed,no correction needed,no answer needed
Kalaripayattu_25,IBQ,India_IBQ.xlsx,Kalaripayattu,"चित्र में, किए जा रहे विशिष्ट व्यायाम का मुख्य फोकस क्या है?","A) युद्ध तत्परता, B) लचीलापन, C) शक्ति निर्माण, D) गति",ए) युद्ध तत्परता,0,"The question asks about the main focus of the exercise in the image, but the correct answer 'युद्ध तत्परता' (combat readiness) seems an unusual focus for a typical exercise. Without the image, it's impossible to definitively assess, but it suggests a potential misinterpretation or a very specific context not generally implied by exercises. The answer choice feels out of place compared to more common exercise goals like flexibility, strength, or speed. It is very unlikely that the exercise shown is for combat readiness.","चित्र में, किए जा रहे विशिष्ट व्यायाम का मुख्य उद्देश्य क्या है?","['A) लचीलापन बढ़ाना', 'B) शक्ति निर्माण करना', 'C) गति में सुधार करना', 'D) सहनशक्ति ��िकसित करना']",no answer needed
Kalaripayattu_25,IBQ,India_IBQ.xlsx,Kalaripayattu,चित्र में दिखाए गए खेल के लिए किस प्रकार की शारीरिक कंडीशनिंग पर जोर दिया गया है?,"A) सहनशक्ति, B) शक्ति, C) लचीलापन, D) उपरोक्त सभी",D। उपरोक्त सभी,1,no mistake,no correction needed,no correction needed,no answer needed
Kalaripayattu_25,IBQ,India_IBQ.xlsx,Kalaripayattu,"चित्र में, अभ्यासकर्ता किस प्रकार का आक्रमण या गतिविधि प्रदर्शित कर रहा है?","A) प्रत्यक्ष प्रहार, B) रक्षात्मक पैंतरेबाज़ी, C) ग्रैपलिंग तकनीक, D) जवाबी प्रहार",A) प्रत्यक्ष प्रहार,1,no mistake,no correction needed,no correction needed,no answer needed
Kalaripayattu_25,IBQ,India_IBQ.xlsx,Kalaripayattu,चित्र में दर्शाए गए खेल में प्रायः किस प्रकार की तकनीक का अभ्यास शामिल होता है?,"A) हथियार तकनीक, B) हाथापाई, C) लात मारना, D) फेंकना",A) हथियार तकनीक,1,no mistake,no correction needed,no correction needed,no answer needed
Kalaripayattu_26,IBQ,India_IBQ.xlsx,Kalaripayattu,"चित्र में, कलारीपयट्टू के किस पहलू को प्रदर्शित किया जा रहा है?","A) युद्ध रणनीति, B) शारीरिक कंडीशनिंग, C) लचीलापन, D) गति",ए) युद्ध रणनीति,1,no mistake,no correction needed,no correction needed,no answer needed
Kalaripayattu_26,IBQ,India_IBQ.xlsx,Kalaripayattu,"चित्र में दिखाए गए खेल के लिए, अभ्यासकर्ता के प्रशिक्षण का विशिष्ट पहलू क्या है?","A) युद्ध अभ्यास, B) ध्यान, C) शारीरिक कंडीशनिंग, D) उपरोक्त सभी",D। उपरोक्त सभी,1,no mistake,no correction needed,no correction needed,no answer needed
Kalaripayattu_26,IBQ,India_IBQ.xlsx,Kalaripayattu,चित्र में दिखाए गए अभ्यास में किस प्रकार के हथियार का उपयोग किया जा रहा है?,"A) तलवार, B) भाला, C) लाठी, D) गदा",सी) कर्मचारी,1,no mistake,no correction needed,no correction needed,no answer needed
Kalaripayattu_26,IBQ,India_IBQ.xlsx,Kalaripayattu,चित्र में दिखाया गया खेल निम्नलिखित में से किस पर केंद्रित है?,"A) गति और चपलता, B) सटीकता और तकनीक, C) शक्ति और ताकत, D) कलात्मक अभिव्यक्ति",बी) परिशुद्धता और तकनीक,1,no mistake,no correction needed,no correction needed,no answer needed
Kalaripayattu_27,IBQ,India_IBQ.xlsx,Kalaripayattu,चित्र में दर्शाए गए रुख या मुद्रा का प्राथमिक लक्ष्य क्या है?,"A) हमले की तैयारी के लिए, B) बचाव के लिए, C) गतिविधियों के बीच संक्रमण के लिए, D) संतुलन बनाए रखने के लिए",D) संतुलन बनाए रखने के लिए,1,no mistake,no correction needed,no correction needed,no answer needed
Kalaripayattu_27,IBQ,India_IBQ.xlsx,Kalaripayattu,चित्र में दिखाए गए खेल के लिए प्रशिक्षण वातावरण की सामान्य विशेषता क्या है?,"A) पारंपरिक सेटिंग, B) आधुनिक जिम, C) खुला मैदान, D) इनडोर एरीना",ए) पारंपरिक सेटिंग,1,no mistake,no correction needed,no correction needed,no answer needed
Kalaripayattu_27,IBQ,India_IBQ.xlsx,Kalaripayattu,चित्र में हथियार के साथ किस प्रकार की गतिविधि या तकनीक का प्रदर्शन किया जा रहा है?,"ए) रक्षात्मक ब्लॉक, बी) आक्रामक प्रहार, सी) ग्रैपलिंग चाल, डी) फेंकने की तकनीक",ए) रक्षात्मक ब्लॉक,1,no mistake,no correction needed,no correction needed,no answer needed
Kalaripayattu_27,IBQ,India_IBQ.xlsx,Kalaripayattu,चित्र में दर्शाए गए खेल में प्रायः किस प्रकार के अभ्यास शामिल होते हैं?,"A) पार्टनर ड्रिल्स, B) सोलो रूटीन, C) कंडीशनिंग एक्सरसाइज, D) उपरोक्त सभी",D। उपरोक्त सभी,1,no mistake,no correction needed,no correction needed,no answer needed
Kalaripayattu_28,IBQ,India_IBQ.xlsx,Kalaripayattu,चित्र में प्रयुक्त तकनीक का प्राथमिक लाभ क्या है?,"A) बढ़ी हुई ताकत, B) बेहतर गति, C) बेहतर संतुलन, D) बेहतर लचीलापन",C) उन्नत संतुलन,1,no mistake,no correction needed,no correction needed,no answer needed
Kalaripayattu_28,IBQ,India_IBQ.xlsx,Kalaripayattu,चित्र में दिखाए गए खेल के लिए आमतौर पर किस प्रकार के प्रशिक्षण उपकरण का उपयोग किया जाता है?,"A) लकड़ी का डंडा, B) भारी थैला, C) प्रशिक्षण तलवारें, D) धातु की ढालें",A) लकड़ी का कर्मचारी,1,no mistake,no correction needed,no correction needed,no answer needed
Kalaripayattu_28,IBQ,India_IBQ.xlsx,Kalaripayattu,"चित्र में, दिखाई गई तकनीक के साथ अभ्यासकर्ता खेल के किस पहलू पर ध्यान केंद्रित कर रहा है?","A) निष्पादन की गति, B) गति की सटीकता, C) प्रहार की शक्ति, D) लचीलापन",बी) गति की सटीकता,1,no mistake,no correction needed,no correction needed,no answer needed
Kalaripayattu_28,IBQ,India_IBQ.xlsx,Kalaripayattu,चित्र में दिखाया गया खेल पारंपरिक रूप से किस प्रकार के वातावरण में खेला जाता है?,"A) आउटडोर अखाड़ा, B) इनडोर डोजो, C) मंदिर का मैदान, D) खुला मैदान",C) मंदिर परिसर,1,no mistake,no correction needed,no correction needed,no answer needed
Kalaripayattu_29,IBQ,India_IBQ.xlsx,Kalaripayattu,"चित्र में, दिखाई गई तकनीक के लिए अभ्यासकर्ता किस प्रकार की मुद्रा या स्थिति का उपयोग कर रहा है?","A) आक्रामक रुख, B) रक्षात्मक रुख, C) तटस्थ स्थिति, D) आरामदायक रुख",बी) रक्षात्मक रुख,1,no mistake,no correction needed,no correction needed,no answer needed
Kalaripayattu_29,IBQ,India_IBQ.xlsx,Kalaripayattu,"चित्र में दिखाए गए खेल के लिए, युद्ध प्रशिक्षण में शामिल होने से पहले सामान्य अभ्यास क्या है?","A) अनुष्ठान प्रार्थना, B) वार्म-अप व्यायाम, C) स्ट्रेचिंग, D) ध्यान",A) अनुष्ठान प्रार्थना,0,"The question asks about the normal practice before engaging in battle training for the sport shown in the image. The correct answer provided, 'अनुष्ठान प्रार्थना' (ritual prayer), is not a standard warm-up practice for *most* sports, and relies heavily on cultural context (specifically, potentially Kalaripayattu, if the image depicts it). A typical warm-up would involve physical exercises. The question and answer are not generally applicable to sports. Without the image it's impossible to assess more accurately.","चित्र में दिखाए गए खेल के लिए, युद्ध प्रशिक्षण शुरू करने से पहले खिलाड़ी सामान्यतः क्या करते हैं?","['A) प्रार्थना करना', 'B) वार्म-अप अभ्यास करना', 'C) स्ट्रेचिंग करना', 'D) ध्यान लगाना']",B) वार्म-अप अभ्यास करना
Kalaripayattu_29,IBQ,India_IBQ.xlsx,Kalaripayattu,"चित्र में, चिकित्सक द्वारा दर्शाई गई विशिष्ट तकनीक से क्या प्रदर्शित किया जा रहा है?","ए) हथियार से प्रहार, बी) हाथापाई, सी) रक्षात्मक अवरोध, डी) लात मारने की तकनीक",C) रक्षात्मक ब्लॉक,1,no mistake,no correction needed,no correction needed,no answer needed
Kalaripayattu_29,IBQ,India_IBQ.xlsx,Kalaripayattu,चित्र में दर्शाया गया खेल अपने प्रशिक्षण की किस विशेषता के लिए जाना जाता है?,"A) गति और चपलता, B) सटीकता और नियंत्रण, C) शक्ति और सहनशक्ति, D) कलात्मक अभिव्यक्ति",बी) परिशुद्धता और नियंत्रण,1,no mistake,no correction needed,no correction needed,no answer needed
Kalaripayattu_30,IBQ,India_IBQ.xlsx,Kalaripayattu,चित्र में दिखाए जा रहे आंदोलन या रुख का प्राथमिक उद्देश्य क्या है?,"A) शक्ति बढ़ाने के लिए, B) संतुलन सुधारने के लिए, C) गति विकसित करने के लिए, D) लचीलेपन का अभ्यास करने के लिए",बी) संतुलन में सुधार करने के लिए,1,no mistake,no correction needed,no correction needed,no answer needed
Kalaripayattu_30,IBQ,India_IBQ.xlsx,Kalaripayattu,चित्र में दर्शाए गए खेल के लिए आमतौर पर किस प्रकार की प्रशिक्षण पद्धति का उपयोग किया जाता है?,"A) पार्टनर ड्रिल्स, B) एकल अभ्यास, C) समूह प्रदर्शन, D) उपरोक्त सभी",D। उपरोक्त सभी,1,no mistake,no correction needed,no correction needed,no answer needed
Kalaripayattu_30,IBQ,India_IBQ.xlsx,Kalaripayattu,चित्र में चिकित्सक किस प्रकार के उपकरण का उपयोग कर रहा है?,"A) लकड़ी का कर्मचारी, B) प्रशिक्षण तलवार, C) ढाल, D) भारी बैग",A) लकड़ी का कर्मचारी,1,no mistake,no correction needed,no correction needed,no answer needed
Kalaripayattu_30,IBQ,India_IBQ.xlsx,Kalaripayattu,चित्र में दिखाए गए खेल में किस प्रकार की गतिविधियाँ शामिल हैं?,"A) त्वरित और चुस्त, B) धीमा और जानबूझकर, C) यादृच्छिक और विविध, D) स्थिर और सुसंगत",बी) धीमा और जानबूझकर,1,no mistake,no correction needed,no correction needed,no answer needed
Kalaripayattu_31,IBQ,India_IBQ.xlsx,Kalaripayattu,चित्र में प्रदर्शित तकनीक या मुद्रा का प्राथमिक लाभ क्या है?,"A) बेहतर ताकत, B) बेहतर लचीलापन, C) बेहतर संतुलन, D) बढ़ी हुई गति",C) बेहतर संतुलन,1,no mistake,no correction needed,no correction needed,no answer needed
Kalaripayattu_31,IBQ,India_IBQ.xlsx,Kalaripayattu,चित्र में दिखाए गए खेल के लिए प्रशिक्षण हेतु किस प्रकार का वातावरण पसंद किया जाता है?,"A) पारंपरिक प्रशिक्षण क्षेत्र, B) आधुनिक जिम, C) आउटडोर मैदान, D) इनडोर डोजो",ए) पारंपरिक प्रशिक्षण क्षेत्र,1,no mistake,no correction needed,no correction needed,no answer needed
Kalaripayattu_31,IBQ,India_IBQ.xlsx,Kalaripayattu,"चित्र में, अभ्यासकर्ता तकनीक के किस पहलू पर ध्यान केंद्रित कर रहा है?","A) शक्ति, B) गति, C) परिशुद्धता, D) लचीलापन",सी) परिशुद्धता,1,no mistake,no correction needed,no correction needed,no answer needed
Kalaripayattu_31,IBQ,India_IBQ.xlsx,Kalaripayattu,चित्र में दर्शाया गया खेल किस प्रकार की तकनीकों के उपयोग के लिए जाना जाता है?,"A) प्रहार तकनीक, B) ग्रैपलिंग तकनीक, C) किकिंग तकनीक, D) थ्रोइंग तकनीक",A) प्रहार तकनीकें,1,no mistake,no correction needed,no correction needed,no answer needed
Kalaripayattu_32,IBQ,India_IBQ.xlsx,Kalaripayattu,चित्र में दिखाए गए खेल के लिए प्रशिक्षण के दौरान आमतौर पर किस प्रकार के अभ्यास किए जाते हैं?,"A) एकल अभ्यास, B) साथी अभ्यास, C) समूह अभ्यास, D) उपरोक्त सभी",D। उपरोक्त सभी,1,no mistake,no correction needed,no correction needed,no answer needed
Kalaripayattu_32,IBQ,India_IBQ.xlsx,Kalaripayattu,"चित्र में, अभ्यास किये जा रहे विशिष्ट आंदोलन का प्राथमिक उद्देश्य क्या है?","A) गति बढ़ाने के लिए, B) सटीकता का अभ्यास करने के लिए, C) ताकत बनाने के लिए, D) चपलता विकसित करने के लिए",बी) परिशुद्धता का अभ्यास करना,1,no mistake,no correction needed,no correction needed,no answer needed
Kalaripayattu_32,IBQ,India_IBQ.xlsx,Kalaripayattu,चित्र में दिखाए गए खेल में प्रायः किस प्रकार की शारीरिक कंडीशनिंग शामिल होती है?,"A) धीरज प्रशिक्षण, B) शक्ति प्रशिक्षण, C) लचीलापन व्यायाम, D) उपरोक्त सभी",D। उपरोक्त सभी,1,no mistake,no correction needed,no correction needed,no answer needed
Kalaripayattu_33,IBQ,India_IBQ.xlsx,Kalaripayattu,चित्र में दिखाए गए खेल के लिए प्रशिक्षण के दौरान आमतौर पर किस प्रकार के उपकरण का उपयोग किया जाता है?,"A) लकड़ी का कर्मचारी, B) धातु की ढाल, C) चमड़े के दस्ताने, D) अभ्यास तलवारें",A) लकड़ी का कर्मचारी,1,no mistake,no correction needed,no correction needed,no answer needed
Kalaripayattu_33,IBQ,India_IBQ.xlsx,Kalaripayattu,चित्र में दर्शाया गया खेल पारंपरिक रूप से किस प्रकार के परिवेश में खेला जाता है?,"A) आउटडोर मैदान, B) इनडोर डोजो, C) मंदिर का मैदान, D) आधुनिक जिम",C) मंदिर परिसर,1,no mistake,no correction needed,no correction needed,no answer needed
Silambam_1,IBQ,India_IBQ.xlsx,Silambam,चित्र में दिखाए गए खेल में मुख्य हथियार क्या है?,"A) तलवार, B) छड़ी, C) भाला, D) ढाल",बी) छड़ी,1,no mistake,no correction needed,no correction needed,no answer needed
Silambam_1,IBQ,India_IBQ.xlsx,Silambam,चित्र में दिखाए गए खेल में पारंपरिक सिलंबम छड़ी की लंबाई कितनी होती है?,"A) 5 फीट, B) 6 फीट, C) 7 फीट, D) 8 फीट",ए) 5 फीट,1,no mistake,no correction needed,no correction needed,no answer needed
Silambam_1,IBQ,India_IBQ.xlsx,Silambam,चित्र में दिखाए गए खेल के लिए मुख्य रुख क्या कहलाता है?,"A) योद्धा मुद्रा, B) अश्व मुद्रा, C) सारस मुद्रा, D) बाघ मुद्रा",बी) घोड़े का रुख,1,no mistake,no correction needed,no correction needed,no answer needed
Silambam_1,IBQ,India_IBQ.xlsx,Silambam,"चित्र में दिखाए गए खेल में, सिलंबम की छड़ें बनाने के लिए आमतौर पर किस सामग्री का उपयोग किया जाता है?","A) बांस, B) स्टील, C) लकड़ी, D) प्लास्टिक",A) बांस,1,no mistake,no correction needed,no correction needed,no answer needed
Silambam_2,IBQ,India_IBQ.xlsx,Silambam,"चित्र में दिखाए गए खेल के लिए, सिलंबम की उत्पत्ति किस भारतीय राज्य से हुई है?","A) केरल, B) तमिलनाडु, C) कर्नाटक, D) आंध्र प्रदेश",बी) तमिलनाडु,1,no mistake,no correction needed,no correction needed,no answer needed
Silambam_2,IBQ,India_IBQ.xlsx,Silambam,"चित्र में दिखाए गए खेल में, सिलंबम का उद्देश्य क्या है?","A) प्रतिद्वंद्वी को निहत्था करना, B) प्रहार से अंक अर्जित करना, C) छड़ी की गति को नियंत्रित करना, D) संतुलन बनाए रखना",C) छड़ी की गतिविधियों को नियंत्रित करने के लिए,1,no mistake,no correction needed,no correction needed,no answer needed
Silambam_2,IBQ,India_IBQ.xlsx,Silambam,"चित्र में दिखाए गए खेल के लिए, सिलंबम अभ्यासकर्ताओं द्वारा पहनी जाने वाली पारंपरिक पोशाक क्या है?","A) धोती, B) ट्रैक पैंट, C) कवच, D) गि",A) धोती,1,no mistake,no correction needed,no correction needed,no answer needed
Silambam_2,IBQ,India_IBQ.xlsx,Silambam,"चित्र में दिखाए गए खेल में, एक मानक सिलंबम मैच में कितने राउंड होते हैं?","ए) 1, बी) 2, सी) 3, डी) 4",सी) 3,1,no mistake,no correction needed,no correction needed,no answer needed
Silambam_3,IBQ,India_IBQ.xlsx,Silambam,"चित्र में दिखाए गए खेल के लिए, सिलंबम में निम्नलिखित में से कौन सी मूल तकनीक प्रयुक्त की जाती है?","A) भंवर, B) जोर, C) स्पिन, D) प्रहार",बी) जोर,1,no mistake,no correction needed,no correction needed,no answer needed
Silambam_3,IBQ,India_IBQ.xlsx,Silambam,"चित्र में दिखाए गए खेल में, मैच के दौरान शरीर का कौन सा अंग सबसे अधिक लक्षित होता है?","A) सिर, B) पैर, C) भुजाएँ, D) छाती",बी) पैर,1,no mistake,no correction needed,no correction needed,no answer needed
Silambam_3,IBQ,India_IBQ.xlsx,Silambam,"चित्र में दिखाए गए खेल के लिए, किस प्राचीन तमिल ग्रंथ में सिलंबम का उल्लेख है?","ए) थिरुक्कुरल, बी) सिलप्पातिकरम, सी) संगम साहित्य, डी) कंबारामयणम",बी) सिलप्पाटिकरम,1,no mistake,no correction needed,no correction needed,no answer needed
Silambam_3,IBQ,India_IBQ.xlsx,Silambam,"चित्र में दिखाए गए खेल में, आम तौर पर मैच कैसे जीता जाता है?","A) नॉकआउट द्वारा, B) अंकों द्वारा, C) समर्पण द्वारा, D) निरस्त्रीकरण द्वारा",बी) अंकों के आधार पर,1,no mistake,no correction needed,no correction needed,no answer needed
Silambam_4,IBQ,India_IBQ.xlsx,Silambam,"चित्र में दिखाए गए खेल के लिए, सिलंबम प्रशिक्षण का प्राथमिक उद्देश्य क्या है?","A) आत्मरक्षा, B) शारीरिक फिटनेस, C) परंपरा, D) उपरोक्त सभी",D। उपरोक्त सभी,1,no mistake,no correction needed,no correction needed,no answer needed
Silambam_4,IBQ,India_IBQ.xlsx,Silambam,"चित्र में दिखाए गए खेल में, सिलंबम स्टिक को पकड़ने के लिए आमतौर पर किस पकड़ का उपयोग किया जाता है?","A) ओवरहैंड ग्रिप, B) अंडरहैंड ग्रिप, C) दो-हाथों वाली ग्रिप, D) क्रॉस-ग्रिप",ए) ओवरहैंड ग्रिप,1,no mistake,no correction needed,no correction needed,no answer needed
Silambam_4,IBQ,India_IBQ.xlsx,Silambam,"चित्र में दिखाए गए खेल के लिए, निम्नलिखित में से कौन सा सिलंबम अभ्यास का प्रमुख तत्व है?","A) लचीलापन, B) सहनशक्ति, C) गति, D) समन्वय",डी) समन्वय,1,no mistake,no correction needed,no correction needed,no answer needed
Silambam_4,IBQ,India_IBQ.xlsx,Silambam,"चित्र में दिखाए गए खेल में, एक मानक सिलंबम मैच कितने समय तक चलता है?","A) 5 मिनट, B) 10 मिनट, C) 15 मिनट, D) 20 मिनट",सी) 15 मिनट,1,no mistake,no correction needed,no correction needed,no answer needed
Silambam_5,IBQ,India_IBQ.xlsx,Silambam,"चित्र में दिखाए गए खेल के लिए, मैच के दौरान विरोधियों के बीच कितनी दूरी रखी जाती है?","A) 3 फीट, B) 5 फीट, C) 7 फीट, D) 10 फीट",बी) 5 फीट,1,no mistake,no correction needed,no correction needed,no answer needed
Silambam_5,IBQ,India_IBQ.xlsx,Silambam,चित्र में दिखाए गए खेल में किस प्रकार के फुटवर्क पर जोर दिया जाता है?,"A) वृत्ताकार, B) रैखिक, C) विकर्ण, D) ज़िगज़ैग",ए) वृत्ताकार,1,no mistake,no correction needed,no correction needed,no answer needed
Silambam_5,IBQ,India_IBQ.xlsx,Silambam,चित्र में दिखाए गए खेल के लिए छड़ी को घुमाने का उद्देश्य क्या है?,"A) बचाव के लिए, B) प्रतिद्वंद्वी को भ्रमित करने के लिए, C) गति बनाने के लिए, D) उपरोक्त सभी",D। उपरोक्त सभी,1,no mistake,no correction needed,no correction needed,no answer needed
Silambam_5,IBQ,India_IBQ.xlsx,Silambam,"चित्र में दिखाए गए खेल में, सिलंबम का कौन सा रूप कई विरोधियों के साथ लड़ाई पर केंद्रित है?","ए) कुथु वरिसाई, बी) वीरा सिलंबम, सी) थांग ता, डी) वर्मा कलाई",बी) वीरा सिलंबम,1,no mistake,no correction needed,no correction needed,no answer needed
Silambam_6,IBQ,India_IBQ.xlsx,Silambam,"चित्र में दिखाए गए खेल के लिए, आधुनिक सिलंबम प्रतियोगिताओं में किस प्रकार के सुरक्षात्मक गियर का उपयोग किया जाता है?","A) हेलमेट, B) दस्ताने, C) घुटने के पैड, D) उपरोक्त सभी",D। उपरोक्त सभी,1,no mistake,no correction needed,no correction needed,no answer needed
Silambam_6,IBQ,India_IBQ.xlsx,Silambam,चित्र में दिखाए गए खेल में 'गुरुक्कल' की क्या भूमिका है?,"A) प्रतिद्वंद्वी, B) कोच, C) रेफरी, D) टाइमकीपर",बी) कोच,1,no mistake,no correction needed,no correction needed,no answer needed
Silambam_6,IBQ,India_IBQ.xlsx,Silambam,चित्र में दिखाए गए खेल के लिए पैरों की गतिविधियों का क्या महत्व है?,"A) गति, B) परिशुद्धता, C) लचीलापन, D) संतुलन",डी) संतुलन,1,no mistake,no correction needed,no correction needed,no answer needed
Silambam_6,IBQ,India_IBQ.xlsx,Silambam,"चित्र में दिखाए गए खेल में, सिलंबम अक्सर किस संगीत वाद्ययंत्र की लय पर किया जाता है?","ए) मृदंगम, बी) उरुमी, सी) नादस्वरम, डी) ढोल",बी) उरुमी,1,no mistake,no correction needed,no correction needed,no answer needed
Silambam_7,IBQ,India_IBQ.xlsx,Silambam,"चित्र में दिखाए गए खेल के लिए, कौन सी मार्शल आर्ट सिलंबम के साथ समानताएं साझा करती है?","ए) कलारी, बी) कराटे, सी) ताइक्वांडो, डी) बॉक्सिंग",A) कलारी,1,no mistake,no correction needed,no correction needed,no answer needed
Silambam_7,IBQ,India_IBQ.xlsx,Silambam,"चित्र में दिखाए गए खेल में, आमतौर पर छड़ी के किस भाग का उपयोग प्रहार करने के लिए किया जाता है?","A) मध्य, B) अंत, C) हैंडल, D) पूरी छड़ी",झुकना,0,"The question asks about the part of the stick used for hitting in the image. However, the correct answer provided ('झुकना' - bending) is not a part of the stick and doesn't make sense as an answer. Additionally, the options don't seem to be clearly linked to a sport based on the image or question. The options are also somewhat vague.","चित्र में दिखाए गए खेल में, गेंद को मारने के लिए छड़ी के किस हिस्से का इस्तेमाल किया जाता है?","['A) सिर', 'B) मध्य', 'C) हैंडल', 'D) निचला भाग']",A) सिर
Silambam_7,IBQ,India_IBQ.xlsx,Silambam,"चित्र में दिखाए गए खेल के लिए, सिलंबम प्रशिक्षण का प्राथमिक फोकस क्या है?","A) मानसिक एकाग्रता, B) गति, C) शक्ति, D) सटीकता",डी) सटीकता,1,no mistake,no correction needed,no correction needed,no answer needed
Silambam_7,IBQ,India_IBQ.xlsx,Silambam,"चित्र में दिखाए गए खेल में, सिलंबम में ड्रॉ का निर्धारण कैसे किया जाता है?","A) बराबर अंक, B) कोई स्ट्राइक नहीं, C) दोनों खिलाड़ी नॉकआउट, D) रेफरी का निर्णय",A) समान अंक,1,no mistake,no correction needed,no correction needed,no answer needed
Silambam_8,IBQ,India_IBQ.xlsx,Silambam,"चित्र में दिखाए गए खेल के लिए, सिलंबम पारंपरिक रूप से किस समूह द्वारा प्रचलित था?","A) सैनिक, B) भिक्षु, C) किसान, D) राजपरिवार",ए) सैनिक,1,no mistake,no correction needed,no correction needed,no answer needed
Silambam_8,IBQ,India_IBQ.xlsx,Silambam,"चित्र में दिखाए गए खेल में, सिलंबम में निम्नलिखित में से कौन सी रक्षा तकनीक प्रयुक्त की जाती है?","A) चकमा देना, B) बचाव करना, C) रोकना, D) उपरोक्त सभी",D। उपरोक्त सभी,1,no mistake,no correction needed,no correction needed,no answer needed
Silambam_8,IBQ,India_IBQ.xlsx,Silambam,"चित्र में दिखाए गए खेल के लिए, सिलंबम अभ्यासकर्ता का नाम क्या है?","ए) सिलंबक्कर, बी) गुरु, सी) शिफू, डी) कलारी",A) सिलंबक्कर,1,no mistake,no correction needed,no correction needed,no answer needed
Silambam_8,IBQ,India_IBQ.xlsx,Silambam,"चित्र में दिखाए गए खेल में, सिलंबम में बांस की छड़ी का उपयोग करने का क्या लाभ है?","A) लचीलापन, B) टिकाऊपन, C) हल्कापन, D) उपरोक्त सभी",D। उपरोक्त सभी,1,no mistake,no correction needed,no correction needed,no answer needed
Silambam_9,IBQ,India_IBQ.xlsx,Silambam,"चित्र में दिखाए गए खेल के लिए, सिलंबम में कौन सा उन्नत आंदोलन है?","A) घूमना, B) जोर लगाना, C) छलांग लगाना, D) उपरोक्त सभी",सी) छलांग लगाना,1,no mistake,no correction needed,no correction needed,no answer needed
Silambam_9,IBQ,India_IBQ.xlsx,Silambam,"चित्र में दिखाए गए खेल में, तमिल संस्कृति में सिलंबम का ऐतिहासिक महत्व क्या है?","A) शाही मनोरंजन, B) सैन्य प्रशिक्षण, C) आध्यात्मिक अभ्यास, D) उत्सव प्रदर्शन",बी) सैन्य प्रशिक्षण,1,no mistake,no correction needed,no correction needed,no answer needed
Silambam_9,IBQ,India_IBQ.xlsx,Silambam,"चित्र में दिखाए गए खेल के लिए, सिलंबम को अक्सर किस अन्य कला के साथ संयोजन में प्रदर्शित किया जाता है?","A) योग, B) नृत्य, C) संगीत, D) चित्रकारी",बी) नृत्य,1,no mistake,no correction needed,no correction needed,no answer needed
Silambam_9,IBQ,India_IBQ.xlsx,Silambam,"चित्र में दिखाए गए खेल में, निम्नलिखित में से कौन-सा सिलंबम का हिस्सा नहीं है?","A) लाठी, B) ढाल, C) जंजीर, D) चाकू",D) चाकू,1,no mistake,no correction needed,no correction needed,no answer needed
Silambam_10,IBQ,India_IBQ.xlsx,Silambam,"चित्र में दिखाए गए खेल के लिए, प्रतिस्पर्धी सिलंबम मैच में अंक कैसे अर्जित किए जाते हैं?","A) प्रतिद्वंद्वी की स्टिक पर प्रहार करके, B) प्रतिद्वंद्वी के शरीर पर प्रहार करके, C) ब्लॉक करके, D) मैच को नियंत्रित करके",B) प्रतिद्वंद्वी के शरीर पर प्रहार करके,1,no mistake,no correction needed,no correction needed,no answer needed
Silambam_10,IBQ,India_IBQ.xlsx,Silambam,"चित्र में दिखाए गए खेल में, सिलंबम फुटवर्क का मुख्य फोकस क्या है?","A) गति, B) संतुलन, C) शक्ति, D) चपलता",बी) संतुलन,1,no mistake,no correction needed,no correction needed,no answer needed
Silambam_10,IBQ,India_IBQ.xlsx,Silambam,"चित्र में दिखाए गए खेल के लिए, एक सफल सिलंबम अभ्यासी के लिए आवश्यक विशेषता क्या है?","A) शक्ति, B) सजगता, C) रणनीति, D) सहनशक्ति",बी) प्रतिवर्त,0,"The correct answer provided (प्रतिवर्त - reflexes) is not the most accurate or complete answer for a successful Silambam practitioner. While reflexes are *important*, Silambam heavily relies on agility (सजगता). The question's phrasing also is a bit weak. It asks for *a* necessary characteristic, implying only one is important, when multiple are.","चित्र में दिखाए गए खेल के लिए, एक सफल सिलंबम अभ्यासी के लिए सबसे महत्वपूर्ण विशेषता क्या है?","['A) शक्ति', 'B) सजगता', 'C) रणनीति', 'D) सहनशक्ति']",बी) सजगता
Silambam_10,IBQ,India_IBQ.xlsx,Silambam,"चित्र में दिखाए गए खेल में, सिलंबम मुकाबला कैसे शुरू किया जाता है?","A) झुकना, B) सलामी देना, C) लाठी छूना, D) रेफरी का संकेत",C) छूने वाली छड़ें,1,no mistake,no correction needed,no correction needed,no answer needed
Silambam_11,IBQ,India_IBQ.xlsx,Silambam,"चित्र में दिखाए गए खेल के लिए, सिलंबम में लय का क्या महत्व है?","A) स्ट्राइक का समय, B) फुटवर्क के साथ समन्वय, C) गति की तरलता, D) उपरोक्त सभी",D। उपरोक्त सभी,1,no mistake,no correction needed,no correction needed,no answer needed
Silambam_11,IBQ,India_IBQ.xlsx,Silambam,"चित्र में दिखाए गए खेल में, सिलंबम में कौन सी हाथ की स्थिति सामान्य है?","A) एकल हाथ, B) दोहरा हाथ, C) वैकल्पिक हाथ, D) क्रॉस हाथ",बी) डबल हैंड,1,no mistake,no correction needed,no correction needed,no answer needed
Silambam_11,IBQ,India_IBQ.xlsx,Silambam,"चित्र में दिखाए गए खेल के लिए, सिलंबम हमलों का सामान्य लक्ष्य क्षेत्र क्या है?","A) सिर, B) छाती, C) पैर, D) बाहें",सी) पैर,1,no mistake,no correction needed,no correction needed,no answer needed
Silambam_11,IBQ,India_IBQ.xlsx,Silambam,"चित्र में दिखाए गए खेल में, प्रहार को रोकने के लिए सिलंबम तकनीक क्या है?","A) पैरी, B) काउंटरस्ट्राइक, C) डिफ्लेक्ट, D) एब्ज़ॉर्ब",ए) पैरी,1,no mistake,no correction needed,no correction needed,no answer needed
Silambam_12,IBQ,India_IBQ.xlsx,Silambam,"चित्र में दिखाए गए खेल के लिए, सिलंबम अभ्यास का मुख्य फोकस क्या है?","A) परिशुद्धता, B) गति, C) शक्ति, D) लचीलापन",ए) परिशुद्धता,1,no mistake,no correction needed,no correction needed,no answer needed
Silambam_12,IBQ,India_IBQ.xlsx,Silambam,"चित्र में दिखाए गए खेल में, सिलंबम की आक्रामक तकनीकों में कौन सी प्रमुख गतिविधि है?","ए) ओवरहेड स्ट्राइक, बी) साइड स्वाइप, सी) सर्कुलर थ्रस्ट, डी) डायगोनल स्लैश",ए) ओवरहेड स्ट्राइक,1,no mistake,no correction needed,no correction needed,no answer needed
Silambam_12,IBQ,India_IBQ.xlsx,Silambam,"चित्र में दिखाए गए खेल के लिए, सिलंबम का प्राथमिक हथियार पारंपरिक रूप से किस सामग्री से बनाया जाता है?","A) स्टील, B) बांस, C) लोहा, D) कांस्य",बी) बांस,1,no mistake,no correction needed,no correction needed,no answer needed
Silambam_12,IBQ,India_IBQ.xlsx,Silambam,"चित्र में दिखाए गए खेल में, उचित सिलंबम रक्षा के लिए निम्नलिखित में से क्या आवश्यक है?","A) बांह की ताकत, B) लचीलापन, C) समय, D) फुटवर्क",डी) फुटवर्क,1,no mistake,no correction needed,no correction needed,no answer needed
Silambam_13,IBQ,India_IBQ.xlsx,Silambam,"चित्र में दिखाए गए खेल के लिए, सिलंबम में किस प्रकार के रुख शामिल हैं?","A) उच्च रुख, B) निम्न रुख, C) तटस्थ रुख, D) स्थानांतरण रुख",बी) निम्न रुख,1,no mistake,no correction needed,no correction needed,no answer needed
Silambam_13,IBQ,India_IBQ.xlsx,Silambam,"चित्र में दिखाए गए खेल में, सिलंबम में प्रतिद्वंद्वी को निहत्था करने की सामान्य विधि क्या है?","A) छड़ी को हुक करना, B) कलाई पर प्रहार करना, C) प्रहार को रोकना, D) प्रतिद्वंद्वी को गिराना",बी) कलाई पर प्रहार,1,no mistake,no correction needed,no correction needed,no answer needed
Silambam_13,IBQ,India_IBQ.xlsx,Silambam,"चित्र में दिखाए गए खेल के लिए, सिलंबम के लंबी दूरी के हमलों में आमतौर पर शरीर के किस हिस्से को निशाना बनाया जाता है?","A) सिर, B) भुजाएँ, C) पैर, D) छाती",सी) पैर,1,no mistake,no correction needed,no correction needed,no answer needed
Silambam_13,IBQ,India_IBQ.xlsx,Silambam,"चित्र में दिखाए गए खेल में, सिलंबम अपने ______ फुटवर्क के लिए जाना जाता है जो तेज हमले और बचाव की अनुमति देता है।","A) रैखिक, B) वृत्ताकार, C) विकर्ण, D) ज़िग-ज़ैग",बी) वृत्ताकार,1,no mistake,no correction needed,no correction needed,no answer needed
Silambam_14,IBQ,India_IBQ.xlsx,Silambam,"चित्र में दिखाए गए खेल के लिए, निम्नलिखित में से कौन सी उन्नत सिलंबम तकनीक है?","A) छड़ी को पीठ के पीछे घुमाना, B) एक ही बार में दोहरा प्रहार करना, C) चकमा देने के लिए पीछे हटना, D) प्रहार के बीच में हाथ बदलना",A) छड़ी को पीठ के पीछे घुमाना,1,no mistake,no correction needed,no correction needed,no answer needed
Silambam_14,IBQ,India_IBQ.xlsx,Silambam,"चित्र में दिखाए गए खेल में, संतुलित प्रदर्शन के लिए सिलंबम किस बात पर जोर देता है?","A) ताकत, B) गति, C) सटीकता, D) सहनशक्ति",सी) परिशुद्धता,1,no mistake,no correction needed,no correction needed,no answer needed
Silambam_14,IBQ,India_IBQ.xlsx,Silambam,"चित्र में दिखाए गए खेल के लिए, सिलंबम अभ्यासकर्ता अक्सर किस प्रकार के उपकरणों के साथ अभ्यास करते हैं?","A) लकड़ी की तलवारें, B) धातु की ढालें, C) बांस के डंडे, D) रबर की छड़ें",C) बांस के खंभे,1,no mistake,no correction needed,no correction needed,no answer needed
Silambam_14,IBQ,India_IBQ.xlsx,Silambam,"चित्र में दिखाए गए खेल में, सिलंबम प्रहार में शक्ति कैसे उत्पन्न होती है?","A) कंधों को घुमाकर, B) कूल्हों को मोड़कर, C) छड़ी को कसकर पकड़कर, D) कलाई की गति का उपयोग करके",B) कूल्हों को मोड़कर,1,no mistake,no correction needed,no correction needed,no answer needed
Silambam_15,IBQ,India_IBQ.xlsx,Silambam,"चित्र में दिखाए गए खेल के लिए, सिलंबम को पारंपरिक रूप से निम्नलिखित में से किसके द्वारा सिखाया जाता था?","A) परिवार के बुजुर्ग, B) मार्शल आर्ट स्कूल, C) आदिवासी नेता, D) पुजारी",C) आदिवासी नेता,0,"The provided answer is factually incorrect. Silambam, while historically practiced amongst various communities, wasn't traditionally taught by tribal leaders. It was traditionally taught within families and by Gurus (teachers) often associated with Nair and other martial communities in Tamil Nadu. The question relies heavily on visual context which isn't fully utilized. The image is required to verify if the question is appropriate for its content.","चित्र में दिखाए गए खेल (सिलंबम) के लिए, सिलंबम को पारंपरिक रूप से निम्नलिखित में से किसके द्वारा सिखाया जाता था?","['A) परिवार के बुजुर्ग', 'B) गुरु (शिक्षक)', 'C) योद्धा समुदाय के सदस्य', 'D) पुजारी']",B) गुरु (शिक्षक)
Silambam_15,IBQ,India_IBQ.xlsx,Silambam,"चित्र में दिखाए गए खेल में, सिलंबम में कौन सी रक्षात्मक रणनीति आम है?","A) वार से बचना, B) हथियारों से रोकना, C) वार सहना, D) छड़ी से बचाव करना",D) छड़ी से बचाव करना,1,no mistake,no correction needed,no correction needed,no answer needed
Silambam_15,IBQ,India_IBQ.xlsx,Silambam,"चित्र में दिखाए गए खेल के लिए, सिलंबम अभ्यासकर्ता युद्ध में निम्नलिखित में से किसका लक्ष्य रखते हैं?","ए) नॉकआउट, बी) सबमिशन, सी) प्रतिद्वंद्वी को निहत्था करना, डी) अंक अर्जित करना",C) प्रतिद्वंद्वी को निहत्था करना,1,no mistake,no correction needed,no correction needed,no answer needed
Silambam_15,IBQ,India_IBQ.xlsx,Silambam,"चित्र में दिखाए गए खेल में, तमिलनाडु के इतिहास में सिलंबम का क्या महत्व है?","A) यह मनोरंजन का एक रूप था, B) इसका प्रयोग सैन्य प्रशिक्षण में किया जाता था, C) यह एक धार्मिक प्रथा थी, D) यह विरोध का एक रूप था",B) इसका उपयोग सैन्य प्रशिक्षण में किया जाता था,1,no mistake,no correction needed,no correction needed,no answer needed
Silambam_16,IBQ,India_IBQ.xlsx,Silambam,"चित्र में दिखाए गए खेल के लिए, सिलंबम में कताई तकनीक के लिए क्या शब्द प्रयुक्त किया जाता है?","ए) पिरौएट, बी) मझुवुधल, सी) विलायट्टु, डी) थेरवु",बी) मझुवुधल,1,no mistake,no correction needed,no correction needed,no answer needed
Silambam_16,IBQ,India_IBQ.xlsx,Silambam,"चित्र में दिखाए गए खेल में, सिलंबम अभ्यासकर्ता अक्सर कौन सा पूरक व्यायाम करते हैं?","A) योग, B) भारोत्तोलन, C) तैराकी, D) दौड़ना",ए) योग,1,no mistake,no correction needed,no correction needed,no answer needed
Silambam_16,IBQ,India_IBQ.xlsx,Silambam,"चित्र में दिखाए गए खेल के लिए, निम्नलिखित में से कौन सी सिलंबम ड्रिल आमतौर पर इस्तेमाल की जाती है?","ए) पार्टनर स्पैरिंग, बी) शैडो स्ट्राइकिंग, सी) स्टिक बैलेंसिंग, डी) स्टिक स्पिनिंग",बी) छाया प्रहार,1,no mistake,no correction needed,no correction needed,no answer needed
Silambam_16,IBQ,India_IBQ.xlsx,Silambam,"चित्र में दिखाए गए खेल में, सिलंबम विरोधियों को चौंका देने के लिए किस प्रकार के हमले का उपयोग करता है?","A) छल, B) प्रत्यक्ष प्रहार, C) जवाबी हमला, D) आश्चर्यजनक प्रहार",ए) फाइनटिंग,0,"The question and answer are not aligned and contain errors. 'Silambam' doesn't use 'fainting' attacks. Silambam utilizes techniques like feints, direct strikes, and surprise attacks to disorient opponents. Additionally, the provided answer 'ए) फाइनटिंग' appears to be a transliteration error; it should be 'धोखा' (dhokha - deception/feint).","चित्र में दिखाए गए खेल में, सिलंबम विरोधियों को चौंका देने के लिए किस प्रकार की युक्ति का उपयोग करता है?","A) धोखा, B) प्रत्यक्ष प्रहार, C) जवाबी हमला, D) आश्चर्यजनक प्रहार",ए) धोखा
Silambam_17,IBQ,India_IBQ.xlsx,Silambam,"चित्र में दिखाए गए खेल के लिए, सिलंबम प्रशिक्षण में निम्नलिखित में से कौन सा तत्व महत्वपूर्ण है?","A) परिशुद्धता, B) लचीलापन, C) गति, D) शक्ति",ए) परिशुद्धता,1,no mistake,no correction needed,no correction needed,no answer needed
Silambam_17,IBQ,India_IBQ.xlsx,Silambam,"चित्र में दिखाए गए खेल में, सिलंबम के गोलाकार फुटवर्क का केंद्र बिंदु क्या है?","A) हमले के लिए कोण बनाना, B) आने वाले हमलों से बचना, C) प्रतिद्वंद्वी के करीब जाना, D) प्रतिद्वंद्वी को भ्रमित करना",A) हमले के लिए कोण बनाना,1,no mistake,no correction needed,no correction needed,no answer needed
Silambam_17,IBQ,India_IBQ.xlsx,Silambam,"चित्र में दिखाए गए खेल के लिए, सिलंबम युद्ध में निम्नलिखित में से कौन सा शरीर का अंग सबसे अधिक असुरक्षित है?","A) सिर, B) पैर, C) भुजाएँ, D) धड़",बी) पैर,1,no mistake,no correction needed,no correction needed,no answer needed
Silambam_17,IBQ,India_IBQ.xlsx,Silambam,चित्र में दिखाए गए खेल सिलंबम में संतुलन बनाए रखने के लिए किस मुद्रा का उपयोग किया जाता है?,"ए) तटस्थ रुख, बी) उच्च रुख, सी) रक्षात्मक रुख, डी) चौड़ा रुख",D) चौड़ा रुख,1,no mistake,no correction needed,no correction needed,no answer needed
Silambam_18,IBQ,India_IBQ.xlsx,Silambam,"चित्र में दिखाए गए खेल के लिए, सिलंबम प्रशिक्षण में अक्सर निम्नलिखित में से किस पर जोर दिया जाता है?","A) कलाइयों का लचीलापन, B) पैरों की गति, C) हाथों और पैरों के बीच समन्वय, D) कंधों की मजबूती",C) हाथों और पैरों के बीच समन्वय,1,no mistake,no correction needed,no correction needed,no answer needed
Silambam_18,IBQ,India_IBQ.xlsx,Silambam,"चित्र में दिखाए गए खेल में, सिलंबम प्रशिक्षण का कौन सा भाग अभ्यासकर्ताओं को अपना संतुलन सुधारने में मदद करता है?","ए) पोल स्पिनिंग, बी) स्टिक ट्वर्लिंग, सी) स्टांस ड्रिल्स, डी) स्पीड स्ट्राइकिंग",सी) रुख अभ्यास,1,no mistake,no correction needed,no correction needed,no answer needed
Silambam_18,IBQ,India_IBQ.xlsx,Silambam,"चित्र में दिखाए गए खेल के लिए, सिलंबम का पारंपरिक रूप से किस प्रकार के युद्ध के साथ संयोजन में उपयोग किया जाता था?","A) तलवारबाजी, B) कुश्ती, C) तीरंदाजी, D) मुक्केबाजी",A) तलवारबाजी,1,no mistake,no correction needed,no correction needed,no answer needed
Silambam_18,IBQ,India_IBQ.xlsx,Silambam,"चित्र में दिखाए गए खेल में, सिलंबम की प्रभावशीलता में निम्नलिखित में से कौन सा कारक प्रमुख है?","A) दूरी प्रबंधन, B) शक्ति, C) सहनशक्ति, D) छड़ी का वजन",ए) दूरस्थ प्रबंधन,1,no mistake,no correction needed,no correction needed,no answer needed
Silambam_19,IBQ,India_IBQ.xlsx,Silambam,"चित्र में दिखाए गए खेल के लिए, सिलंबम का अभ्यास करने हेतु किस प्रकार का वातावरण आदर्श है?","A) खुला मैदान, B) वन क्षेत्र, C) इनडोर अखाड़ा, D) पहाड़ी क्षेत्र",ए) खुला मैदान,1,no mistake,no correction needed,no correction needed,no answer needed
Silambam_19,IBQ,India_IBQ.xlsx,Silambam,"चित्र में दिखाए गए खेल में, सिलंबम मुद्राओं के अभ्यास के लिए कौन सा घटक आवश्यक है?","A) लचीलापन, B) ताकत, C) गति, D) संतुलन",डी) संतुलन,1,no mistake,no correction needed,no correction needed,no answer needed
Silambam_19,IBQ,India_IBQ.xlsx,Silambam,"चित्र में दिखाए गए खेल के लिए, निम्नलिखित में से कौन सी गतिविधि सिलंबम स्पैरिंग सत्र का अभिन्न अंग है?","ए) हाई किक, बी) रोलिंग, सी) स्टिक थ्रस्ट, डी) जंपिंग स्ट्राइक",C) स्टिक थ्रस्ट,1,no mistake,no correction needed,no correction needed,no answer needed
Silambam_19,IBQ,India_IBQ.xlsx,Silambam,"चित्र में दिखाए गए खेल में, सिलंबम अभ्यासकर्ता अक्सर सुरक्षा के लिए निम्नलिखित में से क्या पहनते हैं?","A) हेडगियर, B) चेस्ट गार्ड, C) दस्ताने, D) आर्म गार्ड",बी) चेस्ट गार्ड,1,no mistake,no correction needed,no correction needed,no answer needed
Silambam_20,IBQ,India_IBQ.xlsx,Silambam,"चित्र में दिखाए गए खेल के लिए, सिलंबम में हमले से बचने के लिए आमतौर पर किस गति का उपयोग किया जाता है?","A) साइडस्टेपिंग, B) डकिंग, C) जंपिंग, D) पीछे झुकना",ए) साइडस्टेपिंग,1,no mistake,no correction needed,no correction needed,no answer needed
Silambam_20,IBQ,India_IBQ.xlsx,Silambam,"चित्र में दिखाए गए खेल में, सिलंबम अभ्यास के दौरान नियंत्रण पर किस प्रकार जोर देता है?","A) बल को न्यूनतम करके, B) गति को बढ़ाकर, C) सटीकता पर ध्यान केंद्रित करके, D) गति को सीमित करके",C) सटीकता पर ध्यान केंद्रित करके,1,no mistake,no correction needed,no correction needed,no answer needed
Silambam_20,IBQ,India_IBQ.xlsx,Silambam,चित्र में दिखाए गए खेल में प्रतिद्वंद्वी के प्रहार को विफल करने के लिए कौन सा कौशल आवश्यक है?,"A) ताकत, B) चपलता, C) गति, D) लचीलापन",बी) चपलता,1,no mistake,no correction needed,no correction needed,no answer needed
Silambam_20,IBQ,India_IBQ.xlsx,Silambam,"चित्र में दिखाए गए खेल में, निम्नलिखित में से कौन सा सिलंबम रक्षा का पारंपरिक रूप है?","ए) स्टिक ब्लॉकिंग, बी) स्टिक ग्रैबिंग, सी) हैंड-टू-हैंड डिफेंस, डी) साइडस्टेपिंग",A) स्टिक ब्लॉकिंग,1,no mistake,no correction needed,no correction needed,no answer needed
Silambam_21,IBQ,India_IBQ.xlsx,Silambam,"चित्र में दिखाए गए खेल के लिए, सिलंबम में 'वीचु अदि' शब्द का क्या अर्थ है?","ए) गोलाकार फुटवर्क, बी) ओवरहेड स्ट्राइक, सी) स्वीपिंग स्ट्राइक, डी) रक्षात्मक मुद्रा",C) व्यापक हड़ताल,1,no mistake,no correction needed,no correction needed,no answer needed
Silambam_21,IBQ,India_IBQ.xlsx,Silambam,चित्र में दिखाए गए खेल में बांस की छड़ियों के अलावा किस प्रकार के सिलंबम हथियार का आमतौर पर उपयोग किया जाता है?,"A) तलवारें, B) भाले, C) ढालें, D) गदा",बी) स्पीयर्स,1,no mistake,no correction needed,no correction needed,no answer needed
Silambam_21,IBQ,India_IBQ.xlsx,Silambam,"चित्र में दिखाए गए खेल के लिए, सिलंबम में समन्वय में सुधार के लिए निम्नलिखित में से किसका उपयोग किया जाता है?","A) हाथ-आँख अभ्यास, B) गति दौड़, C) शक्ति प्रशिक्षण, D) ध्यान",A) हाथ-आँख अभ्यास,1,no mistake,no correction needed,no correction needed,no answer needed
Silambam_21,IBQ,India_IBQ.xlsx,Silambam,"चित्र में दिखाए गए खेल में, सिलंबम में फुटवर्क को किस प्रकार एकीकृत किया जाता है?","A) सीधी रेखा में चलना, B) जटिल पैटर्न बनाना, C) प्रहारों की लय का मिलान करना, D) प्रतिद्वंद्वी के चारों ओर चक्कर लगाना",C) हमलों की लय का मिलान,1,no mistake,no correction needed,no correction needed,no answer needed
Silambam_22,IBQ,India_IBQ.xlsx,Silambam,"चित्र में दिखाए गए खेल के लिए, सिलंबम अभ्यास के दौरान किस प्रकार की जागरूकता सिखाता है?","A) स्थानिक, B) पर्यावरणीय, C) मानसिक, D) शारीरिक",ए) स्थानिक,1,no mistake,no correction needed,no correction needed,no answer needed
Silambam_22,IBQ,India_IBQ.xlsx,Silambam,"चित्र में दिखाए गए खेल में, ऊंचे लक्ष्यों पर हमला करने के लिए कौन सी गतिविधि आवश्यक है?","A) उच्च प्रहार, B) आगे की ओर जोर, C) वृत्ताकार गति, D) बैकहैंड स्वाइप",A) उच्च स्ट्राइक,1,no mistake,no correction needed,no correction needed,no answer needed
Silambam_22,IBQ,India_IBQ.xlsx,Silambam,"चित्र में दिखाए गए खेल के लिए, सिलंबम अभ्यासकर्ता प्रतिक्रिया समय में सुधार कैसे करते हैं?","ए) ध्यान, बी) स्पैरिंग, सी) रिफ्लेक्स प्रशिक्षण, डी) स्टिक स्पिनिंग अभ्यास",सी) रिफ्लेक्स प्रशिक्षण,1,no mistake,no correction needed,no correction needed,no answer needed
Silambam_22,IBQ,India_IBQ.xlsx,Silambam,"चित्र में दिखाए गए खेल में, निम्न प्रहारों से बचने के लिए इनमें से कौन सी गतिविधि सामान्य है?","A) कूदना, B) मुड़ना, C) पीछे हटना, D) आगे झुकना",ए) कूदना,1,no mistake,no correction needed,no correction needed,no answer needed
Silambam_23,IBQ,India_IBQ.xlsx,Silambam,"चित्र में दिखाए गए खेल के लिए, किस प्रकार का सिलंबम व्यायाम लचीलेपन पर केंद्रित है?","ए) स्टिक ड्रिल, बी) स्ट्रेचिंग, सी) स्पैरिंग, डी) एंड्योरेंस ड्रिल",बी) स्ट्रेचिंग,1,no mistake,no correction needed,no correction needed,no answer needed
Silambam_23,IBQ,India_IBQ.xlsx,Silambam,"चित्र में दिखाए गए खेल में, कई विरोधियों से लड़ते समय निम्नलिखित में से कौन सी तकनीक आम है?","A) त्वरित हमले, B) चकमा देना, C) लंबी दूरी के हमले, D) घूमते हुए हमले",D) स्पिनिंग स्ट्राइक,1,no mistake,no correction needed,no correction needed,no answer needed
Silambam_23,IBQ,India_IBQ.xlsx,Silambam,"चित्र में दिखाए गए खेल के लिए, मानसिक स्पष्टता में सुधार के लिए सिलंबम किस प्रकार के अभ्यास को प्रोत्साहित करता है?","A) स्पैरिंग, B) ध्यान, C) श्वास व्यायाम, D) गति अभ्यास",बी) ध्यान,1,no mistake,no correction needed,no correction needed,no answer needed
Silambam_23,IBQ,India_IBQ.xlsx,Silambam,"चित्र में दिखाए गए खेल में, सिलंबम मुद्राओं का मुख्य पहलू क्या है?","A) निम्न रुख, B) उच्च रुख, C) तटस्थ रुख, D) संतुलित रुख",A) निम्न रुख,1,no mistake,no correction needed,no correction needed,no answer needed
Silambam_24,IBQ,India_IBQ.xlsx,Silambam,"चित्र में दिखाए गए खेल के लिए, सिलंबम रक्षा और आक्रमण में किस प्रकार संतुलन बनाता है?","A) छल-कपट का प्रयोग करके, B) एक साथ अवरोधन और प्रहार करके, C) सटीकता पर ध्यान केन्द्रित करके, D) दूरी बनाए रखकर",बी) एक साथ अवरोधन और प्रहार करके,1,no mistake,no correction needed,no correction needed,no answer needed
Silambam_24,IBQ,India_IBQ.xlsx,Silambam,"चित्र में दिखाए गए खेल में, प्रतिद्वंद्वी के मध्य भाग को निशाना बनाने के लिए किस प्रहार का उपयोग किया जाता है?","ए) अपरकट स्ट्राइक, बी) साइड थ्रस्ट, सी) ओवरहेड स्ट्राइक, डी) लो जैब",बी) साइड थ्रस्ट,1,no mistake,no correction needed,no correction needed,no answer needed
Silambam_24,IBQ,India_IBQ.xlsx,Silambam,"चित्र में दिखाए गए खेल के लिए, सफल सिलंबम हमले के लिए निम्नलिखित में से कौन सा घटक महत्वपूर्ण है?","A) गति, B) शक्ति, C) समय, D) चपलता",सी) समय,1,no mistake,no correction needed,no correction needed,no answer needed
Silambam_24,IBQ,India_IBQ.xlsx,Silambam,चित्र में दिखाए गए खेल में प्रत्यक्ष प्रभाव से बचने के लिए कौन सी रक्षात्मक तकनीक अपनाई जाती है?,"A) बचाव करना, B) चकमा देना, C) विक्षेपण करना, D) प्रतिकार करना",ए) पैरीइंग,1,no mistake,no correction needed,no correction needed,no answer needed
Silambam_25,IBQ,India_IBQ.xlsx,Silambam,"चित्र में दिखाए गए खेल में, कौन सी स्थिति सिलंबम अभ्यासियों को अभ्यास के दौरान संतुलन बनाए रखने में मदद करती है?","A) संकीर्ण रुख, B) चौड़ा रुख, C) मध्य-स्तरीय रुख, D) रक्षात्मक रुख",बी) चौड़ा रुख,1,no mistake,no correction needed,no correction needed,no answer needed
Silambam_25,IBQ,India_IBQ.xlsx,Silambam,"चित्र में दिखाए गए खेल में, सिलंबम में छड़ी को घुमाने का उद्देश्य क्या है?","A) प्रतिद्वंद्वी को भ्रमित करने के लिए, B) गति प्राप्त करने के लिए, C) रक्षा बढ़ाने के लिए, D) कौशल दिखाने के लिए",बी) गति प्राप्त करने के लिए,1,no mistake,no correction needed,no correction needed,no answer needed
Silambam_25,IBQ,India_IBQ.xlsx,Silambam,"चित्र में दिखाए गए खेल में, सिलंबम में हाथ-आँख समन्वय को बढ़ाने के लिए किस प्रकार की ड्रिल का उपयोग किया जाता है?","ए) रिफ्लेक्स ड्रिल, बी) स्टिक टैपिंग, सी) पार्टनर स्पैरिंग, डी) टारगेट प्रैक्टिस",बी) स्टिक टैपिंग,1,no mistake,no correction needed,no correction needed,no answer needed
Silambam_25,IBQ,India_IBQ.xlsx,Silambam,"चित्र में दिखाए गए खेल में, सिलंबम मुख्य रूप से शरीर के किस हिस्से की रक्षा पर ध्यान केंद्रित करता है?","A) सिर, B) भुजाएँ, C) पैर, D) छाती",सी) पैर,1,no mistake,no correction needed,no correction needed,no answer needed
Silambam_26,IBQ,India_IBQ.xlsx,Silambam,"चित्र में दिखाए गए खेल के लिए, निम्नलिखित में से कौन-सा सिलंबम संयोजन तकनीक का उदाहरण है?","ए) जैब और पैरी, बी) हाई और लो स्ट्राइक, सी) ब्लॉक और थ्रस्ट, डी) स्पिन और स्ट्राइक",D) स्पिन और स्ट्राइक,1,no mistake,no correction needed,no correction needed,no answer needed
Silambam_26,IBQ,India_IBQ.xlsx,Silambam,"चित्र में दिखाए गए खेल में, सिलंबम में प्रतिद्वंद्वी के साथ दूरी कम करने के लिए किस चाल का उपयोग किया जाता है?","A) झपट्टा मारना, B) आगे कदम रखना, C) छलांग लगाना, D) मुड़ना",ए) लंजिंग,1,no mistake,no correction needed,no correction needed,no answer needed
Silambam_26,IBQ,India_IBQ.xlsx,Silambam,"चित्र में दिखाए गए खेल के लिए, सिलंबम धीरज को कैसे बेहतर बनाता है?","A) निरंतर प्रहारों के माध्यम से, B) स्पैरिंग अभ्यासों के माध्यम से, C) रक्षात्मक अभ्यासों के माध्यम से, D) रुख अभ्यास के माध्यम से",बी) स्पैरिंग अभ्यास के माध्यम से,1,no mistake,no correction needed,no correction needed,no answer needed
Silambam_26,IBQ,India_IBQ.xlsx,Silambam,"चित्र में दिखाए गए खेल में, सिलंबम फुटवर्क में निपुणता प्राप्त करने के लिए कौन सा तत्व महत्वपूर्ण है?","A) लचीलापन, B) गति, C) लय, D) शक्ति",सी) लय,1,no mistake,no correction needed,no correction needed,no answer needed
Silambam_27,IBQ,India_IBQ.xlsx,Silambam,"चित्र में दिखाए गए खेल के लिए, सिलंबम स्ट्राइक में शरीर का कौन सा हिस्सा सबसे अधिक शक्ति उत्पन्न करता है?","A) कंधे, B) कलाई, C) पैर, D) कूल्हे",डी) कूल्हे,1,no mistake,no correction needed,no correction needed,no answer needed
Silambam_27,IBQ,India_IBQ.xlsx,Silambam,"चित्र में दिखाए गए खेल में, सिलंबम में 'कुट्टू' शब्द का क्या अर्थ है?","A) फुटवर्क का एक रूप, B) रक्षात्मक ब्लॉक, C) जोरदार हमला, D) लो जैब",C) एक जोरदार हमला,1,no mistake,no correction needed,no correction needed,no answer needed
Silambam_27,IBQ,India_IBQ.xlsx,Silambam,"चित्र में दिखाए गए खेल के लिए, सिलंबम में श्वास तकनीक का क्या महत्व है?","A) फोकस बढ़ाने के लिए, B) गति बढ़ाने के लिए, C) सहनशक्ति बढ़ाने के लिए, D) प्रहारों पर नियंत्रण करने के लिए",C) सहनशक्ति बढ़ाने के लिए,1,no mistake,no correction needed,no correction needed,no answer needed
Silambam_27,IBQ,India_IBQ.xlsx,Silambam,"चित्र में दिखाए गए खेल में, ऊंचे प्रहार से बचने के लिए आमतौर पर किस प्रकार के फुटवर्क का उपयोग किया जाता है?","ए) साइड स्टेप, बी) बैक स्टेप, सी) फॉरवर्ड लंज, डी) पिवट",ए) साइड स्टेप,1,no mistake,no correction needed,no correction needed,no answer needed
Silambam_28,IBQ,India_IBQ.xlsx,Silambam,"चित्र में दिखाए गए खेल के लिए, निम्नलिखित में से कौन सा सिलंबम स्पैरिंग शिष्टाचार का एक अनिवार्य हिस्सा है?","A) मैच से पहले झुकना, B) मैच के बाद हाथ मिलाना, C) हल्के प्रहार करना, D) सिर पर प्रहार से बचना",A) मैच से पहले झुकना,1,no mistake,no correction needed,no correction needed,no answer needed
Silambam_28,IBQ,India_IBQ.xlsx,Silambam,"चित्र में दिखाए गए खेल में, सिलंबम वास्तविक जीवन के युद्ध परिदृश्यों के लिए अभ्यासकर्ताओं को कैसे प्रशिक्षित करता है?","A) सहनशक्ति प्रशिक्षण के माध्यम से, B) पूर्ण संपर्क स्पैरिंग का अभ्यास करके, C) नियंत्रित स्पैरिंग का उपयोग करके, D) मानसिक कंडीशनिंग के माध्यम से",C) नियंत्रित स्पैरिंग का उपयोग करके,1,no mistake,no correction needed,no correction needed,no answer needed
Silambam_28,IBQ,India_IBQ.xlsx,Silambam,"चित्र में दिखाए गए खेल के लिए, सिलंबम का अभ्यास करने का मुख्य लाभ इनमें से कौन सा है?","A) शरीर समन्वय में सुधार, B) ऊपरी शरीर को मजबूत करना, C) मानसिक सतर्कता को बढ़ावा देना, D) निचले शरीर की ताकत बढ़ाना",A) शरीर समन्वय में सुधार,1,no mistake,no correction needed,no correction needed,no answer needed
Silambam_28,IBQ,India_IBQ.xlsx,Silambam,"चित्र में दिखाए गए खेल में, प्रतिस्पर्धी सिलंबम में निम्नलिखित में से कौन सी रणनीति आम है?","ए) आक्रामक हमले, बी) रक्षात्मक जवाबी हमले, सी) चकमा देने वाली गतिविधियां, डी) त्वरित प्रहार",बी) रक्षात्मक काउंटर,1,no mistake,no correction needed,no correction needed,no answer needed
malkhamb_1,IBQ,India_IBQ.xlsx,Malakhamb,चित्र में कौन सा खेल दर्शाया गया है?,"A) कबड्डी, B) मल्लखंब, C) कुश्ती, D) जिम्नास्टिक",बी) मल्लखंब,1,no mistake,no correction needed,no correction needed,no answer needed
malkhamb_1,IBQ,India_IBQ.xlsx,Malakhamb,चित्र में दिखाए गए खेल में कौन सा उपकरण आवश्यक है?,"A) रस्सी, B) डंडा, C) चटाई, D) गेंद",बी) ध्रुव,0,"The question asks about the equipment needed for the sport shown in the image, but the provided correct answer 'ध्रुव' (pole) doesn't seem related to any commonly used equipment in sports. 'ध्रुव' translates to 'pole' which isn't typically a core piece of sports equipment. The image appears to show Kabaddi, which requires a danda (stick). The current answer doesn't align with the visual context.",चित्र में दिखाए गए खेल में कौन सा उपकरण आवश्यक है?,"A) रस्सी, B) डंडा, C) चटाई, D) गेंद",बी) डंडा
malkhamb_1,IBQ,India_IBQ.xlsx,Malakhamb,चित्र में दिखाया गया खेल किस देश में उत्पन्न हुआ?,"A) चीन, B) जापान, C) भारत, D) नेपाल",C) भारत,1,no mistake,no correction needed,no correction needed,no answer needed
malkhamb_1,IBQ,India_IBQ.xlsx,Malakhamb,चित्र में दिखाए गए खेल का प्राथमिक फोकस क्या है?,"A) शक्ति और चपलता, B) गति और सहनशक्ति, C) लचीलापन और संतुलन, D) समन्वय और समय",C) लचीलापन और संतुलन,1,no mistake,no correction needed,no correction needed,no answer needed
malkhamb_2,IBQ,India_IBQ.xlsx,Malakhamb,भारत में किस क्षेत्र को इस खेल का उद्गम स्थल माना जाता है?,"A) पंजाब, B) महाराष्ट्र, C) केरल, D) तमिलनाडु",बी) महाराष्ट्र,1,no mistake,no correction needed,no correction needed,no answer needed
malkhamb_2,IBQ,India_IBQ.xlsx,Malakhamb,कौन सा आयु वर्ग आमतौर पर इस खेल का अभ्यास करता है?,"A) बच्चे, B) किशोर, C) वयस्क, D) उपरोक्त सभी",D। उपरोक्त सभी,1,no mistake,no correction needed,no correction needed,no answer needed
malkhamb_2,IBQ,India_IBQ.xlsx,Malakhamb,इस खेल में मुख्यतः किस प्रकार की गतिविधियाँ शामिल होती हैं?,"A) झूलना और संतुलन बनाना, B) दौड़ना और कूदना, C) मुक्के मारना और लात मारना, D) तैराकी स्ट्रोक",A) झूलना और संतुलन बनाना,1,no mistake,no correction needed,no correction needed,no answer needed
malkhamb_2,IBQ,India_IBQ.xlsx,Malakhamb,इस खेल में प्रयुक्त मुख्य उपकरण क्या है?,"A) रस्सियाँ, B) डंडे, C) चटाई, D) छल्ले",बी) ध्रुव,0,"The question asks for the main equipment used in the game, and the correct answer 'ध्रुव' (poles) is not a commonly associated main equipment in most sports. Without an image, it is impossible to determine the sport the question is referring to. The question is vague and potentially incorrect without context. Additionally, the options seem generic and don't seem to align with a specific sport clearly.",दिए गए खेल में प्रयुक्त मुख्य उपकरण क्या है?,"['A) गेंद', 'B) डंडा', 'C) जाल', 'D) रैकेट']",बी) डंडा
malkhamb_3,IBQ,India_IBQ.xlsx,Malakhamb,चित्र में किस प्रकार का मल्लखम्ब दर्शाया गया है?,"A) रस्सी मल्लखम्ब, B) लटकता मल्लखम्ब, C) स्थिर खंभे वाला मल्लखम्ब, D) बेंत मल्लखम्ब",सी) स्थिर पोल मल्लखम्ब,1,no mistake,no correction needed,no correction needed,no answer needed
malkhamb_3,IBQ,India_IBQ.xlsx,Malakhamb,मल्लखम्ब खेल का मुख्य उद्देश्य क्या है?,"A) कुश्ती, B) कलाबाजी, C) योग और जिम्नास्टिक, D) मार्शल आर्ट",C) योग और जिम्नास्टिक,1,no mistake,no correction needed,no correction needed,no answer needed
malkhamb_3,IBQ,India_IBQ.xlsx,Malakhamb,स्थिर ध्रुव मल्लखम्ब में प्रदर्शित प्राथमिक कौशल क्या है?,"A) शक्ति, B) संतुलन, C) लचीलापन, D) उपरोक्त सभी",D। उपरोक्त सभी,1,no mistake,no correction needed,no correction needed,no answer needed
malkhamb_3,IBQ,India_IBQ.xlsx,Malakhamb,चित्र में कौन सा पोस्टर प्रदर्शित किया जा रहा है?,"ए) पद्मासन, बी) चक्रासन, सी) सर्वांगासन, डी) निरालंब सर्वांगासन",D) निरालम्बा सर्वांगासन,1,no mistake,no correction needed,no correction needed,no answer needed
malkhamb_4,IBQ,India_IBQ.xlsx,Malakhamb,चित्र में कौन सा खेल खेला जा रहा है?,"A) रस्सी मल्लखम्ब, B) पोल वॉल्ट, C) जिम्नास्टिक, D) एरियल सिल्क",A) रस्सी मल्लखम्ब,1,no mistake,no correction needed,no correction needed,no answer needed
malkhamb_4,IBQ,India_IBQ.xlsx,Malakhamb,इस खेल में प्रयुक्त होने वाला प्राथमिक उपकरण क्या है?,"A) लकड़ी का खंभा, B) रस्सी, C) छल्ले, D) बीम",बी) रस्सी,0,"The question is too vague. Without an image, it's impossible to determine what sport is being referred to. The correct answer 'रस्सी' (rope) is correct for games like rope climbing or tug-of-war, but other sports utilize ropes as secondary equipment. The options are also relatively broad and could apply to several sports.",चित्र में दिखाए गए खेल में प्रयुक्त होने वाला प्राथमिक उपकरण क्या है?,"['A) लकड़ी का खंभा', 'B) रस्सी', 'C) छल्ले', 'D) बीम']",बी) रस्सी
malkhamb_4,IBQ,India_IBQ.xlsx,Malakhamb,रोप मल्लखम्ब में रस्सी का उद्देश्य क्या है?,"A) चढ़ना और आसन करना, B) झूलना, C) संतुलन बनाना, D) कूदना",A) चढ़ना और आसन करना,1,no mistake,no correction needed,no correction needed,no answer needed
malkhamb_4,IBQ,India_IBQ.xlsx,Malakhamb,रस्सी मल्लखंभ करने के लिए किस प्रकार का प्रशिक्षण आवश्यक है?,"A) जिम्नास्टिक प्रशिक्षण, B) मार्शल आर्ट प्रशिक्षण, C) नृत्य प्रशिक्षण, D) भारोत्तोलन प्रशिक्षण",ए) जिमनास्टिक प्रशिक्षण,1,no mistake,no correction needed,no correction needed,no answer needed
malkhamb_5,IBQ,India_IBQ.xlsx,Malakhamb,चित्र में दिखाया गया व्यक्ति कौन है?,"A) दीपक शिंदे, B) अनिल कुमार, C) राजेश पटेल, D) संदीप सिंह",A) दीपक शिंदे,1,no mistake,no correction needed,no correction needed,no answer needed
malkhamb_5,IBQ,India_IBQ.xlsx,Malakhamb,मल्लखम्ब में प्रयुक्त होने वाला प्राथमिक उपकरण क्या है?,"A) एक लकड़ी का खंभा, B) एक रस्सी, C) एक चटाई, D) डम्बल",A) एक लकड़ी का खंभा,1,no mistake,no correction needed,no correction needed,no answer needed
malkhamb_5,IBQ,India_IBQ.xlsx,Malakhamb,भारत का कौन सा क्षेत्र मल्लखम्ब के लिए जाना जाता है?,"ए) महाराष्ट्र, बी) पंजाब, सी) तमिलनाडु, डी) उत्तर प्रदेश",A) महाराष्ट्र,1,no mistake,no correction needed,no correction needed,no answer needed
malkhamb_5,IBQ,India_IBQ.xlsx,Malakhamb,मल्लखम्ब प्रशिक्षण का प्राथमिक फोकस क्या है?,"A) लचीलापन और ताकत, B) गति और सहनशक्ति, C) संतुलन और समन्वय, D) चपलता और शक्ति",ए) लचीलापन और ताकत,1,no mistake,no correction needed,no correction needed,no answer needed
malkhamb_6,IBQ,India_IBQ.xlsx,Malakhamb,मल्लखम्ब में प्रयुक्त होने वाली मुख्य वस्तु क्या है?,"A) एक रस्सी, B) एक खंभा, C) एक चटाई, D) एक गेंद",बी) एक पोल,1,no mistake,no correction needed,no correction needed,no answer needed
malkhamb_6,IBQ,India_IBQ.xlsx,Malakhamb,मल्लखम्ब में सामान्यतः किस प्रकार के व्यायाम किये जाते हैं?,"ए) शक्ति प्रशिक्षण, बी) कार्डियो व्यायाम, सी) लचीलापन और संतुलन व्यायाम, डी) धीरज प्रशिक्षण",सी) लचीलापन और संतुलन व्यायाम,1,no mistake,no correction needed,no correction needed,no answer needed
malkhamb_6,IBQ,India_IBQ.xlsx,Malakhamb,मल्लखम्ब करने के लिए मुख्यतः शरीर के किस भाग का उपयोग किया जाता है?,"A) पैर, B) हाथ और पैर, C) कोर मांसपेशियां, D) भुजाएं और कंधे",बी) हाथ और पैर,1,no mistake,no correction needed,no correction needed,no answer needed
malkhamb_6,IBQ,India_IBQ.xlsx,Malakhamb,यह खेल किस देश में प्रसिद्ध है?,"A) भारत, B) चीन, C) जापान, D) थाईलैंड",ए) भारत,0,"The question ""यह खेल किस देश में प्रसिद्ध है?"" (Which country is this sport famous in?) is too vague. Without knowing *which* sport is being referred to, it's impossible to answer definitively. An image is needed to provide context of the sport, or the question needs to specify the sport. Assuming the sport is Cricket, India is correct, but this assumption isn't valid without context. The options are also not ideal as multiple sports are popular in China and Japan.",क्रिकेट खेल किस देश में सबसे प्रसिद्ध है?,"A) भारत, B) ऑस्ट्रेलिया, C) इंग्लैंड, D) पाकिस्तान",ए) भारत
malkhamb_7,IBQ,India_IBQ.xlsx,Malakhamb,चित्र में रस्सी मल्लखम्ब प्रदर्शन करते हुए कौन सा संगठन या समूह दिखाया गया है?,"ए) समर्थ व्यायाम मंदिर, बी) श्री मल्लखंब मंडल, सी) मुंबई जिमखाना, डी) पुणे स्पोर्ट्स क्लब",A) समर्थ व्यायाम मंदिर,1,no mistake,no correction needed,no correction needed,no answer needed
malkhamb_7,IBQ,India_IBQ.xlsx,Malakhamb,रोप मल्लखम्ब के कलाकारों की प्राथमिक अपेक्षाएं क्या हैं?,"A) रस्सी में गांठ लगाना, B) रस्सी में गांठ लगाए बिना प्रदर्शन करना, C) लकड़ी की छड़ी का उपयोग करना, D) विशेष पोशाक पहनना",बी) रस्सी में गांठ लगाए बिना प्रदर्शन करना,1,no mistake,no correction needed,no correction needed,no answer needed
malkhamb_7,IBQ,India_IBQ.xlsx,Malakhamb,रस्सी मल्लखम्ब में कलाकारों द्वारा प्रदर्शित प्राथमिक कौशल क्या है?,"A) लचीलापन, B) ताकत, C) चपलता, D) संतुलन",डी) संतुलन,1,no mistake,no correction needed,no correction needed,no answer needed
malkhamb_7,IBQ,India_IBQ.xlsx,Malakhamb,रस्सी मल्लखम्ब अभ्यास के लिए कौन सी विशेषता आवश्यक है?,"A) एक निश्चित संरचना, B) एक स्थिर रस्सी, C) एक गद्देदार फर्श, D) विशेष जूते",बी) एक स्थिर रस्सी,1,no mistake,no correction needed,no correction needed,no answer needed
malkhamb_8,IBQ,India_IBQ.xlsx,Malakhamb,चित्र में कौन सी घटना दर्शाई गई है?,"A) राष्ट्रीय मल्लखम्ब चैम्पियनशिप, B) मल्लखम्ब विश्व चैम्पियनशिप, C) राज्य मल्लखम्ब टूर्नामेंट, D) मल्लखम्ब प्रदर्शनी मैच",बी) मल्लखम्ब विश्व चैम्पियनशिप,1,no mistake,no correction needed,no correction needed,no answer needed
malkhamb_8,IBQ,India_IBQ.xlsx,Malakhamb,मल्लखम्ब विश्व चैम्पियनशिप का आयोजन किस संगठन ने किया?,"A) विश्व मलखम्ब महासंघ, B) अंतर्राष्ट्रीय मलखम्ब संघ, C) मलखम्ब खेल परिषद, D) भारतीय जिम्नास्टिक महासंघ",A) विश्व मलखंभ महासंघ,1,no mistake,no correction needed,no correction needed,no answer needed
malkhamb_8,IBQ,India_IBQ.xlsx,Malakhamb,मल्लखम्ब में किस प्रकार के प्रदर्शन किये जाते हैं?,"ए) एरियल योग और कुश्ती पकड़, बी) मार्शल आर्ट और कलाबाजी, सी) नृत्य और जिम्नास्टिक, डी) शक्ति प्रशिक्षण और सहनशक्ति",ए) एरियल योगा और कुश्ती पकड़,1,no mistake,no correction needed,no correction needed,no answer needed
malkhamb_9,IBQ,India_IBQ.xlsx,Malakhamb,भारत के किस क्षेत्र में मल्लखम्ब पारंपरिक रूप से प्रचलित है?,"A) उत्तर भारत, B) दक्षिण भारत, C) पश्चिम भारत, D) पूर्वी भारत",C) पश्चिम भारत,1,no mistake,no correction needed,no correction needed,no answer needed
malkhamb_9,IBQ,India_IBQ.xlsx,Malakhamb,चित्र में खिलाड़ी किस प्रकार की पोशाक पहने हुए हैं?,"A) पारंपरिक भारतीय पोशाक, B) जिमवियर, C) कुश्ती पोशाक, D) मार्शल आर्ट वर्दी",A) पारंपरिक भारतीय पोशाक,1,no mistake,no correction needed,no correction needed,no answer needed
malkhamb_9,IBQ,India_IBQ.xlsx,Malakhamb,भारतीय संस्कृति में मल्लखम्ब का क्या महत्व है?,"A) यह ध्यान का एक रूप है, B) यह एक पारंपरिक प्रतिस्पर्धी खेल है, C) यह नृत्य का एक रूप है, D) यह कहानी कहने का एक रूप है",B) यह एक पारंपरिक प्रतिस्पर्धी खेल है,1,no mistake,no correction needed,no correction needed,no answer needed
malkhamb_9,IBQ,India_IBQ.xlsx,Malakhamb,मल्लखम्ब करने के लिए सामान्य शारीरिक आवश्यकता क्या है?,"A) उच्च सहनशक्ति, B) लचीलापन और ताकत, C) गति, D) चपलता",बी) लचीलापन और ताकत,1,no mistake,no correction needed,no correction needed,no answer needed
malkhamb_10,IBQ,India_IBQ.xlsx,Malakhamb,चित्र में किस खेल को दर्शाया गया है?,"A) मल्लखंब, B) जिम्नास्टिक, C) पोल वॉल्टिंग, D) एरियल सिल्क्स",A) मल्लखंब,1,no mistake,no correction needed,no correction needed,no answer needed
malkhamb_10,IBQ,India_IBQ.xlsx,Malakhamb,चित्र में दिखाए गए खेल में कौन से उपकरण का उपयोग किया जाता है?,"A) रस्सी, B) पोल, C) चटाई, D) घेरा",बी) ध्रुव,1,no mistake,no correction needed,no correction needed,no answer needed
malkhamb_10,IBQ,India_IBQ.xlsx,Malakhamb,मल्लखम्ब खेल कितना पुराना है?,"A) 1000 वर्ष से अधिक, B) 500 वर्ष से अधिक, C) 200 वर्ष से अधिक, D) 50 वर्ष से अधिक",A) 1000 वर्ष से अधिक,1,no mistake,no correction needed,no correction needed,no answer needed
malkhamb_10,IBQ,India_IBQ.xlsx,Malakhamb,मल्लखम्ब आमतौर पर कौन करता है?,"A) पुरुष, B) महिला, C) पुरुष और महिला दोनों, D) केवल बच्चे",C) पुरुष और महिला दोनों,1,no mistake,no correction needed,no correction needed,no answer needed
malkhamb_11,IBQ,India_IBQ.xlsx,Malakhamb,मल्लखम्ब प्रतियोगिताएं आमतौर पर कैसे आयोजित की जाती हैं?,"A) राष्ट्रीय और अंतरराष्ट्रीय स्तर पर, B) केवल स्थानीय स्तर पर, C) केवल स्कूलों में, D) ऑनलाइन",ए) राष्ट्रीय और अंतरराष्ट्रीय स्तर पर,1,no mistake,no correction needed,no correction needed,no answer needed
malkhamb_11,IBQ,India_IBQ.xlsx,Malakhamb,मल्लखम्ब में भाग लेने वाले लोग आम तौर पर क्या पोशाक पहनते हैं?,"A) ट्रैकसूट, B) पारंपरिक भारतीय पोशाक, C) जिम वियर, D) कैज़ुअल कपड़े",बी) पारंपरिक भारतीय पोशाक,1,no mistake,no correction needed,no correction needed,no answer needed
malkhamb_11,IBQ,India_IBQ.xlsx,Malakhamb,एथलीटों के लिए मल्लखम्ब अभ्यास के क्या लाभ हैं?,"A) मानसिक एकाग्रता में सुधार करता है, B) मांसपेशियों की सहनशक्ति बढ़ाता है, C) हृदय स्वास्थ्य को बढ़ावा देता है, D) लचीलापन और संतुलन बढ़ाता है",D) लचीलापन और संतुलन बढ़ाता है,0,"While option D is *a* benefit of Mallakhamb, it's not the *most* comprehensive answer. Mallakhamb offers a holistic range of benefits, including improved strength, endurance, flexibility, balance, and mental concentration. The question asks for benefits, and only selecting one feels incomplete and misleading. All options are, in fact, benefits of Mallakhamb.",मल्लखम्ब अभ्यास एथलीटों के लिए क्या-क्या लाभ प्रदान करता है?,"['A) मानसिक एकाग्रता में सुधार करता है', 'B) मांसपेशियों की सहनशक्ति बढ़ाता है', 'C) हृदय स्वास्थ्य को बढ़ावा देता है', 'D) लचीलापन और संतुलन बढ़ाता है', 'E) उप��ोक्त सभी']",E) उपरोक्त सभी
malkhamb_12,IBQ,India_IBQ.xlsx,Malakhamb,इस मल्लखम्ब चित्र में एथलीट किस स्थिति में प्रदर्शन कर रहा है?,"ए) हैंडस्टैंड, बी) स्प्लिट, सी) बैकबेंड, डी) फॉरवर्ड रोल",सी) बैकबेंड,1,no mistake,no correction needed,no correction needed,no answer needed
malkhamb_12,IBQ,India_IBQ.xlsx,Malakhamb,"चित्र में किस प्रकार का मल्लखम्ब प्रदर्शित किया गया है (जैसे, खंभा, रस्सी, या फांसी)?","A) पोल मल्लखम्ब, B) रस्सी मल्लखम्ब, C) लटकता मल्लखम्ब, D) उपरोक्त में से कोई नहीं",A) पोल मल्लखम्ब,1,no mistake,no correction needed,no correction needed,no answer needed
malkhamb_12,IBQ,India_IBQ.xlsx,Malakhamb,इस मल्लखम्ब चित्र में एथलीट कौन सा कौशल या चाल प्रदर्शित कर रहा है?,"A) कमल मुद्रा, B) ईगल मुद्रा, C) प्लैंक मुद्रा, D) कोबरा मुद्रा",बी) ईगल मुद्रा,1,no mistake,no correction needed,no correction needed,no answer needed
malkhamb_12,IBQ,India_IBQ.xlsx,Malakhamb,इस मल्लखम्ब मुद्रा में प्रदर्शन का मूल्यांकन आमतौर पर कैसे किया जाता है?,"A) सटीकता और रूप के आधार पर, B) गति और चपलता के आधार पर, C) दर्शकों की तालियों के आधार पर, D) मुद्रा की जटिलता के आधार पर",A) सटीकता और रूप के आधार पर,1,no mistake,no correction needed,no correction needed,no answer needed
malkhamb_13,IBQ,India_IBQ.xlsx,Malakhamb,चित्र में दिखाए गए पोज़ को प्राप्त करने के लिए प्रयुक्त सामान्य तकनीकें क्या हैं?,"A) संतुलन और शक्ति, B) लचीलापन और पकड़, C) गति और चपलता, D) धीरज और सटीकता",बी) लचीलापन और पकड़,1,no mistake,no correction needed,no correction needed,no answer needed
malkhamb_13,IBQ,India_IBQ.xlsx,Malakhamb,इस मल्लखम्ब चित्र में दर्शाई गई मुद्रा का ऐतिहासिक महत्व क्या है?,"A) यह मल्लखंब के विकास को दर्शाता है, B) इसका उपयोग पहलवानों द्वारा शारीरिक प्रशिक्षण के लिए किया जाता था, C) यह एक पारंपरिक नृत्य मुद्रा है, D) यह आध्यात्मिक अभ्यास का प्रतीक है",B) इसका उपयोग पहलवानों द्वारा शारीरिक प्रशिक्षण के लिए किया जाता था,1,no mistake,no correction needed,no correction needed,no answer needed
malkhamb_13,IBQ,India_IBQ.xlsx,Malakhamb,इस मल्लखम्ब चित्र में दिखाए गए चाल को निष्पादित करने के नियम क्या हैं?,"A) संतुलन और नियंत्रण बनाए रखें, B) केवल एक हाथ का उपयोग करें, C) 30 सेकंड के भीतर पूरा करें, D) एक साथी के साथ प्रदर्शन करें",A) संतुलन और नियंत्रण बनाए रखें,1,no mistake,no correction needed,no correction needed,no answer needed
malkhamb_14,IBQ,India_IBQ.xlsx,Malakhamb,"इस चित्र में दिखाए गए पोज़ के आधार पर, एथलीट के कौशल स्तर के बारे में क्या अनुमान लगाया जा सकता है?","A) उन्नत कौशल स्तर, B) शुरुआती कौशल स्तर, C) मध्यवर्ती कौशल स्तर, D) विशेषज्ञ कौशल स्तर",ए) उन्नत कौशल स्तर,1,no mistake,no correction needed,no correction needed,no answer needed
malkhamb_14,IBQ,India_IBQ.xlsx,Malakhamb,इस मल्लखम्ब चित्र में दिखाए गए चाल को करते समय किन सामान्य गलतियों से बचना चाहिए?,"ए) संतुलन की हानि और अनुचित पकड़, बी) गलत उपकरण का उपयोग, सी) लचीलेपन की कमी, डी) अपर्याप्त वार्म-अप",A) संतुलन की हानि और अनुचित पकड़,1,no mistake,no correction needed,no correction needed,no answer needed
malkhamb_14,IBQ,India_IBQ.xlsx,Malakhamb,मल्लखम्ब अभ्यास से कौन सी सामान्य चोटें जुड़ी हैं?,"ए) मोच और खिंचाव, बी) फ्रैक्चर, सी) अव्यवस्था, डी) सिर की चोटें",ए) खिंचाव और मोच,1,no mistake,no correction needed,no correction needed,no answer needed
malkhamb_15,IBQ,India_IBQ.xlsx,Malakhamb,इस मल्लखम्ब मुद्रा में प्रयुक्त प्रमुख उपकरणों की पहचान करें।,"A) एक खंभा, B) एक रस्सी, C) एक चटाई, D) एक घेरा",A) एक खंभा,1,no mistake,no correction needed,no correction needed,no answer needed
malkhamb_15,IBQ,India_IBQ.xlsx,Malakhamb,इस मल्लखम्ब चित्र में दर्शाए गए आसन को करने के लिए आवश्यक सुरक्षा उपाय क्या हैं?,"ए) सुरक्षा चटाई का उपयोग और उचित प्रशिक्षण, बी) हार्नेस और स्पॉटर का उपयोग, सी) गद्देदार कमरे में मुद्रा का प्रदर्शन, डी) सुरक्षात्मक गियर पहनना",ए) सुरक्षा चटाई का उपयोग और उचित प्रशिक्षण,1,no mistake,no correction needed,no correction needed,no answer needed
malkhamb_16,IBQ,India_IBQ.xlsx,Malakhamb,इस मल्लखम्ब चित्र में दिखाए गए चाल को करने के लिए किस प्रकार की पकड़ आवश्यक है?,"ए) ओवरहैंड ग्रिप, बी) अंडरहैंड ग्रिप, सी) मिश्रित ग्रिप, डी) कोई ग्रिप की आवश्यकता नहीं",ए) ओवरहैंड ग्रिप,1,no mistake,no correction needed,no correction needed,no answer needed
malkhamb_16,IBQ,India_IBQ.xlsx,Malakhamb,इस मल्लखम्ब चित्र में दर्शाए गए आसन की प्रभावशीलता में एथलीट की शारीरिक स्थिति किस प्रकार योगदान देती है?,"A) सीधी रेखा बनाए रखना, B) चौड़ा रुख अपनाना, C) सिर ऊपर रखना, D) घुटनों को मोड़ना",A) सीधी रेखा बनाए रखना,1,no mistake,no correction needed,no correction needed,no answer needed
malkhamb_16,IBQ,India_IBQ.xlsx,Malakhamb,इस मल्लखम्ब चित्र में दर्शाए गए आसन को करने में कौन सी प्राथमिक मांसपेशियां शामिल होती हैं?,"A) कोर मांसपेशियां, B) पैर की मांसपेशियां, C) बांह की मांसपेशियां, D) उपरोक्त सभी",D। उपरोक्त सभी,1,no mistake,no correction needed,no correction needed,no answer needed
malkhamb_16,IBQ,India_IBQ.xlsx,Malakhamb,मल्लखम्ब में प्रदर्शन सुधारने के लिए निम्नलिखित में से कौन सा सामान्य प्रशिक्षण अभ्यास है?,"A) रस्सी पर चढ़ना, B) पुश-अप्स, C) बैलेंस बीम व्यायाम, D) उपरोक्त सभी",D। उपरोक्त सभी,1,no mistake,no correction needed,no correction needed,no answer needed
malkhamb_17,IBQ,India_IBQ.xlsx,Malakhamb,चित्र में दिखाए गए मल्लखम्ब आसन को करते समय किस प्रकार की श्वास तकनीक की सिफारिश की जाती है?,"A) गहरी, नियंत्रित साँसें, B) तेज़ उथली साँसें, C) साँस रोकना, D) अनियमित साँस लेना","A) गहरी, नियंत्रित साँसें",1,no mistake,no correction needed,no correction needed,no answer needed
malkhamb_17,IBQ,India_IBQ.xlsx,Malakhamb,इस मल्लखम्ब चित्र में दर्शाए गए आसन का अभ्यास करने से किसी खिलाड़ी के अन्य खेलों में प्रदर्शन को किस प्रकार लाभ हो सकता है?,"A) सम्पूर्ण शारीरिक शक्ति को बढ़ाकर, B) गति में सुधार करके, C) हृदय-संवहनी क्षमता को बढ़ाकर, D) चपलता को परिष्कृत करके",A) समग्र शारीरिक शक्ति को बढ़ाकर,1,no mistake,no correction needed,no correction needed,no answer needed
malkhamb_17,IBQ,India_IBQ.xlsx,Malakhamb,मल्लखम्ब चित्र में दर्शाई गई मुद्रा में निपुणता प्राप्त करने के लिए सामान्य प्रारंभिक अभ्यास क्या है?,"A) प्लैंक्स, B) स्क्वैट्स, C) लंजेस, D) पुल-अप्स",ए) तख्तों,1,no mistake,no correction needed,no correction needed,no answer needed
malkhamb_18,IBQ,India_IBQ.xlsx,Malakhamb,इस मल्लखम्ब चित्र में मुद्रा द्वारा लक्षित प्राथमिक मांसपेशी समूह कौन सा है?,"A) कोर, B) पैर, C) बाहें, D) पीठ",प्रमुख,1,no mistake,no correction needed,no correction needed,no answer needed
malkhamb_18,IBQ,India_IBQ.xlsx,Malakhamb,चित्र में दिखाए गए आसन को करने से पहले कौन से सामान्य वार्म-अप व्यायाम की सिफारिश की जाती है?,"ए) स्ट्रेचिंग, बी) कार्डियो, सी) स्ट्रेंथ ट्रेनिंग, डी) फ्लेक्सिबिलिटी ड्रिल्स",ए) स्ट्रेचिंग,1,no mistake,no correction needed,no correction needed,no answer needed
malkhamb_18,IBQ,India_IBQ.xlsx,Malakhamb,इस चित्र में दिखाई गई मुद्रा मल्लखम्ब के समग्र प्रदर्शन में किस प्रकार योगदान देती है?,"A) लचीलापन बढ़ाता है, B) संतुलन सुधारता है, C) ताकत बढ़ाता है, D) उपरोक्त सभी",D। उपरोक्त सभी,1,no mistake,no correction needed,no correction needed,no answer needed
malkhamb_18,IBQ,India_IBQ.xlsx,Malakhamb,चित्र में दिखाए गए आसन का अभ्यास करते समय धीरे-धीरे कठिनाई बढ़ाने का सबसे अच्छा तरीका क्या है?,"A) अवधि बढ़ाएँ, B) विविधताएँ जोड़ें, C) भार का उपयोग करें, D) गति बढ़ाएँ",बी) विविधताएं जोड़ें,1,no mistake,no correction needed,no correction needed,no answer needed
malkhamb_19,IBQ,India_IBQ.xlsx,Malakhamb,मल्लखम्ब की उत्पत्ति भारत के किस राज्य में हुई?,"ए) महाराष्ट्र, बी) कर्नाटक, सी) तमिलनाडु, डी) गुजरात",A) महाराष्ट्र,1,no mistake,no correction needed,no correction needed,no answer needed
malkhamb_20,IBQ,India_IBQ.xlsx,Malakhamb,चित्र में किस प्रकार के मल्लखम्ब का प्रदर्शन किया जा रहा है?,"A) पोल, B) रस्सी, C) लटकना, D) फर्श",बी) रस्सी,1,no mistake,no correction needed,no correction needed,no answer needed
malkhamb_22,IBQ,India_IBQ.xlsx,Malakhamb,इस खेल में अरंडी के तेल की क्या भूमिका है?,"A) घर्षण कम करने के लिए, B) पकड़ बढ़ाने के लिए, C) चोट से बचाव के लिए, D) लचीलेपन में सुधार करने के लिए",बी) पकड़ बढ़ाने के लिए,1,no mistake,no correction needed,no correction needed,no answer needed
malkhamb_22,IBQ,India_IBQ.xlsx,Malakhamb,इस खेल का अभ्यास करने का प्राथमिक उद्देश्य क्या है?,"A) शारीरिक शक्ति में सुधार के लिए, B) कलात्मक कौशल को बढ़ाने के लिए, C) आध्यात्मिक विकास के लिए, D) प्रतिस्पर्धी खेलों के लिए तैयार करने के लिए",A) शारीरिक शक्ति में सुधार करने के लिए,1,no mistake,no correction needed,no correction needed,no answer needed
malkhamb_22,IBQ,India_IBQ.xlsx,Malakhamb,कौन सा ऐतिहासिक व्यक्ति इस खेल को अंतर्राष्ट्रीय स्तर पर बढ़ावा देने के लिए जाना जाता है?,"A) महात्मा गांधी, B) जवाहरलाल नेहरू, C) एडोल्फ हिटलर, D) सरदार पटेल",C) एडॉल्फ हिटलर,1,no mistake,no correction needed,no correction needed,no answer needed
malkhamb_23,IBQ,India_IBQ.xlsx,Malakhamb,चित्र से पता चलता है कि एथलीट किस पर प्रदर्शन कर रहा है?,"A) एक क्षैतिज बार, B) एक ऊर्ध्वाधर पोल, C) एक बैलेंस बीम, D) एक ट्रेपीज़",बी) एक ऊर्ध्वाधर पोल,1,no mistake,no correction needed,no correction needed,no answer needed
malkhamb_23,IBQ,India_IBQ.xlsx,Malakhamb,"छवि से, एथलीट की स्थिति का मुख्य फोकस क्या है?","A) लचीलापन, B) ताकत, C) संतुलन, D) गति",सी) संतुलन,1,no mistake,no correction needed,no correction needed,no answer needed
malkhamb_23,IBQ,India_IBQ.xlsx,Malakhamb,चित्र से पता चलता है कि मल्लखम्ब स्तंभ किस प्रकार की सतह पर रखा गया है?,"A) घास, B) रेत, C) लकड़ी, D) कंक्रीट",C) लकड़ी,1,no mistake,no correction needed,no correction needed,no answer needed
malkhamb_23,IBQ,India_IBQ.xlsx,Malakhamb,चित्र से एथलीट की स्थिति का सबसे अच्छा वर्णन कैसे किया गया है?,"A) खड़े होकर, B) लटककर, C) बैठकर, D) लेटकर",बी) फांसी,1,no mistake,no correction needed,no correction needed,no answer needed
malkhamb_24,IBQ,India_IBQ.xlsx,Malakhamb,चित्र से पता चलता है कि रस्सी की कौन सी विशेषता एथलीट को गिरने से रोकती है?,"A) एक गाँठ, B) एक लूप, C) एक क्लैंप, D) एक हुक",बी) एक लूप,1,no mistake,no correction needed,no correction needed,no answer needed
malkhamb_24,IBQ,India_IBQ.xlsx,Malakhamb,"चित्र से, एथलीट के प्रदर्शन के माध्यम से मल्लखम्ब का कौन सा पहलू उजागर होता है?","A) लचीलापन, B) ताकत, C) संतुलन, D) चपलता",बी) ताकत,1,no mistake,no correction needed,no correction needed,no answer needed
malkhamb_24,IBQ,India_IBQ.xlsx,Malakhamb,"चित्र से, प्रदर्शन किये जा रहे कदम के कठिनाई स्तर के बारे में क्या अनुमान लगाया जा सकता है?","A) आसान, B) मध्यम, C) चुनौतीपूर्ण, D) सरल",सी) चुनौतीपूर्ण,1,no mistake,no correction needed,no correction needed,no answer needed
