image_no,country,file,sheet,question,option,answer,score,What's wrong in Question,How can I improve the question,How can I improve the Options,Correct Answer
chaturanga_1,IBQ,Pakistan_IBQ.xlsx,Chaturanga,چتورنگا_1 میں دکھایا گیا اہم عمل کیا ہے؟,(A) دو کھلاڑی لڑ رہے ہیں۔ (B) انتہائی آرائشی ٹکڑوں کے ساتھ ایک بساط (C) لوگوں کا ایک گروپ جو تاش کا کھیل کھیل رہا ہے۔ (D) شطرنج کے ٹکڑے تراشنے والا شخص,انتہائی آرائشی ٹکڑوں کے ساتھ ایک بساط,1,no mistake,no correction needed,no correction needed,no answer needed
chaturanga_1,IBQ,Pakistan_IBQ.xlsx,Chaturanga,ٹکڑوں کے بارے میں ایک قابل ذکر تفصیل کیا ہے؟,(A) وہ سب ایک جیسے ہیں۔ (B) وہ ایک تاریخی فوج کی نمائندگی کرنے والی انتہائی اسٹائلائزڈ شخصیات ہیں۔ (C) وہ پلاسٹک سے بنے ہیں۔ (D) وہ سب سفید فام ہیں۔,وہ ایک تاریخی فوج کی نمائندگی کرنے والی انتہائی اسٹائلائزڈ شخصیات ہیں۔,1,no mistake,no correction needed,no correction needed,وہ ایک تاریخی فوج کی نمائندگی کرنے والی انتہائی اسٹائلائزڈ شخصیات ہیں۔
chaturanga_1,IBQ,Pakistan_IBQ.xlsx,Chaturanga,بساط کا ظاہری مواد کیا ہے؟,(A) کندہ شدہ نمونوں کے ساتھ لکڑی (B) پلاسٹک (C) شیشہ (D) گتے,کندہ شدہ نمونوں کے ساتھ لکڑی,1,no mistake,no correction needed,no correction needed,no answer needed
chaturanga_1,IBQ,Pakistan_IBQ.xlsx,Chaturanga,"تصویر میں ایک لیبل ""CHESS"" دکھایا گیا ہے۔ وہ کون سا تاریخی کھیل ہے جو جدید شطرنج کا پیش خیمہ ہے؟",(A) چیکرس (B) بیکگیمون (C) چتورنگا (D) جاؤ,چتورنگا,1,no mistake,no correction needed,no correction needed,no answer needed
chaturanga_1,IBQ,Pakistan_IBQ.xlsx,Chaturanga,"""پرسنلائزڈ نام"" لیبل کا بظاہر مقصد کیا ہے؟",(A) یہ کھیل کے قوانین کا حصہ ہے۔ (B) یہ حسب ضرورت کے لیے ایک خصوصیت ہے۔ (C) یہ ایک تاریخی نشان ہے۔ (D) یہ ایک برانڈ کا نام ہے۔,یہ حسب ضرورت کے لیے ایک خصوصیت ہے۔,1,no mistake,no correction needed,no correction needed,no answer needed
chaturanga_1,IBQ,Pakistan_IBQ.xlsx,Chaturanga,بورڈ کے ڈیزائن کی سب سے نمایاں خصوصیت کیا ہے؟,(A) یہ ایک سادہ، چیکر سطح ہے (B) اس میں پیچیدہ کندہ شدہ نمونے ہیں۔ (C) یہ ایک ٹھوس رنگ ہے۔ (D) یہ ایک سرکلر بورڈ ہے۔,اس میں پیچیدہ کندہ شدہ نمونے ہیں۔,1,no mistake,no correction needed,no correction needed,اس میں پیچیدہ کندہ شدہ نمونے ہیں۔
chaturanga_1,IBQ,Pakistan_IBQ.xlsx,Chaturanga,کھلاڑیوں کے چہروں سے ظاہری جذبات کیا ہیں؟,(A) پرسکون اور پر سکون (B) خوف زدہ اور بے چین (C) کشیدہ اور شدید (D) خوش اور مسکراتے ہوئے۔,کشیدہ اور شدید,0,"The question asks about the emotions on players' faces, but the image shows chess pieces. The question is therefore irrelevant to the image.",تصویر میں موجود شطرنج کے حصوں کی ظاہری حالت کیا ہے؟,(A) پرسکون اور جامد (B) خوف زدہ اور ہلتے ہوئے (C) کشیدہ اور لڑنے کے لیے تیار (D) خوش اور منگتا ہوا,کشیدہ اور لڑنے کے لیے تیار
chaturanga_1,IBQ,Pakistan_IBQ.xlsx,Chaturanga,ٹکڑوں کو ایک مخصوص شکل میں ترتیب دیا گیا ہے۔ یہ تشکیل کس لیے ہے؟,(A) ایک کھیل کا آغاز (B) کھیل کا وسط (C) ایک کھیل کا اختتام (D) بے ترتیب ترتیب,ایک کھیل کا آغاز,1,no mistake,no correction needed,no correction needed,no answer needed
chaturanga_1,IBQ,Pakistan_IBQ.xlsx,Chaturanga,چتورنگا کا تاریخی کھیل کس ملک سے تعلق کے لیے جانا جاتا ہے؟,(A) چین (B) انڈیا (C) یورپ (D) مصر,انڈیا,1,no mistake,no correction needed,no correction needed,no answer needed
chaturanga_2,IBQ,Pakistan_IBQ.xlsx,Chaturanga,چترنگا_2 میں دکھایا گیا اہم عمل کیا ہے؟,(A) روایتی ٹکڑوں کے ساتھ ایک بساط (B) سواروں کا ایک گروپ جو مرکزی چیز کے لیے مقابلہ کر رہا ہے۔ (C) گھوڑوں کی پریڈ (D) گھوڑوں کی دوڑ,روایتی ٹکڑوں کے ساتھ ایک بساط,1,no mistake,no correction needed,no correction needed,no answer needed
chaturanga_2,IBQ,Pakistan_IBQ.xlsx,Chaturanga,بورڈ اور ٹکڑوں کے بارے میں ایک قابل ذکر تفصیل کیا ہے؟,(A) وہ سب ایک جیسے ہیں۔ (B) بورڈ لکڑی کا بنا ہوا ہے، اور ٹکڑوں کو روایتی انداز میں کندہ کیا گیا ہے۔ (C) ٹکڑے پلاسٹک سے بنے ہیں۔ (D) بورڈ ایک ٹھوس رنگ ہے,بورڈ لکڑی کا بنا ہوا ہے، اور ٹکڑوں کو روایتی انداز میں کندہ کیا گیا ہے۔,1,no mistake,no correction needed,no correction needed,no answer needed
chaturanga_2,IBQ,Pakistan_IBQ.xlsx,Chaturanga,ٹکڑوں کے ڈیزائن کے بارے میں واضح تفصیل کیا ہے؟,(A) وہ سب ایک جیسے ہیں۔ (B) وہ ایک تاریخی فوج کی نمائندگی کرنے والی انتہائی اسٹائلائزڈ شخصیات ہیں۔ (C) وہ پلاسٹک سے بنے ہیں۔ (D) وہ سب سفید فام ہیں۔,وہ سب سفید فام ہیں۔,1,no mistake,no correction needed,no correction needed,no answer needed
chaturanga_2,IBQ,Pakistan_IBQ.xlsx,Chaturanga,اس گیم کی ظاہری ترتیب کیا ہے؟,(A) یہ ایک بڑے اسٹیڈیم پر ہے۔ (B) یہ پہاڑی، پتھریلی علاقے میں ایک میدان میں ہے۔ (C) یہ شہر کی سڑک پر ہے۔ (D) یہ لکڑی کی میز پر ہے۔,یہ لکڑی کی میز پر ہے۔,1,no mistake,no correction needed,no correction needed,no answer needed
chaturanga_2,IBQ,Pakistan_IBQ.xlsx,Chaturanga,زمین کی سب سے نمایاں خصوصیت کیا ہے؟,(A) ایک پکی سطح (B) کیچڑ والا میدان (C) ایک گھاس دار سطح (D) لکڑی کی میز,لکڑی کی میز,0,"The question asks about the most prominent feature of the 'earth' (زمین), but the image shows a chessboard on a wooden table. The correct answer provided (لکڑی کی میز - wooden table) is related to the image, but irrelevant to the question. The question and answer are mismatched in context.",تصویر میں سب سے نمایاں خصوصیت کیا ہے؟ (Tasweer mein sabse numayan khusousiyat kya hai? - What is the most prominent feature in the picture?),(A) شطرنج بورڈ (Shatranj board - Chessboard) (B) لکڑی کی میز (Lakri ki mez - Wooden table) (C) سفید مہرے (Safed mehere - White pieces) (D) کیچڑ (Kechar - Mud),لکڑی کی میز
chaturanga_2,IBQ,Pakistan_IBQ.xlsx,Chaturanga,کھیلے جانے والے کھیل کا نام کیا ہے؟,(A) پولو (B) گھوڑوں کی دوڑ (C) بزکشی۔ (D) چتورنگا,چتورنگا,1,no mistake,no correction needed,no correction needed,no answer needed
chaturanga_2,IBQ,Pakistan_IBQ.xlsx,Chaturanga,یہ گیم کس ملک سے تعلق کی وجہ سے مشہور ہے؟,(A) چین (B) انڈیا (C) یورپ (D) مصر,انڈیا,1,no mistake,no correction needed,no correction needed,no answer needed
chaturanga_3,IBQ,Pakistan_IBQ.xlsx,Chaturanga,چتورنگا_3 میں دکھایا گیا اہم عمل کیا ہے؟,(A) آرام سے گھوڑے کی سواری۔ (B) سواروں کا ایک گروپ جو مرکزی چیز کے لیے مقابلہ کر رہا ہے۔ (C) روایتی ٹکڑوں کے ساتھ ایک بساط (D) گھوڑوں کی دوڑ,روایتی ٹکڑوں کے ساتھ ایک بساط,1,no mistake,no correction needed,no correction needed,no answer needed
chaturanga_4,IBQ,Pakistan_IBQ.xlsx,Chaturanga,چتورنگا_4 میں دکھایا گیا اہم عمل کیا ہے؟,(A) آرام سے گھوڑے کی سواری۔ (B) سواروں کا ایک گروپ جو مرکزی چیز کے لیے مقابلہ کر رہا ہے۔ (C) روایتی ٹکڑوں کے ساتھ ایک بساط (D) گھوڑوں کی دوڑ,روایتی ٹکڑوں کے ساتھ ایک بساط,1,no mistake,no correction needed,no correction needed,no answer needed
chaturanga_5,IBQ,Pakistan_IBQ.xlsx,Chaturanga,چترنگا_5 میں دکھایا گیا اہم عمل کیا ہے؟,(A) آرام سے گھوڑے کی سواری۔ (B) سواروں کا ایک گروپ جو مرکزی چیز کے لیے مقابلہ کر رہا ہے۔ (C) روایتی ٹکڑوں کے ساتھ ایک بساط (D) گھوڑوں کی دوڑ,روایتی ٹکڑوں کے ساتھ ایک بساط,1,no mistake,no correction needed,no correction needed,no answer needed
chaturanga_7,IBQ,Pakistan_IBQ.xlsx,Chaturanga,چترنگا_7 میں دکھایا گیا اہم عمل کیا ہے؟,(A) بساط پر شطرنج کا ایک ٹکڑا (B) لوگوں کا ایک گروپ جو تاش کا کھیل کھیل رہا ہے۔ (C) شطرنج کے ٹکڑے تراشنے والا شخص (D) انتہائی آرائشی ٹکڑوں کے ساتھ ایک بساط,بساط پر شطرنج کا ایک ٹکڑا,1,no mistake,no correction needed,no correction needed,no answer needed
chaturanga_7,IBQ,Pakistan_IBQ.xlsx,Chaturanga,ٹکڑے کے بارے میں ایک قابل ذکر تفصیل کیا ہے؟,(A) یہ ایک بادشاہ ہے۔ (B) یہ ایک ملکہ ہے۔ (C) یہ ایک بشپ ہے۔ (D) یہ ایک پیادہ ہے۔,یہ ایک ملکہ ہے۔,1,no mistake,no correction needed,no correction needed,no answer needed
chaturanga_7,IBQ,Pakistan_IBQ.xlsx,Chaturanga,ٹکڑے اور بورڈ کا ظاہری مواد کیا ہے؟,(A) پلاسٹک (B) شیشہ (C) لکڑی (D) دھات,لکڑی,1,no mistake,no correction needed,no correction needed,no answer needed
chaturanga_7,IBQ,Pakistan_IBQ.xlsx,Chaturanga,تصویر ایک بساط پر ٹکڑا دکھاتا ہے. وہ کون سا تاریخی کھیل ہے جو جدید شطرنج کا پیش خیمہ ہے؟,(A) چیکرس (B) بیکگیمون (C) چتورنگا (D) جاؤ,چتورنگا,1,no mistake,no correction needed,no correction needed,no answer needed
chaturanga_7,IBQ,Pakistan_IBQ.xlsx,Chaturanga,تصویر کا ظاہری مقصد کیا ہے؟,(A) یہ کھیل کے قوانین کا حصہ ہے۔ (B) یہ ایک برانڈ کا نام ہے۔ (C) یہ ایک تاریخی نشان ہے۔ (D) یہ شطرنج کے ایک ٹکڑے کی قریبی تصویر ہے۔,یہ شطرنج کے ایک ٹکڑے کی قریبی تصویر ہے۔,1,no mistake,no correction needed,no correction needed,no answer needed
chaturanga_9,IBQ,Pakistan_IBQ.xlsx,Chaturanga,چترنگا_9 میں دکھایا گیا اہم عمل کیا ہے؟,(A) دو آدمی لڑ رہے ہیں۔ (B) لوگوں کا ایک گروپ جو گیند کا کھیل کھیل رہا ہے۔ (C) لوگوں کا ایک گروپ جو بورڈ گیم کھیل رہا ہے۔ (D) شطرنج کے ٹکڑے تراشنے والا شخص,لوگوں کا ایک گروپ جو بورڈ گیم کھیل رہا ہے۔,1,no mistake,no correction needed,no correction needed,لوگوں کا ایک گروپ جو بورڈ گیم کھیل رہا ہے۔
chaturanga_35,IBQ,Pakistan_IBQ.xlsx,Chaturanga,چترنگا_35 میں دکھایا گیا اہم عمل کیا ہے؟,(A) آرام سے گھوڑے کی سواری۔ (B) سواروں کا ایک گروپ جو مرکزی چیز کے لیے مقابلہ کر رہا ہے۔ (C) روایتی ٹکڑوں کے ساتھ ایک بساط (D) گھوڑوں کی دوڑ,روایتی ٹکڑوں کے ساتھ ایک بساط,1,no mistake,no correction needed,no correction needed,no answer needed
chaturanga_34,IBQ,Pakistan_IBQ.xlsx,Chaturanga,چترنگا_34 میں دکھایا گیا اہم عمل کیا ہے؟,(A) دو لوگ شطرنج کھیل رہے ہیں۔ (B) روایتی ٹکڑوں کے ساتھ ایک بساط (C) لوگوں کا ایک گروپ جو گیند کا کھیل کھیل رہا ہے۔ (D) شطرنج کے ٹکڑے تراشنے والا شخص,دو لوگ شطرنج کھیل رہے ہیں۔,1,no mistake,no correction needed,no correction needed,no answer needed
chaturanga_40,IBQ,Pakistan_IBQ.xlsx,Chaturanga,چترنگا_40 میں دکھایا گیا اہم عمل کیا ہے؟,(A) دو آدمی شطرنج کھیل رہے ہیں۔ (B) روایتی ٹکڑوں کے ساتھ ایک بساط (C) لوگوں کا ایک گروپ جو گیند کا کھیل کھیل رہا ہے۔ (D) شطرنج کے ٹکڑے تراشنے والا شخص,دو آدمی شطرنج کھیل رہے ہیں۔,1,no mistake,no correction needed,no correction needed,no answer needed
chaturanga_47,IBQ,Pakistan_IBQ.xlsx,Chaturanga,چترنگا_47 میں دکھایا گیا اہم عمل کیا ہے؟,(A) بساط پر شطرنج کا ایک ٹکڑا (B) ایک پارک میں نصب ایک بساط (C) لوگوں کا ایک گروپ جو تاش کا کھیل کھیل رہا ہے۔ (D) شطرنج کے ٹکڑے تراشنے والا شخص,ایک پارک میں نصب ایک بساط,1,no mistake,no correction needed,no correction needed,no answer needed
chaturanga_47,IBQ,Pakistan_IBQ.xlsx,Chaturanga,تصویر میں ایک عوامی پارک میں بساط دکھائی دے رہی ہے۔ وہ کون سا تاریخی کھیل ہے جو جدید شطرنج کا پیش خیمہ ہے؟,(A) چیکرس (B) بیکگیمون (C) چتورنگا (D) جاؤ,چتورنگا,1,no mistake,no correction needed,no correction needed,no answer needed
chaturanga_47,IBQ,Pakistan_IBQ.xlsx,Chaturanga,عوامی شطرنج کی میز کا ظاہری مقصد کیا ہے؟,(A) یہ کھیل کے قوانین کا حصہ ہے۔ (B) یہ عوامی تفریح ​​کے لیے ہے۔ (C) یہ ایک تاریخی یادگار ہے۔ (D) یہ ایک برانڈ کا نام ہے۔,یہ عوامی تفریح ​​کے لیے ہے۔,1,no mistake,no correction needed,no correction needed,no answer needed
chaturanga_69,IBQ,Pakistan_IBQ.xlsx,Chaturanga,چترنگا_69 میں دکھایا گیا اہم عمل کیا ہے؟,(A) انتہائی آرائشی ٹکڑوں کے ساتھ ایک بساط (B) سواروں کا ایک گروپ جو مرکزی چیز کے لیے مقابلہ کر رہا ہے۔ (C) گھوڑوں کی پریڈ (D) گھوڑوں کی دوڑ,انتہائی آرائشی ٹکڑوں کے ساتھ ایک بساط,1,no mistake,no correction needed,no correction needed,no answer needed
chaturanga_45,IBQ,Pakistan_IBQ.xlsx,Chaturanga,چترنگا_45 میں دکھایا گیا اہم عمل کیا ہے؟,(A) دو کھلاڑی لڑ رہے ہیں۔ (B) تاریخی اور جدید شطرنج کا ایک کولیج (C) لوگوں کا ایک گروپ جو تاش کا کھیل کھیل رہا ہے۔ (D) شطرنج کے ٹکڑے تراشنے والا شخص,تاریخی اور جدید شطرنج کا ایک کولیج,1,no mistake,no correction needed,no correction needed,no answer needed
chaturanga_45,IBQ,Pakistan_IBQ.xlsx,Chaturanga,تاریخی تصویر میں ٹکڑوں کے بارے میں ایک قابل ذکر تفصیل کیا ہے؟,(A) وہ سب ایک جیسے ہیں۔ (B) وہ انتہائی اسٹائلائزڈ شخصیات ہیں۔ (C) وہ پلاسٹک سے بنے ہیں۔ (D) وہ سب سفید فام ہیں۔,وہ انتہائی اسٹائلائزڈ شخصیات ہیں۔,1,no mistake,no correction needed,no correction needed,no answer needed
chaturanga_45,IBQ,Pakistan_IBQ.xlsx,Chaturanga,جدید تصویر میں بساط کا ظاہری مواد کیا ہے؟,(A) کندہ شدہ نمونوں کے ساتھ لکڑی (B) پلاسٹک (C) شیشہ (D) گتے,کندہ شدہ نمونوں کے ساتھ لکڑی,1,no mistake,no correction needed,no correction needed,no answer needed
chaturanga_45,IBQ,Pakistan_IBQ.xlsx,Chaturanga,تصویر میں ایک تاریخی اور جدید شطرنج کا کھیل دکھایا گیا ہے۔ وہ کون سا تاریخی کھیل ہے جو جدید شطرنج کا پیش خیمہ ہے؟,(A) چیکرس (B) بیکگیمون (C) چتورنگا (D) جاؤ,چتورنگا,1,no mistake,no correction needed,no correction needed,no answer needed
chaturanga_45,IBQ,Pakistan_IBQ.xlsx,Chaturanga,کولیج کا ظاہری مقصد کیا ہے؟,(A) یہ کھیل کے قوانین کا حصہ ہے۔ (B) یہ حسب ضرورت کے لیے ایک خصوصیت ہے۔ (C) یہ ایک تاریخی موازنہ ہے۔ (D) یہ ایک برانڈ کا نام ہے۔,یہ ایک تاریخی موازنہ ہے۔,1,no mistake,no correction needed,no correction needed,no answer needed
chaturanga_45,IBQ,Pakistan_IBQ.xlsx,Chaturanga,تاریخی تصویر میں بورڈ کے ڈیزائن کی سب سے نمایاں خصوصیت کیا ہے؟,(A) یہ ایک سادہ، چیکر سطح ہے (B) اس میں پیچیدہ کندہ شدہ نمونے ہیں۔ (C) یہ ایک ٹھوس رنگ ہے۔ (D) یہ ایک سرکلر بورڈ ہے۔,اس میں پیچیدہ کندہ شدہ نمونے ہیں۔,1,no mistake,no correction needed,no correction needed,اس میں پیچیدہ کندہ شدہ نمونے ہیں۔
chaturanga_46,IBQ,Pakistan_IBQ.xlsx,Chaturanga,چترنگا_46 میں دکھایا گیا اہم عمل کیا ہے؟,(A) انتہائی آرائشی ٹکڑوں کے ساتھ ایک بساط (B) سواروں کا ایک گروپ جو مرکزی چیز کے لیے مقابلہ کر رہا ہے۔ (C) گھوڑوں کی پریڈ (D) گھوڑوں کی دوڑ,انتہائی آرائشی ٹکڑوں کے ساتھ ایک بساط,1,no mistake,no correction needed,no correction needed,no answer needed
chaturanga_59,IBQ,Pakistan_IBQ.xlsx,Chaturanga,چترنگا_59 میں دکھایا گیا اہم عمل کیا ہے؟,(A) دو آدمی لڑ رہے ہیں۔ (B) لوگوں کا ایک گروپ جو گیند کا کھیل کھیل رہا ہے۔ (C) لوگوں کا ایک گروپ جو بورڈ گیم کھیل رہا ہے۔ (D) شطرنج کے ٹکڑے تراشنے والا شخص,لوگوں کا ایک گروپ جو بورڈ گیم کھیل رہا ہے۔,1,no mistake,no correction needed,no correction needed,no answer needed
chaturanga_49,IBQ,Pakistan_IBQ.xlsx,Chaturanga,چترنگا_49 میں دکھایا گیا اہم عمل کیا ہے؟,(A) بساط پر شطرنج کا ایک ٹکڑا (B) لوگوں کا ایک گروپ جو تاش کا کھیل کھیل رہا ہے۔ (C) شطرنج کے ٹکڑے تراشنے والا شخص (D) انتہائی آرائشی ٹکڑوں کے ساتھ ایک بساط,انتہائی آرائشی ٹکڑوں کے ساتھ ایک بساط,1,no mistake,no correction needed,no correction needed,no answer needed
chaturanga_62,IBQ,Pakistan_IBQ.xlsx,Chaturanga,چترنگا_62 میں دکھایا گیا اہم عمل کیا ہے؟,(A) دو آدمی لڑ رہے ہیں۔ (B) لوگوں کا ایک گروپ جو گیند کا کھیل کھیل رہا ہے۔ (C) لوگوں کا ایک گروپ جو بورڈ گیم کھیل رہا ہے۔ (D) شطرنج کے ٹکڑے تراشنے والا شخص,لوگوں کا ایک گروپ جو بورڈ گیم کھیل رہا ہے۔,1,no mistake,no correction needed,no correction needed,no answer needed
chaturanga_52,IBQ,Pakistan_IBQ.xlsx,Chaturanga,چترنگا_52 میں دکھایا گیا اہم عمل کیا ہے؟,(A) بورڈ کا ایک خاکہ (B) لوگوں کا ایک گروپ جو گیند کا کھیل کھیل رہا ہے۔ (C) شطرنج کے ٹکڑے تراشنے والا شخص (D) انتہائی آرائشی ٹکڑوں کے ساتھ ایک بساط,بورڈ کا ایک خاکہ,1,no mistake,no correction needed,no correction needed,no answer needed
chaturanga_52,IBQ,Pakistan_IBQ.xlsx,Chaturanga,بورڈ کے ڈیزائن کے بارے میں ایک قابل ذکر تفصیل کیا ہے؟,(A) یہ ایک سادہ، چیکر سطح ہے (B) اس میں پیچیدہ کندہ شدہ نمونے ہیں۔ (C) یہ ایک ٹھوس رنگ ہے۔ (D) یہ ایک سرکلر بورڈ ہے۔,اس میں پیچیدہ کندہ شدہ نمونے ہیں۔,1,no mistake,no correction needed,no correction needed,اس میں پیچیدہ کندہ شدہ نمونے ہیں۔
chaturanga_54,IBQ,Pakistan_IBQ.xlsx,Chaturanga,چترنگا_54 میں دکھایا گیا اہم عمل کیا ہے؟,(A) انتہائی آرائشی ٹکڑوں کے ساتھ ایک بساط (B) سواروں کا ایک گروپ جو مرکزی چیز کے لیے مقابلہ کر رہا ہے۔ (C) گھوڑوں کی پریڈ (D) گھوڑوں کی دوڑ,انتہائی آرائشی ٹکڑوں کے ساتھ ایک بساط,1,no mistake,no correction needed,no correction needed,no answer needed
chaturanga_71,IBQ,Pakistan_IBQ.xlsx,Chaturanga,چترنگا_71 میں دکھایا گیا اہم عمل کیا ہے؟,(A) دو کھلاڑی لڑ رہے ہیں۔ (B) شطرنج کے معیاری ٹکڑوں کے ساتھ ایک بساط (C) لوگوں کا ایک گروپ جو تاش کا کھیل کھیل رہا ہے۔ (D) شطرنج کے ٹکڑے تراشنے والا شخص,شطرنج کے معیاری ٹکڑوں کے ساتھ ایک بساط,1,no mistake,no correction needed,no correction needed,no answer needed
chaturanga_71,IBQ,Pakistan_IBQ.xlsx,Chaturanga,تصویر ایک بساط دکھاتی ہے۔ وہ کون سا تاریخی کھیل ہے جو جدید شطرنج کا پیش خیمہ ہے؟,(A) چیکرس (B) بیکگیمون (C) چتورنگا (D) جاؤ,چتورنگا,1,no mistake,no correction needed,no correction needed,no answer needed
chaturanga_79,IBQ,Pakistan_IBQ.xlsx,Chaturanga,چترنگا_79 میں دکھایا گیا اہم عمل کیا ہے؟,(A) انتہائی آرائشی ٹکڑوں کے ساتھ ایک بساط (B) سواروں کا ایک گروپ جو مرکزی چیز کے لیے مقابلہ کر رہا ہے۔ (C) گھوڑوں کی پریڈ (D) گھوڑوں کی دوڑ,انتہائی آرائشی ٹکڑوں کے ساتھ ایک بساط,1,no mistake,no correction needed,no correction needed,no answer needed
chaturanga_76,IBQ,Pakistan_IBQ.xlsx,Chaturanga,چترنگا_76 میں دکھایا گیا اہم عمل کیا ہے؟,(A) بساط پر شطرنج کا ایک ٹکڑا (B) ایک سفید پس منظر پر شطرنج کے ٹکڑوں کا ایک گروپ (C) لوگوں کا ایک گروپ جو تاش کا کھیل کھیل رہا ہے۔ (D) شطرنج کے ٹکڑے تراشنے والا شخص,ایک سفید پس منظر پر شطرنج کے ٹکڑوں کا ایک گروپ,1,no mistake,no correction needed,no correction needed,no answer needed
chaturanga_76,IBQ,Pakistan_IBQ.xlsx,Chaturanga,ٹکڑوں کا ظاہری مواد کیا ہے؟,(A) لکڑی (B) پلاسٹک (C) دھات (D) گتے,دھات,1,no mistake,no correction needed,no correction needed,no answer needed
chaturanga_76,IBQ,Pakistan_IBQ.xlsx,Chaturanga,ٹکڑوں کے ڈیزائن کی سب سے نمایاں خصوصیت کیا ہے؟,(A) یہ ایک سادہ، چیکر سطح ہے (B) اس میں پیچیدہ کندہ شدہ نمونے ہیں۔ (C) یہ ایک ٹھوس رنگ ہے۔ (D) یہ ایک سرکلر بورڈ ہے۔,اس میں پیچیدہ کندہ شدہ نمونے ہیں۔,0,The question asks about 'ٹکڑوں کے ڈیزائن' (piece design) but the image shows chess pieces. The options provided do not accurately describe the designs visible in the image. The question and options are not related to the image. ,چیس کے ٹکڑوں کی سب سے نمایاں خصوصیت کیا ہے؟,(A) یہ ایک سادہ، سیاہ اور سفید سطح ہے (B) اس میں پیچیدہ کندہ شدہ نمونے ہیں۔ (C) یہ ایک ٹھوس رنگ کا ہے (D) یہ ایک سرکلر بورڈ ہے,اس میں پیچیدہ کندہ شدہ نمونے ہیں۔
chaturanga_86,IBQ,Pakistan_IBQ.xlsx,Chaturanga,چترنگا_86 میں دکھایا گیا اہم عمل کیا ہے؟,(A) دو آدمی شطرنج کھیل رہے ہیں۔ (B) روایتی ٹکڑوں کے ساتھ ایک بساط (C) لوگوں کا ایک گروپ جو گیند کا کھیل کھیل رہا ہے۔ (D) شطرنج کے ٹکڑے تراشنے والا شخص,دو آدمی شطرنج کھیل رہے ہیں۔,1,no mistake,no correction needed,no correction needed,no answer needed
buzkashi_1,IBQ,Pakistan_IBQ.xlsx,Buzkashi,buzkashi_1 میں دکھائی جانے والی اہم کارروائی کیا ہے؟,(A) آرام سے گھوڑے کی سواری۔ (B) سواروں کا ایک گروپ جو مرکزی چیز کے لیے مقابلہ کر رہا ہے۔ (C) گھوڑوں کی پریڈ (D) گھوڑوں کی دوڑ,سواروں کا ایک گروپ جو مرکزی چیز کے لیے مقابلہ کر رہا ہے۔,1,no mistake,no correction needed,no correction needed,no answer needed
buzkashi_1,IBQ,Pakistan_IBQ.xlsx,Buzkashi,اس گیم کی ترتیب کے بارے میں ایک قابل ذکر تفصیل کیا ہے؟,(A) یہ ایک بڑے اسٹیڈیم میں ہے۔ (B) یہ پہاڑی، پتھریلی علاقے میں ایک میدان میں ہے۔ (C) یہ شہر کی سڑک پر ہے۔ (D) یہ ایک پرسکون ساحل سمندر پر ہے۔,یہ پہاڑی، پتھریلی علاقے میں ایک میدان میں ہے۔,1,no mistake,no correction needed,no correction needed,no answer needed
buzkashi_1,IBQ,Pakistan_IBQ.xlsx,Buzkashi,سواروں کے لباس کے بارے میں واضح تفصیل کیا ہے؟,(A) وہ جدید کھیلوں کی وردی پہنے ہوئے ہیں۔ (B) انہوں نے روشن نارنجی یا سبز قمیضیں پہن رکھی ہیں۔ (C) وہ رسمی سوٹ پہنے ہوئے ہیں۔ (D) انہوں نے کوئی لباس نہیں پہنا ہوا ہے۔,انہوں نے روشن نارنجی یا سبز قمیضیں پہن رکھی ہیں۔,1,no mistake,no correction needed,no correction needed,no answer needed
buzkashi_1,IBQ,Pakistan_IBQ.xlsx,Buzkashi,سواروں کی ظاہری باڈی پوزیشن کیا ہے؟,(A) وہ سیدھے کھڑے ہیں۔ (B) وہ جھک رہے ہیں اور کسی چیز تک پہنچ رہے ہیں۔ (C) وہ گھوڑوں کی پیٹھ پر لیٹے ہوئے ہیں۔ (D) وہ آرام سے بیٹھے ہیں۔,وہ جھک رہے ہیں اور کسی چیز تک پہنچ رہے ہیں۔,1,no mistake,no correction needed,no correction needed,no answer needed
buzkashi_1,IBQ,Pakistan_IBQ.xlsx,Buzkashi,سواروں کے چہروں سے ظاہری جذبات کیا ہیں؟,(A) پرسکون اور پر سکون (B) خوف زدہ اور بے چین (C) کشیدہ اور شدید (D) خوش اور مسکراتے ہوئے۔,کشیدہ اور شدید,1,no mistake,no correction needed,no correction needed,no answer needed
buzkashi_1,IBQ,Pakistan_IBQ.xlsx,Buzkashi,زمین کی سب سے نمایاں خصوصیت کیا ہے؟,(A) ایک پکی سطح (B) کیچڑ والا میدان (C) ایک گھاس دار سطح (D) ریتلی یا گندگی کی سطح,ریتلی یا گندگی کی سطح,1,no mistake,no correction needed,no correction needed,no answer needed
buzkashi_1,IBQ,Pakistan_IBQ.xlsx,Buzkashi,کھیلے جانے والے کھیل کا نام کیا ہے؟,(A) پولو (B) گھوڑوں کی دوڑ (C) بزکشی۔ (D) گھڑ سواری کے کھیل,بزکشی۔,1,no mistake,no correction needed,no correction needed,no answer needed
buzkashi_1,IBQ,Pakistan_IBQ.xlsx,Buzkashi,تصویر میں ایکشن ایک ایسا انداز تجویز کرتا ہے جو اس بات پر زور دیتا ہے...,(A) روانی اور قلابازیاں (B) زمینی لڑائی اور گرفت (C) وحشیانہ قوت اور گھڑ سواری۔ (D) سادہ، لکیری حرکات,وحشیانہ قوت اور گھڑ سواری۔,1,no mistake,no correction needed,no correction needed,no answer needed
buzkashi_1,IBQ,Pakistan_IBQ.xlsx,Buzkashi,گھوڑوں کے بارے میں ایک قابل ذکر تفصیل کیا ہے؟,(A) وہ سب ایک ہی رنگ کے ہیں۔ (B) وہ رنگوں اور نسلوں کا مرکب ہیں۔ (C) وہ سب وسیع نمونوں کے ساتھ زین پہنے ہوئے ہیں۔ (D) وہ سب خاموش کھڑے ہیں۔,وہ رنگوں اور نسلوں کا مرکب ہیں۔,1,no mistake,no correction needed,no correction needed,no answer needed
buzkashi_1,IBQ,Pakistan_IBQ.xlsx,Buzkashi,مرکز میں سوار کے بارے میں ایک قابل ذکر تفصیل کیا ہے؟,(A) وہ اپنے گھوڑے سے گر رہا ہے۔ (B) اس نے بینر اٹھا رکھا ہے۔ (C) اس نے رسی پکڑی ہوئی ہے۔ (D) اس نے چھڑی پکڑی ہوئی ہے۔,اس نے چھڑی پکڑی ہوئی ہے۔,1,no mistake,no correction needed,no correction needed,no answer needed
buzkashi_2,IBQ,Pakistan_IBQ.xlsx,Buzkashi,buzkashi_2 میں دکھائی جانے والی اہم کارروائی کیا ہے؟,(A) آرام سے گھوڑے کی سواری۔ (B) سواروں کا ایک گروپ جو مرکزی چیز کے لیے مقابلہ کر رہا ہے۔ (C) گھوڑوں کی پریڈ (D) گھوڑوں کی دوڑ,سواروں کا ایک گروپ جو مرکزی چیز کے لیے مقابلہ کر رہا ہے۔,1,no mistake,no correction needed,no correction needed,no answer needed
buzkashi_8,IBQ,Pakistan_IBQ.xlsx,Buzkashi,buzkashi_8 میں دکھائی جانے والی اہم کارروائی کیا ہے؟,(A) آرام سے گھوڑے کی سواری۔ (B) سواروں کا ایک گروپ جو مرکزی چیز کے لیے مقابلہ کر رہا ہے۔ (C) گھوڑوں کی پریڈ (D) گھوڑوں کی دوڑ,سواروں کا ایک گروپ جو مرکزی چیز کے لیے مقابلہ کر رہا ہے۔,1,no mistake,no correction needed,no correction needed,no answer needed
buzkashi_8,IBQ,Pakistan_IBQ.xlsx,Buzkashi,زمین پر موجود چیز کے بارے میں ایک قابل ذکر تفصیل کیا ہے؟,(A) یہ ایک گیند ہے۔ (B) یہ ایک جھنڈا ہے۔ (C) یہ ایک بکری کی لاش ہے۔ (D) یہ ایک رسی ہے۔,یہ ایک بکری کی لاش ہے۔,0,"The question asks about a notable detail of something on the ground, but the image shows a buzkashi game with a goat carcass being contested by horsemen. The question doesn't relate to the image context.",تصویر میں زمین پر موجود چیز کیا ہے؟,(A) ایک گھوڑا (B) ایک جھنڈا (C) بکری کی لاش (D) ایک رسی,بکری کی لاش
buzkashi_15,IBQ,Pakistan_IBQ.xlsx,Buzkashi,buzkashi_15 میں دکھائی جانے والی اہم کارروائی کیا ہے؟,(A) آرام سے گھوڑے کی سواری۔ (B) سواروں کا ایک گروپ جو مرکزی چیز کے لیے مقابلہ کر رہا ہے۔ (C) گھوڑوں کی پریڈ (D) گھوڑوں کی دوڑ,سواروں کا ایک گروپ جو مرکزی چیز کے لیے مقابلہ کر رہا ہے۔,1,no mistake,no correction needed,no correction needed,no answer needed
buzkashi_15,IBQ,Pakistan_IBQ.xlsx,Buzkashi,جس چیز کا مقابلہ کیا جا رہا ہے اس کے بارے میں ایک قابل ذکر تفصیل کیا ہے؟,(A) یہ ایک گیند ہے۔ (B) یہ ایک جھنڈا ہے۔ (C) یہ ایک بکری کی لاش ہے۔ (D) یہ ایک رسی ہے۔,یہ ایک بکری کی لاش ہے۔,0,"The question and answer are nonsensical and unrelated to the image. The image depicts a Buzkashi game, where players on horseback compete for a goat carcass. The correct answer should reflect this.",تصویر میں کس چیز کے لیے مقابلہ ہو رہا ہے؟,"['(A) گیند', '(B) جھنڈا', '(C) بکری کی لاش', '(D) رسی']",یہ ایک بکری کی لاش ہے۔
buzkashi_16,IBQ,Pakistan_IBQ.xlsx,Buzkashi,buzkashi_16 میں دکھائی جانے والی اہم کارروائی کیا ہے؟,(A) آرام سے گھوڑے کی سواری۔ (B) سواروں کا ایک گروپ جو مرکزی چیز کے لیے مقابلہ کر رہا ہے۔ (C) گھوڑوں کی پریڈ (D) گھوڑوں کی دوڑ,سواروں کا ایک گروپ جو مرکزی چیز کے لیے مقابلہ کر رہا ہے۔,1,no mistake,no correction needed,no correction needed,no answer needed
buzkashi_16,IBQ,Pakistan_IBQ.xlsx,Buzkashi,دائیں طرف سوار کے بارے میں ایک قابل ذکر تفصیل کیا ہے؟,(A) اس نے ایک کوڑا پکڑ رکھا ہے۔ (B) اس نے بینر اٹھا رکھا ہے۔ (C) اس نے رسی پکڑی ہوئی ہے۔ (D) اس نے چھڑی پکڑی ہوئی ہے۔,اس نے ایک کوڑا پکڑ رکھا ہے۔,1,no mistake,no correction needed,no correction needed,no answer needed
buzkashi_21,IBQ,Pakistan_IBQ.xlsx,Buzkashi,buzkashi_21 میں دکھایا گیا اہم عمل کیا ہے؟,(A) آرام سے گھوڑے کی سواری۔ (B) تیز رفتاری سے لاش کو لے جانے والا سوار (C) گھوڑوں کی پریڈ (D) گھوڑوں کی دوڑ,تیز رفتاری سے لاش کو لے جانے والا سوار,1,no mistake,no correction needed,no correction needed,no answer needed
buzkashi_21,IBQ,Pakistan_IBQ.xlsx,Buzkashi,سوار جس چیز کو لے کر جا رہا ہے اس کے بارے میں ایک قابل ذکر تفصیل کیا ہے؟,(A) یہ ایک گیند ہے۔ (B) یہ ایک جھنڈا ہے۔ (C) یہ ایک بکری کی لاش ہے۔ (D) یہ ایک رسی ہے۔,یہ ایک بکری کی لاش ہے۔,1,no mistake,no correction needed,no correction needed,یہ ایک بکری کی لاش ہے۔
buzkashi_21,IBQ,Pakistan_IBQ.xlsx,Buzkashi,سوار کے لباس کے بارے میں واضح تفصیل کیا ہے؟,(A) اس نے جدید کھیلوں کا یونیفارم پہن رکھا ہے۔ (B) اس نے روایتی ٹونک اور سر کا لباس پہن رکھا ہے۔ (C) اس نے رسمی سوٹ پہن رکھا ہے۔ (D) اس نے کوئی لباس نہیں پہنا ہوا ہے۔,اس نے روایتی ٹونک اور سر کا لباس پہن رکھا ہے۔,1,no mistake,no correction needed,no correction needed,no answer needed
buzkashi_21,IBQ,Pakistan_IBQ.xlsx,Buzkashi,سوار کی ظاہری باڈی پوزیشن کیا ہے؟,(A) وہ سیدھا کھڑا ہے۔ (B) وہ جھک رہا ہے اور کسی چیز تک پہنچ رہا ہے۔ (C) وہ گھوڑے کی پیٹھ پر لیٹا ہے۔ (D) وہ آرام سے بیٹھا ہے۔,وہ جھک رہا ہے اور کسی چیز تک پہنچ رہا ہے۔,1,no mistake,no correction needed,no correction needed,no answer needed
buzkashi_21,IBQ,Pakistan_IBQ.xlsx,Buzkashi,سوار کے چہرے سے ظاہری جذبات کیا ہیں؟,(A) پرسکون اور پر سکون (B) خوف زدہ اور بے چین (C) کشیدہ اور شدید (D) خوش اور مسکراتے ہوئے۔,کشیدہ اور شدید,1,no mistake,no correction needed,no correction needed,no answer needed
buzkashi_21,IBQ,Pakistan_IBQ.xlsx,Buzkashi,گھوڑے کے بارے میں ایک قابل ذکر تفصیل کیا ہے؟,(A) یہ سب ایک ہی رنگ کا ہے۔ (B) یہ رنگوں اور نسلوں کا مرکب ہے۔ (C) یہ ایک وسیع پیٹرن کے ساتھ ایک زین پہنے ہوئے ہے۔ (D) یہ ساکت کھڑا ہے۔,یہ ایک وسیع پیٹرن کے ساتھ ایک زین پہنے ہوئے ہے۔,1,no mistake,no correction needed,no correction needed,no answer needed
buzkashi_21,IBQ,Pakistan_IBQ.xlsx,Buzkashi,سوار کے بارے میں ایک قابل ذکر تفصیل کیا ہے؟,(A) اس نے ایک کوڑا پکڑ رکھا ہے۔ (B) اس نے بینر اٹھا رکھا ہے۔ (C) اس نے رسی پکڑی ہوئی ہے۔ (D) اس نے چھڑی پکڑی ہوئی ہے۔,اس نے چھڑی پکڑی ہوئی ہے۔,1,no mistake,no correction needed,no correction needed,no answer needed
buzkashi_23,IBQ,Pakistan_IBQ.xlsx,Buzkashi,buzkashi_23 میں دکھائی جانے والی اہم کارروائی کیا ہے؟,(A) آرام سے گھوڑے کی سواری۔ (B) سواروں کا ایک گروپ جو مرکزی چیز کے لیے مقابلہ کر رہا ہے۔ (C) گھوڑوں کی پریڈ (D) گھوڑوں کی دوڑ,سواروں کا ایک گروپ جو مرکزی چیز کے لیے مقابلہ کر رہا ہے۔,1,no mistake,no correction needed,no correction needed,no answer needed
buzkashi_26,IBQ,Pakistan_IBQ.xlsx,Buzkashi,buzkashi_26 میں دکھائی جانے والی اہم کارروائی کیا ہے؟,(A) آرام سے گھوڑے کی سواری۔ (B) تیز رفتاری سے لاش کو لے جانے والا سوار (C) گھوڑوں کی پریڈ (D) گھوڑوں کی دوڑ,تیز رفتاری سے لاش کو لے جانے والا سوار,1,no mistake,no correction needed,no correction needed,no answer needed
buzkashi_57,IBQ,Pakistan_IBQ.xlsx,Buzkashi,buzkashi_57 میں دکھائی جانے والی اہم کارروائی کیا ہے؟,(A) آرام سے گھوڑے کی سواری۔ (B) مرکزی چیز کے لیے مقابلہ کرنے والا سوار (C) گھوڑوں کی پریڈ (D) گھوڑوں کی دوڑ,آرام سے گھوڑے کی سواری۔,0,"The question asks about the main action shown in 'buzkashi_57', but the image clearly depicts a Buzkashi game where riders are actively competing for a goat carcass. The correct answer should reflect this competitive aspect, not just casual horse riding. The provided correct answer 'آرام سے گھوڑے کی سواری' (relaxed horse riding) is incorrect.",buzkashi_57 میں دکھائی جانے والی اہم کارروائی کیا ہے؟,(A) کھلاڑیوں کی گھوڑوں پر پریڈ۔ (B) مرکزی چیز کے لیے مقابلہ کرنے والے سوار (C) گھوڑوں کی دوڑ (D) تماشائیوں کا مجمع,مرکزی چیز کے لیے مقابلہ کرنے والے سوار
buzkashi_37,IBQ,Pakistan_IBQ.xlsx,Buzkashi,buzkashi_37 میں دکھائی جانے والی اہم کارروائی کیا ہے؟,(A) آرام سے گھوڑے کی سواری۔ (B) مرکزی چیز کے لیے مقابلہ کرنے والا سوار (C) گھوڑوں کی پریڈ (D) گھوڑوں کی دوڑ,آرام سے گھوڑے کی سواری۔,0,"The question asks about the 'main action' in the image, but the correct answer 'آرام سے گھوڑے کی سواری' (leisurely horse riding) doesn't accurately describe the scene. The image shows a rider who appears to be involved in a game or tradition, not just leisurely riding. The correct answer should describe the rider actively involved in a competition or event related to Buzkashi.",buzkashi_37 میں دکھائی جانے والی تصویر میں گھڑ سوار کس عمل میں مصروف ہے؟,(A) گھوڑوں کی دوڑ میں حصہ لینا (B) آرام سے گھوڑے کی سواری کرنا (C) کسی چیز کے لیے مقابلہ کرنا (D) گھوڑوں کو چراہ گاہ کی طرف لے جانا,(C) کسی چیز کے لیے مقابلہ کرنا
buzkashi_49,IBQ,Pakistan_IBQ.xlsx,Buzkashi,buzkashi_49 میں دکھایا گیا اہم عمل کیا ہے؟,(A) آرام سے گھوڑے کی سواری۔ (B) تیز رفتاری سے لاش کو لے جانے والا سوار (C) گھوڑوں کی پریڈ (D) گھوڑوں کی دوڑ,تیز رفتاری سے لاش کو لے جانے والا سوار,1,no mistake,no correction needed,no correction needed,no answer needed
buzkashi_34,IBQ,Pakistan_IBQ.xlsx,Buzkashi,buzkashi_34 میں دکھائی جانے والی اہم کارروائی کیا ہے؟,(A) آرام سے گھوڑے کی سواری۔ (B) سواروں کا ایک گروپ جو مرکزی چیز کے لیے مقابلہ کر رہا ہے۔ (C) گھوڑوں کی پریڈ (D) گھوڑوں کی دوڑ,سواروں کا ایک گروپ جو مرکزی چیز کے لیے مقابلہ کر رہا ہے۔,1,no mistake,no correction needed,no correction needed,no answer needed
buzkashi_51,IBQ,Pakistan_IBQ.xlsx,Buzkashi,buzkashi_51 میں دکھائی جانے والی اہم کارروائی کیا ہے؟,(A) آرام سے گھوڑے کی سواری۔ (B) سواروں کا ایک گروپ جو مرکزی چیز کے لیے مقابلہ کر رہا ہے۔ (C) گھوڑوں کی پریڈ (D) گھوڑوں کی دوڑ,سواروں کا ایک گروپ جو مرکزی چیز کے لیے مقابلہ کر رہا ہے۔,1,no mistake,no correction needed,no correction needed,no answer needed
buzkashi_51,IBQ,Pakistan_IBQ.xlsx,Buzkashi,سوار جس چیز کا مقابلہ کر رہے ہیں اس کے بارے میں ایک قابل ذکر تفصیل کیا ہے؟,(A) یہ ایک گیند ہے۔ (B) یہ ایک جھنڈا ہے۔ (C) یہ ایک بکری کی لاش ہے۔ (D) یہ ایک رسی ہے۔,یہ ایک بکری کی لاش ہے۔,0,"The question and answer are nonsensical and do not relate to the image. The image shows a buzkashi match, where players on horseback compete for a goat carcass. The question asks what the competitors are competing for and the correct answer is a goat carcass, but the wording and options are strange and misleading. The option 'goat carcass' seems extremely blunt and unnatural in the context of a question.",سوار جس چیز کے لیے مقابلہ کر رہے ہیں، وہ کیا ہے؟,(A) ایک گیند (B) ایک جھنڈا (C) ایک بکرا (D) ایک رسی,ایک بکرا
buzkashi_55,IBQ,Pakistan_IBQ.xlsx,Buzkashi,buzkashi_55 میں دکھائی جانے والی اہم کارروائی کیا ہے؟,(A) آرام سے گھوڑے کی سواری۔ (B) سواروں کا ایک گروپ جو مرکزی چیز کے لیے مقابلہ کر رہا ہے۔ (C) گھوڑوں کی پریڈ (D) گھوڑوں کی دوڑ,سواروں کا ایک گروپ جو مرکزی چیز کے لیے مقابلہ کر رہا ہے۔,1,no mistake,no correction needed,no correction needed,no answer needed
buzkashi_52,IBQ,Pakistan_IBQ.xlsx,Buzkashi,buzkashi_52 میں دکھائی جانے والی اہم کارروائی کیا ہے؟,(A) آرام سے گھوڑے کی سواری۔ (B) سواروں کا ایک گروپ جو مرکزی چیز کے لیے مقابلہ کر رہا ہے۔ (C) گھوڑوں کی پریڈ (D) گھوڑوں کی دوڑ,سواروں کا ایک گروپ جو مرکزی چیز کے لیے مقابلہ کر رہا ہے۔,1,no mistake,no correction needed,no correction needed,no answer needed
buzkashi_52,IBQ,Pakistan_IBQ.xlsx,Buzkashi,گھوڑوں کے اظہار کے بارے میں ایک قابل ذکر تفصیل کیا ہے؟,(A) پرسکون اور پر سکون (B) خوف زدہ اور بے چین (C) کشیدہ اور شدید (D) خوش اور مسکراتے ہوئے۔,کشیدہ اور شدید,1,no mistake,no correction needed,no correction needed,no answer needed
buzkashi_53,IBQ,Pakistan_IBQ.xlsx,Buzkashi,buzkashi_53 میں دکھائی جانے والی اہم کارروائی کیا ہے؟,(A) آرام سے گھوڑے کی سواری۔ (B) سواروں کا ایک گروپ جو مرکزی چیز کے لیے مقابلہ کر رہا ہے۔ (C) گھوڑوں کی پریڈ (D) گھوڑوں کی دوڑ,سواروں کا ایک گروپ جو مرکزی چیز کے لیے مقابلہ کر رہا ہے۔,1,no mistake,no correction needed,no correction needed,no answer needed
buzkashi_47,IBQ,Pakistan_IBQ.xlsx,Buzkashi,buzkashi_47 میں دکھایا گیا اہم عمل کیا ہے؟,(A) آرام سے گھوڑے کی سواری۔ (B) سواروں کا ایک گروپ جو مرکزی چیز کے لیے مقابلہ کر رہا ہے۔ (C) گھوڑوں کی پریڈ (D) گھوڑوں کی دوڑ,سواروں کا ایک گروپ جو مرکزی چیز کے لیے مقابلہ کر رہا ہے۔,1,no mistake,no correction needed,no correction needed,no answer needed
buzkashi_39,IBQ,Pakistan_IBQ.xlsx,Buzkashi,buzkashi_39 میں دکھایا گیا اہم عمل کیا ہے؟,(A) آرام سے گھوڑے کی سواری۔ (B) سواروں کا ایک گروپ جو مرکزی چیز کے لیے مقابلہ کر رہا ہے۔ (C) گھوڑوں کی پریڈ (D) گھوڑوں کی دوڑ,سواروں کا ایک گروپ جو مرکزی چیز کے لیے مقابلہ کر رہا ہے۔,1,no mistake,no correction needed,no correction needed,no answer needed
buzkashi_68,IBQ,Pakistan_IBQ.xlsx,Buzkashi,buzkashi_68 میں دکھائی جانے والی اہم کارروائی کیا ہے؟,(A) آرام سے گھوڑے کی سواری۔ (B) سواروں کا ایک گروپ جو مرکزی چیز کے لیے مقابلہ کر رہا ہے۔ (C) گھوڑوں کی پریڈ (D) گھوڑوں کی دوڑ,سواروں کا ایک گروپ جو مرکزی چیز کے لیے مقابلہ کر رہا ہے۔,1,no mistake,no correction needed,no correction needed,no answer needed
buzkashi_59,IBQ,Pakistan_IBQ.xlsx,Buzkashi,buzkashi_59 میں دکھایا گیا اہم عمل کیا ہے؟,(A) آرام سے گھوڑے کی سواری۔ (B) سواروں کا ایک گروپ جو مرکزی چیز کے لیے مقابلہ کر رہا ہے۔ (C) گھوڑوں کی پریڈ (D) گھوڑوں کی دوڑ,سواروں کا ایک گروپ جو مرکزی چیز کے لیے مقابلہ کر رہا ہے۔,1,no mistake,no correction needed,no correction needed,no answer needed
buzkashi_62,IBQ,Pakistan_IBQ.xlsx,Buzkashi,buzkashi_62 میں دکھایا گیا اہم عمل کیا ہے؟,(A) آرام سے گھوڑے کی سواری۔ (B) تیز رفتاری سے لاش کو لے جانے والا سوار (C) گھوڑوں کی پریڈ (D) گھوڑوں کی دوڑ,تیز رفتاری سے لاش کو لے جانے والا سوار,1,no mistake,no correction needed,no correction needed,no answer needed
buzkashi_66,IBQ,Pakistan_IBQ.xlsx,Buzkashi,buzkashi_66 میں دکھائی جانے والی اہم کارروائی کیا ہے؟,(A) آرام سے گھوڑے کی سواری۔ (B) سواروں کا ایک گروپ جو مرکزی چیز کے لیے مقابلہ کر رہا ہے۔ (C) گھوڑوں کی پریڈ (D) گھوڑوں کی دوڑ,سواروں کا ایک گروپ جو مرکزی چیز کے لیے مقابلہ کر رہا ہے۔,1,no mistake,no correction needed,no correction needed,no answer needed
buzkashi_72,IBQ,Pakistan_IBQ.xlsx,Buzkashi,buzkashi_72 میں دکھائی جانے والی اہم کارروائی کیا ہے؟,(A) آرام سے گھوڑے کی سواری۔ (B) سواروں کا ایک گروپ جو مرکزی چیز کے لیے مقابلہ کر رہا ہے۔ (C) گھوڑوں کی پریڈ (D) گھوڑوں کی دوڑ,آرام سے گھوڑے کی سواری۔,0,"The image clearly shows a Buzkashi game, where riders are competing for a goat or calf carcass. The correct answer should reflect this competitive action, not 'leisurely horse riding'.",buzkashi_72 میں دکھائی جانے والی اہم کارروائی کیا ہے؟,"['(A) گھوڑوں کی آرام دہ سواری۔', '(B) سواروں کا ایک گروپ جو ایک چیز کے لیے مقابلہ کر رہا ہے۔', '(C) گھوڑوں کی پریڈ۔', '(D) گھوڑوں کی دوڑ۔']",(B) سواروں کا ایک گروپ جو ایک چیز کے لیے مقابلہ کر رہا ہے۔
buzkashi_63,IBQ,Pakistan_IBQ.xlsx,Buzkashi,buzkashi_63 میں دکھائی جانے والی اہم کارروائی کیا ہے؟,(A) آرام سے گھوڑے کی سواری۔ (B) تیز رفتاری سے لاش کو لے جانے والا سوار (C) گھوڑوں کی پریڈ (D) گھوڑوں کی دوڑ,تیز رفتاری سے لاش کو لے جانے والا سوار,1,no mistake,no correction needed,no correction needed,no answer needed
buzkashi_58,IBQ,Pakistan_IBQ.xlsx,Buzkashi,buzkashi_58 میں دکھائی جانے والی اہم کارروائی کیا ہے؟,(A) آرام سے گھوڑے کی سواری۔ (B) سواروں کا ایک گروپ جو مرکزی چیز کے لیے مقابلہ کر رہا ہے۔ (C) گھوڑوں کی پریڈ (D) گھوڑوں کی دوڑ,سواروں کا ایک گروپ جو مرکزی چیز کے لیے مقابلہ کر رہا ہے۔,1,no mistake,no correction needed,no correction needed,no answer needed
buzkashi_61,IBQ,Pakistan_IBQ.xlsx,Buzkashi,buzkashi_61 میں دکھائی جانے والی اہم کارروائی کیا ہے؟,(A) آرام سے گھوڑے کی سواری۔ (B) سواروں کا ایک گروپ جو مرکزی چیز کے لیے مقابلہ کر رہا ہے۔ (C) گھوڑوں کی پریڈ (D) گھوڑوں کی دوڑ,سواروں کا ایک گروپ جو مرکزی چیز کے لیے مقابلہ کر رہا ہے۔,1,no mistake,no correction needed,no correction needed,no answer needed
buzkashi_67,IBQ,Pakistan_IBQ.xlsx,Buzkashi,buzkashi_67 میں دکھائی جانے والی اہم کارروائی کیا ہے؟,(A) آرام سے گھوڑے کی سواری۔ (B) سواروں کا ایک گروپ جو مرکزی چیز کے لیے مقابلہ کر رہا ہے۔ (C) گھوڑوں کی پریڈ (D) گھوڑوں کی دوڑ,سواروں کا ایک گروپ جو مرکزی چیز کے لیے مقابلہ کر رہا ہے۔,1,no mistake,no correction needed,no correction needed,no answer needed
buzkashi_71,IBQ,Pakistan_IBQ.xlsx,Buzkashi,buzkashi_71 میں دکھائی جانے والی اہم کارروائی کیا ہے؟,(A) آرام سے گھوڑے کی سواری۔ (B) سواروں کا ایک گروپ جو مرکزی چیز کے لیے مقابلہ کر رہا ہے۔ (C) گھوڑوں کی پریڈ (D) گھوڑوں کی دوڑ,سواروں کا ایک گروپ جو مرکزی چیز کے لیے مقابلہ کر رہا ہے۔,1,no mistake,no correction needed,no correction needed,no answer needed
buzkashi_77,IBQ,Pakistan_IBQ.xlsx,Buzkashi,buzkashi_77 میں دکھائی جانے والی اہم کارروائی کیا ہے؟,(A) آرام سے گھوڑے کی سواری۔ (B) سواروں کا ایک گروپ جو مرکزی چیز کے لیے مقابلہ کر رہا ہے۔ (C) گھوڑوں کی پریڈ (D) گھوڑوں کی دوڑ,سواروں کا ایک گروپ جو مرکزی چیز کے لیے مقابلہ کر رہا ہے۔,1,no mistake,no correction needed,no correction needed,no answer needed
buzkashi_88,IBQ,Pakistan_IBQ.xlsx,Buzkashi,buzkashi_88 میں دکھایا گیا اہم عمل کیا ہے؟,(A) آرام سے گھوڑے کی سواری۔ (B) سواروں کا ایک گروپ جو مرکزی چیز کے لیے مقابلہ کر رہا ہے۔ (C) گھوڑوں کی پریڈ (D) گھوڑوں کی دوڑ,آرام سے گھوڑے کی سواری۔,0,The correct answer is incorrect given the image. The image depicts a group of horse riders competing for an object (likely a goat carcass in Buzkashi). The provided answer 'آرام سے گھوڑے کی سواری۔ (Casual Horse Riding)' is not the primary action shown.,buzkashi_88 میں دکھایا گیا اہم منظر کیا ہے؟,(A) گھوڑوں کی دوڑ۔ (B) سواروں کا ایک گروپ جو ایک چیز کے لیے مقابلہ کر رہا ہے۔ (C) گھوڑوں کی پریڈ۔ (D) گھوڑوں کی نمائش,سواروں کا ایک گروپ جو ایک چیز کے لیے مقابلہ کر رہا ہے۔
buzkashi_95,IBQ,Pakistan_IBQ.xlsx,Buzkashi,buzkashi_95 میں دکھایا گیا اہم عمل کیا ہے؟,(A) آرام سے گھوڑے کی سواری۔ (B) سواروں کا ایک گروپ جو مرکزی چیز کے لیے مقابلہ کر رہا ہے۔ (C) گھوڑوں کی پریڈ (D) گھوڑوں کی دوڑ,سواروں کا ایک گروپ جو مرکزی چیز کے لیے مقابلہ کر رہا ہے۔,1,no mistake,no correction needed,no correction needed,no answer needed
buzkashi_79,IBQ,Pakistan_IBQ.xlsx,Buzkashi,buzkashi_79 میں دکھائی جانے والی اہم کارروائی کیا ہے؟,(A) آرام سے گھوڑے کی سواری۔ (B) تیز رفتاری سے لاش کو لے جانے والا سوار (C) گھوڑوں کی پریڈ (D) گھوڑوں کی دوڑ,تیز رفتاری سے لاش کو لے جانے والا سوار,1,no mistake,no correction needed,no correction needed,no answer needed
buzkashi_86,IBQ,Pakistan_IBQ.xlsx,Buzkashi,buzkashi_86 میں دکھائی جانے والی اہم کارروائی کیا ہے؟,(A) آرام سے گھوڑے کی سواری۔ (B) سواروں کا ایک گروپ جو مرکزی چیز کے لیے مقابلہ کر رہا ہے۔ (C) گھوڑوں کی پریڈ (D) گھوڑوں کی دوڑ,سواروں کا ایک گروپ جو مرکزی چیز کے لیے مقابلہ کر رہا ہے۔,1,no mistake,no correction needed,no correction needed,no answer needed
buzkashi_74,IBQ,Pakistan_IBQ.xlsx,Buzkashi,buzkashi_74 میں دکھائی جانے والی اہم کارروائی کیا ہے؟,(A) آرام سے گھوڑے کی سواری۔ (B) سواروں کا ایک گروپ جو مرکزی چیز کے لیے مقابلہ کر رہا ہے۔ (C) گھوڑوں کی پریڈ (D) گھوڑوں کی دوڑ,سواروں کا ایک گروپ جو مرکزی چیز کے لیے مقابلہ کر رہا ہے۔,1,no mistake,no correction needed,no correction needed,no answer needed
buzkashi_83,IBQ,Pakistan_IBQ.xlsx,Buzkashi,buzkashi_83 میں دکھائی جانے والی اہم کارروائی کیا ہے؟,(A) آرام سے گھوڑے کی سواری۔ (B) سواروں کا ایک گروپ جو مرکزی چیز کے لیے مقابلہ کر رہا ہے۔ (C) گھوڑوں کی پریڈ (D) گھوڑوں کی دوڑ,سواروں کا ایک گروپ جو مرکزی چیز کے لیے مقابلہ کر رہا ہے۔,1,no mistake,no correction needed,no correction needed,no answer needed
buzkashi_90,IBQ,Pakistan_IBQ.xlsx,Buzkashi,buzkashi_90 میں دکھائی جانے والی اہم کارروائی کیا ہے؟,(A) آرام سے گھوڑے کی سواری۔ (B) سواروں کا ایک گروپ جو مرکزی چیز کے لیے مقابلہ کر رہا ہے۔ (C) گھوڑوں کی پریڈ (D) گھوڑوں کی دوڑ,سواروں کا ایک گروپ جو مرکزی چیز کے لیے مقابلہ کر رہا ہے۔,1,no mistake,no correction needed,no correction needed,no answer needed
buzkashi_93,IBQ,Pakistan_IBQ.xlsx,Buzkashi,buzkashi_93 میں دکھائی جانے والی اہم کارروائی کیا ہے؟,(A) آرام سے گھوڑے کی سواری۔ (B) سواروں کا ایک گروپ جو مرکزی چیز کے لیے مقابلہ کر رہا ہے۔ (C) گھوڑوں کی پریڈ (D) گھوڑوں کی دوڑ,سواروں کا ایک گروپ جو مرکزی چیز کے لیے مقابلہ کر رہا ہے۔,1,no mistake,no correction needed,no correction needed,no answer needed
gatka_1,IBQ,Pakistan_IBQ.xlsx,Gatka,گٹکا_1 میں دکھایا گیا اہم عمل کیا ہے؟,(A) دو آدمی تلواروں سے لڑ رہے ہیں۔ (B) دو آدمی ناچ رہے ہیں۔ (C) دو آدمی سہارے کے ساتھ پوز دے رہے ہیں۔ (D) دو آدمی کشتی کرتے ہوئے۔,دو آدمی تلواروں سے لڑ رہے ہیں۔,1,no mistake,no correction needed,no correction needed,no answer needed
gatka_1,IBQ,Pakistan_IBQ.xlsx,Gatka,بائیں طرف لڑاکا کے لباس کے بارے میں ایک قابل ذکر تفصیل کیا ہے؟,(A) اس نے بکتر کا پورا سوٹ پہن رکھا ہے۔ (B) اس نے نارنجی رنگ کی پگڑی کے ساتھ ایک لمبا، سفید لباس پہن رکھا ہے۔ (C) اس نے شارٹس اور ٹی شرٹ پہن رکھی ہے۔ (D) اس نے پولیس کی وردی پہن رکھی ہے۔,اس نے نارنجی رنگ کی پگڑی کے ساتھ ایک لمبا، سفید لباس پہن رکھا ہے۔,1,no mistake,no correction needed,no correction needed,no answer needed
gatka_1,IBQ,Pakistan_IBQ.xlsx,Gatka,جنگجوؤں کے ذریعہ استعمال ہونے والا بنیادی ہتھیار کیا ہے؟,(A) ایک چھوٹی تلوار (B) ایک لمبی چھڑی (C) ایک کمان اور تیر (D) ایک ننگی مٹھی,ایک چھوٹی تلوار,1,no mistake,no correction needed,no correction needed,no answer needed
gatka_1,IBQ,Pakistan_IBQ.xlsx,Gatka,اس لڑائی کی ترتیب کیا ہے؟,(A) ایک انڈور اسٹیڈیم (B) ایک دیہی، بیرونی علاقہ (C) شہر کی مصروف گلی (D) گھاس کا میدان,گھاس کا میدان,1,no mistake,no correction needed,no correction needed,no answer needed
gatka_1,IBQ,Pakistan_IBQ.xlsx,Gatka,جنگجوؤں کے ظاہری جذبات کیا ہیں؟,(A) پرسکون اور پر سکون (B) خوف زدہ اور بے چین (C) کشیدہ اور شدید (D) خوش اور مسکراتے ہوئے۔,کشیدہ اور شدید,1,no mistake,no correction needed,no correction needed,no answer needed
gatka_1,IBQ,Pakistan_IBQ.xlsx,Gatka,جنگجوؤں کی ظاہری باڈی پوزیشن کیا ہے؟,(A) سیدھا کھڑا ہونا (B) کم، متحرک موقف میں (C) زمین پر لیٹنا (D) بیٹھا ہوا,کم، متحرک موقف میں,1,no mistake,no correction needed,no correction needed,no answer needed
gatka_1,IBQ,Pakistan_IBQ.xlsx,Gatka,پس منظر میں ہجوم کی سب سے نمایاں خصوصیت کیا ہے؟,(A) وہ بھاگ رہے ہیں۔ (B) وہ خاموش بیٹھے ہیں۔ (C) وہ لڑائی کو قدرتی رکاوٹ سے دیکھ رہے ہیں۔ (D) وہ سب ایک اسٹیج پر کھڑے ہیں۔,وہ لڑائی کو قدرتی رکاوٹ سے دیکھ رہے ہیں۔,1,no mistake,no correction needed,no correction needed,no answer needed
gatka_1,IBQ,Pakistan_IBQ.xlsx,Gatka,زمین کی ظاہری حالت کیا ہے؟,(A) یہ ایک پکی سطح ہے۔ (B) یہ ایک کیچڑ والا میدان ہے۔ (C) یہ ایک ریتلی یا مٹی کی سطح ہے جس میں دھول اڑتی ہے۔ (D) یہ ایک گھاس والی سطح ہے۔,یہ ایک گھاس والی سطح ہے۔,1,no mistake,no correction needed,no correction needed,no answer needed
gatka_1,IBQ,Pakistan_IBQ.xlsx,Gatka,ڈھال کا بنیادی مقصد کیا ہے جو ہر لڑاکا پکڑے ہوئے ہے؟,(A) تلوار کے وار کو روکنے کے لیے (B) ہتھیار رکھنے کے لیے (C) صرف سجاوٹ کے لیے (D) سورج کو روکنے کے لئے,تلوار کے وار کو روکنے کے لیے,1,no mistake,no correction needed,no correction needed,no answer needed
gatka_1,IBQ,Pakistan_IBQ.xlsx,Gatka,ایونٹ کا مجموعی موڈ ایسا لگتا ہے...,(A) ایک آرام دہ مشق سیشن (B) ایک تناؤ اور جارحانہ کارکردگی (C) ایک پرسکون، پرامن اجتماع (D) ایک سست، رسمی رقص,ایک تناؤ اور جارحانہ کارکردگی,1,no mistake,no correction needed,no correction needed,no answer needed
gatka_2,IBQ,Pakistan_IBQ.xlsx,Gatka,گٹکا_2 میں دکھایا گیا اہم عمل کیا ہے؟,(A) دو آدمی تلواروں سے لڑ رہے ہیں۔ (B) دو آدمی ناچ رہے ہیں۔ (C) دو آدمی سہارے کے ساتھ پوز دے رہے ہیں۔ (D) دو آدمی کشتی کرتے ہوئے۔,دو آدمی تلواروں سے لڑ رہے ہیں۔,1,no mistake,no correction needed,no correction needed,no answer needed
gatka_3,IBQ,Pakistan_IBQ.xlsx,Gatka,گٹکا_3 میں دکھایا گیا اہم عمل کیا ہے؟,(A) ایک آدمی ناچ رہا ہے۔ (B) ایک آدمی سہارے کے ساتھ پوز کر رہا ہے۔ (C) تلواروں سے لڑنے والا آدمی (D) ایک آدمی لمبی چھڑی کے ساتھ ہوا میں چھلانگ لگا رہا ہے۔,ایک آدمی لمبی چھڑی کے ساتھ ہوا میں چھلانگ لگا رہا ہے۔,1,no mistake,no correction needed,no correction needed,no answer needed
gatka_3,IBQ,Pakistan_IBQ.xlsx,Gatka,آدمی کے لباس کے بارے میں ایک قابل ذکر تفصیل کیا ہے؟,(A) اس نے بکتر کا پورا سوٹ پہن رکھا ہے۔ (B) اس نے ایک لمبا، کالا چوغہ پہن رکھا ہے جس میں سفید چادر ہے۔ (C) اس نے شارٹس اور ٹی شرٹ پہن رکھی ہے۔ (D) اس نے پولیس کی وردی پہن رکھی ہے۔,اس نے ایک لمبا، کالا چوغہ پہن رکھا ہے جس میں سفید چادر ہے۔,0,"The question asks about the clothing of a person, but the image shows people wearing traditional Sikh attire (kurta, chola, and turban). Option (B) describes a long black cloak with a white sheet, which doesn't match the image. The correct answer should reflect the attire visible in the image.",تصویر میں دکھائی دینے والے شخص کے لباس کی ایک قابل ذکر خصوصیت کیا ہے؟,(A) اس نے بکتر کا پورا سوٹ پہن رکھا ہے۔ (B) اس نے ایک لمبا، کالا چوغہ پہن رکھا ہے جس میں سفید چادر ہے۔ (C) اس نے سیاہ رنگ کی کرتا اور چولہ پہنا ہوا ہے، اور سر پر دُپٹہ باندھا ہوا ہے۔ (D) اس نے پولیس کی وردی پہن رکھی ہے۔,اس نے سیاہ رنگ کی کرتا اور چولہ پہنا ہوا ہے، اور سر پر دُپٹہ ب��ندھا ہوا ہے۔
gatka_3,IBQ,Pakistan_IBQ.xlsx,Gatka,آدمی کی طرف سے استعمال کیا جاتا بنیادی ہتھیار کیا ہے؟,(A) ایک چھوٹی تلوار (B) ایک لمبی چھڑی (C) ایک کمان اور تیر (D) ایک ننگی مٹھی,ایک لمبی چھڑی,1,no mistake,no correction needed,no correction needed,no answer needed
gatka_3,IBQ,Pakistan_IBQ.xlsx,Gatka,آدمی کا ظاہری جذبات کیا ہے؟,(A) پرسکون اور پر سکون (B) خوف زدہ اور بے چین (C) کشیدہ اور شدید (D) خوش اور مسکراتے ہوئے۔,کشیدہ اور شدید,1,no mistake,no correction needed,no correction needed,no answer needed
gatka_3,IBQ,Pakistan_IBQ.xlsx,Gatka,مرد کی ظاہری جسمانی پوزیشن کیا ہے؟,(A) سیدھا کھڑا ہونا (B) کم، متحرک موقف میں (C) زمین پر لیٹنا (D) ہوا میں چھلانگ لگانا,ہوا میں چھلانگ لگانا,1,no mistake,no correction needed,no correction needed,no answer needed
gatka_3,IBQ,Pakistan_IBQ.xlsx,Gatka,لمبی چھڑی کا بنیادی مقصد کیا ہے؟,(A) تلوار کے وار کو روکنے کے لیے (B) ہتھیار رکھنے کے لیے (C) صرف سجاوٹ کے لیے (D) سورج کو روکنے کے لئے,ہتھیار رکھنے کے لیے,1,no mistake,no correction needed,no correction needed,no answer needed
gatka_4,IBQ,Pakistan_IBQ.xlsx,Gatka,گٹکا_4 میں دکھایا گیا اہم عمل کیا ہے؟,(A) ایک آدمی ناچ رہا ہے۔ (B) ایک آدمی سہارے کے ساتھ پوز کر رہا ہے۔ (C) تلواروں سے لڑنے والا آدمی (D) ایک آدمی چھوٹی تلوار کے ساتھ ہوا میں چھلانگ لگا رہا ہے۔,ایک آدمی چھوٹی تلوار کے ساتھ ہوا میں چھلانگ لگا رہا ہے۔,1,no mistake,no correction needed,no correction needed,no answer needed
gatka_4,IBQ,Pakistan_IBQ.xlsx,Gatka,مختصر تلوار کا بنیادی مقصد کیا ہے؟,(A) تلوار کے وار کو روکنے کے لیے (B) ہتھیار رکھنے کے لیے (C) صرف سجاوٹ کے لیے (D) سورج کو روکنے کے لئے,ہتھیار رکھنے کے لیے,1,no mistake,no correction needed,no correction needed,no answer needed
gatka_5,IBQ,Pakistan_IBQ.xlsx,Gatka,گٹکا_5 میں دکھایا گیا اہم عمل کیا ہے؟,(A) دو آدمی ناچ رہے ہیں۔ (B) دو آدمی لاٹھیوں اور ڈھالوں سے لڑ رہے ہیں۔ (C) دو آدمی تصویر کے لیے پوز کر رہے ہیں۔ (D) دو آدمی کشتی کرتے ہوئے۔,دو آدمی لاٹھیوں اور ڈھالوں سے لڑ رہے ہیں۔,1,no mistake,no correction needed,no correction needed,no answer needed
gatka_5,IBQ,Pakistan_IBQ.xlsx,Gatka,جنگجوؤں کے لباس کے بارے میں ایک قابل ذکر تفصیل کیا ہے؟,(A) انہوں نے بکتر کا پورا سوٹ پہن رکھا ہے۔ (B) انہوں نے ایک لمبا اورنج پیٹرن والا اسکرٹ پہن رکھا ہے۔ (C) انہوں نے شارٹس اور ٹی شرٹ پہن رکھی ہیں۔ (D) انہوں نے پولیس کی وردی پہن رکھی ہے۔,انہوں نے ایک لمبا اورنج پیٹرن والا اسکرٹ پہن رکھا ہے۔,1,no mistake,no correction needed,no correction needed,no answer needed
gatka_6,IBQ,Pakistan_IBQ.xlsx,Gatka,گٹکا_6 میں دکھایا گیا اہم عمل کیا ہے؟,(A) دو لوگ ناچ رہے ہیں۔ (B) دو آدمی تلواروں سے لڑ رہے ہیں۔ (C) دو آدمی سہارے کے ساتھ پوز دے رہے ہیں۔ (D) دو آدمی کشتی کرتے ہوئے۔,دو آدمی تلواروں سے لڑ رہے ہیں۔,1,no mistake,no correction needed,no correction needed,no answer needed
gatka_7,IBQ,Pakistan_IBQ.xlsx,Gatka,گٹکا_7 میں دکھایا گیا اہم عمل کیا ہے؟,(A) دو آدمی لاٹھیوں اور ڈھالوں سے لڑ رہے ہیں۔ (B) دو آدمی ناچ رہے ہیں۔ (C) دو آدمی سہارے کے ساتھ پوز دے رہے ہیں۔ (D) دو آدمی کشتی کرتے ہوئے۔,دو آدمی لاٹھیوں اور ڈھالوں سے لڑ رہے ہیں۔,1,no mistake,no correction needed,no correction needed,no answer needed
gatka_9,IBQ,Pakistan_IBQ.xlsx,Gatka,گٹکا_9 میں دکھایا گیا اہم عمل کیا ہے؟,(A) دو آدمی تلواروں سے لڑ رہے ہیں۔ (B) دو آدمی ناچ رہے ہیں۔ (C) دو آدمی سہارے کے ساتھ پوز دے رہے ہیں۔ (D) دو آدمی کشتی کرتے ہوئے۔,دو آدمی تلواروں سے لڑ رہے ہیں۔,1,no mistake,no correction needed,no correction needed,no answer needed
gatka_13,IBQ,Pakistan_IBQ.xlsx,Gatka,گٹکا_13 میں دکھایا گیا اہم عمل کیا ہے؟,(A) دو آدمی لاٹھیوں اور ڈھالوں سے لڑ رہے ہیں۔ (B) دو آدمی ناچ رہے ہیں۔ (C) دو آدمی سہارے کے ساتھ پوز دے رہے ہیں۔ (D) دو آدمی کشتی کرتے ہوئے۔,دو آدمی لاٹھیوں اور ڈھالوں سے لڑ رہے ہیں۔,1,no mistake,no correction needed,no correction needed,no answer needed
gatka_16,IBQ,Pakistan_IBQ.xlsx,Gatka,گٹکا_16 میں دکھایا گیا اہم عمل کیا ہے؟,(A) بچوں کا ایک گروپ پوز دے رہا ہے۔ (B) بچوں کا ایک گروپ ناچ رہا ہے۔ (C) بچوں کا ایک گروہ جو تلواروں سے لڑ رہا ہے۔ (D) بچوں کا ایک گروپ ریسلنگ,بچوں کا ایک گروپ پوز دے رہا ہے۔,0,"The image shows children practicing Gatka, a traditional Punjabi martial art involving swords and shields. The correct answer should reflect this activity, not just 'posing'. The current options are also inaccurate given the image.",گٹکا_16 میں دکھایا گیا اہم عمل کیا ہے؟,"['(A) بچوں کا ایک گروپ تلواریں چلا رہا ہے۔', '(B) بچوں کا ایک گروپ گٹکا کی مشق کر رہا ہے۔', '(C) بچوں کا ایک گروپ ناچ رہا ہے۔', '(D) بچوں کا ایک گروپ ریسلنگ کر رہا ہے۔']",بچوں کا ایک گروپ گٹکا کی مشق کر رہا ہے۔
gatka_16,IBQ,Pakistan_IBQ.xlsx,Gatka,بچوں کے لباس کے بارے میں ایک قابل ذکر تفصیل کیا ہے؟,(A) انہوں نے بکتر کا پورا سوٹ پہن رکھا ہے۔ (B) انہوں نے نارنجی رنگ کا ایک لمبا، نیلا لباس پہن رکھا ہے۔ (C) انہوں نے شارٹس اور ٹی شرٹ پہن رکھی ہیں۔ (D) اس نے پولیس کی وردی پہن رکھی ہے۔,انہوں نے نارنجی رنگ کا ایک لمبا، نیلا لباس پہن رکھا ہے۔,1,no mistake,no correction needed,no correction needed,no answer needed
gatka_16,IBQ,Pakistan_IBQ.xlsx,Gatka,بچوں کے ذریعہ استعمال ہونے والا بنیادی ہتھیار کیا ہے؟,(A) ایک چھوٹی تلوار (B) ایک لمبی چھڑی (C) ایک کمان اور تیر (D) ایک ننگی مٹھی,ایک لمبی چھڑی,1,no mistake,no correction needed,no correction needed,no answer needed
gatka_16,IBQ,Pakistan_IBQ.xlsx,Gatka,بچوں کے ظاہری جذبات کیا ہیں؟,(A) پرسکون اور پر سکون (B) خوف زدہ اور بے چین (C) کشیدہ اور شدید (D) خوش اور مسکراتے ہوئے۔,پرسکون اور پر سکون,0,"The question asks about the 'apparent emotions of children' but the given image shows children participating in a procession, looking focused and perhaps a little serious. The answer 'calm and peaceful' doesn't necessarily align with their expressions. The question is too general without the image context, and the current answer doesn't clearly reflect what's visible in the picture.",تصویر میں موجود بچوں کے تاثرات کیا ہیں؟,(A) فکر مند اور سنجیدہ (B) خوش اور پرجوش (C) خوف زدہ اور پریشان (D) بے دلچسپی اور تھکے ہوئے,فکر مند اور سنجیدہ
gatka_16,IBQ,Pakistan_IBQ.xlsx,Gatka,بچوں کی ظاہری جسمانی پوزیشن کیا ہے؟,(A) سیدھا کھڑا ہونا (B) کم، متحرک موقف میں (C) زمین پر لیٹنا (D) بیٹھا ہوا,سیدھا کھڑا ہونا,1,no mistake,no correction needed,no correction needed,no answer needed
gatka_16,IBQ,Pakistan_IBQ.xlsx,Gatka,ڈھال کا بنیادی مقصد کیا ہے جو ہر بچے کے پاس ہے؟,(A) تلوار کے وار کو روکنے کے لیے (B) ہتھیار رکھنے کے لیے (C) صرف سجاوٹ کے لیے (D) سورج کو روکنے کے لئے,تلوار کے وار کو روکنے کے لیے,1,no mistake,no correction needed,no correction needed,no answer needed
gatka_22,IBQ,Pakistan_IBQ.xlsx,Gatka,گٹکا_22 میں دکھایا گیا اہم عمل کیا ہے؟,(A) دو آدمی تلواروں سے لڑ رہے ہیں۔ (B) دو آدمی ناچ رہے ہیں۔ (C) دو آدمی سہارے کے ساتھ پوز دے رہے ہیں۔ (D) دو آدمی کشتی کرتے ہوئے۔,دو آدمی تلواروں سے لڑ رہے ہیں۔,1,no mistake,no correction needed,no correction needed,no answer needed
gatka_22,IBQ,Pakistan_IBQ.xlsx,Gatka,دائیں طرف لڑاکا کے لباس کے بارے میں ایک قابل ذکر تفصیل کیا ہے؟,(A) اس نے بکتر کا پورا سوٹ پہن رکھا ہے۔ (B) اس نے سیاہ پگڑی کے ساتھ ایک لمبا، سفید لباس پہن رکھا ہے۔ (C) اس نے شارٹس اور ٹی شرٹ پہن رکھی ہے۔ (D) اس نے پولیس کی وردی پہن رکھی ہے۔,اس نے سیاہ پگڑی کے ساتھ ایک لمبا، سفید لباس پہن رکھا ہے۔,1,no mistake,no correction needed,no correction needed,no answer needed
gatka_45,IBQ,Pakistan_IBQ.xlsx,Gatka,گٹکا_45 میں دکھایا گیا اہم عمل کیا ہے؟,(A) دو آدمی تلواروں سے لڑ رہے ہیں۔ (B) دو آدمی ناچ رہے ہیں۔ (C) دو آدمی سہارے کے ساتھ پوز دے رہے ہیں۔ (D) دو آدمی کشتی کرتے ہوئے۔,دو آدمی تلواروں سے لڑ رہے ہیں۔,1,no mistake,no correction needed,no correction needed,no answer needed
gatka_24,IBQ,Pakistan_IBQ.xlsx,Gatka,گٹکا_24 میں دکھایا گیا اہم عمل کیا ہے؟,(A) دو آدمی تلواروں سے لڑ رہے ہیں۔ (B) دو آدمی ناچ رہے ہیں۔ (C) دو آدمی سہارے کے ساتھ پوز دے رہے ہیں۔ (D) دو آدمی کشتی کرتے ہوئے۔,دو آدمی تلواروں سے لڑ رہے ہیں۔,1,no mistake,no correction needed,no correction needed,no answer needed
gatka_49,IBQ,Pakistan_IBQ.xlsx,Gatka,گٹکا_49 میں دکھایا گیا اہم عمل کیا ہے؟,(A) ایک آدمی ناچ رہا ہے۔ (B) ایک آدمی سہارے کے ساتھ پوز کر رہا ہے۔ (C) تلواروں سے لڑنے والا آدمی (D) ایک آدمی چھوٹی تلوار کے ساتھ ہوا میں چھلانگ لگا رہا ہے۔,ایک آدمی سہارے کے ساتھ پوز کر رہا ہے۔,1,no mistake,no correction needed,no correction needed,no answer needed
gatka_49,IBQ,Pakistan_IBQ.xlsx,Gatka,نیزے کا بنیادی مقصد کیا ہے؟,(A) تلوار کے وار کو روکنے کے لیے (B) ہتھیار رکھنے کے لیے (C) صرف سجاوٹ کے لیے (D) سورج کو روکنے کے لئے,ہتھیار رکھنے کے لیے,1,no mistake,no correction needed,no correction needed,no answer needed
gatka_20,IBQ,Pakistan_IBQ.xlsx,Gatka,گٹکا_20 میں دکھایا گیا اہم عمل کیا ہے؟,(A) دو آدمی تلواروں سے لڑ رہے ہیں۔ (B) دو آدمی ناچ رہے ہیں۔ (C) دو آدمی سہارے کے ساتھ پوز دے رہے ہیں۔ (D) دو آدمی کشتی کرتے ہوئے۔,دو آدمی تلواروں سے لڑ رہے ہیں۔,1,no mistake,no correction needed,no correction needed,no answer needed
gatka_51,IBQ,Pakistan_IBQ.xlsx,Gatka,گٹکا_51 میں دکھایا گیا اہم عمل کیا ہے؟,(A) دو آدمی ناچ رہے ہیں۔ (B) ہم وقت ساز موقف میں مارشل آرٹسٹوں کا ایک گروپ (C) مارشل آرٹسٹوں کا ایک گروپ لڑ رہا ہے۔ (D) مارشل آرٹسٹوں کا ایک گروپ ریسلنگ,ہم وقت ساز موقف میں مارشل آرٹسٹوں کا ایک گروپ,1,no mistake,no correction needed,no correction needed,no answer needed
gatka_51,IBQ,Pakistan_IBQ.xlsx,Gatka,مارشل آرٹسٹوں کے لباس کے بارے میں ایک قابل ذکر تفصیل کیا ہے؟,(A) انہوں نے بکتر کا پورا سوٹ پہن رکھا ہے۔ (B) انہوں نے ایک لمبا، سیاہ لباس پہنے ہوئے ہیں جس میں سرخ شیش ہیں۔ (C) اس نے شارٹس اور ٹی شرٹ پہن رکھی ہے۔ (D) اس نے پولیس کی وردی پہن رکھی ہے۔,انہوں نے ایک لمبا، سیاہ لباس پہنے ہوئے ہیں جس میں سرخ شیش ہیں۔,1,no mistake,no correction needed,no correction needed,no answer needed
gatka_51,IBQ,Pakistan_IBQ.xlsx,Gatka,مارشل آرٹسٹ کے ذریعہ استعمال ہونے والا بنیادی ہتھیار کیا ہے؟,(A) ایک چھوٹی تلوار (B) ایک لمبی چھڑی (C) ایک کمان اور تیر (D) ایک ننگی مٹھی,ایک چھوٹی تلوار,1,no mistake,no correction needed,no correction needed,no answer needed
gatka_51,IBQ,Pakistan_IBQ.xlsx,Gatka,مارشل آرٹسٹوں کے ظاہری جذبات کیا ہیں؟,(A) پرسکون اور پر سکون (B) خوف زدہ اور بے چین (C) کشیدہ اور شدید (D) خوش اور مسکراتے ہوئے۔,کشیدہ اور شدید,1,no mistake,no correction needed,no correction needed,no answer needed
gatka_51,IBQ,Pakistan_IBQ.xlsx,Gatka,مارشل آرٹسٹوں کی ظاہری باڈی پوزیشن کیا ہے؟,(A) سیدھا کھڑا ہونا (B) درمیانی ہوا کی چھلانگ میں (C) زمین پر لیٹنا (D) بیٹھا ہوا,درمیانی ہوا کی چھلانگ میں,1,no mistake,no correction needed,no correction needed,no answer needed
gatka_51,IBQ,Pakistan_IBQ.xlsx,Gatka,تلواروں کا بنیادی مقصد کیا ہے؟,(A) چھڑی کی ہڑتالوں کو روکنے کے لیے (B) ہتھیار رکھنے کے لیے (C) صرف سجاوٹ کے لیے (D) سورج کو روکنے کے لئے,ہتھیار رکھنے کے لیے,1,no mistake,no correction needed,no correction needed,no answer needed
gatka_17,IBQ,Pakistan_IBQ.xlsx,Gatka,گٹکا_17 میں دکھایا گیا اہم عمل کیا ہے؟,(A) دو آدمی تلواروں سے لڑ رہے ہیں۔ (B) دو آدمی ناچ رہے ہیں۔ (C) دو آدمی سہارے کے ساتھ پوز دے رہے ہیں۔ (D) دو آدمی کشتی کرتے ہوئے۔,دو آدمی تلواروں سے لڑ رہے ہیں۔,1,no mistake,no correction needed,no correction needed,no answer needed
gatka_26,IBQ,Pakistan_IBQ.xlsx,Gatka,گٹکا_26 میں دکھایا گیا اہم عمل کیا ہے؟,(A) ایک آدمی ناچ رہا ہے۔ (B) ایک آدمی سہارے کے ساتھ پوز کر رہا ہے۔ (C) تلواروں سے لڑنے والا آدمی (D) ایک آدمی لمبی چھڑی کے ساتھ ہوا میں چھلانگ لگا رہا ہے۔,ایک آدمی سہارے کے ساتھ پوز کر رہا ہے۔,1,no mistake,no correction needed,no correction needed,no answer needed
gatka_18,IBQ,Pakistan_IBQ.xlsx,Gatka,گٹکا_18 میں دکھایا گیا اہم عمل کیا ہے؟,(A) دو آدمی تلواروں سے لڑ رہے ہیں۔ (B) دو آدمی ناچ رہے ہیں۔ (C) دو آدمی سہارے کے ساتھ پوز دے رہے ہیں۔ (D) دو آدمی کشتی کرتے ہوئے۔,دو آدمی تلواروں سے لڑ رہے ہیں۔,1,no mistake,no correction needed,no correction needed,no answer needed
gatka_41,IBQ,Pakistan_IBQ.xlsx,Gatka,گٹکا_41 میں دکھایا گیا اہم عمل کیا ہے؟,(A) ایک آدمی ناچ رہا ہے۔ (B) ایک آدمی سہارے کے ساتھ پوز کر رہا ہے۔ (C) تلواروں سے لڑنے والا آدمی (D) ایک آدمی چھوٹی تلوار کے ساتھ ہوا میں چھلانگ لگا رہا ہے۔,تلواروں سے لڑنے والا آدمی,1,no mistake,no correction needed,no correction needed,no answer needed
gatka_76,IBQ,Pakistan_IBQ.xlsx,Gatka,گٹکا_76 میں دکھایا گیا اہم عمل کیا ہے؟,(A) دو آدمی لاٹھیوں سے لڑ رہے ہیں۔ (B) دو آدمی ناچ رہے ہیں۔ (C) دو آدمی سہارے کے ساتھ پوز دے رہے ہیں۔ (D) دو آدمی کشتی کرتے ہوئے۔,دو آدمی لاٹھیوں سے لڑ رہے ہیں۔,0,"The question and answer are incorrect. The image depicts people performing Gatka, which is a form of Sikh martial art involving stick fighting, but it's not simply 'two men fighting with sticks'. It is a more stylized and ritualistic performance. Option (A) is close, but the context of the image suggests it is a demonstration of Gatka, not a random fight.",گٹکا_76 میں دکھایا گیا اہم عمل کیا ہے؟,"['(A) گٹکا کی نمائش کی جا رہی ہے۔', '(B) دو آدمی ناچ رہے ہیں۔', '(C) دو آدمی سہارے کے ساتھ پوز دے رہے ہیں۔', '(D) دو آدمی کشتی کرتے ہوئے۔']",گٹکا کی نمائش کی جا رہی ہے۔
gatka_53,IBQ,Pakistan_IBQ.xlsx,Gatka,گٹکا_53 میں دکھایا گیا اہم عمل کیا ہے؟,(A) ایک لڑکا رنگین پروپ کے ساتھ ناچ رہا ہے۔ (B) ایک لڑکا چھڑی سے لڑ رہا ہے۔ (C) ایک لڑکا تلوار کے ساتھ تصویر بنا رہا ہے۔ (D) ایک لڑکا کھینچ رہا ہے۔,ایک لڑکا رنگین پروپ کے ساتھ ناچ رہا ہے۔,1,no mistake,no correction needed,no correction needed,no answer needed
gatka_53,IBQ,Pakistan_IBQ.xlsx,Gatka,لڑکے کے لباس کے بارے میں ایک قابل ذکر تفصیل کیا ہے؟,(A) اس نے بکتر کا پورا سوٹ پہن رکھا ہے۔ (B) اس نے نارنجی پگڑی کے ساتھ ایک لمبا، نیلا لباس پہن رکھا ہے۔ (C) اس نے شارٹس اور ٹی شرٹ پہن رکھی ہے۔ (D) اس نے پولیس کی وردی پہن رکھی ہے۔,اس نے نارنجی پگڑی کے ساتھ ایک لمبا، نیلا لباس پہن رکھا ہے۔,1,no mistake,no correction needed,no correction needed,no answer needed
gatka_53,IBQ,Pakistan_IBQ.xlsx,Gatka,لڑکا کونسا بنیادی ہتھیار استعمال کرتا ہے؟,(A) ایک چھوٹی تلوار (B) ایک لمبی چھڑی (C) ایک کمان اور تیر (D) ایک ننگی مٹھی,ایک لمبی چھڑی,1,no mistake,no correction needed,no correction needed,no answer needed
gatka_53,IBQ,Pakistan_IBQ.xlsx,Gatka,لڑکے کا ظاہری جذبات کیا ہے؟,(A) پرسکون اور پر سکون (B) خوف زدہ اور بے چین (C) کشیدہ اور شدید (D) خوش اور مسکراتے ہوئے۔,خوش اور مسکراتے ہوئے۔,1,no mistake,no correction needed,no correction needed,no answer needed
gatka_53,IBQ,Pakistan_IBQ.xlsx,Gatka,لڑکے کی ظاہری جسمانی پوزیشن کیا ہے؟,(A) سیدھا کھڑا ہونا (B) کم، متحرک موقف میں (C) زمین پر لیٹنا (D) بیٹھا ہوا,سیدھا کھڑا ہونا,1,no mistake,no correction needed,no correction needed,no answer needed
gatka_61,IBQ,Pakistan_IBQ.xlsx,Gatka,گٹکا_61 میں دکھایا گیا اہم عمل کیا ہے؟,(A) دو آدمی لاٹھیوں سے لڑ رہے ہیں۔ (B) دو آدمی ناچ رہے ہیں۔ (C) دو آدمی سہارے کے ساتھ پوز دے رہے ہیں۔ (D) دو آدمی کشتی کرتے ہوئے۔,دو آدمی لاٹھیوں سے لڑ رہے ہیں۔,1,no mistake,no correction needed,no correction needed,no answer needed
gatka_85,IBQ,Pakistan_IBQ.xlsx,Gatka,گٹکا_85 میں دکھایا گیا اہم عمل کیا ہے؟,(A) دو آدمی تلواروں سے لڑ رہے ہیں۔ (B) دو آدمی ناچ رہے ہیں۔ (C) دو آدمی سہارے کے ساتھ پوز دے رہے ہیں۔ (D) دو آدمی کشتی کرتے ہوئے۔,دو آدمی تلواروں سے لڑ رہے ہیں۔,1,no mistake,no correction needed,no correction needed,no answer needed
gilli_danda_1,IBQ,Pakistan_IBQ.xlsx,Gilli Danda,gilli_danda_1 میں دکھایا گیا اہم عمل کیا ہے؟,(A) (B) ایک کھلاڑی چھوٹی چھڑی کو بڑی چھڑی سے مار رہا ہے۔ (C) ایک کھلاڑی گیند کی خدمت کر رہا ہے۔ (D) ایک کھلاڑی دفاعی بلاک کا مظاہرہ کر رہا ہے۔,ایک کھلاڑی چھوٹی چھڑی کو بڑی چھڑی سے مار رہا ہے۔,1,no mistake,no correction needed,no correction needed,no answer needed
gilli_danda_1,IBQ,Pakistan_IBQ.xlsx,Gilli Danda,کھیل میں استعمال ہونے والے آلات کے دو ٹکڑے کیا ہیں؟,(A) (B) ایک لمبی چھڑی (ڈنڈا) اور ایک چھوٹی چھڑی (گلی) (C) ایک ریکیٹ اور ایک شٹل کاک (D) ایک چمگادڑ اور ایک دستانہ,ایک لمبی چھڑی (ڈنڈا) اور ایک چھوٹی چھڑی (گلی),1,no mistake,no correction needed,no correction needed,no answer needed
gilli_danda_1,IBQ,Pakistan_IBQ.xlsx,Gilli Danda,بائیں طرف کھلاڑی کے بارے میں ایک قابل ذکر تفصیل کیا ہے؟,(A) (B) وہ ایک پست، جھکائے ہوئے موقف میں ہے، ہڑتال کرنے کی تیاری کر رہا ہے۔ (C) وہ سیدھا کھڑا ہے۔ (D) وہ آرام سے بیٹھا ہے۔,وہ ایک پست، جھکائے ہوئے موقف میں ہے، ہڑتال کرنے کی تیاری کر رہا ہے۔,1,no mistake,no correction needed,no correction needed,no answer needed
gilli_danda_1,IBQ,Pakistan_IBQ.xlsx,Gilli Danda,کھیل کی ظاہری ترتیب کیا ہے؟,(A) (B) شہر کی ایک گلی (C) ایک بیرونی گندگی کا میدان (D) گھاس کا میدان,ایک بیرونی گندگی کا میدان,1,no mistake,no correction needed,no correction needed,no answer needed
gilli_danda_1,IBQ,Pakistan_IBQ.xlsx,Gilli Danda,کھلاڑیوں کے چہروں سے ظاہری جذبات کیا ہیں؟,(A) (B) خوف زدہ اور بے چین (C) کشیدہ اور شدید (D) خوش اور مسکراتے ہوئے۔,کشیدہ اور شدید,1,no mistake,no correction needed,no correction needed,no answer needed
gilli_danda_1,IBQ,Pakistan_IBQ.xlsx,Gilli Danda,زمین کی سب سے نمایاں خصوصیت کیا ہے؟,(A) (B) کیچڑ والا میدان (C) ایک گھاس دار سطح (D) دھول اڑنے والی ریتلی یا گندگی کی سطح,دھول اڑنے والی ریتلی یا گندگی کی سطح,1,no mistake,no correction needed,no correction needed,no answer needed
gilli_danda_1,IBQ,Pakistan_IBQ.xlsx,Gilli Danda,کھیلے جانے والے کھیل کا نام کیا ہے؟,(A) (B) کرکٹ (C) گلی ڈنڈا۔ (D) بیس بال,گلی ڈنڈا۔,1,no mistake,no correction needed,no correction needed,no answer needed
gilli_danda_1,IBQ,Pakistan_IBQ.xlsx,Gilli Danda,تصویر میں ایکشن ایک ایسا انداز تجویز کرتا ہے جو اس بات پر زور دیتا ہے...,(A) (B) زمینی لڑائی اور گرفت (C) وحشیانہ قوت اور گھڑ سواری۔ (D) ہاتھ سے آنکھ کو آرڈینیشن اور حیرت انگیز,ہاتھ سے آنکھ کو آرڈینیشن اور حیرت انگیز,1,no mistake,no correction needed,no correction needed,no answer needed
gilli_danda_1,IBQ,Pakistan_IBQ.xlsx,Gilli Danda,کھلاڑیوں کے جوتے کے بارے میں ایک قابل ذکر تفصیل کیا ہے؟,(A) (B) وہ ننگے پاؤں ہیں۔ (C) وہ سینڈل یا فلپ فلاپ پہنے ہوئے ہیں۔ (D) وہ موزے پہنے ہوئے ہیں۔,وہ سینڈل یا فلپ فلاپ پہنے ہوئے ہیں۔,1,no mistake,no correction needed,no correction needed,no answer needed
gilli_danda_1,IBQ,Pakistan_IBQ.xlsx,Gilli Danda,پس منظر میں دیگر کھلاڑیوں کے بارے میں ایک قابل ذکر تفصیل کیا ہے؟,(A) (B) وہ سب ادھر ادھر بھاگ رہے ہیں۔ (C) وہ ایک دفاعی، تیار موقف میں ہیں۔ (D) وہ سب لہرا رہے ہیں۔,وہ ایک دفاعی، تیار موقف میں ہیں۔,1,no mistake,no correction needed,no correction needed,no answer needed
gilli_danda_2,IBQ,Pakistan_IBQ.xlsx,Gilli Danda,gilli_danda_2 میں دکھایا گیا اہم عمل کیا ہے؟,(A) (B) ایک کھلاڑی چھوٹی چھڑی کو بڑی چھڑی سے مار رہا ہے۔ (C) ایک کھلاڑی گیند کی خدمت کر رہا ہے۔ (D) ایک کھلاڑی دفاعی بلاک کا مظاہرہ کر رہا ہے۔,ایک کھلاڑی چھوٹی چھڑی کو بڑی چھڑی سے مار رہا ہے۔,1,no mistake,no correction needed,no correction needed,no answer needed
gilli_danda_3,IBQ,Pakistan_IBQ.xlsx,Gilli Danda,gilli_danda_3 میں دکھایا گیا اہم عمل کیا ہے؟,(A) (B) ایک کھلاڑی چھوٹی چھڑی کو بڑی چھڑی سے مار رہا ہے۔ (C) ایک کھلاڑی گیند کی خدمت کر رہا ہے۔ (D) ایک کھلاڑی دفاعی بلاک کا مظاہرہ کر رہا ہے۔,ایک کھلاڑی چھوٹی چھڑی کو بڑی چھڑی سے مار رہا ہے۔,1,no mistake,no correction needed,no correction needed,no answer needed
gilli_danda_3,IBQ,Pakistan_IBQ.xlsx,Gilli Danda,کھلاڑی کے بارے میں ایک قابل ذکر تفصیل کیا ہے؟,(A) (B) وہ ایک پست، جھکائے ہوئے موقف میں ہے، ہڑتال کرنے کی تیاری کر رہا ہے۔ (C) وہ سیدھا کھڑا ہے۔ (D) وہ آرام سے بیٹھا ہے۔,وہ ایک پست، جھکائے ہوئے موقف میں ہے، ہڑتال کرنے کی تیاری کر رہا ہے۔,1,no mistake,no correction needed,no correction needed,no answer needed
gilli_danda_3,IBQ,Pakistan_IBQ.xlsx,Gilli Danda,کھلاڑی کے چہرے سے ظاہری جذبات کیا ہیں؟,(A) (B) خوف زدہ اور بے چین (C) کشیدہ اور شدید (D) خوش اور مسکراتے ہوئے۔,کشیدہ اور شدید,1,no mistake,no correction needed,no correction needed,no answer needed
gilli_danda_4,IBQ,Pakistan_IBQ.xlsx,Gilli Danda,gilli_danda_4 میں دکھایا گیا اہم عمل کیا ہے؟,(A) (B) بچوں کا ایک گروپ جو گیند کا کھیل کھیل رہا ہے۔ (C) بچوں کا ایک گروپ چھوٹی چھڑی کو بڑی چھڑی سے مار رہا ہے۔ (D) بچوں کا ایک گروپ چل رہا ہے۔,بچوں کا ایک گروپ چھوٹی چھڑی کو بڑی چھڑی سے مار رہا ہے۔,1,no mistake,no correction needed,no correction needed,no answer needed
gilli_danda_4,IBQ,Pakistan_IBQ.xlsx,Gilli Danda,پیش منظر میں کھلاڑی کے بارے میں ایک قابل ذکر تفصیل کیا ہے؟,(A) (B) وہ ایک پست، جھکائے ہوئے موقف میں ہے، ہڑتال کرنے کی تیاری کر رہا ہے۔ (C) وہ سیدھا کھڑا ہے۔ (D) وہ آرام سے بیٹھا ہے۔,وہ ایک پست، جھکائے ہوئے موقف میں ہے، ہڑتال کرنے کی تیاری کر رہا ہے۔,0,"The question asks about a 'player' while the image shows a group of children playing a game, not a single 'player' in a formal sports context. The correct answer is also not relevant to the image as it describes a batting stance in a sport like cricket or baseball. The image shows children gathered around a stick on the ground, seemingly involved in a simple, informal game.",تصویر میں بچے کے بارے میں ایک قابل ذکر تفصیل کیا ہے؟,(A) وہ گیند پھینکنے کی تیاری کر رہا ہے۔ (B) وہ جھک کر زمین سے کچھ اٹھا رہا ہے۔ (C) وہ سیدھا کھڑا ہے۔ (D) وہ آرام سے بیٹھا ہے۔,وہ جھک کر زمین سے کچھ اٹھا رہا ہے۔
gilli_danda_5,IBQ,Pakistan_IBQ.xlsx,Gilli Danda,gilli_danda_5 میں دکھایا گیا اہم عمل کیا ہے؟,(A) (B) ایک کھلاڑی چھوٹی چھڑی کو بڑی چھڑی سے مار رہا ہے۔ (C) ایک کھلاڑی گیند کی خدمت کر رہا ہے۔ (D) ایک کھلاڑی دفاعی بلاک کا مظاہرہ کر رہا ہے۔,ایک کھلاڑی چھوٹی چھڑی کو بڑی چھڑی سے مار رہا ہے۔,1,no mistake,no correction needed,no correction needed,no answer needed
gilli_danda_6,IBQ,Pakistan_IBQ.xlsx,Gilli Danda,gilli_danda_6 میں دکھائے جانے والے اہم عمل کیا ہے؟,(A) (B) ایک کھلاڑی چھوٹی چھڑی کو بڑی چھڑی سے مار رہا ہے۔ (C) ایک کھلاڑی گیند کی خدمت کر رہا ہے۔ (D) ایک کھلاڑی دفاعی بلاک کا مظاہرہ کر رہا ہے۔,ایک کھلاڑی چھوٹی چھڑی کو بڑی چھڑی سے مار رہا ہے۔,1,no mistake,no correction needed,no correction needed,no answer needed
gilli_danda_7,IBQ,Pakistan_IBQ.xlsx,Gilli Danda,گلی_ڈنڈا_7 میں دکھایا گیا اصل عمل کیا ہے؟,(A) (B) ایک کھلاڑی چھوٹی چھڑی کو بڑی چھڑی سے مار رہا ہے۔ (C) ایک کھلاڑی گیند کی خدمت کر رہا ہے۔ (D) ایک کھلاڑی دفاعی بلاک کا مظاہرہ کر رہا ہے۔,ایک کھلاڑی چھوٹی چھڑی کو بڑی چھڑی سے مار رہا ہے۔,1,no mistake,no correction needed,no correction needed,no answer needed
gilli_danda_8,IBQ,Pakistan_IBQ.xlsx,Gilli Danda,gilli_danda_8 میں دکھائے جانے والے اہم عمل کیا ہے؟,(A) (B) ایک کھلاڑی چھوٹی چھڑی کو بڑی چھڑی سے مار رہا ہے۔ (C) ایک کھلاڑی گیند کی خدمت کر رہا ہے۔ (D) ایک کھلاڑی دفاعی بلاک کا مظاہرہ کر رہا ہے۔,ایک کھلاڑی چھوٹی چھڑی کو بڑی چھڑی سے مار رہا ہے۔,1,no mistake,no correction needed,no correction needed,no answer needed
gilli_danda_9,IBQ,Pakistan_IBQ.xlsx,Gilli Danda,gilli_danda_9 میں دکھایا گیا اہم عمل کیا ہے؟,(A) (B) ایک کھلاڑی چھوٹی چھڑی کو بڑی چھڑی سے مار رہا ہے۔ (C) ایک کھلاڑی گیند کی خدمت کر رہا ہے۔ (D) ایک کھلاڑی دفاعی بلاک کا مظاہرہ کر رہا ہے۔,ایک کھلاڑی چھوٹی چھڑی کو بڑی چھڑی سے مار رہا ہے۔,1,no mistake,no correction needed,no correction needed,no answer needed
gilli_danda_10,IBQ,Pakistan_IBQ.xlsx,Gilli Danda,gilli_danda_10 میں دکھایا گیا اہم عمل کیا ہے؟,(A) (B) ایک کھلاڑی چھوٹی چھڑی کو بڑی چھڑی سے مار رہا ہے۔ (C) ایک کھلاڑی گیند کی خدمت کر رہا ہے۔ (D) ایک کھلاڑی دفاعی بلاک کا مظاہرہ کر رہا ہے۔,ایک کھلاڑی چھوٹی چھڑی کو بڑی چھڑی سے مار رہا ہے۔,1,no mistake,no correction needed,no correction needed,no answer needed
gilli_danda_11,IBQ,Pakistan_IBQ.xlsx,Gilli Danda,گلی_ڈنڈا_11 میں دکھایا گیا اصل عمل کیا ہے؟,(A) (B) ایک بچہ ایک چھوٹی چھڑی کو بڑی چھڑی سے مارنے کی تیاری کر رہا ہے۔ (C) ایک بچہ کھیت میں بھاگ رہا ہے۔ (D) ایک بچہ زمین پر بیٹھا ہے۔,ایک بچہ ایک چھوٹی چھڑی کو بڑی چھڑی سے مارنے کی تیاری کر رہا ہے۔,1,no mistake,no correction needed,no correction needed,no answer needed
gilli_danda_11,IBQ,Pakistan_IBQ.xlsx,Gilli Danda,کھلاڑی کے لباس کے بارے میں ایک قابل ذکر تفصیل کیا ہے؟,(A) (B) وہ ایک پست، جھکائے ہوئے موقف میں ہے، ہڑتال کرنے کی تیاری کر رہا ہے۔ (C) وہ سیدھا کھڑا ہے۔ (D) وہ آرام سے بیٹھا ہے۔,وہ ایک پست، جھکائے ہوئے موقف میں ہے، ہڑتال کرنے کی تیاری کر رہا ہے۔,1,no mistake,no correction needed,no correction needed,no answer needed
gilli_danda_12,IBQ,Pakistan_IBQ.xlsx,Gilli Danda,گلی_ڈنڈا_12 میں دکھایا گیا اصل عمل کیا ہے؟,(A) (B) ایک کھلاڑی گیند کی خدمت کر رہا ہے۔ (C) ایک کھلاڑی دفاعی بلاک کا مظاہرہ کر رہا ہے۔ (D) ایک کھلاڑی کھینچ رہا ہے۔,ایک کھلاڑی چھوٹی چھڑی کو بڑی چھڑی سے مار رہا ہے۔,0,"The correct answer provided ('ایک کھلاڑی چھوٹی چھڑی کو بڑی چھڑی سے مار رہا ہے۔') doesn't accurately reflect the action in the image, where a player is in the middle of swinging a wooden bat towards a smaller wooden object (likely a 'danda'). The provided options are also not very descriptive and don't pinpoint the specific action visible. The question is also somewhat vague.",گلی_ڈنڈا_12 میں دکھایا گیا اصلی کھیل کیا ہے؟,(A) ایک کھلاڑی گیند کو مار رہا ہے۔ (B) ایک کھلاڑی دندے کو مار رہا ہے۔ (C) ایک کھلاڑی دفاع کر رہا ہے۔ (D) کھلاڑی پوزیشن لے رہے ہیں۔,ایک کھلاڑی دندے کو مار رہا ہے۔
gilli_danda_14,IBQ,Pakistan_IBQ.xlsx,Gilli Danda,gilli_danda_14 میں دکھایا گیا اہم عمل کیا ہے؟,(A) (B) ایک کھلاڑی چھوٹی چھڑی کو بڑی چھڑی سے مار رہا ہے۔ (C) ایک کھلاڑی گیند کی خدمت کر رہا ہے۔ (D) ایک کھلاڑی دفاعی بلاک کا مظاہرہ کر رہا ہے۔,ایک کھلاڑی چھوٹی چھڑی کو بڑی چھڑی سے مار رہا ہے۔,1,no mistake,no correction needed,no correction needed,no answer needed
gilli_danda_15,IBQ,Pakistan_IBQ.xlsx,Gilli Danda,gilli_danda_15 میں دکھایا گیا اہم عمل کیا ہے؟,(A) (B) بچوں کا ایک گروپ جو گیند کا کھیل کھیل رہا ہے۔ (C) بچوں کا ایک گروپ چھوٹی چھڑی کو بڑی چھڑی سے مار رہا ہے۔ (D) بچوں کا ایک گروپ چل رہا ہے۔,بچوں کا ایک گروپ چھوٹی چھڑی کو بڑی چھڑی سے مار رہا ہے۔,1,no mistake,no correction needed,no correction needed,no answer needed
gilli_danda_16,IBQ,Pakistan_IBQ.xlsx,Gilli Danda,گلی_ڈنڈا_16 میں مرکزی ایکشن کیا دکھایا گیا ہے؟,(A) (B) کھیل کے دو ٹکڑوں کا قریبی اپ (C) ایک کھلاڑی گیند کی خدمت کر رہا ہے۔ (D) ایک کھلاڑی دفاعی بلاک کا مظاہرہ کر رہا ہے۔,کھیل کے دو ٹکڑوں کا قریبی اپ,1,no mistake,no correction needed,no correction needed,no answer needed
gilli_danda_16,IBQ,Pakistan_IBQ.xlsx,Gilli Danda,سامان کے دو ٹکڑے کیا دکھائے گئے ہیں؟,(A) (B) ایک لمبی چھڑی (ڈنڈا) اور ایک چھوٹی چھڑی (گلی) (C) ایک ریکیٹ اور ایک شٹل کاک (D) ایک چمگادڑ اور ایک دستانہ,ایک لمبی چھڑی (ڈنڈا) اور ایک چھوٹی چھڑی (گلی),0,"The image shows two pencils, not cricket bats (a long stick and a small stick). Therefore, the question and answer are factually incorrect with respect to the provided image.",تصویر میں دو ٹکڑے کیا دکھائے گئے ہیں؟,(A) دو کتابیں (B) دو پنسلیں (C) ایک گیند اور ایک ریکیٹ (D) ایک قلم اور ایک ربڑ,دو پنسلیں
gilli_danda_16,IBQ,Pakistan_IBQ.xlsx,Gilli Danda,مختصر چھڑی (گلی) کے بارے میں ایک قابل ذکر تفصیل کیا ہے؟,(A) (B) اس کے نوک دار یا مخروطی سرے ہوتے ہیں۔ (C) یہ ایک لمبی، پتلی چھڑی ہے۔ (D) یہ ایک فلیٹ ڈسک ہے۔,اس کے نوک دار یا مخروطی سرے ہوتے ہیں۔,1,no mistake,no correction needed,no correction needed,no answer needed
gilli_danda_16,IBQ,Pakistan_IBQ.xlsx,Gilli Danda,گلی کے نوکیلے سروں کا ظاہری مقصد کیا ہے؟,(A) (B) تاکہ اسے مارنا آسان ہو اور اسے ہوا میں چھلانگ لگانا (C) تاکہ اسے پکڑنا مشکل ہو جائے۔ (D) اسے بھاری بنانے کے لیے,تاکہ اسے مارنا آسان ہو اور اسے ہوا میں چھلانگ لگانا,1,no mistake,no correction needed,no correction needed,no answer needed
gilli_danda_16,IBQ,Pakistan_IBQ.xlsx,Gilli Danda,لاٹھیوں کی سب سے نمایاں خصوصیت کیا ہے؟,(A) (B) وہ لکڑی سے بنے ہیں۔ (C) وہ پلاسٹک سے بنے ہیں۔ (D) وہ شیشے سے بنے ہیں۔,وہ لکڑی سے بنے ہیں۔,1,no mistake,no correction needed,no correction needed,no answer needed
gilli_danda_16,IBQ,Pakistan_IBQ.xlsx,Gilli Danda,لاٹھیوں کی حالت کے بارے میں ایک قابل ذکر تفصیل کیا ہے؟,(A) (B) وہ پرانے ہیں اور استعمال سے پہنے ہوئے ہیں۔ (C) وہ بہت مختصر ہیں۔ (D) وہ بہت لمبے ہیں۔,وہ پرانے ہیں اور استعمال سے پہنے ہوئے ہیں۔,1,no mistake,no correction needed,no correction needed,no answer needed
gilli_danda_16,IBQ,Pakistan_IBQ.xlsx,Gilli Danda,کھیل کا بنیادی مقصد کیا ہے؟,(A) (B) گلی کو گول میں مارنا (C) گیلی کو مخالف پر مارنا (D) گلی کو جال میں مارنا,جہاں تک ممکن ہو گلی کو مار کر پوائنٹس حاصل کرنا,0,"The question and options are related to a game involving 'گلی' (gulli) which is a term for marbles or small stones used in a traditional game. The image shows pencils and does not provide context for the game. The question and answer are correct within the context of the 'gulli' game, but the image is irrelevant and misleading. Also, answer is not a multiple-choice option.",گلی کھیلنے کا بنیادی مقصد کیا ہے؟,"['(A) گلی کو زیادہ سے زیادہ دور مارنا', '(B) گلی کو گول میں مارنا', '(C) مخالف کی گلیوں کو توڑنا', '(D) گلی کو جال میں مارنا']",(A) گلی کو زیادہ سے زیادہ دور مارنا
gilli_danda_16,IBQ,Pakistan_IBQ.xlsx,Gilli Danda,ڈنڈا کی لمبائی کے بارے میں ایک قابل ذکر تفصیل کیا ہے؟,(A) (B) یہ بہت مختصر ہے۔ (C) یہ درمیانی لمبائی کی چھڑی ہے۔ (D) یہ ایک لمبی، پتلی چھڑی ہے۔,یہ درمیانی لمبائی کی چھڑی ہے۔,1,no mistake,no correction needed,no correction needed,no answer needed
gilli_danda_17,IBQ,Pakistan_IBQ.xlsx,Gilli Danda,گلی_ڈنڈا_17 میں دکھایا گیا اصل عمل کیا ہے؟,(A) (B) بچوں کا ایک گروپ جو گیند کا کھیل کھیل رہا ہے۔ (C) بچوں کا ایک گروپ چھوٹی چھڑی کو بڑی چھڑی سے مار رہا ہے۔ (D) بچوں کا ایک گروپ چل رہا ہے۔,بچوں کا ایک گروپ چھوٹی چھڑی کو بڑی چھڑی سے مار رہا ہے۔,1,no mistake,no correction needed,no correction needed,no answer needed
gilli_danda_17,IBQ,Pakistan_IBQ.xlsx,Gilli Danda,کھلاڑیوں کے بارے میں ایک قابل ذکر تفصیل کیا ہے؟,(A) (B) وہ سب ادھر ادھر بھاگ رہے ہیں۔ (C) وہ پست، جھکنے والے موقف میں ہیں، حملہ کرنے یا پکڑنے کی تیاری کر رہے ہیں۔ (D) وہ سب لہرا رہے ہیں۔,وہ پست، جھکنے والے موقف میں ہیں، حملہ کرنے یا پکڑنے کی تیاری کر رہے ہیں۔,0,"The question and answer refer to 'players' but the image shows children playing a game, not athletes or traditional 'players'. The correct answer describes a posture appropriate for many sports, but it doesn't accurately reflect what's happening in the image. The question needs to be adjusted to reflect the image content.",تصویر میں بچوں کے بارے میں ایک قابل ذکر تفصیل کیا ہے؟,(A) وہ سب ہنس رہے ہیں۔ (B) وہ زمین پر بیٹھے ہوئے ہیں۔ (C) وہ جھک کر کھیل رہے ہیں جیسے کچھ پکڑنے یا مارنے کی تیاری کر رہے ہیں۔ (D) وہ سب ایک دوسرے سے بات کر رہے ہیں۔,وہ جھک کر کھیل رہے ہیں جیسے کچھ پکڑنے یا مارنے کی تیاری کر رہے ہیں۔
gilli_danda_18,IBQ,Pakistan_IBQ.xlsx,Gilli Danda,گلی_ڈنڈا_18 میں دکھایا گیا اصل عمل کیا ہے؟,(A) (B) ایک کھلاڑی چھوٹی چھڑی کو بڑی چھڑی سے مار رہا ہے۔ (C) ایک کھلاڑی گیند کی خدمت کر رہا ہے۔ (D) ایک کھلاڑی دفاعی بلاک کا مظاہرہ کر رہا ہے۔,ایک کھلاڑی چھوٹی چھڑی کو بڑی چھڑی سے مار رہا ہے۔,1,no mistake,no correction needed,no correction needed,no answer needed
gilli_danda_19,IBQ,Pakistan_IBQ.xlsx,Gilli Danda,گلی_ڈنڈا_19 میں دکھایا گیا اصل عمل کیا ہے؟,(A) (B) کھیل کے دو ٹکڑوں کا قریبی اپ (C) ایک کھلاڑی گیند کی خدمت کر رہا ہے۔ (D) ایک کھلاڑی دفاعی بلاک کا مظاہرہ کر رہا ہے۔,کھیل کے دو ٹکڑوں کا قریبی اپ,1,no mistake,no correction needed,no correction needed,no answer needed
gilli_danda_20,IBQ,Pakistan_IBQ.xlsx,Gilli Danda,gilli_danda_20 میں دکھایا گیا اہم عمل کیا ہے؟,(A) (B) ایک کھلاڑی چھوٹی چھڑی کو بڑی چھڑی سے مار رہا ہے۔ (C) ایک کھلاڑی گیند کی خدمت کر رہا ہے۔ (D) ایک کھلاڑی دفاعی بلاک کا مظاہرہ کر رہا ہے۔,ایک کھلاڑی چھوٹی چھڑی کو بڑی چھڑی سے مار رہا ہے۔,1,no mistake,no correction needed,no correction needed,no answer needed
gilli_danda_21,IBQ,Pakistan_IBQ.xlsx,Gilli Danda,گلی_ڈنڈا_21 میں دکھایا گیا اصل عمل کیا ہے؟,(A) (B) ایک کھلاڑی چھوٹی چھڑی کو بڑی چھڑی سے مار رہا ہے۔ (C) ایک کھلاڑی گیند کی خدمت کر رہا ہے۔ (D) ایک کھلاڑی دفاعی بلاک کا مظاہرہ کر رہا ہے۔,ایک کھلاڑی چھوٹی چھڑی کو بڑی چھڑی سے مار رہا ہے۔,1,no mistake,no correction needed,no correction needed,no answer needed
gilli_danda_53,IBQ,Pakistan_IBQ.xlsx,Gilli Danda,gilli_danda_53 میں دکھایا گیا اہم عمل کیا ہے؟,(A) (B) ایک کھلاڑی گیند کی خدمت کر رہا ہے۔ (C) ایک کھلاڑی دفاعی بلاک کا مظاہرہ کر رہا ہے۔ (D) ایک کھلاڑی کھینچ رہا ہے۔,ایک کھلاڑی چھوٹی چھڑی کو بڑی چھڑی سے مار رہا ہے۔,0,"The correct answer provided ('ایک کھلاڑی چھوٹی چھڑی کو بڑی چھڑی سے مار رہا ہے۔') is not among the given options. Also, the current options are not directly related to what is happening in the image.",گِلّی ڈنڈا کے اس تصویر میں کیا عمل دکھایا گیا ہے؟,"['(A) کھلاڑی ڈنڈے سے گِلّی مار رہا ہے۔', '(B) کھلاڑی گیند کی خدمت کر رہا ہے۔', '(C) کھلاڑی دفاعی بلاک کا مظاہرہ کر رہا ہے۔', '(D) کھلاڑی گِلّی کو اٹھا رہا ہے۔']",کھلاڑی ڈنڈے سے گِلّی مار رہا ہے۔
gilli_danda_51,IBQ,Pakistan_IBQ.xlsx,Gilli Danda,gilli_danda_51 میں دکھایا گیا اہم عمل کیا ہے؟,(A) (B) لوگوں کا ایک گروپ جو گیند کا کھیل کھیل رہا ہے۔ (C) لوگوں کا ایک گروہ ایک چھوٹی چھڑی کو بڑی چھڑی سے مار رہا ہے۔ (D) لوگوں کا ایک گروپ چل رہا ہے۔,لوگوں کا ایک گروہ ایک چھوٹی چھڑی کو بڑی چھڑی سے مار رہا ہے۔,1,no mistake,no correction needed,no correction needed,no answer needed
gilli_danda_50,IBQ,Pakistan_IBQ.xlsx,Gilli Danda,gilli_danda_50 میں دکھایا گیا اہم عمل کیا ہے؟,(A) (B) ایک کھلاڑی چھوٹی چھڑی کو بڑی چھڑی سے مار رہا ہے۔ (C) ایک کھلاڑی گیند کی خدمت کر رہا ہے۔ (D) ایک کھلاڑی دفاعی بلاک کا مظاہرہ کر رہا ہے۔,شہری علاقے اور دیہی علاقوں میں کھیل کا کولیج,0,"The question asks about the main action shown in 'gilli_danda_50', but the provided image is a clear depiction of the game Gilli Danda being played. The correct answer provided ('شہری علاقے اور دیہی علاقوں میں کھیل کا کولیج' - 'the collage of the game in urban and rural areas') is not an action shown in the image, nor is it a logical answer to the question. The question and answer do not align with the image.",گِلی ڈنڈا کے کھیل میں تصویر میں دکھایا گیا اہم عمل کیا ہے؟,(A) کھلاڑی گیند کو مار رہا ہے۔ (B) ایک کھلاڑی چھوٹی چھڑی کو بڑی چھڑی سے مار رہا ہے۔ (C) ایک کھلاڑی گیند کی خدمت کر رہا ہے۔ (D) ایک کھلاڑی دفاعی بلاک کا مظاہرہ کر رہا ہے۔,(B) ایک کھلاڑی چھوٹی چھڑی کو بڑی چھ��ی سے مار رہا ہے۔
gilli_danda_50,IBQ,Pakistan_IBQ.xlsx,Gilli Danda,بائیں تصویر میں بائیں طرف کھلاڑی کے بارے میں ایک قابل ذکر تفصیل کیا ہے؟,(A) (B) وہ ایک پست، جھکائے ہوئے موقف میں ہے، ہڑتال کرنے کی تیاری کر رہا ہے۔ (C) وہ سیدھا کھڑا ہے۔ (D) وہ آرام سے بیٹھا ہے۔,وہ ایک پست، جھکائے ہوئے موقف میں ہے، ہڑتال کرنے کی تیاری کر رہا ہے۔,1,no mistake,no correction needed,no correction needed,no answer needed
gilli_danda_54,IBQ,Pakistan_IBQ.xlsx,Gilli Danda,gilli_danda_54 میں دکھایا گیا اہم عمل کیا ہے؟,(A) (B) بچوں کا ایک گروپ جو گیند کا کھیل کھیل رہا ہے۔ (C) بچوں کا ایک گروپ چھوٹی چھڑی کو بڑی چھڑی سے مار رہا ہے۔ (D) بچوں کا ایک گروپ چل رہا ہے۔,بچوں کا ایک گروپ جو گیند کا کھیل کھیل رہا ہے۔,0,"The image shows a group of children playing a game with a ball, and a coach overseeing them. The question refers to 'gilli danda' which involves hitting a small stick with a larger one. The image does not depict gilli danda. Also, the current correct answer is not entirely accurate given the image; it's more specific than just 'playing a ball game'.",gilli_danda_54 میں دکھایا گیا اہم عمل کیا ہے؟ تصویر میں بچوں کے کیا کرتے ہوئے دکھایا گیا ہے؟,(A) بچے گیند کے ساتھ کھیل رہے ہیں۔ (B) بچے چھوٹی چھڑی کو بڑی چھڑی سے مار رہے ہیں۔ (C) بچے دوڑ رہے ہیں۔ (D) بچے کنالوں کے ارد گرد کھیل رہے ہیں۔,بچے گیند کے ساتھ کھیل رہے ہیں۔
gilli_danda_56,IBQ,Pakistan_IBQ.xlsx,Gilli Danda,gilli_danda_56 میں دکھایا گیا اہم عمل کیا ہے؟,(A) (B) ایک کھلاڑی چھوٹی چھڑی کو بڑی چھڑی سے مار رہا ہے۔ (C) ایک کھلاڑی گیند کی خدمت کر رہا ہے۔ (D) ایک کھلاڑی دفاعی بلاک کا مظاہرہ کر رہا ہے۔,گاؤں میں کھیل کا کارٹون,0,"The question is asking about the main action depicted in 'gilli_danda_56', but the 'correct answer' provided is 'گاؤں میں کھیل کا کارٹون' (cartoon of a game in the village), which doesn't answer the question. It's a description of the image, not the action. Also, the question uses 'gilli_danda_56' which seems like a placeholder, and the options are not directly relatable to the image without understanding what the image depicts. The options are also not well-formatted in terms of how a multiple-choice question should be structured.",تصویر میں دکھایا گیا گِلی ڈنڈا کا اہم عمل کیا ہے؟,"['(A) ایک کھلاڑی گِلی کو مار رہا ہے۔', '(B) ایک کھلاڑی ڈنڈے سے گِلی کو ہدف بنا رہا ہے۔', '(C) ایک کھلاڑی گیند کو اچھال رہا ہے۔', '(D) ایک کھلاڑی دفاعی انداز میں کھڑا ہے۔']",(A) ایک کھلاڑی گِلی کو مار رہا ہے۔
gilli_danda_45,IBQ,Pakistan_IBQ.xlsx,Gilli Danda,gilli_danda_45 میں دکھایا گیا اہم عمل کیا ہے؟,(A) (B) بچوں کا ایک گروپ جو گیند کا کھیل کھیل رہا ہے۔ (C) لڑنے والے بچوں کا ایک گروپ (D) بچوں کا ایک گروپ چل رہا ہے۔,ٹورنامنٹ کے لیے ایک فلائر,0,"The provided correct answer 'ٹورنامنٹ کے لیے ایک فلائر' is not an option available for the question. Also, the question is not well-formed and is asking about the 'main action' depicted, which is ambiguous without more context.",gilli_danda_45 میں دکھایا گیا منظر کیا ہے؟,(A) گلی ڈنڈا کھیلتے ہوئے بچوں کا ایک گروپ (B) لڑنے والے بچوں کا ایک گروپ (C) بچوں کا ایک گروپ دوڑ رہا ہے (D) ایک قومی گلی ڈنڈا ٹورنامنٹ کا اشتہار,(D) ایک قومی گلی ڈنڈا ٹورنامنٹ کا اشتہار
gilli_danda_45,IBQ,Pakistan_IBQ.xlsx,Gilli Danda,فلائر پر متن کے بارے میں ایک قابل ذکر تفصیل کیا ہے؟,(A) (B) یہ ایک جدید فونٹ میں ہے۔ (C) یہ روایتی فونٹ میں ہے۔ (D) یہ ایک سادہ فونٹ میں ہے۔,یہ ایک جدید فونٹ میں ہے۔,1,no mistake,no correction needed,no correction needed,no answer needed
gilli_danda_45,IBQ,Pakistan_IBQ.xlsx,Gilli Danda,فلائر کا ظاہری مقصد کیا ہے؟,(A) (B) گلی ڈنڈا ٹورنامنٹ کا اعلان کرنا (C) سیاسی جماعت کو پروموٹ کرنے کے لیے (D) ایک پروڈکٹ بیچنے کے لیے,گلی ڈنڈا ٹورنامنٹ کا اعلان کرنا,1,no mistake,no correction needed,no correction needed,no answer needed
gilli_danda_45,IBQ,Pakistan_IBQ.xlsx,Gilli Danda,فلائر کا سب سے نمایاں رنگ کیا ہے؟,(A) (B) سبز (C) نیلا (D) پیلا,نیلا,1,no mistake,no correction needed,no correction needed,no answer needed
gilli_danda_45,IBQ,Pakistan_IBQ.xlsx,Gilli Danda,اڑان سے منسلک کھیل کا کیا نام ہے؟,(A) (B) کرکٹ (C) گلی ڈنڈا۔ (D) بیس بال,گلی ڈنڈا۔,1,no mistake,no correction needed,no correction needed,no answer needed
gilli_danda_45,IBQ,Pakistan_IBQ.xlsx,Gilli Danda,طیار بتاتا ہے کہ یہ کس قسم کی تنظیم میں کھیلا جانے والا کھیل ہے؟,(A) (B) ایک مقامی کلب (C) ایک سکول (D) ایک قومی کھیلوں اور کھیلوں کی ایسوسی ایشن,ایک قومی کھیلوں اور کھیلوں کی ایسوسی ایشن,1,no mistake,no correction needed,no correction needed,no answer needed
gilli_danda_45,IBQ,Pakistan_IBQ.xlsx,Gilli Danda,تصویر کے بارے میں ایک قابل ذکر تفصیل کیا ہے؟,(A) (B) یہ ایک تصویر ہے۔ (C) یہ ایک پینٹنگ ہے۔ (D) یہ ایک مجسمہ ہے۔,یہ ایک کارٹون ہے۔,0,"The question asks for a notable detail about the image, but the provided answer 'یہ ایک کارٹون ہے۔' (This is a cartoon) doesn't align with the image's primary focus. The image depicts a 'Gilli Danda' tournament advertisement, and it's more accurately described as an advertisement, illustration or a depiction of a sports event. The given options are also quite basic and don't challenge understanding of the image's content. The question and options are not relevant to the image.",تصویر میں کیا دکھایا گیا ہے؟,(A) ایک پینٹنگ (B) ایک کارٹون (C) گلی ڈنڈا ٹورنامنٹ کا اشتہار (D) ایک مجسمہ,گلی ڈنڈا ٹورنامنٹ کا اشتہار
gilli_danda_45,IBQ,Pakistan_IBQ.xlsx,Gilli Danda,اڑانے والا تجویز کرتا ہے کہ یہ ایک کھیل ہے جو...,(A) (B) زمینی لڑائی اور گرفت (C) وحشیانہ قوت اور گھڑ سواری۔ (D) ہاتھ سے آنکھ کو آرڈینیشن اور حیرت انگیز,ہاتھ سے آنکھ کو آرڈینیشن اور حیرت انگیز,1,no mistake,no correction needed,no correction needed,no answer needed
gilli_danda_46,IBQ,Pakistan_IBQ.xlsx,Gilli Danda,gilli_danda_46 میں دکھائے جانے والے اہم عمل کیا ہے؟,(A) (B) ایک کھلاڑی چھوٹی چھڑی کو بڑی چھڑی سے مار رہا ہے۔ (C) ایک کھلاڑی گیند کی خدمت کر رہا ہے۔ (D) ایک کھلاڑی دفاعی بلاک کا مظاہرہ کر رہا ہے۔,اسپورٹس ایسوسی ایشن کا لوگو,0,"The question asks about the 'main action' shown in the image, but the provided correct answer is 'Sports Association Logo', which is not an action. The question and answer are mismatched and do not relate to the image content. The image clearly shows a person playing Gilli Danda.",گِلّی دَندا کے اس تصویر میں کیا عمل دکھایا گیا ہے؟,(A) ایک کھلاڑی گیند کو مار رہا ہے۔ (B) ایک کھلاڑی چھوٹی چھڑی کو بڑی چھڑی سے مار رہا ہے۔ (C) ایک کھلاڑی گیند کی خدمت کر رہا ہے۔ (D) ایک کھلاڑی دفاعی بلاک کا مظاہرہ کر رہا ہے۔,(B) ایک کھلاڑی چھوٹی چھڑی کو بڑی چھڑی سے مار رہا ہے۔
gilli_danda_46,IBQ,Pakistan_IBQ.xlsx,Gilli Danda,لوگو کے اہم عناصر کیا ہیں؟,(A) (B) ایک کرکٹ بیٹ اور ایک گیند (C) ایک ہلال کا چاند اور ایک ستارہ (D) ایک شیر اور ایک ڈھال,ایک ہلال کا چاند اور ایک ستارہ,1,no mistake,no correction needed,no correction needed,no answer needed
gilli_danda_46,IBQ,Pakistan_IBQ.xlsx,Gilli Danda,لوگو میں متن کے بارے میں ایک قابل ذکر تفصیل کیا ہے؟,(A) (B) یہ ایک جدید فونٹ میں ہے۔ (C) یہ روایتی فونٹ میں ہے۔ (D) یہ ایک سادہ فونٹ میں ہے۔,یہ ایک جدید فونٹ میں ہے۔,1,no mistake,no correction needed,no correction needed,no answer needed
gilli_danda_46,IBQ,Pakistan_IBQ.xlsx,Gilli Danda,لوگو کا ظاہری مقصد کیا ہے؟,(A) (B) قومی کھیلوں اور کھیلوں کی ایسوسی ایشن کی نمائندگی کرنا (C) سیاسی جماعت کو پروموٹ کرنے کے لیے (D) ایک پروڈکٹ بیچنے کے لیے,قومی کھیلوں اور کھیلوں کی ایسوسی ایشن کی نمائندگی کرنا,1,no mistake,no correction needed,no correction needed,no answer needed
gilli_danda_46,IBQ,Pakistan_IBQ.xlsx,Gilli Danda,لوگو کا سب سے نمایاں رنگ کیا ہے؟,(A) (B) سبز (C) نیلا (D) پیلا,سبز,1,no mistake,no correction needed,no correction needed,no answer needed
gilli_danda_46,IBQ,Pakistan_IBQ.xlsx,Gilli Danda,لوگو کے ساتھ ملک کا نام کیا ہے؟,(A) (B) پاکستان (C) بنگلہ دیش (D) افغانستان,پاکستان,1,no mistake,no correction needed,no correction needed,no answer needed
gilli_danda_46,IBQ,Pakistan_IBQ.xlsx,Gilli Danda,لوگو سے پتہ چلتا ہے کہ یہ کس قسم کی تنظیم میں کھیلا جانے والا کھیل ہے؟,(A) (B) ایک مقامی کلب (C) ایک سکول (D) ایک قومی کھیلوں اور کھیلوں کی ایسوسی ایشن,ایک قومی کھیلوں اور کھیلوں کی ایسوسی ایشن,1,no mistake,no correction needed,no correction needed,no answer needed
gilli_danda_46,IBQ,Pakistan_IBQ.xlsx,Gilli Danda,لوگو سے پتہ چلتا ہے کہ یہ ایک ایسا کھیل ہے جو...,(A) (B) زمینی لڑائی اور گرفت (C) وحشیانہ قوت اور گھڑ سواری۔ (D) ہاتھ سے آنکھ کو آرڈینیشن اور حیرت انگیز,ہاتھ سے آنکھ کو آرڈینیشن اور حیرت انگیز,1,no mistake,no correction needed,no correction needed,no answer needed
gilli_danda_48,IBQ,Pakistan_IBQ.xlsx,Gilli Danda,گلی_ڈنڈا_48 میں دکھایا گیا اصل عمل کیا ہے؟,(A) (B) کھیل کے دو ٹکڑوں کا قریبی اپ (C) ایک کھلاڑی گیند کی خدمت کر رہا ہے۔ (D) ایک کھلاڑی دفاعی بلاک کا مظاہرہ کر رہا ہے۔,کھیل کے دو ٹکڑوں کا قریبی اپ,1,no mistake,no correction needed,no correction needed,no answer needed
gilli_danda_39,IBQ,Pakistan_IBQ.xlsx,Gilli Danda,گلی_ڈنڈا_39 میں دکھایا گیا اصل عمل کیا ہے؟,(A) (B) ایک کھلاڑی چھوٹی چھڑی کو بڑی چھڑی سے مار رہا ہے۔ (C) ایک کھلاڑی گیند کی خدمت کر رہا ہے۔ (D) ایک کھلاڑی دفاعی بلاک کا مظاہرہ کر رہا ہے۔,گاؤں میں کھیل کا کارٹون,0,"The question asks about the 'original action' shown in 'gilli danda 39', but the provided image depicts a scene of gilli danda being played in a village setting. The options are also not directly related to the key action in the image. The 'correct answer' provided ('گاؤں میں کھیل کا کارٹون' - cartoon of a game in the village) is also inappropriate for a multiple-choice question. The question needs to focus on the action depicted in the image (hitting the gilli).",گلی ڈنڈا کھیلتے ہوئے تصویر میں دکھایا گیا اصلی عمل کیا ہے؟,"['(A) ایک کھلاڑی گلی کو ہدف بنانے کے لیے تیار ہو رہا ہے۔', '(B) ایک کھلاڑی چھوٹی چھڑی (گلی) کو بڑی چھڑی (ڈنڈا) سے مار رہا ہے۔', '(C) ایک کھلاڑی گیند کو سرون کر رہا ہے۔', '(D) ایک کھلاڑی دفاعی بلاک کا مظاہرہ کر رہا ہے۔']",(B) ایک کھلاڑی چھوٹی چھڑی (گلی) کو بڑی چھڑی (ڈنڈا) سے مار رہا ہے۔
gilli_danda_39,IBQ,Pakistan_IBQ.xlsx,Gilli Danda,کارٹون میں جانوروں کے بارے میں ایک قابل ذکر تفصیل کیا ہے؟,(A) (B) وہ سب ادھر ادھر بھاگ رہے ہیں۔ (C) وہ ایک دفاعی، تیار موقف میں ہیں۔ (D) وہ سب کھڑے کھڑے دیکھ رہے ہیں۔,وہ سب کھڑے کھڑے دیکھ رہے ہیں۔,0,"The question asks about a noticeable detail regarding the animals in the cartoon. However, the animals are scattered and engaged in various activities (eating, running, standing). The correct answer states they are 'standing and watching', which isn't entirely accurate as many are doing other things. Also, the question is in Urdu and the context of the image is not specifically related to Urdu-speaking culture, which might create confusion. The options are also somewhat vague.",تصویر میں جانور کیسی حالت میں دکھائی دے رہے ہیں؟,(A) وہ سب کھیل رہے ہیں۔ (B) وہ سب بھاگ رہے ہیں۔ (C) وہ سب کھڑے ہوئے ہیں اور دیکھ رہے ہیں۔ (D) وہ سب آرام کر رہے ہیں۔,وہ سب کھڑے ہوئے ہیں اور دیکھ رہے ہیں۔
gilli_danda_39,IBQ,Pakistan_IBQ.xlsx,Gilli Danda,کارٹون میں روایتی جھونپڑی اور بیل گاڑی بھی دکھائی گئی ہے۔ یہ ترتیب کے بارے میں کیا تجویز کرتا ہے؟,(A) (B) یہ ایک دیہاتی گاؤں ہے۔ (C) یہ ایک اندرونی میدان ہے۔ (D) یہ ایک تاریخی یادگار ہے۔,یہ ایک دیہاتی گاؤں ہے۔,1,no mistake,no correction needed,no correction needed,no answer needed
gilli_danda_29,IBQ,Pakistan_IBQ.xlsx,Gilli Danda,گلی_ڈنڈا_29 میں دکھایا گیا اصل عمل کیا ہے؟,(A) (B) ایک کھلاڑی چھوٹی چھڑی کو بڑی چھڑی سے مار رہا ہے۔ (C) ایک کھلاڑی گیند کی خدمت کر رہا ہے۔ (D) ایک کھلاڑی دفاعی بلاک کا مظاہرہ کر رہا ہے۔,ایک کھلاڑی چھوٹی چھڑی کو بڑی چھڑی سے مار رہا ہے۔,1,no mistake,no correction needed,no correction needed,no answer needed
gilli_danda_35,IBQ,Pakistan_IBQ.xlsx,Gilli Danda,لاٹھیوں کا رنگ اور ساخت بتاتی ہے کہ وہ...,(A) (B) پرانا اور استعمال سے پہنا ہوا ہے۔ (C) پینٹ اور پالش (D) بانس سے بنا,پرانا اور استعمال سے پہنا ہوا ہے۔,1,no mistake,no correction needed,no correction needed,no answer needed
gilli_danda_41,IBQ,Pakistan_IBQ.xlsx,Gilli Danda,gilli_danda_41 میں دکھایا گیا اصل عمل کیا ہے؟,(A) (B) کھیل کے دو ٹکڑوں کا قریبی اپ (C) ایک کھلاڑی گیند کی خدمت کر رہا ہے۔ (D) ایک کھلاڑی دفاعی بلاک کا مظاہرہ کر رہا ہے۔,کھیل کے دو ٹکڑوں کا قریبی اپ,1,no mistake,no correction needed,no correction needed,no answer needed
gilli_danda_36,IBQ,Pakistan_IBQ.xlsx,Gilli Danda,gilli_danda_36 میں دکھائے جانے والے اہم عمل کیا ہے؟,(A) (B) گیم کھیلنے والی لڑکی کا کولیج (C) لڑنے والے بچوں کا ایک گروپ (D) بچوں کا ایک گروپ چل رہا ہے۔,گیم کھیلنے والی لڑکی کا کولیج,1,no mistake,no correction needed,no correction needed,no answer needed
gilli_danda_37,IBQ,Pakistan_IBQ.xlsx,Gilli Danda,گلی_ڈنڈا_37 میں دکھایا گیا اصل عمل کیا ہے؟,(A) (B) کھیل کے دو ٹکڑوں کا قریبی اپ (C) ایک کھلاڑی گیند کی خدمت کر رہا ہے۔ (D) ایک کھلاڑی دفاعی بلاک کا مظاہرہ کر رہا ہے۔,کھیل کے دو ٹکڑوں کا قریبی اپ,1,no mistake,no correction needed,no correction needed,no answer needed
gilli_danda_40,IBQ,Pakistan_IBQ.xlsx,Gilli Danda,gilli_danda_40 میں دکھایا گیا اہم عمل کیا ہے؟,(A) (B) لوگوں کا ایک گروپ جو گیند کا کھیل کھیل رہا ہے۔ (C) لڑنے والوں کا ایک گروہ (D) ایک شخص کھیل کے ٹکڑوں کو تراش رہا ہے۔,لوگوں کا ایک گروپ جو بورڈ گیم کھیل رہا ہے۔,0,"The question refers to 'gilli_danda' but the image shows people playing a board game (likely Mancala). The correct answer also describes a board game, not gilli-danda. This indicates a mismatch between the question's premise and the image.",gilli_danda_40 میں دکھایا گیا اہم عمل کیا ہے؟ تصویر میں دکھایا گیا کھیل کیا ہے؟,(A) گلی ڈنڈا کا کھیل (B) لوگوں کا ایک گروپ جو گیند کا کھیل کھیل رہا ہے۔ (C) لڑنے والوں کا ایک گروہ (D) ایک شخص بورڈ گیم کھیل رہا ہے۔,ایک شخص بورڈ گیم کھیل رہا ہے۔
gilli_danda_40,IBQ,Pakistan_IBQ.xlsx,Gilli Danda,ٹکڑوں کے بارے میں ایک قابل ذکر تفصیل کیا ہے؟,(A) (B) وہ رنگوں اور ڈیزائنوں کا مرکب ہیں۔ (C) وہ سب سفید فام ہیں۔ (D) وہ سب کالے ہیں۔,وہ رنگوں اور ڈیزائنوں کا مرکب ہیں۔,1,no mistake,no correction needed,no correction needed,no answer needed
gilli_danda_43,IBQ,Pakistan_IBQ.xlsx,Gilli Danda,gilli_danda_43 میں دکھایا گیا اہم عمل کیا ہے؟,(A) (B) ایک کھلاڑی چھوٹی چھڑی کو بڑی چھڑی سے مار رہا ہے۔ (C) ایک کھلاڑی گیند کی خدمت کر رہا ہے۔ (D) ایک کھلاڑی دفاعی بلاک کا مظاہرہ کر رہا ہے۔,ایک کھلاڑی چھوٹی چھڑی کو بڑی چھڑی سے مار رہا ہے۔,1,no mistake,no correction needed,no correction needed,no answer needed
gilli_danda_38,IBQ,Pakistan_IBQ.xlsx,Gilli Danda,گلی_ڈنڈا_38 میں دکھایا گیا اصل عمل کیا ہے؟,(A) (B) بچوں کا ایک گروپ جو گیند کا کھیل کھیل رہا ہے۔ (C) لڑنے والے بچوں کا ایک گروپ (D) بچوں کا ایک گروپ چل رہا ہے۔,بچوں کا ایک گروپ جو گیند کا کھیل کھیل رہا ہے۔,1,no mistake,no correction needed,no correction needed,no answer needed
gilli_danda_24,IBQ,Pakistan_IBQ.xlsx,Gilli Danda,gilli_danda_24 میں دکھایا گیا اصل عمل کیا ہے؟,(A) (B) کھیل کے دو ٹکڑوں کا قریبی اپ (C) ایک کھلاڑی گیند کی خدمت کر رہا ہے۔ (D) ایک کھلاڑی دفاعی بلاک کا مظاہرہ کر رہا ہے۔,کھیل کے دو ٹکڑوں کا قریبی اپ,1,no mistake,no correction needed,no correction needed,no answer needed
gilli_danda_52,IBQ,Pakistan_IBQ.xlsx,Gilli Danda,gilli_danda_52 میں دکھایا گیا اہم عمل کیا ہے؟,(A) (B) بچوں کا ایک گروپ جو گیند کا کھیل کھیل رہا ہے۔ (C) لوگوں کا ایک گروپ تصویر کے لیے پوز کر رہا ہے۔ (D) بچوں کا ایک گروپ چل رہا ہے۔,لوگوں کا ایک گروپ تصویر کے لیے پوز کر رہا ہے۔,1,no mistake,no correction needed,no correction needed,لوگوں کا ایک گروپ تصویر کے لیے پوز کر رہا ہے۔
gilli_danda_52,IBQ,Pakistan_IBQ.xlsx,Gilli Danda,تصویر سے پتہ چلتا ہے کہ یہ ایک کھیل ہے جو...,(A) (B) زمینی لڑائی اور گرفت (C) وحشیانہ قوت اور گھڑ سواری۔ (D) ہاتھ سے آنکھ کو آرڈینیشن اور حیرت انگیز,ہاتھ سے آنکھ کو آرڈینیشن اور حیرت انگیز,1,no mistake,no correction needed,no correction needed,no answer needed
,IBQ,Pakistan_IBQ.xlsx,Gilli Danda,gilli_danda_58 میں دکھائے جانے والے اہم عمل کیا ہے؟,(A) (B) ایک کھلاڑی گیند کی خدمت کر رہا ہے۔ (C) ایک کھلاڑی دفاعی بلاک کا مظاہرہ کر رہا ہے۔ (D) ایک کھلاڑی کھینچ رہا ہے۔,ایک کھلاڑی چھوٹی چھڑی کو بڑی چھڑی سے مار رہا ہے۔,0,"The provided correct answer 'ایک کھلاڑی چھوٹی چھڑی کو بڑی چھڑی سے مار رہا ہے۔' (A player is hitting the small stick with the big stick) doesn't match the actions depicted in a typical gilli-danda game. The question asks about the *main* action shown, and the provided answer is a description of *how* the game is played, not necessarily the specific action in the image. Also, the correct answer is not listed as an option.",gilli_danda_58 میں دکھائے جانے والے اہم عمل کی وضاحت کریں؟,(A) ایک کھلاڑی گیند کو مار رہا ہے۔ (B) ایک کھلاڑی گیند کی خدمت کر رہا ہے۔ (C) ایک کھلاڑی دفاعی بلاک کا مظاہرہ کر رہا ہے۔ (D) ایک کھلاڑی کھینچ رہا ہے۔,ایک کھلاڑی گیند کو مار رہا ہے۔
,IBQ,Pakistan_IBQ.xlsx,Gilli Danda,gilli_danda_59 میں دکھایا گیا اہم عمل کیا ہے؟,(A) (B) بچوں کا ایک گروپ جو گیند کا کھیل کھیل رہا ہے۔ (C) ٹیم کی سرگرمی میں بچوں کا ایک گروپ (D) بچوں کا ایک گروپ چل رہا ہے۔,ٹیم کی سرگرمی میں بچوں کا ایک گروپ,1,no mistake,no correction needed,no correction needed,no answer needed
,IBQ,Pakistan_IBQ.xlsx,Gilli Danda,gilli_danda_62 میں دکھایا گیا اہم عمل کیا ہے؟,(A) (B) ایک کھلاڑی گیند کی خدمت کر رہا ہے۔ (C) ایک کھلاڑی دفاعی بلاک کا مظاہرہ کر رہا ہے۔ (D) ایک کھلاڑی کھینچ رہا ہے۔,ایک کھلاڑی چھوٹی چھڑی کو بڑی چھڑی سے مار رہا ہے۔,0,"The provided correct answer 'ایک کھلاڑی چھوٹی چھڑی کو بڑی چھڑی سے مار رہا ہے۔' does not match the options. Also, option (A) is incomplete. The question is asking about the main action depicted, and the options are lacking a clear description related to hitting or striking in gilli danda.",gilli_danda_62 میں دکھایا گیا اہم عمل کیا ہے؟,"['(A) ایک کھلاڑی گِلی کو مار رہا ہے۔', '(B) ایک کھلاڑی گیند کی خدمت کر رہا ہے۔', '(C) ایک کھلاڑی دفاعی بلاک کا مظاہرہ کر رہا ہے۔', '(D) ایک کھلاڑی کھینچ رہا ہے۔']",(A) ایک کھلاڑی گِلی کو مار رہا ہے۔
,IBQ,Pakistan_IBQ.xlsx,Gilli Danda,gilli_danda_65 میں دکھایا گیا اہم عمل کیا ہے؟,(A) (B) ایک کھلاڑی گیند کی خدمت کر رہا ہے۔ (C) ایک کھلاڑی دفاعی بلاک کا مظاہرہ کر رہا ہے۔ (D) ایک کھلاڑی کھینچ رہا ہے۔,ایک کھلاڑی چھوٹی چھڑی کو بڑی چھڑی سے مار رہا ہے۔,0,"The question is asking about the main action depicted in 'gilli_danda_65', but the provided correct answer ('ایک کھلاڑی چھوٹی چھڑی کو بڑی چھڑی سے مار رہا ہے۔' - A player is hitting the small stick with the big stick) is not listed as an option. The options provided don't accurately represent the primary action in a Gilli Danda game. Also, the question is somewhat vague; 'اہم عمل' (main action) is broad.",gilli_danda_65 میں دکھایا گیا گلی ڈنڈا کا اہم عمل کیا ہے؟,"['(A) ایک کھلاڑی گلی کو مار رہا ہے۔', '(B) ایک کھلاڑی گیند کی خدمت کر رہا ہے۔', '(C) ایک کھلاڑی دفاعی بلاک کا مظاہرہ کر رہا ہے۔', '(D) ایک کھلاڑی کھینچ رہا ہے۔']",ایک کھلاڑی گلی کو مار رہا ہے۔
,IBQ,Pakistan_IBQ.xlsx,Gilli Danda,gilli_danda_66 میں دکھایا گیا اصل عمل کیا ہے؟,(A) (B) ایک کھلاڑی چھوٹی چھڑی کو بڑی چھڑی سے مار رہا ہے۔ (C) ایک کھلاڑی گیند کی خدمت کر رہا ہے۔ (D) ایک کھلاڑی دفاعی بلاک کا مظاہرہ کر رہا ہے۔,ایک کھلاڑی چھوٹی چھڑی کو بڑی چھڑی سے مار رہا ہے۔,1,no mistake,no correction needed,no correction needed,no answer needed
,IBQ,Pakistan_IBQ.xlsx,Gilli Danda,gilli_danda_67 میں دکھایا گیا اصل عمل کیا ہے؟,(A) (B) مردوں کا ایک گروپ کبڈی کھیل رہا ہے۔ (C) لڑنے والے مردوں کا ایک گروہ (D) بچوں کا ایک گروپ چل رہا ہے۔,مردوں کا ایک گروپ کبڈی کھیل رہا ہے۔,0,"The question asks about the 'original action' shown in 'gilli_danda_67'. However, the correct answer describes a group of men playing Kabaddi, which is not depicted in a typical gilli-danda game. The question and answer are mismatched with the expected context of gilli-danda. Also, the option (A) is incomplete.",گلی ڈنڈا 67 میں دکھایا گیا کھیل کیا ہے؟,(A) گلی ڈنڈا (B) مردوں کا ایک گروپ کبڈی کھیل رہا ہے۔ (C) لڑنے والے مردوں کا ایک گروہ (D) بچوں کا ایک گروپ دوڑ رہا ہے۔,گلی ڈنڈا
,IBQ,Pakistan_IBQ.xlsx,Gilli Danda,gilli_danda_61 میں دکھایا گیا اہم عمل کیا ہے؟,(A) (B) ایک کھلاڑی چھوٹی چھڑی کو بڑی چھڑی سے مار رہا ہے۔ (C) ایک کھلاڑی گیند کی خدمت کر رہا ہے۔ (D) ایک کھلاڑی دفاعی بلاک کا مظاہرہ کر رہا ہے۔,اسپورٹس ایسوسی ایشن کا لوگو,0,"The question asks about the main action depicted in the image 'gilli_danda_61', but the correct answer provided is 'Sports Association logo'. This is a mismatch; the answer should relate to the image's content. The question and options are about Gilli Danda, but the answer is irrelevant.",gilli_danda_61 میں دکھایا گیا اہم عمل کیا ہے؟,"['(A) کھلاڑی گِلی کو مارنے کے لیے ڈنڈا استعمال کر رہا ہے۔', '(B) ایک کھلاڑی چھوٹی چھڑی کو بڑی چھڑی سے مار رہا ہے۔', '(C) کھلاڑی گیند کو اچھال رہا ہے۔', '(D) ایک کھلاڑی دفاعی انداز میں کھڑا ہے۔']",(B) ایک کھلاڑی چھوٹی چھڑی کو بڑی چھڑی سے مار رہا ہے۔
tent_pegging_4,IBQ,Pakistan_IBQ.xlsx,Tent Pegging,tent_pegging_4 میں دکھائی جانے والی اہم کارروائی کیا ہے؟,(A) گھوڑے کی پیٹھ پر کرتب دکھاتے ہوئے سوار (B) ٹینٹ پیگنگ ایونٹ میں مقابلہ کرنے والا سوار (C) گھوڑوں کی دوڑ میں سوار (D) ایک سوار پریڈ کی قیادت کر رہا ہے۔,ٹینٹ پیگنگ ایونٹ میں مقابلہ کرنے والا سوار,1,no mistake,no correction needed,no correction needed,no answer needed
tent_pegging_4,IBQ,Pakistan_IBQ.xlsx,Tent Pegging,سوار کے لباس کے بارے میں ایک قابل ذکر تفصیل کیا ہے؟,(A) ایک رسمی سوٹ اور ٹائی (B) نیلی پگڑی اور بنیان والا سفید روایتی لباس (C) فوجی وردی (D) ایک جدید کھیلوں کا یونیفارم,نیلی پگڑی اور بنیان والا سفید روایتی لباس,1,no mistake,no correction needed,no correction needed,no answer needed
tent_pegging_4,IBQ,Pakistan_IBQ.xlsx,Tent Pegging,سوار نے جو لمبی چھڑی پکڑی ہوئی ہے اس کا ظاہری مقصد کیا ہے؟,(A) گھوڑے کی رہنمائی کے لیے (B) توازن کے لیے زمین سے ٹکرانا (C) زمین پر چھوٹے اہداف کو نشانہ بنانا (D) بطور ہتھیار استعمال کرنا,زمین پر چھوٹے اہداف کو نشانہ بنانا,1,no mistake,no correction needed,no correction needed,no answer needed
tent_pegging_4,IBQ,Pakistan_IBQ.xlsx,Tent Pegging,سوار کی ظاہری باڈی پوزیشن کیا ہے؟,(A) سیدھا کھڑا ہونا (B) نیچے اور طرف جھکنا (C) گھوڑے کی پیٹھ پر لیٹنا (D) آرام سے بیٹھ گیا۔,نیچے اور طرف جھکنا,1,no mistake,no correction needed,no correction needed,no answer needed
tent_pegging_4,IBQ,Pakistan_IBQ.xlsx,Tent Pegging,گھوڑے کے پیچھے زمین کی ظاہری حالت کیا ہے؟,(A) بالکل ہموار (B) تازہ گھاس میں ڈھکا ہوا ہے۔ (C) غبار کے بادل میں اُٹھ گیا۔ (D) پانی سے بھرا ہوا ۔,غبار کے بادل میں اُٹھ گیا۔,1,no mistake,no correction needed,no correction needed,no answer needed
tent_pegging_4,IBQ,Pakistan_IBQ.xlsx,Tent Pegging,گھوڑے کے ٹیک کی سب سے نمایاں خصوصیت کیا ہے؟,(A) یہ ایک سادہ سی کاٹھی ہے۔ (B) یہ نیلے رنگ کے زیورات کے ساتھ ایک انتہائی آرائشی کاٹھی ہے۔ (C) یہ ایک ننگا پیڈ ہے۔ (D) یہ ایک ریسنگ سیڈل ہے۔,یہ نیلے رنگ کے زیورات کے ساتھ ایک انتہائی آرائشی کاٹھی ہے۔,1,no mistake,no correction needed,no correction needed,یہ نیلے رنگ کے زیورات کے ساتھ ایک انتہائی آرائشی کاٹھی ہے۔
tent_pegging_4,IBQ,Pakistan_IBQ.xlsx,Tent Pegging,واقعہ کی ظاہری ترتیب کیا ہے؟,(A) ایک اندرونی میدان (B) شہر کی ایک گلی (C) ایک بیرونی گندگی کا ٹریک (D) گھاس کا میدان,ایک بیرونی گندگی کا ٹریک,1,no mistake,no correction needed,no correction needed,no answer needed
tent_pegging_4,IBQ,Pakistan_IBQ.xlsx,Tent Pegging,اس کھیل کا نام ٹینٹ پیگنگ ہے۔ اس نام سے کیا مراد ہے؟,(A) کھیل میں خیموں کا استعمال (B) زمین پر چھوٹے کھونٹے یا اہداف (C) گھوڑوں کو روکنے کے لیے بڑے کھونٹے کا استعمال (D) ختم لائن کے طور پر خیمے کا استعمال,زمین پر چھوٹے کھونٹے یا اہداف,1,no mistake,no correction needed,no correction needed,no answer needed
tent_pegging_4,IBQ,Pakistan_IBQ.xlsx,Tent Pegging,سوار کے چہرے سے ظاہری جذبات کیا ہیں؟,(A) پرسکون اور پر سکون (B) خوف زدہ اور بے چین (C) کشیدہ اور شدید (D) خوش اور مسکراتے ہوئے۔,کشیدہ اور شدید,1,no mistake,no correction needed,no correction needed,no answer needed
tent_pegging_4,IBQ,Pakistan_IBQ.xlsx,Tent Pegging,تصویر میں ایکشن ایک ایسا انداز تجویز کرتا ہے جو اس بات پر زور دیتا ہے...,(A) روانی اور قلابازیاں (B) زمینی لڑائی اور گرفت (C) وحشیانہ قوت اور گھڑ سواری۔ (D) رفتار، درستگی اور چستی,رفتار، درستگی اور چستی,1,no mistake,no correction needed,no correction needed,no answer needed
tent_pegging_33,IBQ,Pakistan_IBQ.xlsx,Tent Pegging,tent_pegging_33 میں دکھائی جانے والی اہم کارروائی کیا ہے؟,(A) آرام سے گھوڑے کی سواری۔ (B) سواروں کا ایک گروپ جو مرکزی چیز کے لیے مقابلہ کر رہا ہے۔ (C) سواروں کی پریڈ (D) گھوڑوں کی دوڑ,سواروں کی پریڈ,1,no mistake,no correction needed,no correction needed,no answer needed
tent_pegging_33,IBQ,Pakistan_IBQ.xlsx,Tent Pegging,سواروں کے لباس کے بارے میں ایک قابل ذکر تفصیل کیا ہے؟,(A) انہوں نے فوجی وردی پہن رکھی ہے۔ (B) وہ لمبی پگڑیوں اور نیلی واسکٹ کے ساتھ سفید روایتی لباس پہنے ہوئے ہیں۔ (C) وہ رسمی سوٹ پہنے ہوئے ہیں۔ (D) انہوں نے کوئی لباس نہیں پہنا ہوا ہے۔,وہ لمبی پگڑیوں اور نیلی واسکٹ کے ساتھ سفید روایتی لباس پہنے ہوئے ہیں۔,1,no mistake,no correction needed,no correction needed,no answer needed
tent_pegging_33,IBQ,Pakistan_IBQ.xlsx,Tent Pegging,گھوڑوں کے بارے میں نظر آنے والی تفصیل کیا ہے؟,(A) وہ سب ایک ہی رنگ کے ہیں۔ (B) وہ زیادہ تر سفید گھوڑے ہیں جن میں آرائشی ٹیک ہیں۔ (C) وہ سب کوئی سیڈل نہیں پہنے ہوئے ہیں۔ (D) وہ سب خاموش کھڑے ہیں۔,وہ زیادہ تر سفید گھوڑے ہیں جن میں آرائشی ٹیک ہیں۔,1,no mistake,no correction needed,no correction needed,no answer needed
tent_pegging_33,IBQ,Pakistan_IBQ.xlsx,Tent Pegging,سواروں کی ظاہری باڈی پوزیشن کیا ہے؟,(A) وہ سیدھے کھڑے ہیں۔ (B) وہ جھک رہے ہیں اور کسی چیز تک پہنچ رہے ہیں۔ (C) وہ گھوڑوں کی پیٹھ پر لیٹے ہوئے ہیں۔ (D) وہ آرام سے بیٹھے ہیں۔,وہ آرام سے بیٹھے ہیں۔,1,no mistake,no correction needed,no correction needed,no answer needed
tent_pegging_33,IBQ,Pakistan_IBQ.xlsx,Tent Pegging,سواروں کے چہروں سے ظاہری جذبات کیا ہیں؟,(A) پرسکون اور پر سکون (B) خوف زدہ اور بے چین (C) کشیدہ اور شدید (D) خوش اور مسکراتے ہوئے۔,خوش اور مسکراتے ہوئے۔,1,no mistake,no correction needed,no correction needed,no answer needed
tent_pegging_33,IBQ,Pakistan_IBQ.xlsx,Tent Pegging,زمین کی سب سے نمایاں خصوصیت کیا ہے؟,(A) ایک پکی سطح (B) کیچڑ والا میدان (C) ایک گھاس دار سطح (D) ریتلی یا گندگی کی سطح,ایک گھاس دار سطح,0,"The question asks about the most prominent feature of the ground, but the image shows people on horses on a grassy field. The question is not related to the image and the answer is based on general knowledge about sports fields (like cricket or football) rather than the provided image. Also, the question is in Urdu, and the image shows a cultural event which doesn't immediately suggest a sports ground.",تصویر میں زمین کی سب سے نمایاں خصوصیت کیا ہے؟,(A) پتھریلی سطح (B) کیچڑ والا میدان (C) گھاس کی سطح (D) ریتلی یا مٹی کی سطح,گھاس کی سطح
tent_pegging_33,IBQ,Pakistan_IBQ.xlsx,Tent Pegging,کھیلے جانے والے کھیل کا نام کیا ہے؟,(A) پولو (B) گھوڑوں کی دوڑ (C) ٹینٹ پیگنگ (D) گھڑ سواری کے کھیل,ٹینٹ پیگنگ,1,no mistake,no correction needed,no correction needed,no answer needed
tent_pegging_33,IBQ,Pakistan_IBQ.xlsx,Tent Pegging,لمبی چھڑیوں کے بارے میں ایک قابل ذکر تفصیل کیا ہے جو سواروں کے پاس ہے؟,(A) انہیں ہتھیار کے طور پر استعمال کیا جاتا ہے۔ (B) وہ گھوڑوں کی رہنمائی کے لیے استعمال ہوتے ہیں۔ (C) وہ ربن اور tassels کے ساتھ سجایا جاتا ہے (D) وہ جھنڈے کے طور پر استعمال ہوتے ہیں۔,وہ ربن اور tassels کے ساتھ سجایا جاتا ہے,1,no mistake,no correction needed,no correction needed,no answer needed
tent_pegging_8,IBQ,Pakistan_IBQ.xlsx,Tent Pegging,tent_pegging_8 میں دکھائی جانے والی اہم کارروائی کیا ہے؟,(A) گھوڑے کی پیٹھ پر کرتب دکھاتے ہوئے سوار (B) ٹینٹ پیگنگ ایونٹ میں مقابلہ کرنے والا سوار (C) گھوڑوں کی دوڑ میں سوار (D) ایک سوار پریڈ کی قیادت کر رہا ہے۔,ٹینٹ پیگنگ ایونٹ میں مقابلہ کرنے والا سوار,1,no mistake,no correction needed,no correction needed,no answer needed
tent_pegging_8,IBQ,Pakistan_IBQ.xlsx,Tent Pegging,کھیل کا نام کیا ہے؟,(A) پولو (B) گھوڑوں کی دوڑ (C) ٹینٹ پیگنگ (D) گھڑ سواری کے کھیل,ٹینٹ پیگنگ,1,no mistake,no correction needed,no correction needed,no answer needed
tent_pegging_18,IBQ,Pakistan_IBQ.xlsx,Tent Pegging,tent_pegging_18 میں دکھائی جانے والی اہم کارروائی کیا ہے؟,(A) دو سوار گھوڑے کی پیٹھ پر کرتب دکھا رہے ہیں۔ (B) ٹینٹ پیگنگ ایونٹ میں دو سوار مقابلہ کر رہے ہیں۔ (C) گھوڑوں کی دوڑ میں دو سوار (D) دو سوار ایک پریڈ کی قیادت کر رہے ہیں۔,ٹینٹ پیگنگ ایونٹ میں دو سوار مقابلہ کر رہے ہیں۔,1,no mistake,no correction needed,no correction needed,no answer needed
tent_pegging_18,IBQ,Pakistan_IBQ.xlsx,Tent Pegging,سواروں نے جو لمبی لاٹھیاں پکڑی ہوئی ہیں ان کا ظاہری مقصد کیا ہے؟,(A) گھوڑے کی رہنمائی کے لیے (B) توازن کے لیے زمین سے ٹکرانا (C) زمین پر چھوٹے اہداف کو نشانہ بنانا (D) بطور ہتھیار استعمال کرنا,زمین پر چھوٹے اہداف کو نشانہ بنانا,1,no mistake,no correction needed,no correction needed,no answer needed
tent_pegging_18,IBQ,Pakistan_IBQ.xlsx,Tent Pegging,گھوڑوں کے پیچھے زمین کی ظاہری حالت کیا ہے؟,(A) بالکل ہموار (B) تازہ گھاس میں ڈھکا ہوا ہے۔ (C) غبار کے بادل میں اُٹھ گیا۔ (D) پانی سے بھرا ہوا ۔,غبار کے بادل میں اُٹھ گیا۔,1,no mistake,no correction needed,no correction needed,no answer needed
tent_pegging_18,IBQ,Pakistan_IBQ.xlsx,Tent Pegging,گھوڑوں کے ٹیک کی سب سے نمایاں خصوصیت کیا ہے؟,(A) یہ ایک سادہ سی کاٹھی ہے۔ (B) یہ نیلے رنگ کے زیورات کے ساتھ ایک انتہائی آرائشی کاٹھی ہے۔ (C) یہ ایک ننگا پیڈ ہے۔ (D) یہ ایک ریسنگ سیڈل ہے۔,یہ ایک سادہ سی کاٹھی ہے۔,1,no mistake,no correction needed,no correction needed,no answer needed
tent_pegging_16,IBQ,Pakistan_IBQ.xlsx,Tent Pegging,tent_pegging_16 میں دکھائی جانے والی اہم کارروائی کیا ہے؟,(A) گھوڑے کی پیٹھ پر کرتب دکھاتے ہوئے سوار (B) ٹینٹ پیگنگ ایونٹ میں مقابلہ کرنے والا سوار (C) گھوڑوں کی دوڑ میں سوار (D) ایک سوار پریڈ کی قیادت کر رہا ہے۔,ٹینٹ پیگنگ ایونٹ میں مقابلہ کرنے والا سوار,1,no mistake,no correction needed,no correction needed,no answer needed
tent_pegging_11,IBQ,Pakistan_IBQ.xlsx,Tent Pegging,tent_pegging_11 میں دکھائی جانے والی اہم کارروائی کیا ہے؟,(A) گھوڑے کی پیٹھ پر کرتب دکھاتے ہوئے سوار (B) ٹینٹ پیگنگ ایونٹ میں مقابلہ کرنے والا سوار (C) گھوڑوں کی دوڑ میں سوار (D) ایک سوار پریڈ کی قیادت کر رہا ہے۔,ٹینٹ پیگنگ ایونٹ میں مقابلہ کرنے والا سوار,1,no mistake,no correction needed,no correction needed,no answer needed
tent_pegging_32,IBQ,Pakistan_IBQ.xlsx,Tent Pegging,tent_pegging_32 میں دکھائی جانے والی اہم کارروائی کیا ہے؟,(A) گھوڑے کی پیٹھ پر کرتب دکھاتے ہوئے سوار (B) ٹینٹ پیگنگ ایونٹ میں مقابلہ کرنے والا سوار (C) گھوڑوں کی دوڑ میں سوار (D) ایک سوار پریڈ کی قیادت کر رہا ہے۔,ٹینٹ پیگنگ ایونٹ میں مقابلہ کرنے والا سوار,1,no mistake,no correction needed,no correction needed,no answer needed
tent_pegging_3,IBQ,Pakistan_IBQ.xlsx,Tent Pegging,tent_pegging_3 میں دکھائی جانے والی اہم کارروائی کیا ہے؟,(A) گھوڑے کی پیٹھ پر کرتب دکھاتے ہوئے سوار (B) ٹینٹ پیگنگ ایونٹ میں مقابلہ کرنے والا سوار (C) گھوڑوں کی دوڑ میں سوار (D) ایک سوار پریڈ کی قیادت کر رہا ہے۔,ٹینٹ پیگنگ ایونٹ میں مقابلہ کرنے والا سوار,1,no mistake,no correction needed,no correction needed,no answer needed
tent_pegging_20,IBQ,Pakistan_IBQ.xlsx,Tent Pegging,tent_pegging_20 میں دکھائی جانے والی اہم کارروائی کیا ہے؟,(A) گھوڑے کی پیٹھ پر کرتب دکھاتے ہوئے سوار (B) ٹینٹ پیگنگ ایونٹ میں مقابلہ کرنے والا سوار (C) گھوڑوں کی دوڑ میں سوار (D) ایک سوار پریڈ کی قیادت کر رہا ہے۔,ٹینٹ پیگنگ ایونٹ میں مقابلہ کرنے والا سوار,1,no mistake,no correction needed,no correction needed,no answer needed
tent_pegging_25,IBQ,Pakistan_IBQ.xlsx,Tent Pegging,tent_pegging_25 میں دکھائی جانے والی اہم کارروائی کیا ہے؟,(A) گھوڑے کی پیٹھ پر کرتب دکھاتے ہوئے سوار (B) ٹینٹ پیگنگ ایونٹ میں مقابلہ کرنے والا سوار (C) گھوڑوں کی دوڑ میں سوار (D) ایک سوار پریڈ کی قیادت کر رہا ہے۔,ٹینٹ پیگنگ ایونٹ میں مقابلہ کرنے والا سوار,1,no mistake,no correction needed,no correction needed,no answer needed
tent_pegging_49,IBQ,Pakistan_IBQ.xlsx,Tent Pegging,tent_pegging_49 میں دکھائی جانے والی اہم کارروائی کیا ہے؟,(A) گھوڑے کی پیٹھ پر کرتب دکھاتے ہوئے سوار (B) ٹینٹ پیگنگ ایونٹ میں مقابلہ کرنے والا سوار (C) گھوڑوں کی دوڑ میں سوار (D) ایک سوار پریڈ کی قیادت کر رہا ہے۔,ٹینٹ پیگنگ ایونٹ میں مقابلہ کرنے والا سوار,1,no mistake,no correction needed,no correction needed,no answer needed
tent_pegging_43,IBQ,Pakistan_IBQ.xlsx,Tent Pegging,tent_pegging_43 میں دکھائی جانے والی اہم کارروائی کیا ہے؟,(A) آرام سے گھوڑے کی سواری۔ (B) ٹینٹ پیگنگ ایونٹ میں مقابلہ کرنے والا سوار (C) گھوڑوں کی پریڈ (D) گھوڑوں کی دوڑ,ٹینٹ پیگنگ ایونٹ میں مقابلہ کرنے والا سوار,1,no mistake,no correction needed,no correction needed,no answer needed
tent_pegging_50,IBQ,Pakistan_IBQ.xlsx,Tent Pegging,tent_pegging_50 میں دکھائی جانے والی اہم کارروائی کیا ہے؟,(A) گھوڑے کی پیٹھ پر کرتب دکھاتے ہوئے سوار (B) ٹینٹ پیگنگ ایونٹ میں مقابلہ کرنے والا سوار (C) گھوڑوں کی دوڑ میں سوار (D) ایک سوار پریڈ کی قیادت کر رہا ہے۔,ٹینٹ پیگنگ ایونٹ میں مقابلہ کرنے والا سوار,1,no mistake,no correction needed,no correction needed,no answer needed
tent_pegging_44,IBQ,Pakistan_IBQ.xlsx,Tent Pegging,tent_pegging_44 میں دکھائی جانے والی اہم کارروائی کیا ہے؟,(A) گھوڑے کی پیٹھ پر کرتب دکھاتے ہوئے سوار (B) ٹینٹ پیگنگ ایونٹ میں مقابلہ کرنے والا سوار (C) گھوڑوں کی دوڑ میں سوار (D) ایک سوار پریڈ کی قیادت کر رہا ہے۔,ٹینٹ پیگنگ ایونٹ میں مقابلہ کرنے والا سوار,1,no mistake,no correction needed,no correction needed,no answer needed
tent_pegging_47,IBQ,Pakistan_IBQ.xlsx,Tent Pegging,tent_pegging_47 میں دکھائی جانے والی اہم کارروائی کیا ہے؟,(A) آرام سے گھوڑے کی سواری۔ (B) ٹینٹ پیگنگ ایونٹ میں مقابلہ کرنے والے سواروں کا ایک گروپ (C) سواروں کی پریڈ (D) گھوڑوں کی دوڑ,ٹینٹ پیگنگ ایونٹ میں مقابلہ کرنے والے سواروں کا ایک گروپ,1,no mistake,no correction needed,no correction needed,no answer needed
tent_pegging_52,IBQ,Pakistan_IBQ.xlsx,Tent Pegging,tent_pegging_52 میں دکھائی جانے والی اہم کارروائی کیا ہے؟,(A) ٹینٹ پیگنگ ایونٹ میں دو سوار مقابلہ کر رہے ہیں۔ (B) پریڈ کی تشکیل میں سواروں کا ایک گروپ (C) گھوڑوں کی دوڑ (D) لڑنے والے سواروں کا ایک گروہ,ٹینٹ پیگنگ ایونٹ میں دو سوار مقابلہ کر رہے ہیں۔,1,no mistake,no correction needed,no correction needed,no answer needed
tent_pegging_46,IBQ,Pakistan_IBQ.xlsx,Tent Pegging,tent_pegging_46 میں دکھائی جانے والی اہم کارروائی کیا ہے؟,(A) گھوڑے کی پیٹھ پر کرتب دکھاتے ہوئے سوار (B) ٹینٹ پیگنگ ایونٹ میں مقابلہ کرنے والا سوار (C) گھوڑوں کی دوڑ میں سوار (D) ایک سوار پریڈ کی قیادت کر رہا ہے۔,ٹینٹ پیگنگ ایونٹ میں مقابلہ کرنے والا سوار,1,no mistake,no correction needed,no correction needed,no answer needed
tent_pegging_35,IBQ,Pakistan_IBQ.xlsx,Tent Pegging,tent_pegging_35 میں دکھائی جانے والی اہم کارروائی کیا ہے؟,(A) گھوڑے کی پیٹھ پر کرتب دکھاتے ہوئے سوار (B) ٹینٹ پیگنگ ایونٹ میں مقابلہ کرنے والا سوار (C) گھوڑوں کی دوڑ میں سوار (D) ایک سوار پریڈ کی قیادت کر رہا ہے۔,ٹینٹ پیگنگ ایونٹ میں مقابلہ کرنے والا سوار,1,no mistake,no correction needed,no correction needed,no answer needed
tent_pegging_62,IBQ,Pakistan_IBQ.xlsx,Tent Pegging,tent_pegging_62 میں دکھائی جانے والی اہم کارروائی کیا ہے؟,(A) آرام سے گھوڑے کی سواری۔ (B) ٹینٹ پیگنگ ایونٹ میں دو سوار مقابلہ کر رہے ہیں۔ (C) سواروں کی پریڈ (D) گھوڑوں کی دوڑ,ٹینٹ پیگنگ ایونٹ میں دو سوار مقابلہ کر رہے ہیں۔,1,no mistake,no correction needed,no correction needed,no answer needed
tent_pegging_68,IBQ,Pakistan_IBQ.xlsx,Tent Pegging,tent_pegging_68 میں دکھائی جانے والی اہم کارروائی کیا ہے؟,(A) آرام سے گھوڑے کی سواری۔ (B) ٹینٹ پیگنگ ایونٹ میں دو سوار مقابلہ کر رہے ہیں۔ (C) سواروں کی پریڈ (D) گھوڑوں کی دوڑ,ٹینٹ پیگنگ ایونٹ میں دو سوار مقابلہ کر رہے ہیں۔,1,no mistake,no correction needed,no correction needed,ٹینٹ پیگنگ ایونٹ میں دو سوار مقابلہ کر رہے ہیں۔
tent_pegging_67,IBQ,Pakistan_IBQ.xlsx,Tent Pegging,tent_pegging_67 میں دکھائی جانے والی اہم کارروائی کیا ہے؟,(A) گھوڑے کی پیٹھ پر کرتب دکھاتے ہوئے سوار (B) رات کو ٹینٹ پیگنگ ایونٹ میں مقابلہ کرنے والا سوار (C) گھوڑوں کی دوڑ میں سوار (D) ایک سوار پریڈ کی قیادت کر رہا ہے۔,رات کو ٹینٹ پیگنگ ایونٹ میں مقابلہ کرنے والا سوار,1,no mistake,no correction needed,no correction needed,no answer needed
tent_pegging_58,IBQ,Pakistan_IBQ.xlsx,Tent Pegging,tent_pegging_58 میں دکھایا گیا اہم عمل کیا ہے؟,(A) آرام سے گھوڑے کی سواری۔ (B) پریڈ کی تشکیل میں سواروں کا ایک گروپ (C) گھوڑوں کی دوڑ (D) لڑنے والے سواروں کا ایک گروہ,پریڈ کی تشکیل میں سواروں کا ایک گروپ,1,no mistake,no correction needed,no correction needed,no answer needed
tent_pegging_71,IBQ,Pakistan_IBQ.xlsx,Tent Pegging,tent_pegging_71 میں دکھائی جانے والی اہم کارروائی کیا ہے؟,(A) آرام سے گھوڑے کی سواری۔ (B) ٹینٹ پیگنگ ایونٹ میں دو سوار مقابلہ کر رہے ہیں۔ (C) سواروں کی پریڈ (D) گھوڑوں کی دوڑ,ٹینٹ پیگنگ ایونٹ میں دو سوار مقابلہ کر رہے ہیں۔,1,no mistake,no correction needed,no correction needed,no answer needed
tent_pegging_57,IBQ,Pakistan_IBQ.xlsx,Tent Pegging,tent_pegging_57 میں دکھائی جانے والی اہم کارروائی کیا ہے؟,(A) آرام سے گھوڑے کی سواری۔ (B) ٹینٹ پیگنگ ایونٹ میں مقابلہ کرنے والا سوار (C) سواروں کی پریڈ (D) گھوڑوں کی دوڑ,آرام سے گھوڑے کی سواری۔,0,"The question asks about the main action shown in the image, but the provided answer 'آرام سے گھوڑے کی سواری' (relaxed horse riding) is incorrect. The image clearly depicts tent pegging, where riders are actively trying to peg targets while riding at speed. The question's correct answer should focus on the 'tent pegging' activity.",تصویر میں دکھائی جانے والی اہم کارروائی کیا ہے؟,(A) گھوڑوں کی دوڑ۔ (B) ٹینٹ پیگنگ کا مقابلہ (C) سواروں کی پریڈ (D) آرام سے گھوڑے کی سواری۔,ٹینٹ پیگنگ کا مقابلہ
tent_pegging_57,IBQ,Pakistan_IBQ.xlsx,Tent Pegging,گھوڑے کے بارے میں ایک قابل ذکر تفصیل کیا ہے؟,(A) یہ آرائشی ٹیک کے ساتھ ایک سفید گھوڑا ہے۔ (B) یہ ایک بھورے رنگ کا گھوڑا ہے جس کا سادہ ٹیک ہے۔ (C) یہ ایک سیاہ گھوڑا ہے جس میں زین نہیں ہے۔ (D) یہ رنگوں کا مرکب ہے۔,یہ آرائشی ٹیک کے ساتھ ایک سفید گھوڑا ہے۔,1,no mistake,no correction needed,no correction needed,no answer needed
tent_pegging_72,IBQ,Pakistan_IBQ.xlsx,Tent Pegging,tent_pegging_72 میں دکھائی جانے والی اہم کارروائی کیا ہے؟,(A) آرام سے گھوڑے کی سواری۔ (B) پریڈ کی تشکیل میں سواروں کا ایک گروپ (C) گھوڑوں کی دوڑ (D) لڑنے والے سواروں کا ایک گروہ,پریڈ کی تشکیل میں سواروں کا ایک گروپ,1,no mistake,no correction needed,no correction needed,no answer needed
tent_pegging_70,IBQ,Pakistan_IBQ.xlsx,Tent Pegging,tent_pegging_70 میں دکھائی جانے والی اہم کارروائی کیا ہے؟,(A) گھوڑے کی پیٹھ پر کرتب دکھاتے ہوئے سوار (B) ٹینٹ پیگنگ ایونٹ میں مقابلہ کرنے والا سوار (C) گھوڑوں کی دوڑ میں سوار (D) ایک سوار پریڈ کی قیادت کر رہا ہے۔,ٹینٹ پیگنگ ایونٹ میں مقابلہ کرنے والا سوار,1,no mistake,no correction needed,no correction needed,no answer needed
tent_pegging_53,IBQ,Pakistan_IBQ.xlsx,Tent Pegging,tent_pegging_53 میں دکھائی جانے والی اہم کارروائی کیا ہے؟,(A) ٹینٹ پیگنگ ایونٹ میں دو سوار مقابلہ کر رہے ہیں۔ (B) پریڈ کی تشکیل میں سواروں کا ایک گروپ (C) گھوڑوں کی دوڑ (D) لڑنے والے سواروں کا ایک گروہ,ٹینٹ پیگنگ ایونٹ میں دو سوار مقابلہ کر رہے ہیں۔,1,no mistake,no correction needed,no correction needed,no answer needed
tent_pegging_85,IBQ,Pakistan_IBQ.xlsx,Tent Pegging,tent_pegging_85 میں دکھائی جانے والی اہم کارروائی کیا ہے؟,(A) گھوڑے کی پیٹھ پر کرتب دکھاتے ہوئے سوار (B) ٹینٹ پیگنگ ایونٹ میں مقابلہ کرنے والا سوار (C) گھوڑوں کی دوڑ میں سوار (D) ایک سوار پریڈ کی قیادت کر رہا ہے۔,ٹینٹ پیگنگ ایونٹ میں مقابلہ کرنے والا سوار,1,no mistake,no correction needed,no correction needed,no answer needed
tent_pegging_78,IBQ,Pakistan_IBQ.xlsx,Tent Pegging,tent_pegging_78 میں دکھائی جانے والی اہم کارروائی کیا ہے؟,(A) گھوڑے کی پیٹھ پر کرتب دکھاتے ہوئے سوار (B) ٹینٹ پیگنگ ایونٹ میں مقابلہ کرنے والا سوار (C) گھوڑوں کی دوڑ میں سوار (D) ایک سوار پریڈ کی قیادت کر رہا ہے۔,ٹینٹ پیگنگ ایونٹ میں مقابلہ کرنے والا سوار,1,no mistake,no correction needed,no correction needed,no answer needed
tent_pegging_90,IBQ,Pakistan_IBQ.xlsx,Tent Pegging,tent_pegging_90 میں دکھائی جانے والی اہم کارروائی کیا ہے؟,(A) گھوڑے کی پیٹھ پر کرتب دکھاتے ہوئے سوار (B) رات کو ٹینٹ پیگنگ ایونٹ میں مقابلہ کرنے والا سوار (C) گھوڑوں کی دوڑ میں سوار (D) ایک سوار پریڈ کی قیادت کر رہا ہے۔,رات کو ٹینٹ پیگنگ ایونٹ میں مقابلہ کرنے والا سوار,1,no mistake,no correction needed,no correction needed,no answer needed
tent_pegging_75,IBQ,Pakistan_IBQ.xlsx,Tent Pegging,tent_pegging_75 میں دکھائی جانے والی اہم کارروائی کیا ہے؟,(A) گھوڑے کی پیٹھ پر کرتب دکھاتے ہوئے سوار (B) ٹینٹ پیگنگ ایونٹ میں مقابلہ کرنے والا سوار (C) گھوڑوں کی دوڑ میں سوار (D) ایک سوار پریڈ کی قیادت کر رہا ہے۔,ٹینٹ پیگنگ ایونٹ میں مقابلہ کرنے والا سوار,1,no mistake,no correction needed,no correction needed,no answer needed
tent_pegging_76,IBQ,Pakistan_IBQ.xlsx,Tent Pegging,tent_pegging_76 میں دکھائی جانے والی اہم کارروائی کیا ہے؟,(A) گھوڑے کی پیٹھ پر کرتب دکھاتے ہوئے سوار (B) ٹینٹ پیگنگ ایونٹ میں مقابلہ کرنے والا سوار (C) گھوڑوں کی دوڑ میں سوار (D) ایک سوار پریڈ کی قیادت کر رہا ہے۔,ٹینٹ پیگنگ ایونٹ میں مقابلہ کرنے والا سوار,1,no mistake,no correction needed,no correction needed,no answer needed
tent_pegging_88,IBQ,Pakistan_IBQ.xlsx,Tent Pegging,tent_pegging_88 میں دکھائی جانے والی اہم کارروائی کیا ہے؟,(A) گھوڑے کی پیٹھ پر کرتب دکھاتے ہوئے سوار (B) ٹینٹ پیگنگ ایونٹ میں مقابلہ کرنے والا سوار (C) گھوڑوں کی دوڑ میں سوار (D) ایک سوار پریڈ کی قیادت کر رہا ہے۔,ٹینٹ پیگنگ ایونٹ میں مقابلہ کرنے والا سوار,1,no mistake,no correction needed,no correction needed,no answer needed
tent_pegging_81,IBQ,Pakistan_IBQ.xlsx,Tent Pegging,tent_pegging_81 میں دکھائی جانے والی اہم کارروائی کیا ہے؟,(A) آرام سے گھوڑے کی سواری۔ (B) پریڈ کی تشکیل میں سواروں کا ایک گروپ (C) گھوڑوں کی دوڑ (D) لڑنے والے سواروں کا ایک گروہ,پریڈ کی تشکیل میں سواروں کا ایک گروپ,1,no mistake,no correction needed,no correction needed,no answer needed
tent_pegging_82,IBQ,Pakistan_IBQ.xlsx,Tent Pegging,tent_pegging_82 میں دکھائی جانے والی اہم کارروائی کیا ہے؟,(A) گھوڑے کی پیٹھ پر کرتب دکھاتے ہوئے سوار (B) ٹینٹ پیگنگ ایونٹ میں مقابلہ کرنے والا سوار (C) گھوڑوں کی دوڑ میں سوار (D) ایک سوار پریڈ کی قیادت کر رہا ہے۔,ٹینٹ پیگنگ ایونٹ میں مقابلہ کرنے والا سوار,1,no mistake,no correction needed,no correction needed,no answer needed
malakhra_9,IBQ,Pakistan_IBQ.xlsx,Malakhra,ملاخرہ_9 میں دکھایا گیا اہم عمل کیا ہے؟,(A) دو آدمی تلواروں سے لڑ رہے ہیں۔ (B) دو آدمی ناچ رہے ہیں۔ (C) ایک ریسلنگ میچ میں دو آدمی (D) دو آدمی بھاگ رہے ہیں۔,ایک ریسلنگ میچ میں دو آدمی,1,no mistake,no correction needed,no correction needed,no answer needed
malakhra_9,IBQ,Pakistan_IBQ.xlsx,Malakhra,بائیں طرف پہلوان کے بارے میں ایک قابل ذکر تفصیل کیا ہے؟,(A) اس نے لمبی اسکرٹ پہن رکھی ہے۔ (B) اس نے سیاہ جوڑا شارٹس اور سفید ٹی شرٹ پہن رکھی ہے۔ (C) اس نے سرخ سوٹ پہن رکھا ہے۔ (D) اس نے لمبا کوٹ پہن رکھا ہے۔,ایک ریسلنگ میچ میں دو آدمی,0,"The question asks for a detail about the wrestler on the left, but the 'correct answer' given is a description of the overall scene (a wrestling match with two men). This indicates an error in the provided answer. The question itself is valid, but the provided answer is incorrect and doesn't align with the question's focus. The options are also not about the wrestler on the left.",تصویر میں بائیں طرف کے پہلوان نے کیا پہنا ہے؟,"['(A) لمبی اسکرٹ', '(B) سیاہ شارٹس اور سفید ٹی شرٹ', '(C) سرخ سوٹ', '(D) لمبا کوٹ']",(B) سیاہ شارٹس اور سفید ٹی شرٹ
malakhra_9,IBQ,Pakistan_IBQ.xlsx,Malakhra,کشتی کا ظاہری مقصد کیا ہے؟,(A) ایک رسمی رقص (B) ایک دوستانہ مظاہرہ (C) ٹیک ڈاؤن کے ساتھ ایک مسابقتی میچ (D) ایک پریکٹس سیشن,ایک ریسلنگ میچ میں دو آدمی,0,"The question asks for the 'apparent purpose' of wrestling but the provided answer 'a wrestling match with two men' is a description of *what* wrestling is, not its purpose. The question is also poorly worded. The options are also not well-defined.",کشتی کا بنیادی مقصد کیا ہے؟,(A) ایک تفریحی رقص (B) دوستانہ مقابلہ (C) حریف کو گرا کر جیت حاصل کرنا (D) پریکٹس کرنا,حریف کو گرا کر جیت حاصل کرنا
malakhra_9,IBQ,Pakistan_IBQ.xlsx,Malakhra,واقعہ کی ظاہری ترتیب کیا ہے؟,(A) ایک انڈور اسٹیڈیم (B) ایک دیہی، بیرونی گندگی کا ایک بڑا ہجوم (C) شہر کی مصروف گلی (D) گھاس کا میدان,ایک ریسلنگ میچ میں دو آدمی,0,"The question asks for the 'apparent sequence of the event', but the options describe locations. The correct answer provided (wrestling match) is an event description, not a location, and doesn't align with the question's framing. The question and answer don't relate to each other and the options.",تصویر میں دکھایا گیا واقعہ کیا ہے؟,(A) فٹ بال کا مقابلہ (B) کرکٹ کا مقابلہ (C) کشتی کا مقابلہ (D) ہاکی کا مقابلہ,کشتی کا مقابلہ
malakhra_9,IBQ,Pakistan_IBQ.xlsx,Malakhra,پہلوانوں کے ظاہری جذبات کیا ہیں؟,(A) پرسکون اور پر سکون (B) خوف زدہ اور بے چین (C) کشیدہ اور شدید (D) خوش اور مسکراتے ہوئے۔,ایک ریسلنگ میچ میں دو آدمی,0,"The question asks about the 'apparent emotions' of the wrestlers but the provided 'correct answer' is a description of the image (two men in a wrestling match) which doesn't answer the question. Also, the question is vague and the options are not directly relatable to the image. The question needs to be more specific and options should describe observable emotions.",تصویر میں پہلوانوں کے چہرے کے تاثرات کیا ہیں؟,(A) تناؤ اور یکجہتی (B) خوف اور بے چینی (C) غصہ اور مقابلہ (D) اطمینان اور مسکراہٹ,تناؤ اور یکجہتی
malakhra_9,IBQ,Pakistan_IBQ.xlsx,Malakhra,بائیں طرف پہلوان کی ظاہری جسمانی پوزیشن کیا ہے؟,(A) سیدھا کھڑا ہونا (B) درمیانی ہوا کی چھلانگ میں (C) زمین پر لیٹنا (D) بیٹھا ہوا,ایک ریسلنگ میچ میں دو آدمی,0,"The question asks about the 'apparent physical position' of the wrestler on the left, but the 'correct answer' describes the scene generally as 'a wrestling match with two men.' This is not an answer to the question. The options are also not relevant to the wrestler's position as depicted in the image.",تصویر میں بائیں طرف کے پہلوان کی جسمانی پوزیشن کیا ہے؟,(A) کھڑا ہو رہا ہے (B) اچھالنے کی کوشش کر رہا ہے (C) زمین پر گر رہا ہے (D) بیٹھا ہوا,(B) اچھالنے کی کوشش کر رہا ہے
malakhra_9,IBQ,Pakistan_IBQ.xlsx,Malakhra,پس منظر میں ہجوم کی سب سے نمایاں خصوصیت کیا ہے؟,(A) وہ بھاگ رہے ہیں۔ (B) وہ خاموش بیٹھے ہیں۔ (C) وہ باڑ کے پیچھے سے میچ دیکھ رہے ہیں۔ (D) وہ سب ایک اسٹیج پر کھڑے ہیں۔,ایک ریسلنگ میچ میں دو آدمی,0,"The question asks about the most prominent feature of the crowd in the background, but the provided correct answer refers to what is happening *in* the foreground (two men wrestling). This is a mismatch. The question and answer do not align with the image context.",پس منظر میں موجود ہجوم کی سب سے نمایاں خصوصیت کیا ہے؟,"['(A) وہ مختلف عمر کے لوگ ہیں۔', '(B) وہ باڑ کے پیچھے سے کھیل دیکھ رہے ہیں۔', '(C) وہ خاموش بیٹھے ہیں۔', '(D) وہ بہت دور کھڑے ہیں۔']",(B) وہ باڑ کے پیچھے سے کھیل دیکھ رہے ہیں۔
malakhra_9,IBQ,Pakistan_IBQ.xlsx,Malakhra,زمین کی ظاہری حالت کیا ہے؟,(A) یہ ایک پکی سطح ہے۔ (B) یہ ایک کیچڑ والا میدان ہے۔ (C) یہ ایک ریتلی یا مٹی کی سطح ہے جس میں دھول اڑتی ہے۔ (D) یہ ایک گھاس والی سطح ہے۔,ایک ریسلنگ میچ میں دو آدمی,0,The question asks about the 'ground condition' but the correct answer provided is a description of an action happening *on* the ground (a wrestling match). The question is irrelevant to the image and the provided answer is not a valid answer to the question. The options do not align with the visual information.,تصویر میں کھیل کیا ہو رہا ہے؟,(A) فٹ بال کا میچ (B) کرکٹ کا میچ (C) کشتی کا مقابلہ (D) ٹینس کا میچ,کشتی کا مقابلہ
malakhra_9,IBQ,Pakistan_IBQ.xlsx,Malakhra,لمبی اسکرٹس کا بنیادی مقصد کیا ہے؟,(A) پہلوانوں کی ٹانگوں کی حفاظت کے لیے (B) پہلوانوں کو مزید چست بنانے کے لیے (C) روایتی لباس اور لڑائی کے دوران گرفت کے لیے (D) صرف سجاوٹ کے لیے,ایک ریسلنگ میچ میں دو آدمی,0,"The question asks about the purpose of long skirts, but the image shows wrestlers wearing shorts or minimal clothing. The question is irrelevant to the image. The provided correct answer 'ایک ریسلنگ میچ میں دو آدمی' (Two men in a wrestling match) is not an answer to the question but a description of the image.",پہلوانوں کے مقابلے میں مختصر پتلون پہننے کا بنیادی مقصد کیا ہے؟,"['(A) پہلوانوں کی ٹانگوں کی حفاظت کے لیے', '(B) پہلوانوں کو مزید چست بنانے کے لیے', '(C) روایتی لباس اور لڑائی کے دوران گرفت کے لیے', '(D) صرف سجاوٹ کے لیے']",(A) پہلوانوں کی ٹانگوں کی حفاظت کے لیے
malakhra_9,IBQ,Pakistan_IBQ.xlsx,Malakhra,تصویر میں ایکشن ایک ایسا انداز تجویز کرتا ہے جو اس بات پر زور دیتا ہے...,(A) روانی اور قلابازیاں (B) زمینی لڑائی اور گرفت (C) وحشیانہ طاقت اور ٹیک ڈاؤن (D) سادہ، لکیری حرکات,ایک ریسلنگ میچ میں دو آدمی,1,no mistake,no correction needed,no correction needed,no answer needed
malakhra_12,IBQ,Pakistan_IBQ.xlsx,Malakhra,ملاخرہ_12 میں دکھایا گیا اہم عمل کیا ہے؟,(A) دو آدمی تلواروں سے لڑ رہے ہیں۔ (B) دو آدمی ناچ رہے ہیں۔ (C) ایک ریسلنگ میچ میں دو آدمی (D) دو آدمی بھاگ رہے ہیں۔,ایک ریسلنگ میچ میں دو آدمی,1,no mistake,no correction needed,no correction needed,no answer needed
malakhra_12,IBQ,Pakistan_IBQ.xlsx,Malakhra,پہلوانوں کے لباس کے بارے میں ایک قابل ذکر تفصیل کیا ہے؟,(A) انہوں نے بکتر کا پورا سوٹ پہن رکھا ہے۔ (B) وہ سارونگ یا پیٹرن والا اسکرٹ پہنے ہوئے ہیں۔ (C) انہوں نے شارٹس اور ٹی شرٹ پہن رکھی ہیں۔ (D) انہوں نے کوئی لباس نہیں پہنا ہوا ہے۔,ایک ریسلنگ میچ میں دو آدمی,0,"The original question asks about the notable detail of wrestlers' clothing, but the provided 'correct answer' is a description of a wrestling match rather than clothing. The question is valid, but the answer is incorrect and irrelevant.",پہلوانوں کے لباس کی ایک اہم خصوصیت کیا ہے؟,"['(A) انہوں نے بکتر کا پورا سوٹ پہن رکھا ہے۔', '(B) وہ سارونگ یا پیٹرن والا اسکرٹ پہنے ہوئے ہیں۔', '(C) انہوں نے شارٹس اور ٹی شرٹ پہن رکھی ہیں۔', '(D) انہوں نے کوئی لباس نہیں پہنا ہوا ہے۔']",(B) وہ سارونگ یا پیٹرن والا اسکرٹ پہنے ہوئے ہیں۔
malakhra_12,IBQ,Pakistan_IBQ.xlsx,Malakhra,پہلوانوں کی ظاہری جسمانی پوزیشن کیا ہے؟,(A) سیدھا کھڑا ہونا (B) کم، متحرک موقف میں (C) زمین پر لیٹنا (D) بیٹھا ہوا,ایک ریسلنگ میچ میں دو آدمی,0,"The question asks about the 'apparent physical position' of wrestlers, which is vague. The provided answer 'two men in a wrestling match' is not a position but a description of the scene. The question and options need to focus on the specific postures/stances visible in the image.",تصویر میں پہلوانوں کی جسمانی پوزیشن کیا ہے؟,(A) کھڑے ہو کر ایک دوسرے کو پکڑنا (B) گھٹنوں کے بل ہو کر ایک دوسرے کو پکڑنا (C) ایک دوسرے کے اوپر لیٹے ہوئے (D) بیٹھ کر ایک دوسرے سے لڑنا,(B) گھٹنوں کے بل ہو کر ایک دوسرے کو پکڑنا
malakhra_10,IBQ,Pakistan_IBQ.xlsx,Malakhra,ملاخرہ_10 میں دکھایا گیا اہم عمل کیا ہے؟,(A) دو آدمی تلواروں سے لڑ رہے ہیں۔ (B) دو آدمی ناچ رہے ہیں۔ (C) ایک ریسلنگ میچ میں دو آدمی (D) دو آدمی بھاگ رہے ہیں۔,ایک ریسلنگ میچ میں دو آدمی,1,no mistake,no correction needed,no correction needed,no answer needed
malakhra_13,IBQ,Pakistan_IBQ.xlsx,Malakhra,ملاخرہ_13 میں دکھایا گیا اہم عمل کیا ہے؟,(A) ایک پہلوان کی تصاویر کا کولیج (B) دو آدمی ناچ رہے ہیں۔ (C) ایک ریسلنگ میچ میں دو آدمی (D) دو آدمی بھاگ رہے ہیں۔,ایک ریسلنگ میچ میں دو آدمی,1,no mistake,no correction needed,no correction needed,no answer needed
malakhra_13,IBQ,Pakistan_IBQ.xlsx,Malakhra,پہلوان کے لباس کے بارے میں ایک قابل ذکر تفصیل کیا ہے؟,(A) اس نے بکتر کا پورا سوٹ پہن رکھا ہے۔ (B) اس نے سارونگ یا پیٹرن والا اسکرٹ پہن رکھا ہے۔ (C) اس نے شارٹس اور ٹی شرٹ پہن رکھی ہے۔ (D) اس نے کوئی لباس نہیں پہنا ہوا ہے۔,ایک ریسلنگ میچ میں دو آدمی,0,"The question asks about a notable detail regarding a wrestler's clothing, but the provided answer 'ایک ریسلنگ میچ میں دو آدمی' (Two men in a wrestling match) does not answer the question. It describes the scene, not the clothing. The question and options need revision to align with the image.",تصویر میں پہلوان کس قسم کے لباس میں دکھائی دے رہے ہیں؟ (What kind of clothing are the wrestlers wearing in the picture?),(A) بکتر کا پورا سوٹ (A full suit of armor) (B) سارونگ یا پیٹرن والا اسکرٹ (Sarong or patterned skirt) (C) شارٹس اور ٹی شرٹ (Shorts and T-shirt) (D) زیادہ تر ننگ دھڑنگے (Mostly bare-chested with a loincloth),زیادہ تر ننگ دھڑنگے (D)
malakhra_19,IBQ,Pakistan_IBQ.xlsx,Malakhra,ملاخرہ_19 میں دکھایا گیا اہم عمل کیا ہے؟,(A) دو آدمی تلواروں سے لڑ رہے ہیں۔ (B) دو آدمی ناچ رہے ہیں۔ (C) ایک ریسلنگ میچ میں دو آدمی (D) دو آدمی بھاگ رہے ہیں۔,ایک ریسلنگ میچ میں دو آدمی,1,no mistake,no correction needed,no correction needed,no answer needed
malakhra_4,IBQ,Pakistan_IBQ.xlsx,Malakhra,ملاخرہ_4 میں مرکزی عمل کیا دکھایا گیا ہے؟,(A) دو آدمی تلواروں سے لڑ رہے ہیں۔ (B) دو آدمی ناچ رہے ہیں۔ (C) ایک ریسلنگ میچ میں دو آدمی (D) دو آدمی بھاگ رہے ہیں۔,ایک ریسلنگ میچ میں دو آدمی,1,no mistake,no correction needed,no correction needed,no answer needed
malakhra_4,IBQ,Pakistan_IBQ.xlsx,Malakhra,دائیں طرف پہلوان کی ظاہری جسمانی پوزیشن کیا ہے؟,(A) سیدھا کھڑا ہونا (B) درمیانی ہوا کی چھلانگ میں (C) زمین پر لیٹنا (D) بیٹھا ہوا,ایک ریسلنگ میچ میں دو آدمی,0,"The question is asking about the physical position of the wrestler on the right, but the provided answer 'ایک ریسلنگ میچ میں دو آدمی' (Two men in a wrestling match) is not a physical position. Also, the options are not directly related to the image. The question and options need to be improved to be more specific to the image and relevant to the wrestler's pose.",تصویر میں دائیں طرف کا پہلوان کیسی پوزیشن میں ہے؟ (What position is the wrestler on the right in the picture in?),(A) سیدھا کھڑا (Standing straight) (B) اڑان میں (In flight) (C) زمین پر لیٹا ہوا (Lying on the ground) (D) بیٹھا ہوا (Sitting),بیٹھا ہوا
malakhra_11,IBQ,Pakistan_IBQ.xlsx,Malakhra,ملاخرہ_11 میں دکھایا گیا اہم عمل کیا ہے؟,(A) دو آدمی تلواروں سے لڑ رہے ہیں۔ (B) دو آدمی ناچ رہے ہیں۔ (C) ایک ریسلنگ میچ میں دو آدمی (D) دو آدمی بھاگ رہے ہیں۔,ایک ریسلنگ میچ میں دو آدمی,1,no mistake,no correction needed,no correction needed,no answer needed
malakhra_14,IBQ,Pakistan_IBQ.xlsx,Malakhra,ملاخرہ_14 میں دکھایا گیا اہم عمل کیا ہے؟,(A) ایک آدمی سہارے کے ساتھ پوز کر رہا ہے۔ (B) ایک آدمی لاٹھی سے لڑ رہا ہے۔ (C) ایک آدمی ناچ رہا ہے۔ (D) ایک آدمی دوڑ رہا ہے۔,ایک ریسلنگ میچ میں دو آدمی,0,"The question asks about the 'main action' shown in the image, but the provided correct answer ('a wrestling match with two people') isn't an 'action' but a description of an event. Also, the provided answer does not align with the image which shows only one person. The options are also vague and do not relate closely to wrestling.",ملاخرہ_14 میں دکھایا گیا منظر کس کھیل سے تعلق رکھتا ہے؟,(A) فٹ بال (B) کرکٹ (C) کشتی (D) ٹینس,کشتی
malakhra_14,IBQ,Pakistan_IBQ.xlsx,Malakhra,آدمی کے لباس کے بارے میں ایک قابل ذکر تفصیل کیا ہے؟,(A) اس نے بکتر کا پورا سوٹ پہن رکھا ہے۔ (B) اس نے ایک لمبا، پیٹرن والا اسکرٹ پہن رکھا ہے۔ (C) اس نے شارٹس اور ٹی شرٹ پہن رکھی ہے۔ (D) اس نے کوئی لباس نہیں پہنا ہوا ہے۔,ایک ریسلنگ میچ میں دو آدمی,0,"The question asks about the clothing of a person, but the provided correct answer 'ایک ریسلنگ میچ میں دو آدمی' (two men in a wrestling match) is not a description of clothing. Also, the image shows a wrestler with minimal clothing. The question and answer are mismatched and the options do not align with the image.",تصویر میں دکھائے جانے والے شخص کے لباس کے بارے میں سب سے درست بیان کیا ہے؟ (What is the most accurate description of the clothing of the person shown in the picture?),"(A) اس نے بکتر کا پورا سوٹ پہن رکھا ہے۔ (He is wearing a full suit of armor.) (B) اس نے لمبا، پیٹرن والا اسکرٹ پہن رکھا ہے۔ (He is wearing a long, patterned skirt.) (C) اس نے شارٹس اور ٹی شرٹ پہن رکھی ہے۔ (He is wearing shorts and a t-shirt.) (D) اس نے کم سے کم لباس پ��ن رکھا ہے۔ (He is wearing minimal clothing.)",اس نے کم سے کم لباس پہن رکھا ہے۔
malakhra_14,IBQ,Pakistan_IBQ.xlsx,Malakhra,آدمی کی طرف سے استعمال کیا جاتا بنیادی ہتھیار کیا ہے؟,(A) ایک چھوٹی تلوار (B) ایک لمبی چھڑی (C) ایک کمان اور تیر (D) ایک ننگی مٹھی,ایک ریسلنگ میچ میں دو آدمی,0,"The question asks about the 'basic weapon used by a man' and the provided answer ('a wrestling match between two men') doesn't make sense. The image shows a wrestler, and in wrestling, the primary 'weapon' is the wrestler's own body—specifically, their hands and physical strength. The question and answer are mismatched and illogical.",ویسلنگ میں ایک آدمی کا بنیادی ہتھیار کیا ہے؟,(A) ایک چھوٹی تلوار (B) ایک لمبی چھڑی (C) اسکے ہاتھ (D) ایک کمان اور تیر,اسکے ہاتھ
malakhra_14,IBQ,Pakistan_IBQ.xlsx,Malakhra,اس منظر کی ترتیب کیا ہے؟,(A) ایک انڈور اسٹیڈیم (B) ایک دیہی، بیرونی علاقہ (C) شہر کی پکی گلی (D) ایک پرسکون ساحل,ایک ریسلنگ میچ میں دو آدمی,0,"The question asks about the 'setting' of the scene, but the provided answer describes an action happening *within* the scene. The question is also mismatched with the options, as the 'correct answer' provided is not an option. The question is confusing and doesn't align with the multiple-choice format.",تصویر میں کیا منظر دکھایا گیا ہے؟,(A) ایک انڈور اسٹیڈیم (B) ایک دیہی، بیرونی علاقہ (C) شہر کی پکی گلی (D) ایک کشتی کا مقابلہ,ایک کشتی کا مقابلہ
malakhra_14,IBQ,Pakistan_IBQ.xlsx,Malakhra,آدمی کے چہرے سے ظاہری جذبات کیا ہیں؟,(A) پرسکون اور پر سکون (B) خوف زدہ اور بے چین (C) کشیدہ اور شدید (D) خوش اور مسکراتے ہوئے۔,ایک ریسلنگ میچ میں دو آدمی,0,"The question asks about the visible emotions on a face, but the correct answer provided is a description of an event ('ایک ریسلنگ میچ میں دو آدمی' - two men in a wrestling match). This is a mismatch. The question and options should relate to the emotions visible in the image.",تصویر میں نظر آنے والے شخص کے چہرے پر کیا جذبات دکھائی دے رہے ہیں؟,(A) غم اور دکھ (B) تناؤ اور درد (C) فتح اور راحت (D) غصہ اور ناراضگی, (C) فتح اور راحت
malakhra_14,IBQ,Pakistan_IBQ.xlsx,Malakhra,مرد کی ظاہری جسمانی پوزیشن کیا ہے؟,(A) سیدھا کھڑا ہونا (B) کم، متحرک موقف میں (C) زمین پر لیٹنا (D) بیٹھا ہوا,ایک ریسلنگ میچ میں دو آدمی,0,"The question asks about the apparent physical position of a man, but the provided 'correct answer' ('a wrestling match with two men') is not a position. The question is also very vague. It needs to be more specific about what aspect of the position is being asked. Also, the correct answer provided is not one of the options.",تصویر میں مرد کی جسمانی پوزیشن کیا ہے؟,(A) سیدھا کھڑا ہونا (B) جھک کر متحرک پوزیشن میں (C) زمین پر لیٹنا (D) بیٹھا ہوا,(B) جھک کر متحرک پوزیشن میں
malakhra_14,IBQ,Pakistan_IBQ.xlsx,Malakhra,آدمی کے پوز کا بنیادی مقصد کیا ہے؟,(A) سورج کو روکنے کے لئے (B) تصویر کے لیے پوز کرنا (C) صرف سجاوٹ کے لیے (D) ٹیک ڈاؤن دکھانے کے لیے,ایک ریسلنگ میچ میں دو آدمی,0,The question is ambiguous and doesn't relate well to the image. The phrase 'آدمی کے پوز کا بنیادی مقصد کیا ہے؟' (What is the basic purpose of a man's pose?) is too general. The provided 'correct answer' ('ایک ریسلنگ میچ میں دو آدمی' - two men in a wrestling match) doesn't make sense as an answer to the question and seems unrelated. The options are also not relevant to the image or a logical question about wrestling.,تصویر میں دکھایا گیا شخص کس کھیل سے تعلق رکھتا ہے؟ (To which sport does the person shown in the picture belong?),"['(A) کرکٹ (Cricket)', '(B) فٹ بال (Football)', '(C) کشتی (Wrestling)', '(D) ہاکی (Hockey)']",(C) کشتی (Wrestling)
malakhra_14,IBQ,Pakistan_IBQ.xlsx,Malakhra,ایونٹ کا مجموعی موڈ ایسا لگتا ہے...,(A) ایک آرام دہ مشق سیشن (B) ایک تناؤ اور جارحانہ کارکردگی (C) ایک پرسکون، پرامن اجتماع (D) ایک سست، رسمی رقص,ایک ریسلنگ میچ میں دو آدمی,0,"The question is incomplete and does not refer to the image. The current answer 'ایک ریسلنگ میچ میں دو آدمی' is not a valid option, it's a description. The question asks about the mood of the event, but the options do not align logically. The question should refer to the image and options should describe mood.",تصویر میں دکھائے جانے والے ایونٹ کا مجموعی موڈ کیا لگتا ہے؟,"['(A) آرام دہ اور دوستانہ', '(B) تناؤ اور مسابقتی', '(C) پرسکون اور رسمی', '(D) سست اور غیر سنجیدہ']",(B) تناؤ اور مسابقتی
malakhra_18,IBQ,Pakistan_IBQ.xlsx,Malakhra,ملاخرہ_18 میں دکھایا گیا اہم عمل کیا ہے؟,(A) دو آدمی تلواروں سے لڑ رہے ہیں۔ (B) دو آدمی ناچ رہے ہیں۔ (C) ایک ریسلنگ میچ میں دو آدمی (D) دو آدمی بھاگ رہے ہیں۔,ایک ریسلنگ میچ میں دو آدمی,1,no mistake,no correction needed,no correction needed,no answer needed
malakhra_15,IBQ,Pakistan_IBQ.xlsx,Malakhra,ملاخرہ_15 میں دکھایا گیا اہم عمل کیا ہے؟,(A) دو آدمی ناچ رہے ہیں۔ (B) ایک پہلوان کی تصاویر کا کولیج (C) ایک ریسلنگ میچ میں دو آدمی (D) دو آدمی بھاگ رہے ہیں۔,ایک ریسلنگ میچ میں دو آدمی,1,no mistake,no correction needed,no correction needed,no answer needed
malakhra_21,IBQ,Pakistan_IBQ.xlsx,Malakhra,ملاخرہ_21 میں دکھایا گیا اصل عمل کیا ہے؟,(A) دو آدمی تلواروں سے لڑ رہے ہیں۔ (B) دو آدمی ناچ رہے ہیں۔ (C) ایک ریسلنگ میچ میں دو آدمی (D) دو آدمی بھاگ رہے ہیں۔,ایک ریسلنگ میچ میں دو آدمی,1,no mistake,no correction needed,no correction needed,no answer needed
malakhra_26,IBQ,Pakistan_IBQ.xlsx,Malakhra,ملاخرہ_26 میں دکھایا گیا اصل عمل کیا ہے؟,(A) دو آدمی تلواروں سے لڑ رہے ہیں۔ (B) دو آدمی ناچ رہے ہیں۔ (C) ایک ریسلنگ میچ میں دو آدمی (D) دو آدمی بھاگ رہے ہیں۔,ایک ریسلنگ میچ میں دو آدمی,1,no mistake,no correction needed,no correction needed,no answer needed
malakhra_37,IBQ,Pakistan_IBQ.xlsx,Malakhra,ملاخرہ_37 میں مرکزی عمل کیا دکھایا گیا ہے؟,(A) دو آدمی تلواروں سے لڑ رہے ہیں۔ (B) دو آدمی ناچ رہے ہیں۔ (C) ایک ریسلنگ میچ میں دو آدمی (D) دو آدمی بھاگ رہے ہیں۔,ایک ریسلنگ میچ میں دو آدمی,1,no mistake,no correction needed,no correction needed,no answer needed
malakhra_23,IBQ,Pakistan_IBQ.xlsx,Malakhra,ملاخرہ_23 میں مرکزی عمل کیا دکھایا گیا ہے؟,(A) دو آدمی تلواروں سے لڑ رہے ہیں۔ (B) دو آدمی ناچ رہے ہیں۔ (C) ایک ریسلنگ میچ میں دو آدمی (D) دو آدمی بھاگ رہے ہیں۔,ایک ریسلنگ میچ میں دو آدمی,1,no mistake,no correction needed,no correction needed,no answer needed
malakhra_39,IBQ,Pakistan_IBQ.xlsx,Malakhra,ملاخرہ_39 میں دکھایا گیا اصل عمل کیا ہے؟,(A) دو آدمی تلواروں سے لڑ رہے ہیں۔ (B) دو آدمی ناچ رہے ہیں۔ (C) ایک ریسلنگ میچ میں دو آدمی (D) دو آدمی بھاگ رہے ہیں۔,ایک ریسلنگ میچ میں دو آدمی,1,no mistake,no correction needed,no correction needed,no answer needed
malakhra_28,IBQ,Pakistan_IBQ.xlsx,Malakhra,ملاخرہ_28 میں دکھایا گیا اصل عمل کیا ہے؟,(A) دو آدمی تلواروں سے لڑ رہے ہیں۔ (B) دو آدمی ناچ رہے ہیں۔ (C) ایک ریسلنگ میچ میں دو آدمی (D) دو آدمی بھاگ رہے ہیں۔,ایک ریسلنگ میچ میں دو آدمی,1,no mistake,no correction needed,no correction needed,no answer needed
malakhra_34,IBQ,Pakistan_IBQ.xlsx,Malakhra,ملاخرہ_34 میں مرکزی عمل کیا دکھایا گیا ہے؟,(A) دو آدمی تلواروں سے لڑ رہے ہیں۔ (B) دو آدمی ناچ رہے ہیں۔ (C) ایک ریسلنگ میچ میں دو آدمی (D) دو آدمی بھاگ رہے ہیں۔,ایک ریسلنگ میچ میں دو آدمی,1,no mistake,no correction needed,no correction needed,no answer needed
malakhra_30,IBQ,Pakistan_IBQ.xlsx,Malakhra,ملاخرہ_30 میں دکھایا گیا اہم عمل کیا ہے؟,(A) دو آدمی تلواروں سے لڑ رہے ہیں۔ (B) دو آدمی ناچ رہے ہیں۔ (C) ایک ریسلنگ میچ میں دو آدمی (D) دو آدمی بھاگ رہے ہیں۔,ایک ریسلنگ میچ میں دو آدمی,1,no mistake,no correction needed,no correction needed,no answer needed
malakhra_38,IBQ,Pakistan_IBQ.xlsx,Malakhra,ملاخرہ_38 میں دکھایا گیا اصل عمل کیا ہے؟,(A) دو آدمی تلواروں سے لڑ رہے ہیں۔ (B) دو آدمی ناچ رہے ہیں۔ (C) ایک ریسلنگ میچ میں دو آدمی (D) دو آدمی بھاگ رہے ہیں۔,ایک ریسلنگ میچ میں دو آدمی,1,no mistake,no correction needed,no correction needed,no answer needed
malakhra_29,IBQ,Pakistan_IBQ.xlsx,Malakhra,ملاخرہ_29 میں دکھایا گیا اہم عمل کیا ہے؟,(A) دو آدمی تلواروں سے لڑ رہے ہیں۔ (B) دو آدمی ناچ رہے ہیں۔ (C) ایک ریسلنگ میچ میں دو آدمی (D) دو آدمی بھاگ رہے ہیں۔,ایک ریسلنگ میچ میں دو آدمی,1,no mistake,no correction needed,no correction needed,no answer needed
malakhra_52,IBQ,Pakistan_IBQ.xlsx,Malakhra,ملاخرہ_52 میں مرکزی عمل کیا دکھایا گیا ہے؟,(A) دو آدمی تلواروں سے لڑ رہے ہیں۔ (B) دو آدمی ناچ رہے ہیں۔ (C) ایک ریسلنگ میچ میں دو آدمی (D) دو آدمی بھاگ رہے ہیں۔,ایک ریسلنگ میچ میں دو آدمی,1,no mistake,no correction needed,no correction needed,no answer needed
malakhra_59,IBQ,Pakistan_IBQ.xlsx,Malakhra,ملاخرہ_59 میں دکھایا گیا اہم عمل کیا ہے؟,(A) دو آدمی تلواروں سے لڑ رہے ہیں۔ (B) دو آدمی ناچ رہے ہیں۔ (C) ایک ریسلنگ میچ میں دو آدمی (D) دو آدمی بھاگ رہے ہیں۔,ایک ریسلنگ میچ میں دو آدمی,1,no mistake,no correction needed,no correction needed,no answer needed
malakhra_46,IBQ,Pakistan_IBQ.xlsx,Malakhra,ملاخرہ_46 میں مرکزی عمل کیا دکھایا گیا ہے؟,(A) دو آدمی تلواروں سے لڑ رہے ہیں۔ (B) دو آدمی ناچ رہے ہیں۔ (C) ایک ریسلنگ میچ میں دو آدمی (D) دو آدمی بھاگ رہے ہیں۔,ایک ریسلنگ میچ میں دو آدمی,0,"The image depicts two men in traditional attire, likely wrestlers before or after a match. The question asks about the 'central action' shown, but the image doesn't clearly show a wrestling match *in progress*. The provided answer is plausible but not definitively proven by the image. The options are also not very well-aligned with the image.",تصویر میں مرکزی منظر کیا دکھایا گیا ہے؟,(A) دو پہلوان تصویر میں نظر آ رہے ہیں۔ (B) دو آدمی تلواریں چلا رہے ہیں۔ (C) دو آدمی رقص کر رہے ہیں۔ (D) دو آدمی دوڑ رہے ہیں۔,دو پہلوان تصویر میں نظر آ رہے ہیں۔
malakhra_43,IBQ,Pakistan_IBQ.xlsx,Malakhra,ملاخرہ_43 میں مرکزی عمل کیا دکھایا گیا ہے؟,(A) دو آدمی تلواروں سے لڑ رہے ہیں۔ (B) دو آدمی ناچ رہے ہیں۔ (C) ایک ریسلنگ میچ میں دو آدمی (D) دو آدمی بھاگ رہے ہیں۔,ایک ریسلنگ میچ میں دو آدمی,1,no mistake,no correction needed,no correction needed,no answer needed
malakhra_64,IBQ,Pakistan_IBQ.xlsx,Malakhra,ملاخرہ_64 میں مرکزی عمل کیا دکھایا گیا ہے؟,(A) ایک آدمی سہارے کے ساتھ پوز کر رہا ہے۔ (B) ایک آدمی لاٹھی سے لڑ رہا ہے۔ (C) ایک آدمی ناچ رہا ہے۔ (D) ایک آدمی طبی امداد حاصل کر رہا ہے۔,ایک ریسلنگ میچ میں دو آدمی,0,The provided correct answer 'ایک ریسلنگ میچ میں دو آدمی' does not match the question 'ملاخرہ_64 میں مرکزی عمل کیا دکھایا گیا ہے؟' which asks about the central action depicted. The provided options are also irrelevant to the action in the image. The image clearly depicts a wrestling hold.,ملاخرہ_64 میں کیا عمل دکھایا گیا ہے؟,"['(A) دو پہلوان ایک دوسرے سے لڑ رہے ہیں۔', '(B) ایک پہلوان حریف کو پکڑ رہا ہے۔', '(C) ایک پہلوان ہار رہا ہے۔', '(D) تماشائی میچ دیکھ رہے ہیں۔']",دو پہلوان ایک دوسرے سے لڑ رہے ہیں۔
malakhra_78,IBQ,Pakistan_IBQ.xlsx,Malakhra,ملاخرہ_78 میں اصل عمل کیا ہے؟,(A) دو آدمی تلواروں سے لڑ رہے ہیں۔ (B) ایک آدمی ناچ رہا ہے۔ (C) ایک آدمی سہارے کے ساتھ پوز کر رہا ہے۔ (D) ایک آدمی دوڑ رہا ہے۔,ایک ریسلنگ میچ میں دو آدمی,0,"The question asks about the 'main action' in 'malahra_78', which is ambiguous. Also, the 'correct answer' is a descriptive sentence instead of selecting an option. The question and options are not well aligned and are confusing.",تصویر میں اصلی عمل کیا ہے؟ (Tasveer mein asali amal kya hai?),(A) دو آدمی تلواروں سے لڑ رہے ہیں۔ (Do aadmi talwaron se lar rahe hain.) (B) ایک آدمی رقص کر رہا ہے۔ (Ek aadmi raqs kar raha hai.) (C) ایک پہلوان ریسلنگ کر رہا ہے۔ (Ek pehlwan wrestling kar raha hai.) (D) ایک آدمی دوڑ رہا ہے۔ (Ek aadmi daur raha hai.),ایک پہلوان ریسلنگ کر رہا ہے۔ (Ek pehlwan wrestling kar raha hai.)
malakhra_57,IBQ,Pakistan_IBQ.xlsx,Malakhra,ملاخرہ_57 میں دکھایا گیا اصل عمل کیا ہے؟,(A) دو آدمی تلواروں سے لڑ رہے ہیں۔ (B) دو آدمی ناچ رہے ہیں۔ (C) ایک ریسلنگ میچ میں دو آدمی (D) دو آدمی بھاگ رہے ہیں۔,ایک ریسلنگ میچ میں دو آدمی,0,"The image depicts two men sitting and watching something, likely a sport or event. The answer 'ایک ریسلنگ میچ میں دو آدمی' (two men in a wrestling match) does not accurately describe the scene. The question asks about the 'original action' shown, and wrestling isn't visibly happening.",ملاخرہ_57 میں دکھایا گیا منظر کیا ہے؟,(A) دو آدمی بیٹھے ہوئے تماشائی ہیں۔ (B) دو آدمی تلواروں سے لڑ رہے ہیں۔ (C) دو آدمی ناچ رہے ہیں۔ (D) دو آدمی بھاگ رہے ہیں۔,دو آدمی بیٹھے ہوئے تماشائی ہیں۔
malakhra_60,IBQ,Pakistan_IBQ.xlsx,Malakhra,ملاخرہ_60 میں دکھایا گیا اہم عمل کیا ہے؟,(A) دو آدمی تلواروں سے لڑ رہے ہیں۔ (B) دو آدمی ناچ رہے ہیں۔ (C) ایک ریسلنگ میچ میں دو آدمی (D) دو آدمی بھاگ رہے ہیں۔,ایک ریسلنگ میچ میں دو آدمی,1,no mistake,no correction needed,no correction needed,no answer needed
malakhra_48,IBQ,Pakistan_IBQ.xlsx,Malakhra,ملاخرہ_48 میں مرکزی عمل کیا دکھایا گیا ہے؟,(A) دو آدمی تلواروں سے لڑ رہے ہیں۔ (B) دو آدمی ناچ رہے ہیں۔ (C) ایک ریسلنگ میچ میں دو آدمی (D) دو آدمی بھاگ رہے ہیں۔,ایک ریسلنگ میچ میں دو آدمی,1,no mistake,no correction needed,no correction needed,no answer needed
malakhra_83,IBQ,Pakistan_IBQ.xlsx,Malakhra,ملاخرہ_83 میں دکھایا گیا اصل عمل کیا ہے؟,(A) دو آدمی تلواروں سے لڑ رہے ہیں۔ (B) دو آدمی ناچ رہے ہیں۔ (C) ایک ریسلنگ میچ میں دو آدمی (D) دو آدمی بھاگ رہے ہیں۔,ایک ریسلنگ میچ میں دو آدمی,1,no mistake,no correction needed,no correction needed,no answer needed
malakhra_80,IBQ,Pakistan_IBQ.xlsx,Malakhra,ملاخرہ_80 میں دکھایا گیا اہم عمل کیا ہے؟,(A) دو آدمی تلواروں سے لڑ رہے ہیں۔ (B) دو آدمی ناچ رہے ہیں۔ (C) ایک ریسلنگ میچ میں دو آدمی (D) دو آدمی بھاگ رہے ہیں۔,ایک ریسلنگ میچ میں دو آدمی,1,no mistake,no correction needed,no correction needed,no answer needed
malakhra_95,IBQ,Pakistan_IBQ.xlsx,Malakhra,ملاخرہ_95 میں دکھایا گیا اہم عمل کیا ہے؟,(A) دو آدمی تلواروں سے لڑ رہے ہیں۔ (B) دو آدمی ناچ رہے ہیں۔ (C) ایک ریسلنگ میچ میں دو آدمی (D) دو آدمی بھاگ رہے ہیں۔,ایک ریسلنگ میچ میں دو آدمی,1,no mistake,no correction needed,no correction needed,no answer needed
malakhra_86,IBQ,Pakistan_IBQ.xlsx,Malakhra,ملاخرہ_86 میں دکھایا گیا اصل عمل کیا ہے؟,(A) دو آدمی تلواروں سے لڑ رہے ہیں۔ (B) دو آدمی ناچ رہے ہیں۔ (C) ایک ریسلنگ میچ میں دو آدمی (D) دو آدمی بھاگ رہے ہیں۔,ایک ریسلنگ میچ میں دو آدمی,1,no mistake,no correction needed,no correction needed,no answer needed
malakhra_100,IBQ,Pakistan_IBQ.xlsx,Malakhra,ملاخرہ_100 میں دکھایا گیا اہم عمل کیا ہے؟,(A) دو آدمی تلواروں سے لڑ رہے ہیں۔ (B) دو آدمی ناچ رہے ہیں۔ (C) ایک ریسلنگ میچ میں دو آدمی (D) دو آدمی بھاگ رہے ہیں۔,ایک ریسلنگ میچ میں دو آدمی,1,no mistake,no correction needed,no correction needed,no answer needed
