Started at: 09:32:54
SBQ

📌 Processing: /DATA/rohan_kirti/country/india/SBQ/India_SBQ.xlsx
Kabaddi
✅ Saved → SBQ | Kabaddi | Row 0
✅ Saved → SBQ | Kabaddi | Row 1
✅ Saved → SBQ | Kabaddi | Row 2
✅ Saved → SBQ | Kabaddi | Row 3
✅ Saved → SBQ | Kabaddi | Row 4
✅ Saved → SBQ | Kabaddi | Row 5
✅ Saved → SBQ | Kabaddi | Row 6
✅ Saved → SBQ | Kabaddi | Row 7
✅ Saved → SBQ | Kabaddi | Row 8
✅ Saved → SBQ | Kabaddi | Row 9
✅ Saved → SBQ | Kabaddi | Row 10
✅ Saved → SBQ | Kabaddi | Row 11
✅ Saved → SBQ | Kabaddi | Row 12
✅ Saved → SBQ | Kabaddi | Row 13
✅ Saved → SBQ | Kabaddi | Row 14
✅ Saved → SBQ | Kabaddi | Row 15
✅ Saved → SBQ | Kabaddi | Row 16
✅ Saved → SBQ | Kabaddi | Row 17
✅ Saved → SBQ | Kabaddi | Row 18
✅ Saved → SBQ | Kabaddi | Row 19
✅ Saved → SBQ | Kabaddi | Row 20
✅ Saved → SBQ | Kabaddi | Row 21
✅ Saved → SBQ | Kabaddi | Row 22
✅ Saved → SBQ | Kabaddi | Row 23
✅ Saved → SBQ | Kabaddi | Row 24
✅ Saved → SBQ | Kabaddi | Row 25
✅ Saved → SBQ | Kabaddi | Row 26
✅ Saved → SBQ | Kabaddi | Row 27
✅ Saved → SBQ | Kabaddi | Row 28
✅ Saved → SBQ | Kabaddi | Row 29
✅ Saved → SBQ | Kabaddi | Row 30
✅ Saved → SBQ | Kabaddi | Row 31
✅ Saved → SBQ | Kabaddi | Row 32
✅ Saved → SBQ | Kabaddi | Row 33
✅ Saved → SBQ | Kabaddi | Row 34
✅ Saved → SBQ | Kabaddi | Row 35
✅ Saved → SBQ | Kabaddi | Row 36
✅ Saved → SBQ | Kabaddi | Row 37
✅ Saved → SBQ | Kabaddi | Row 38
✅ Saved → SBQ | Kabaddi | Row 39
✅ Saved → SBQ | Kabaddi | Row 40
✅ Saved → SBQ | Kabaddi | Row 41
✅ Saved → SBQ | Kabaddi | Row 42
✅ Saved → SBQ | Kabaddi | Row 43
✅ Saved → SBQ | Kabaddi | Row 44
✅ Saved → SBQ | Kabaddi | Row 45
✅ Saved → SBQ | Kabaddi | Row 46
✅ Saved → SBQ | Kabaddi | Row 47
✅ Saved → SBQ | Kabaddi | Row 48
✅ Saved → SBQ | Kabaddi | Row 49
✅ Saved → SBQ | Kabaddi | Row 50
✅ Saved → SBQ | Kabaddi | Row 51
✅ Saved → SBQ | Kabaddi | Row 52
✅ Saved → SBQ | Kabaddi | Row 53
✅ Saved → SBQ | Kabaddi | Row 54
✅ Saved → SBQ | Kabaddi | Row 55
✅ Saved → SBQ | Kabaddi | Row 56
✅ Saved → SBQ | Kabaddi | Row 57
✅ Saved → SBQ | Kabaddi | Row 58
✅ Saved → SBQ | Kabaddi | Row 59
✅ Saved → SBQ | Kabaddi | Row 60
✅ Saved → SBQ | Kabaddi | Row 61
✅ Saved → SBQ | Kabaddi | Row 62
✅ Saved → SBQ | Kabaddi | Row 63
✅ Saved → SBQ | Kabaddi | Row 64
✅ Saved → SBQ | Kabaddi | Row 65
✅ Saved → SBQ | Kabaddi | Row 66
✅ Saved → SBQ | Kabaddi | Row 67
✅ Saved → SBQ | Kabaddi | Row 68
✅ Saved → SBQ | Kabaddi | Row 69
✅ Saved → SBQ | Kabaddi | Row 70
✅ Saved → SBQ | Kabaddi | Row 71
✅ Saved → SBQ | Kabaddi | Row 72
✅ Saved → SBQ | Kabaddi | Row 73
✅ Saved → SBQ | Kabaddi | Row 74
✅ Saved → SBQ | Kabaddi | Row 75
✅ Saved → SBQ | Kabaddi | Row 76
✅ Saved → SBQ | Kabaddi | Row 77
✅ Saved → SBQ | Kabaddi | Row 78
✅ Saved → SBQ | Kabaddi | Row 79
✅ Saved → SBQ | Kabaddi | Row 80
✅ Saved → SBQ | Kabaddi | Row 81
✅ Saved → SBQ | Kabaddi | Row 82
✅ Saved → SBQ | Kabaddi | Row 83
✅ Saved → SBQ | Kabaddi | Row 84
✅ Saved → SBQ | Kabaddi | Row 85
✅ Saved → SBQ | Kabaddi | Row 86
✅ Saved → SBQ | Kabaddi | Row 87
✅ Saved → SBQ | Kabaddi | Row 88
✅ Saved → SBQ | Kabaddi | Row 89
✅ Saved → SBQ | Kabaddi | Row 90
✅ Saved → SBQ | Kabaddi | Row 91
✅ Saved → SBQ | Kabaddi | Row 92
✅ Saved → SBQ | Kabaddi | Row 93
✅ Saved → SBQ | Kabaddi | Row 94
✅ Saved → SBQ | Kabaddi | Row 95
✅ Saved → SBQ | Kabaddi | Row 96
✅ Saved → SBQ | Kabaddi | Row 97
✅ Saved → SBQ | Kabaddi | Row 98
✅ Saved → SBQ | Kabaddi | Row 99
✅ Saved → SBQ | Kabaddi | Row 100
✅ Saved → SBQ | Kabaddi | Row 101
✅ Saved → SBQ | Kabaddi | Row 102
✅ Saved → SBQ | Kabaddi | Row 103
✅ Saved → SBQ | Kabaddi | Row 104
✅ Saved → SBQ | Kabaddi | Row 105
✅ Saved → SBQ | Kabaddi | Row 106
✅ Saved → SBQ | Kabaddi | Row 107
✅ Saved → SBQ | Kabaddi | Row 108
✅ Saved → SBQ | Kabaddi | Row 109
✅ Saved → SBQ | Kabaddi | Row 110
✅ Saved → SBQ | Kabaddi | Row 111
✅ Saved → SBQ | Kabaddi | Row 112
✅ Saved → SBQ | Kabaddi | Row 113
✅ Saved → SBQ | Kabaddi | Row 114
✅ Saved → SBQ | Kabaddi | Row 115
✅ Saved → SBQ | Kabaddi | Row 116
✅ Saved → SBQ | Kabaddi | Row 117
✅ Saved → SBQ | Kabaddi | Row 118
✅ Saved → SBQ | Kabaddi | Row 119
✅ Saved → SBQ | Kabaddi | Row 120
✅ Saved → SBQ | Kabaddi | Row 121
✅ Saved → SBQ | Kabaddi | Row 122
✅ Saved → SBQ | Kabaddi | Row 123
✅ Saved → SBQ | Kabaddi | Row 124
✅ Saved → SBQ | Kabaddi | Row 125
✅ Saved → SBQ | Kabaddi | Row 126
✅ Saved → SBQ | Kabaddi | Row 127
✅ Saved → SBQ | Kabaddi | Row 128
✅ Saved → SBQ | Kabaddi | Row 129
✅ Saved → SBQ | Kabaddi | Row 130
✅ Saved → SBQ | Kabaddi | Row 131
✅ Saved → SBQ | Kabaddi | Row 132
✅ Saved → SBQ | Kabaddi | Row 133
✅ Saved → SBQ | Kabaddi | Row 134
✅ Saved → SBQ | Kabaddi | Row 135
✅ Saved → SBQ | Kabaddi | Row 136
✅ Saved → SBQ | Kabaddi | Row 137
✅ Saved → SBQ | Kabaddi | Row 138
✅ Saved → SBQ | Kabaddi | Row 139
✅ Saved → SBQ | Kabaddi | Row 140
✅ Saved → SBQ | Kabaddi | Row 141
✅ Saved → SBQ | Kabaddi | Row 142
✅ Saved → SBQ | Kabaddi | Row 143
✅ Saved → SBQ | Kabaddi | Row 144
✅ Saved → SBQ | Kabaddi | Row 145
✅ Saved → SBQ | Kabaddi | Row 146
✅ Saved → SBQ | Kabaddi | Row 147
✅ Saved → SBQ | Kabaddi | Row 148
✅ Saved → SBQ | Kabaddi | Row 149
✅ Saved → SBQ | Kabaddi | Row 150
✅ Saved → SBQ | Kabaddi | Row 151
✅ Saved → SBQ | Kabaddi | Row 152
✅ Saved → SBQ | Kabaddi | Row 153
✅ Saved → SBQ | Kabaddi | Row 154
✅ Saved → SBQ | Kabaddi | Row 155
✅ Saved → SBQ | Kabaddi | Row 156
✅ Saved → SBQ | Kabaddi | Row 157
✅ Saved → SBQ | Kabaddi | Row 158
✅ Saved → SBQ | Kabaddi | Row 159
✅ Saved → SBQ | Kabaddi | Row 160
✅ Saved → SBQ | Kabaddi | Row 161
✅ Saved → SBQ | Kabaddi | Row 162
✅ Saved → SBQ | Kabaddi | Row 163
✅ Saved → SBQ | Kabaddi | Row 164
✅ Saved → SBQ | Kabaddi | Row 165
✅ Saved → SBQ | Kabaddi | Row 166
✅ Saved → SBQ | Kabaddi | Row 167
✅ Saved → SBQ | Kabaddi | Row 168
✅ Saved → SBQ | Kabaddi | Row 169
✅ Saved → SBQ | Kabaddi | Row 170
✅ Saved → SBQ | Kabaddi | Row 171
✅ Saved → SBQ | Kabaddi | Row 172
✅ Saved → SBQ | Kabaddi | Row 173
✅ Saved → SBQ | Kabaddi | Row 174
✅ Saved → SBQ | Kabaddi | Row 175
✅ Saved → SBQ | Kabaddi | Row 176
✅ Saved → SBQ | Kabaddi | Row 177
✅ Saved → SBQ | Kabaddi | Row 178
✅ Saved → SBQ | Kabaddi | Row 179
✅ Saved → SBQ | Kabaddi | Row 180
✅ Saved → SBQ | Kabaddi | Row 181
✅ Saved → SBQ | Kabaddi | Row 182
✅ Saved → SBQ | Kabaddi | Row 183
✅ Saved → SBQ | Kabaddi | Row 184
✅ Saved → SBQ | Kabaddi | Row 185
✅ Saved → SBQ | Kabaddi | Row 186
✅ Saved → SBQ | Kabaddi | Row 187
✅ Saved → SBQ | Kabaddi | Row 188
✅ Saved → SBQ | Kabaddi | Row 189
✅ Saved → SBQ | Kabaddi | Row 190
✅ Saved → SBQ | Kabaddi | Row 191
✅ Saved → SBQ | Kabaddi | Row 192
✅ Saved → SBQ | Kabaddi | Row 193
✅ Saved → SBQ | Kabaddi | Row 194
✅ Saved → SBQ | Kabaddi | Row 195
✅ Saved → SBQ | Kabaddi | Row 196
✅ Saved → SBQ | Kabaddi | Row 197
✅ Saved → SBQ | Kabaddi | Row 198
✅ Saved → SBQ | Kabaddi | Row 199
✅ Saved → SBQ | Kabaddi | Row 200
✅ Saved → SBQ | Kabaddi | Row 201
✅ Saved → SBQ | Kabaddi | Row 202
✅ Saved → SBQ | Kabaddi | Row 203
✅ Saved → SBQ | Kabaddi | Row 204
✅ Saved → SBQ | Kabaddi | Row 205
✅ Saved → SBQ | Kabaddi | Row 206
✅ Saved → SBQ | Kabaddi | Row 207
✅ Saved → SBQ | Kabaddi | Row 208
✅ Saved → SBQ | Kabaddi | Row 209
✅ Saved → SBQ | Kabaddi | Row 210
✅ Saved → SBQ | Kabaddi | Row 211
✅ Saved → SBQ | Kabaddi | Row 212
✅ Saved → SBQ | Kabaddi | Row 213
✅ Saved → SBQ | Kabaddi | Row 214
✅ Saved → SBQ | Kabaddi | Row 215
✅ Saved → SBQ | Kabaddi | Row 216
✅ Saved → SBQ | Kabaddi | Row 217
✅ Saved → SBQ | Kabaddi | Row 218
✅ Saved → SBQ | Kabaddi | Row 219
✅ Saved → SBQ | Kabaddi | Row 220
✅ Saved → SBQ | Kabaddi | Row 221
✅ Saved → SBQ | Kabaddi | Row 222
✅ Saved → SBQ | Kabaddi | Row 223
✅ Saved → SBQ | Kabaddi | Row 224
✅ Saved → SBQ | Kabaddi | Row 225
✅ Saved → SBQ | Kabaddi | Row 226
✅ Saved → SBQ | Kabaddi | Row 227
✅ Saved → SBQ | Kabaddi | Row 228
✅ Saved → SBQ | Kabaddi | Row 229
✅ Saved → SBQ | Kabaddi | Row 230
✅ Saved → SBQ | Kabaddi | Row 231
✅ Saved → SBQ | Kabaddi | Row 232
✅ Saved → SBQ | Kabaddi | Row 233
✅ Saved → SBQ | Kabaddi | Row 234
✅ Saved → SBQ | Kabaddi | Row 235
✅ Saved → SBQ | Kabaddi | Row 236
✅ Saved → SBQ | Kabaddi | Row 237
✅ Saved → SBQ | Kabaddi | Row 238
✅ Saved → SBQ | Kabaddi | Row 239
✅ Saved → SBQ | Kabaddi | Row 240
✅ Saved → SBQ | Kabaddi | Row 241
✅ Saved → SBQ | Kabaddi | Row 242
✅ Saved → SBQ | Kabaddi | Row 243
✅ Saved → SBQ | Kabaddi | Row 244
✅ Saved → SBQ | Kabaddi | Row 245
✅ Saved → SBQ | Kabaddi | Row 246
✅ Saved → SBQ | Kabaddi | Row 247
✅ Saved → SBQ | Kabaddi | Row 248
✅ Saved → SBQ | Kabaddi | Row 249
✅ Saved → SBQ | Kabaddi | Row 250
✅ Saved → SBQ | Kabaddi | Row 251
✅ Saved → SBQ | Kabaddi | Row 252
✅ Saved → SBQ | Kabaddi | Row 253
✅ Saved → SBQ | Kabaddi | Row 254
✅ Saved → SBQ | Kabaddi | Row 255
✅ Saved → SBQ | Kabaddi | Row 256
✅ Saved → SBQ | Kabaddi | Row 257
✅ Saved → SBQ | Kabaddi | Row 258
✅ Saved → SBQ | Kabaddi | Row 259
✅ Saved → SBQ | Kabaddi | Row 260
✅ Saved → SBQ | Kabaddi | Row 261
✅ Saved → SBQ | Kabaddi | Row 262
✅ Saved → SBQ | Kabaddi | Row 263
✅ Saved → SBQ | Kabaddi | Row 264
✅ Saved → SBQ | Kabaddi | Row 265
✅ Saved → SBQ | Kabaddi | Row 266
✅ Saved → SBQ | Kabaddi | Row 267
✅ Saved → SBQ | Kabaddi | Row 268
✅ Saved → SBQ | Kabaddi | Row 269
✅ Saved → SBQ | Kabaddi | Row 270
✅ Saved → SBQ | Kabaddi | Row 271
✅ Saved → SBQ | Kabaddi | Row 272
✅ Saved → SBQ | Kabaddi | Row 273
✅ Saved → SBQ | Kabaddi | Row 274
✅ Saved → SBQ | Kabaddi | Row 275
✅ Saved → SBQ | Kabaddi | Row 276
✅ Saved → SBQ | Kabaddi | Row 277
✅ Saved → SBQ | Kabaddi | Row 278
✅ Saved → SBQ | Kabaddi | Row 279
✅ Saved → SBQ | Kabaddi | Row 280
✅ Saved → SBQ | Kabaddi | Row 281
✅ Saved → SBQ | Kabaddi | Row 282
✅ Saved → SBQ | Kabaddi | Row 283
✅ Saved → SBQ | Kabaddi | Row 284
✅ Saved → SBQ | Kabaddi | Row 285
✅ Saved → SBQ | Kabaddi | Row 286
✅ Saved → SBQ | Kabaddi | Row 287
✅ Saved → SBQ | Kabaddi | Row 288
✅ Saved → SBQ | Kabaddi | Row 289
✅ Saved → SBQ | Kabaddi | Row 290
✅ Saved → SBQ | Kabaddi | Row 291
✅ Saved → SBQ | Kabaddi | Row 292
✅ Saved → SBQ | Kabaddi | Row 293
✅ Saved → SBQ | Kabaddi | Row 294
✅ Saved → SBQ | Kabaddi | Row 295
✅ Saved → SBQ | Kabaddi | Row 296
✅ Saved → SBQ | Kabaddi | Row 297
✅ Saved → SBQ | Kabaddi | Row 298
✅ Saved → SBQ | Kabaddi | Row 299
✅ Saved → SBQ | Kabaddi | Row 300
✅ Saved → SBQ | Kabaddi | Row 301
✅ Saved → SBQ | Kabaddi | Row 302
✅ Saved → SBQ | Kabaddi | Row 303
✅ Saved → SBQ | Kabaddi | Row 304
✅ Saved → SBQ | Kabaddi | Row 305
✅ Saved → SBQ | Kabaddi | Row 306
✅ Saved → SBQ | Kabaddi | Row 307
✅ Saved → SBQ | Kabaddi | Row 308
✅ Saved → SBQ | Kabaddi | Row 309
✅ Saved → SBQ | Kabaddi | Row 310
✅ Saved → SBQ | Kabaddi | Row 311
✅ Saved → SBQ | Kabaddi | Row 312
✅ Saved → SBQ | Kabaddi | Row 313
✅ Saved → SBQ | Kabaddi | Row 314
✅ Saved → SBQ | Kabaddi | Row 315
✅ Saved → SBQ | Kabaddi | Row 316
✅ Saved → SBQ | Kabaddi | Row 317
✅ Saved → SBQ | Kabaddi | Row 318
✅ Saved → SBQ | Kabaddi | Row 319
✅ Saved → SBQ | Kabaddi | Row 320
✅ Saved → SBQ | Kabaddi | Row 321
✅ Saved → SBQ | Kabaddi | Row 322
✅ Saved → SBQ | Kabaddi | Row 323
✅ Saved → SBQ | Kabaddi | Row 324
✅ Saved → SBQ | Kabaddi | Row 325
✅ Saved → SBQ | Kabaddi | Row 326
✅ Saved → SBQ | Kabaddi | Row 327
✅ Saved → SBQ | Kabaddi | Row 328
✅ Saved → SBQ | Kabaddi | Row 329
✅ Saved → SBQ | Kabaddi | Row 330
✅ Saved → SBQ | Kabaddi | Row 331
✅ Saved → SBQ | Kabaddi | Row 332
✅ Saved → SBQ | Kabaddi | Row 333
✅ Saved → SBQ | Kabaddi | Row 334
✅ Saved → SBQ | Kabaddi | Row 335
✅ Saved → SBQ | Kabaddi | Row 336
✅ Saved → SBQ | Kabaddi | Row 337
✅ Saved → SBQ | Kabaddi | Row 338
✅ Saved → SBQ | Kabaddi | Row 339
✅ Saved → SBQ | Kabaddi | Row 340
✅ Saved → SBQ | Kabaddi | Row 341
✅ Saved → SBQ | Kabaddi | Row 342
✅ Saved → SBQ | Kabaddi | Row 343
✅ Saved → SBQ | Kabaddi | Row 344
✅ Saved → SBQ | Kabaddi | Row 345
✅ Saved → SBQ | Kabaddi | Row 346
✅ Saved → SBQ | Kabaddi | Row 347
✅ Saved → SBQ | Kabaddi | Row 348
✅ Saved → SBQ | Kabaddi | Row 349
✅ Saved → SBQ | Kabaddi | Row 350
✅ Saved → SBQ | Kabaddi | Row 351
✅ Saved → SBQ | Kabaddi | Row 352
✅ Saved → SBQ | Kabaddi | Row 353
✅ Saved → SBQ | Kabaddi | Row 354
✅ Saved → SBQ | Kabaddi | Row 355
✅ Saved → SBQ | Kabaddi | Row 356
✅ Saved → SBQ | Kabaddi | Row 357
✅ Saved → SBQ | Kabaddi | Row 358
✅ Saved → SBQ | Kabaddi | Row 359
✅ Saved → SBQ | Kabaddi | Row 360
✅ Saved → SBQ | Kabaddi | Row 361
✅ Saved → SBQ | Kabaddi | Row 362
✅ Saved → SBQ | Kabaddi | Row 363
✅ Saved → SBQ | Kabaddi | Row 364
✅ Saved → SBQ | Kabaddi | Row 365
✅ Saved → SBQ | Kabaddi | Row 366
✅ Saved → SBQ | Kabaddi | Row 367
✅ Saved → SBQ | Kabaddi | Row 368
✅ Saved → SBQ | Kabaddi | Row 369
✅ Saved → SBQ | Kabaddi | Row 370
✅ Saved → SBQ | Kabaddi | Row 371
✅ Saved → SBQ | Kabaddi | Row 372
✅ Saved → SBQ | Kabaddi | Row 373
✅ Saved → SBQ | Kabaddi | Row 374
✅ Saved → SBQ | Kabaddi | Row 375
✅ Saved → SBQ | Kabaddi | Row 376
✅ Saved → SBQ | Kabaddi | Row 377
✅ Saved → SBQ | Kabaddi | Row 378
✅ Saved → SBQ | Kabaddi | Row 379
✅ Saved → SBQ | Kabaddi | Row 380
✅ Saved → SBQ | Kabaddi | Row 381
✅ Saved → SBQ | Kabaddi | Row 382
✅ Saved → SBQ | Kabaddi | Row 383
✅ Saved → SBQ | Kabaddi | Row 384
✅ Saved → SBQ | Kabaddi | Row 386
✅ Saved → SBQ | Kabaddi | Row 388
✅ Saved → SBQ | Kabaddi | Row 390
✅ Saved → SBQ | Kabaddi | Row 391
✅ Saved → SBQ | Kabaddi | Row 392
✅ Saved → SBQ | Kabaddi | Row 393
✅ Saved → SBQ | Kabaddi | Row 394
✅ Saved → SBQ | Kabaddi | Row 395
✅ Saved → SBQ | Kabaddi | Row 396
✅ Saved → SBQ | Kabaddi | Row 397
✅ Saved → SBQ | Kabaddi | Row 398
✅ Saved → SBQ | Kabaddi | Row 399
✅ Saved → SBQ | Kabaddi | Row 400
✅ Saved → SBQ | Kabaddi | Row 401
✅ Saved → SBQ | Kabaddi | Row 402
✅ Saved → SBQ | Kabaddi | Row 404
✅ Saved → SBQ | Kabaddi | Row 405
✅ Saved → SBQ | Kabaddi | Row 406
✅ Saved → SBQ | Kabaddi | Row 407
✅ Saved → SBQ | Kabaddi | Row 408
✅ Saved → SBQ | Kabaddi | Row 409
✅ Saved → SBQ | Kabaddi | Row 410
✅ Saved → SBQ | Kabaddi | Row 411
✅ Saved → SBQ | Kabaddi | Row 412
✅ Saved → SBQ | Kabaddi | Row 413
✅ Saved → SBQ | Kabaddi | Row 415
✅ Saved → SBQ | Kabaddi | Row 416
✅ Saved → SBQ | Kabaddi | Row 417
✅ Saved → SBQ | Kabaddi | Row 418
✅ Saved → SBQ | Kabaddi | Row 419
✅ Saved → SBQ | Kabaddi | Row 420
✅ Saved → SBQ | Kabaddi | Row 421
✅ Saved → SBQ | Kabaddi | Row 422
✅ Saved → SBQ | Kabaddi | Row 423
✅ Saved → SBQ | Kabaddi | Row 424
✅ Saved → SBQ | Kabaddi | Row 425
✅ Saved → SBQ | Kabaddi | Row 426
✅ Saved → SBQ | Kabaddi | Row 427
✅ Saved → SBQ | Kabaddi | Row 428
✅ Saved → SBQ | Kabaddi | Row 429
✅ Saved → SBQ | Kabaddi | Row 430
✅ Saved → SBQ | Kabaddi | Row 431
✅ Saved → SBQ | Kabaddi | Row 432
✅ Saved → SBQ | Kabaddi | Row 433
✅ Saved → SBQ | Kabaddi | Row 434
✅ Saved → SBQ | Kabaddi | Row 435
✅ Saved → SBQ | Kabaddi | Row 436
✅ Saved → SBQ | Kabaddi | Row 437
✅ Saved → SBQ | Kabaddi | Row 438
✅ Saved → SBQ | Kabaddi | Row 439
✅ Saved → SBQ | Kabaddi | Row 440
✅ Saved → SBQ | Kabaddi | Row 442
✅ Saved → SBQ | Kabaddi | Row 443
✅ Saved → SBQ | Kabaddi | Row 445
✅ Saved → SBQ | Kabaddi | Row 446
✅ Saved → SBQ | Kabaddi | Row 447
✅ Saved → SBQ | Kabaddi | Row 448
✅ Saved → SBQ | Kabaddi | Row 449
✅ Saved → SBQ | Kabaddi | Row 450
✅ Saved → SBQ | Kabaddi | Row 451
✅ Saved → SBQ | Kabaddi | Row 452
✅ Saved → SBQ | Kabaddi | Row 453
✅ Saved → SBQ | Kabaddi | Row 454
✅ Saved → SBQ | Kabaddi | Row 455
✅ Saved → SBQ | Kabaddi | Row 456
✅ Saved → SBQ | Kabaddi | Row 457
✅ Saved → SBQ | Kabaddi | Row 458
✅ Saved → SBQ | Kabaddi | Row 459
✅ Saved → SBQ | Kabaddi | Row 460
✅ Saved → SBQ | Kabaddi | Row 461
✅ Saved → SBQ | Kabaddi | Row 462
✅ Saved → SBQ | Kabaddi | Row 463
✅ Saved → SBQ | Kabaddi | Row 464
✅ Saved → SBQ | Kabaddi | Row 465
✅ Saved → SBQ | Kabaddi | Row 466
✅ Saved → SBQ | Kabaddi | Row 467
✅ Saved → SBQ | Kabaddi | Row 468
✅ Saved → SBQ | Kabaddi | Row 469
✅ Saved → SBQ | Kabaddi | Row 470
✅ Saved → SBQ | Kabaddi | Row 471
✅ Saved → SBQ | Kabaddi | Row 472
✅ Saved → SBQ | Kabaddi | Row 473
✅ Saved → SBQ | Kabaddi | Row 474
✅ Saved → SBQ | Kabaddi | Row 475
✅ Saved → SBQ | Kabaddi | Row 476
✅ Saved → SBQ | Kabaddi | Row 477
✅ Saved → SBQ | Kabaddi | Row 478
✅ Saved → SBQ | Kabaddi | Row 479
✅ Saved → SBQ | Kabaddi | Row 480
✅ Saved → SBQ | Kabaddi | Row 481
✅ Saved → SBQ | Kabaddi | Row 482
✅ Saved → SBQ | Kabaddi | Row 483
✅ Saved → SBQ | Kabaddi | Row 484
✅ Saved → SBQ | Kabaddi | Row 485
✅ Saved → SBQ | Kabaddi | Row 486
✅ Saved → SBQ | Kabaddi | Row 487
✅ Saved → SBQ | Kabaddi | Row 488
✅ Saved → SBQ | Kabaddi | Row 489
✅ Saved → SBQ | Kabaddi | Row 490
✅ Saved → SBQ | Kabaddi | Row 491
✅ Saved → SBQ | Kabaddi | Row 492
✅ Saved → SBQ | Kabaddi | Row 493
✅ Saved → SBQ | Kabaddi | Row 494
✅ Saved → SBQ | Kabaddi | Row 495
✅ Saved → SBQ | Kabaddi | Row 497
✅ Saved → SBQ | Kabaddi | Row 498
✅ Saved → SBQ | Kabaddi | Row 499
✅ Saved → SBQ | Kabaddi | Row 500
✅ Saved → SBQ | Kabaddi | Row 501
✅ Saved → SBQ | Kabaddi | Row 502
✅ Saved → SBQ | Kabaddi | Row 503
✅ Saved → SBQ | Kabaddi | Row 504
✅ Saved → SBQ | Kabaddi | Row 505
✅ Saved → SBQ | Kabaddi | Row 506
✅ Saved → SBQ | Kabaddi | Row 507
✅ Saved → SBQ | Kabaddi | Row 508
✅ Saved → SBQ | Kabaddi | Row 509
✅ Saved → SBQ | Kabaddi | Row 510
✅ Saved → SBQ | Kabaddi | Row 511
✅ Saved → SBQ | Kabaddi | Row 512
✅ Saved → SBQ | Kabaddi | Row 513
✅ Saved → SBQ | Kabaddi | Row 514
✅ Saved → SBQ | Kabaddi | Row 515
✅ Saved → SBQ | Kabaddi | Row 516
✅ Saved → SBQ | Kabaddi | Row 517
✅ Saved → SBQ | Kabaddi | Row 518
✅ Saved → SBQ | Kabaddi | Row 519
✅ Saved → SBQ | Kabaddi | Row 520
✅ Saved → SBQ | Kabaddi | Row 521
✅ Saved → SBQ | Kabaddi | Row 522
✅ Saved → SBQ | Kabaddi | Row 523
✅ Saved → SBQ | Kabaddi | Row 524
✅ Saved → SBQ | Kabaddi | Row 525
✅ Saved → SBQ | Kabaddi | Row 526
✅ Saved → SBQ | Kabaddi | Row 527
✅ Saved → SBQ | Kabaddi | Row 528
✅ Saved → SBQ | Kabaddi | Row 529
✅ Saved → SBQ | Kabaddi | Row 530
Chess
✅ Saved → SBQ | Chess | Row 0
✅ Saved → SBQ | Chess | Row 1
✅ Saved → SBQ | Chess | Row 2
✅ Saved → SBQ | Chess | Row 3
✅ Saved → SBQ | Chess | Row 4
✅ Saved → SBQ | Chess | Row 5
✅ Saved → SBQ | Chess | Row 6
✅ Saved → SBQ | Chess | Row 7
✅ Saved → SBQ | Chess | Row 8
✅ Saved → SBQ | Chess | Row 9
✅ Saved → SBQ | Chess | Row 10
✅ Saved → SBQ | Chess | Row 11
✅ Saved → SBQ | Chess | Row 12
✅ Saved → SBQ | Chess | Row 13
✅ Saved → SBQ | Chess | Row 14
✅ Saved → SBQ | Chess | Row 15
✅ Saved → SBQ | Chess | Row 16
✅ Saved → SBQ | Chess | Row 17
✅ Saved → SBQ | Chess | Row 18
✅ Saved → SBQ | Chess | Row 19
✅ Saved → SBQ | Chess | Row 20
✅ Saved → SBQ | Chess | Row 21
✅ Saved → SBQ | Chess | Row 22
✅ Saved → SBQ | Chess | Row 23
✅ Saved → SBQ | Chess | Row 24
✅ Saved → SBQ | Chess | Row 25
✅ Saved → SBQ | Chess | Row 26
✅ Saved → SBQ | Chess | Row 27
✅ Saved → SBQ | Chess | Row 28
✅ Saved → SBQ | Chess | Row 29
✅ Saved → SBQ | Chess | Row 30
✅ Saved → SBQ | Chess | Row 31
✅ Saved → SBQ | Chess | Row 32
✅ Saved → SBQ | Chess | Row 33
✅ Saved → SBQ | Chess | Row 34
✅ Saved → SBQ | Chess | Row 35
✅ Saved → SBQ | Chess | Row 36
✅ Saved → SBQ | Chess | Row 37
✅ Saved → SBQ | Chess | Row 38
✅ Saved → SBQ | Chess | Row 39
✅ Saved → SBQ | Chess | Row 40
✅ Saved → SBQ | Chess | Row 41
✅ Saved → SBQ | Chess | Row 42
✅ Saved → SBQ | Chess | Row 43
✅ Saved → SBQ | Chess | Row 44
✅ Saved → SBQ | Chess | Row 45
✅ Saved → SBQ | Chess | Row 46
✅ Saved → SBQ | Chess | Row 47
✅ Saved → SBQ | Chess | Row 48
✅ Saved → SBQ | Chess | Row 49
✅ Saved → SBQ | Chess | Row 50
✅ Saved → SBQ | Chess | Row 51
✅ Saved → SBQ | Chess | Row 52
✅ Saved → SBQ | Chess | Row 53
✅ Saved → SBQ | Chess | Row 54
✅ Saved → SBQ | Chess | Row 55
✅ Saved → SBQ | Chess | Row 56
✅ Saved → SBQ | Chess | Row 57
✅ Saved → SBQ | Chess | Row 58
✅ Saved → SBQ | Chess | Row 59
✅ Saved → SBQ | Chess | Row 60
✅ Saved → SBQ | Chess | Row 61
✅ Saved → SBQ | Chess | Row 62
✅ Saved → SBQ | Chess | Row 63
✅ Saved → SBQ | Chess | Row 64
✅ Saved → SBQ | Chess | Row 65
✅ Saved → SBQ | Chess | Row 66
✅ Saved → SBQ | Chess | Row 67
✅ Saved → SBQ | Chess | Row 68
✅ Saved → SBQ | Chess | Row 69
✅ Saved → SBQ | Chess | Row 70
✅ Saved → SBQ | Chess | Row 71
✅ Saved → SBQ | Chess | Row 72
✅ Saved → SBQ | Chess | Row 73
✅ Saved → SBQ | Chess | Row 74
✅ Saved → SBQ | Chess | Row 75
✅ Saved → SBQ | Chess | Row 76
✅ Saved → SBQ | Chess | Row 77
✅ Saved → SBQ | Chess | Row 78
✅ Saved → SBQ | Chess | Row 79
✅ Saved → SBQ | Chess | Row 80
✅ Saved → SBQ | Chess | Row 81
✅ Saved → SBQ | Chess | Row 82
✅ Saved → SBQ | Chess | Row 83
✅ Saved → SBQ | Chess | Row 84
✅ Saved → SBQ | Chess | Row 85
✅ Saved → SBQ | Chess | Row 86
✅ Saved → SBQ | Chess | Row 87
✅ Saved → SBQ | Chess | Row 88
✅ Saved → SBQ | Chess | Row 89
✅ Saved → SBQ | Chess | Row 90
✅ Saved → SBQ | Chess | Row 91
✅ Saved → SBQ | Chess | Row 92
✅ Saved → SBQ | Chess | Row 93
✅ Saved → SBQ | Chess | Row 94
✅ Saved → SBQ | Chess | Row 95
✅ Saved → SBQ | Chess | Row 96
✅ Saved → SBQ | Chess | Row 97
✅ Saved → SBQ | Chess | Row 98
✅ Saved → SBQ | Chess | Row 99
✅ Saved → SBQ | Chess | Row 100
✅ Saved → SBQ | Chess | Row 101
✅ Saved → SBQ | Chess | Row 102
✅ Saved → SBQ | Chess | Row 103
✅ Saved → SBQ | Chess | Row 104
✅ Saved → SBQ | Chess | Row 105
✅ Saved → SBQ | Chess | Row 106
✅ Saved → SBQ | Chess | Row 107
✅ Saved → SBQ | Chess | Row 108
✅ Saved → SBQ | Chess | Row 109
✅ Saved → SBQ | Chess | Row 110
✅ Saved → SBQ | Chess | Row 111
✅ Saved → SBQ | Chess | Row 112
✅ Saved → SBQ | Chess | Row 113
✅ Saved → SBQ | Chess | Row 114
✅ Saved → SBQ | Chess | Row 115
✅ Saved → SBQ | Chess | Row 116
✅ Saved → SBQ | Chess | Row 117
✅ Saved → SBQ | Chess | Row 118
✅ Saved → SBQ | Chess | Row 119
✅ Saved → SBQ | Chess | Row 120
✅ Saved → SBQ | Chess | Row 121
✅ Saved → SBQ | Chess | Row 122
✅ Saved → SBQ | Chess | Row 123
✅ Saved → SBQ | Chess | Row 124
✅ Saved → SBQ | Chess | Row 125
✅ Saved → SBQ | Chess | Row 126
✅ Saved → SBQ | Chess | Row 127
✅ Saved → SBQ | Chess | Row 128
✅ Saved → SBQ | Chess | Row 129
✅ Saved → SBQ | Chess | Row 130
✅ Saved → SBQ | Chess | Row 131
✅ Saved → SBQ | Chess | Row 132
✅ Saved → SBQ | Chess | Row 133
✅ Saved → SBQ | Chess | Row 134
✅ Saved → SBQ | Chess | Row 135
✅ Saved → SBQ | Chess | Row 136
✅ Saved → SBQ | Chess | Row 137
✅ Saved → SBQ | Chess | Row 138
✅ Saved → SBQ | Chess | Row 139
✅ Saved → SBQ | Chess | Row 140
✅ Saved → SBQ | Chess | Row 141
✅ Saved → SBQ | Chess | Row 142
✅ Saved → SBQ | Chess | Row 143
✅ Saved → SBQ | Chess | Row 144
✅ Saved → SBQ | Chess | Row 145
✅ Saved → SBQ | Chess | Row 146
✅ Saved → SBQ | Chess | Row 147
✅ Saved → SBQ | Chess | Row 148
✅ Saved → SBQ | Chess | Row 149
✅ Saved → SBQ | Chess | Row 150
✅ Saved → SBQ | Chess | Row 151
✅ Saved → SBQ | Chess | Row 152
✅ Saved → SBQ | Chess | Row 153
✅ Saved → SBQ | Chess | Row 154
✅ Saved → SBQ | Chess | Row 155
✅ Saved → SBQ | Chess | Row 156
✅ Saved → SBQ | Chess | Row 157
✅ Saved → SBQ | Chess | Row 158
✅ Saved → SBQ | Chess | Row 159
✅ Saved → SBQ | Chess | Row 160
✅ Saved → SBQ | Chess | Row 161
✅ Saved → SBQ | Chess | Row 162
✅ Saved → SBQ | Chess | Row 163
✅ Saved → SBQ | Chess | Row 164
✅ Saved → SBQ | Chess | Row 165
✅ Saved → SBQ | Chess | Row 166
✅ Saved → SBQ | Chess | Row 167
✅ Saved → SBQ | Chess | Row 168
✅ Saved → SBQ | Chess | Row 169
✅ Saved → SBQ | Chess | Row 170
✅ Saved → SBQ | Chess | Row 171
✅ Saved → SBQ | Chess | Row 172
✅ Saved → SBQ | Chess | Row 173
✅ Saved → SBQ | Chess | Row 174
✅ Saved → SBQ | Chess | Row 175
✅ Saved → SBQ | Chess | Row 176
✅ Saved → SBQ | Chess | Row 177
✅ Saved → SBQ | Chess | Row 178
✅ Saved → SBQ | Chess | Row 179
✅ Saved → SBQ | Chess | Row 180
✅ Saved → SBQ | Chess | Row 181
✅ Saved → SBQ | Chess | Row 182
✅ Saved → SBQ | Chess | Row 183
✅ Saved → SBQ | Chess | Row 184
✅ Saved → SBQ | Chess | Row 185
✅ Saved → SBQ | Chess | Row 186
✅ Saved → SBQ | Chess | Row 187
✅ Saved → SBQ | Chess | Row 188
✅ Saved → SBQ | Chess | Row 189
✅ Saved → SBQ | Chess | Row 190
✅ Saved → SBQ | Chess | Row 191
✅ Saved → SBQ | Chess | Row 192
✅ Saved → SBQ | Chess | Row 193
✅ Saved → SBQ | Chess | Row 194
✅ Saved → SBQ | Chess | Row 195
✅ Saved → SBQ | Chess | Row 196
✅ Saved → SBQ | Chess | Row 197
✅ Saved → SBQ | Chess | Row 198
✅ Saved → SBQ | Chess | Row 199
✅ Saved → SBQ | Chess | Row 200
✅ Saved → SBQ | Chess | Row 201
✅ Saved → SBQ | Chess | Row 203
✅ Saved → SBQ | Chess | Row 205
✅ Saved → SBQ | Chess | Row 206
✅ Saved → SBQ | Chess | Row 207
✅ Saved → SBQ | Chess | Row 208
✅ Saved → SBQ | Chess | Row 209
✅ Saved → SBQ | Chess | Row 210
✅ Saved → SBQ | Chess | Row 211
✅ Saved → SBQ | Chess | Row 212
✅ Saved → SBQ | Chess | Row 213
✅ Saved → SBQ | Chess | Row 214
✅ Saved → SBQ | Chess | Row 215
✅ Saved → SBQ | Chess | Row 216
✅ Saved → SBQ | Chess | Row 217
✅ Saved → SBQ | Chess | Row 218
✅ Saved → SBQ | Chess | Row 220
✅ Saved → SBQ | Chess | Row 221
✅ Saved → SBQ | Chess | Row 222
✅ Saved → SBQ | Chess | Row 223
✅ Saved → SBQ | Chess | Row 224
✅ Saved → SBQ | Chess | Row 227
✅ Saved → SBQ | Chess | Row 230
✅ Saved → SBQ | Chess | Row 232
✅ Saved → SBQ | Chess | Row 233
✅ Saved → SBQ | Chess | Row 234
✅ Saved → SBQ | Chess | Row 235
✅ Saved → SBQ | Chess | Row 236
✅ Saved → SBQ | Chess | Row 237
✅ Saved → SBQ | Chess | Row 238
✅ Saved → SBQ | Chess | Row 239
✅ Saved → SBQ | Chess | Row 240
✅ Saved → SBQ | Chess | Row 241
✅ Saved → SBQ | Chess | Row 242
✅ Saved → SBQ | Chess | Row 243
✅ Saved → SBQ | Chess | Row 244
✅ Saved → SBQ | Chess | Row 245
✅ Saved → SBQ | Chess | Row 246
✅ Saved → SBQ | Chess | Row 247
✅ Saved → SBQ | Chess | Row 248
✅ Saved → SBQ | Chess | Row 249
✅ Saved → SBQ | Chess | Row 250
✅ Saved → SBQ | Chess | Row 251
✅ Saved → SBQ | Chess | Row 252
✅ Saved → SBQ | Chess | Row 253
✅ Saved → SBQ | Chess | Row 254
✅ Saved → SBQ | Chess | Row 255
✅ Saved → SBQ | Chess | Row 256
✅ Saved → SBQ | Chess | Row 257
✅ Saved → SBQ | Chess | Row 258
✅ Saved → SBQ | Chess | Row 259
✅ Saved → SBQ | Chess | Row 260
✅ Saved → SBQ | Chess | Row 261
✅ Saved → SBQ | Chess | Row 262
✅ Saved → SBQ | Chess | Row 263
✅ Saved → SBQ | Chess | Row 264
✅ Saved → SBQ | Chess | Row 265
✅ Saved → SBQ | Chess | Row 266
✅ Saved → SBQ | Chess | Row 267
✅ Saved → SBQ | Chess | Row 268
✅ Saved → SBQ | Chess | Row 269
✅ Saved → SBQ | Chess | Row 270
✅ Saved → SBQ | Chess | Row 271
✅ Saved → SBQ | Chess | Row 272
✅ Saved → SBQ | Chess | Row 273
✅ Saved → SBQ | Chess | Row 275
✅ Saved → SBQ | Chess | Row 276
✅ Saved → SBQ | Chess | Row 277
✅ Saved → SBQ | Chess | Row 278
✅ Saved → SBQ | Chess | Row 279
✅ Saved → SBQ | Chess | Row 280
✅ Saved → SBQ | Chess | Row 281
✅ Saved → SBQ | Chess | Row 282
✅ Saved → SBQ | Chess | Row 283
✅ Saved → SBQ | Chess | Row 284
✅ Saved → SBQ | Chess | Row 285
✅ Saved → SBQ | Chess | Row 286
✅ Saved → SBQ | Chess | Row 287
✅ Saved → SBQ | Chess | Row 288
✅ Saved → SBQ | Chess | Row 289
✅ Saved → SBQ | Chess | Row 290
✅ Saved → SBQ | Chess | Row 291
✅ Saved → SBQ | Chess | Row 292
✅ Saved → SBQ | Chess | Row 294
✅ Saved → SBQ | Chess | Row 295
✅ Saved → SBQ | Chess | Row 296
✅ Saved → SBQ | Chess | Row 297
✅ Saved → SBQ | Chess | Row 298
✅ Saved → SBQ | Chess | Row 299
✅ Saved → SBQ | Chess | Row 300
✅ Saved → SBQ | Chess | Row 301
✅ Saved → SBQ | Chess | Row 302
✅ Saved → SBQ | Chess | Row 304
✅ Saved → SBQ | Chess | Row 305
✅ Saved → SBQ | Chess | Row 306
✅ Saved → SBQ | Chess | Row 307
✅ Saved → SBQ | Chess | Row 308
✅ Saved → SBQ | Chess | Row 309
✅ Saved → SBQ | Chess | Row 310
✅ Saved → SBQ | Chess | Row 311
✅ Saved → SBQ | Chess | Row 312
✅ Saved → SBQ | Chess | Row 314
✅ Saved → SBQ | Chess | Row 315
✅ Saved → SBQ | Chess | Row 316
✅ Saved → SBQ | Chess | Row 317
✅ Saved → SBQ | Chess | Row 318
✅ Saved → SBQ | Chess | Row 319
✅ Saved → SBQ | Chess | Row 320
✅ Saved → SBQ | Chess | Row 321
✅ Saved → SBQ | Chess | Row 322
✅ Saved → SBQ | Chess | Row 323
✅ Saved → SBQ | Chess | Row 324
✅ Saved → SBQ | Chess | Row 325
✅ Saved → SBQ | Chess | Row 326
✅ Saved → SBQ | Chess | Row 327
✅ Saved → SBQ | Chess | Row 328
✅ Saved → SBQ | Chess | Row 329
✅ Saved → SBQ | Chess | Row 330
✅ Saved → SBQ | Chess | Row 331
✅ Saved → SBQ | Chess | Row 332
✅ Saved → SBQ | Chess | Row 333
✅ Saved → SBQ | Chess | Row 334
✅ Saved → SBQ | Chess | Row 335
✅ Saved → SBQ | Chess | Row 336
✅ Saved → SBQ | Chess | Row 337
✅ Saved → SBQ | Chess | Row 338
✅ Saved → SBQ | Chess | Row 339
✅ Saved → SBQ | Chess | Row 340
✅ Saved → SBQ | Chess | Row 341
✅ Saved → SBQ | Chess | Row 342
✅ Saved → SBQ | Chess | Row 343
✅ Saved → SBQ | Chess | Row 344
✅ Saved → SBQ | Chess | Row 345
✅ Saved → SBQ | Chess | Row 346
✅ Saved → SBQ | Chess | Row 347
✅ Saved → SBQ | Chess | Row 348
✅ Saved → SBQ | Chess | Row 349
✅ Saved → SBQ | Chess | Row 350
✅ Saved → SBQ | Chess | Row 351
✅ Saved → SBQ | Chess | Row 352
✅ Saved → SBQ | Chess | Row 353
✅ Saved → SBQ | Chess | Row 354
✅ Saved → SBQ | Chess | Row 355
✅ Saved → SBQ | Chess | Row 356
✅ Saved → SBQ | Chess | Row 357
✅ Saved → SBQ | Chess | Row 358
✅ Saved → SBQ | Chess | Row 359
✅ Saved → SBQ | Chess | Row 360
✅ Saved → SBQ | Chess | Row 361
✅ Saved → SBQ | Chess | Row 362
✅ Saved → SBQ | Chess | Row 363
✅ Saved → SBQ | Chess | Row 364
✅ Saved → SBQ | Chess | Row 365
✅ Saved → SBQ | Chess | Row 366
✅ Saved → SBQ | Chess | Row 367
✅ Saved → SBQ | Chess | Row 368
✅ Saved → SBQ | Chess | Row 369
✅ Saved → SBQ | Chess | Row 370
✅ Saved → SBQ | Chess | Row 371
✅ Saved → SBQ | Chess | Row 372
✅ Saved → SBQ | Chess | Row 373
✅ Saved → SBQ | Chess | Row 374
✅ Saved → SBQ | Chess | Row 375
✅ Saved → SBQ | Chess | Row 376
✅ Saved → SBQ | Chess | Row 377
✅ Saved → SBQ | Chess | Row 378
✅ Saved → SBQ | Chess | Row 379
✅ Saved → SBQ | Chess | Row 380
✅ Saved → SBQ | Chess | Row 381
✅ Saved → SBQ | Chess | Row 382
✅ Saved → SBQ | Chess | Row 383
✅ Saved → SBQ | Chess | Row 384
✅ Saved → SBQ | Chess | Row 385
✅ Saved → SBQ | Chess | Row 386
✅ Saved → SBQ | Chess | Row 387
✅ Saved → SBQ | Chess | Row 388
✅ Saved → SBQ | Chess | Row 389
✅ Saved → SBQ | Chess | Row 390
✅ Saved → SBQ | Chess | Row 391
✅ Saved → SBQ | Chess | Row 392
✅ Saved → SBQ | Chess | Row 393
✅ Saved → SBQ | Chess | Row 394
✅ Saved → SBQ | Chess | Row 395
✅ Saved → SBQ | Chess | Row 396
✅ Saved → SBQ | Chess | Row 397
✅ Saved → SBQ | Chess | Row 398
✅ Saved → SBQ | Chess | Row 399
✅ Saved → SBQ | Chess | Row 400
✅ Saved → SBQ | Chess | Row 401
✅ Saved → SBQ | Chess | Row 402
✅ Saved → SBQ | Chess | Row 403
✅ Saved → SBQ | Chess | Row 404
✅ Saved → SBQ | Chess | Row 405
✅ Saved → SBQ | Chess | Row 406
✅ Saved → SBQ | Chess | Row 407
✅ Saved → SBQ | Chess | Row 408
✅ Saved → SBQ | Chess | Row 409
✅ Saved → SBQ | Chess | Row 410
✅ Saved → SBQ | Chess | Row 411
✅ Saved → SBQ | Chess | Row 412
✅ Saved → SBQ | Chess | Row 413
✅ Saved → SBQ | Chess | Row 414
✅ Saved → SBQ | Chess | Row 415
✅ Saved → SBQ | Chess | Row 416
✅ Saved → SBQ | Chess | Row 417
✅ Saved → SBQ | Chess | Row 418
✅ Saved → SBQ | Chess | Row 419
✅ Saved → SBQ | Chess | Row 420
✅ Saved → SBQ | Chess | Row 421
✅ Saved → SBQ | Chess | Row 422
✅ Saved → SBQ | Chess | Row 423
✅ Saved → SBQ | Chess | Row 424
✅ Saved → SBQ | Chess | Row 425
✅ Saved → SBQ | Chess | Row 426
✅ Saved → SBQ | Chess | Row 427
✅ Saved → SBQ | Chess | Row 429
✅ Saved → SBQ | Chess | Row 430
✅ Saved → SBQ | Chess | Row 431
✅ Saved → SBQ | Chess | Row 432
✅ Saved → SBQ | Chess | Row 433
✅ Saved → SBQ | Chess | Row 434
✅ Saved → SBQ | Chess | Row 435
✅ Saved → SBQ | Chess | Row 436
✅ Saved → SBQ | Chess | Row 437
✅ Saved → SBQ | Chess | Row 438
✅ Saved → SBQ | Chess | Row 439
✅ Saved → SBQ | Chess | Row 440
✅ Saved → SBQ | Chess | Row 441
✅ Saved → SBQ | Chess | Row 442
✅ Saved → SBQ | Chess | Row 443
✅ Saved → SBQ | Chess | Row 444
✅ Saved → SBQ | Chess | Row 445
✅ Saved → SBQ | Chess | Row 446
✅ Saved → SBQ | Chess | Row 447
✅ Saved → SBQ | Chess | Row 448
✅ Saved → SBQ | Chess | Row 449
✅ Saved → SBQ | Chess | Row 450
✅ Saved → SBQ | Chess | Row 451
✅ Saved → SBQ | Chess | Row 452
✅ Saved → SBQ | Chess | Row 453
✅ Saved → SBQ | Chess | Row 454
✅ Saved → SBQ | Chess | Row 455
✅ Saved → SBQ | Chess | Row 456
✅ Saved → SBQ | Chess | Row 457
✅ Saved → SBQ | Chess | Row 458
✅ Saved → SBQ | Chess | Row 459
✅ Saved → SBQ | Chess | Row 460
✅ Saved → SBQ | Chess | Row 461
✅ Saved → SBQ | Chess | Row 462
✅ Saved → SBQ | Chess | Row 463
✅ Saved → SBQ | Chess | Row 464
✅ Saved → SBQ | Chess | Row 465
✅ Saved → SBQ | Chess | Row 466
✅ Saved → SBQ | Chess | Row 467
✅ Saved → SBQ | Chess | Row 468
✅ Saved → SBQ | Chess | Row 469
✅ Saved → SBQ | Chess | Row 470
✅ Saved → SBQ | Chess | Row 471
✅ Saved → SBQ | Chess | Row 472
✅ Saved → SBQ | Chess | Row 473
✅ Saved → SBQ | Chess | Row 474
✅ Saved → SBQ | Chess | Row 475
✅ Saved → SBQ | Chess | Row 476
✅ Saved → SBQ | Chess | Row 477
✅ Saved → SBQ | Chess | Row 478
✅ Saved → SBQ | Chess | Row 479
✅ Saved → SBQ | Chess | Row 480
✅ Saved → SBQ | Chess | Row 481
✅ Saved → SBQ | Chess | Row 482
✅ Saved → SBQ | Chess | Row 483
✅ Saved → SBQ | Chess | Row 484
✅ Saved → SBQ | Chess | Row 485
✅ Saved → SBQ | Chess | Row 486
✅ Saved → SBQ | Chess | Row 487
✅ Saved → SBQ | Chess | Row 488
✅ Saved → SBQ | Chess | Row 489
✅ Saved → SBQ | Chess | Row 490
✅ Saved → SBQ | Chess | Row 491
✅ Saved → SBQ | Chess | Row 492
✅ Saved → SBQ | Chess | Row 493
✅ Saved → SBQ | Chess | Row 494
✅ Saved → SBQ | Chess | Row 495
✅ Saved → SBQ | Chess | Row 496
✅ Saved → SBQ | Chess | Row 497
✅ Saved → SBQ | Chess | Row 498
✅ Saved → SBQ | Chess | Row 500
✅ Saved → SBQ | Chess | Row 501
✅ Saved → SBQ | Chess | Row 502
✅ Saved → SBQ | Chess | Row 503
✅ Saved → SBQ | Chess | Row 504
✅ Saved → SBQ | Chess | Row 505
✅ Saved → SBQ | Chess | Row 506
✅ Saved → SBQ | Chess | Row 507
✅ Saved → SBQ | Chess | Row 508
✅ Saved → SBQ | Chess | Row 509
Kho kho
✅ Saved → SBQ | Kho kho | Row 0
✅ Saved → SBQ | Kho kho | Row 1
✅ Saved → SBQ | Kho kho | Row 2
✅ Saved → SBQ | Kho kho | Row 3
✅ Saved → SBQ | Kho kho | Row 4
✅ Saved → SBQ | Kho kho | Row 5
✅ Saved → SBQ | Kho kho | Row 6
✅ Saved → SBQ | Kho kho | Row 7
✅ Saved → SBQ | Kho kho | Row 8
✅ Saved → SBQ | Kho kho | Row 9
✅ Saved → SBQ | Kho kho | Row 10
✅ Saved → SBQ | Kho kho | Row 11
✅ Saved → SBQ | Kho kho | Row 12
✅ Saved → SBQ | Kho kho | Row 13
✅ Saved → SBQ | Kho kho | Row 14
✅ Saved → SBQ | Kho kho | Row 15
✅ Saved → SBQ | Kho kho | Row 16
✅ Saved → SBQ | Kho kho | Row 17
✅ Saved → SBQ | Kho kho | Row 18
✅ Saved → SBQ | Kho kho | Row 19
✅ Saved → SBQ | Kho kho | Row 20
✅ Saved → SBQ | Kho kho | Row 21
✅ Saved → SBQ | Kho kho | Row 22
✅ Saved → SBQ | Kho kho | Row 23
✅ Saved → SBQ | Kho kho | Row 24
✅ Saved → SBQ | Kho kho | Row 25
✅ Saved → SBQ | Kho kho | Row 26
✅ Saved → SBQ | Kho kho | Row 27
✅ Saved → SBQ | Kho kho | Row 28
✅ Saved → SBQ | Kho kho | Row 29
✅ Saved → SBQ | Kho kho | Row 30
✅ Saved → SBQ | Kho kho | Row 31
✅ Saved → SBQ | Kho kho | Row 32
✅ Saved → SBQ | Kho kho | Row 33
✅ Saved → SBQ | Kho kho | Row 34
✅ Saved → SBQ | Kho kho | Row 35
✅ Saved → SBQ | Kho kho | Row 36
✅ Saved → SBQ | Kho kho | Row 37
✅ Saved → SBQ | Kho kho | Row 38
✅ Saved → SBQ | Kho kho | Row 39
✅ Saved → SBQ | Kho kho | Row 40
✅ Saved → SBQ | Kho kho | Row 41
✅ Saved → SBQ | Kho kho | Row 42
✅ Saved → SBQ | Kho kho | Row 43
✅ Saved → SBQ | Kho kho | Row 44
✅ Saved → SBQ | Kho kho | Row 45
✅ Saved → SBQ | Kho kho | Row 46
✅ Saved → SBQ | Kho kho | Row 47
✅ Saved → SBQ | Kho kho | Row 48
✅ Saved → SBQ | Kho kho | Row 49
✅ Saved → SBQ | Kho kho | Row 50
✅ Saved → SBQ | Kho kho | Row 51
✅ Saved → SBQ | Kho kho | Row 52
✅ Saved → SBQ | Kho kho | Row 53
✅ Saved → SBQ | Kho kho | Row 54
✅ Saved → SBQ | Kho kho | Row 55
✅ Saved → SBQ | Kho kho | Row 56
✅ Saved → SBQ | Kho kho | Row 57
✅ Saved → SBQ | Kho kho | Row 58
✅ Saved → SBQ | Kho kho | Row 59
✅ Saved → SBQ | Kho kho | Row 60
✅ Saved → SBQ | Kho kho | Row 61
✅ Saved → SBQ | Kho kho | Row 62
✅ Saved → SBQ | Kho kho | Row 63
✅ Saved → SBQ | Kho kho | Row 64
✅ Saved → SBQ | Kho kho | Row 65
✅ Saved → SBQ | Kho kho | Row 66
✅ Saved → SBQ | Kho kho | Row 67
✅ Saved → SBQ | Kho kho | Row 68
✅ Saved → SBQ | Kho kho | Row 69
✅ Saved → SBQ | Kho kho | Row 70
✅ Saved → SBQ | Kho kho | Row 71
✅ Saved → SBQ | Kho kho | Row 72
✅ Saved → SBQ | Kho kho | Row 73
✅ Saved → SBQ | Kho kho | Row 74
✅ Saved → SBQ | Kho kho | Row 75
✅ Saved → SBQ | Kho kho | Row 76
✅ Saved → SBQ | Kho kho | Row 77
✅ Saved → SBQ | Kho kho | Row 78
✅ Saved → SBQ | Kho kho | Row 79
✅ Saved → SBQ | Kho kho | Row 80
✅ Saved → SBQ | Kho kho | Row 81
✅ Saved → SBQ | Kho kho | Row 82
✅ Saved → SBQ | Kho kho | Row 83
✅ Saved → SBQ | Kho kho | Row 84
✅ Saved → SBQ | Kho kho | Row 85
✅ Saved → SBQ | Kho kho | Row 86
✅ Saved → SBQ | Kho kho | Row 87
✅ Saved → SBQ | Kho kho | Row 88
✅ Saved → SBQ | Kho kho | Row 89
✅ Saved → SBQ | Kho kho | Row 90
✅ Saved → SBQ | Kho kho | Row 91
✅ Saved → SBQ | Kho kho | Row 92
✅ Saved → SBQ | Kho kho | Row 93
✅ Saved → SBQ | Kho kho | Row 94
✅ Saved → SBQ | Kho kho | Row 95
✅ Saved → SBQ | Kho kho | Row 96
✅ Saved → SBQ | Kho kho | Row 97
✅ Saved → SBQ | Kho kho | Row 98
✅ Saved → SBQ | Kho kho | Row 99
✅ Saved → SBQ | Kho kho | Row 100
✅ Saved → SBQ | Kho kho | Row 101
✅ Saved → SBQ | Kho kho | Row 102
✅ Saved → SBQ | Kho kho | Row 103
✅ Saved → SBQ | Kho kho | Row 104
✅ Saved → SBQ | Kho kho | Row 105
✅ Saved → SBQ | Kho kho | Row 106
✅ Saved → SBQ | Kho kho | Row 107
✅ Saved → SBQ | Kho kho | Row 108
✅ Saved → SBQ | Kho kho | Row 109
✅ Saved → SBQ | Kho kho | Row 110
✅ Saved → SBQ | Kho kho | Row 111
✅ Saved → SBQ | Kho kho | Row 112
✅ Saved → SBQ | Kho kho | Row 113
✅ Saved → SBQ | Kho kho | Row 114
✅ Saved → SBQ | Kho kho | Row 115
✅ Saved → SBQ | Kho kho | Row 116
✅ Saved → SBQ | Kho kho | Row 117
✅ Saved → SBQ | Kho kho | Row 118
✅ Saved → SBQ | Kho kho | Row 119
✅ Saved → SBQ | Kho kho | Row 120
✅ Saved → SBQ | Kho kho | Row 121
✅ Saved → SBQ | Kho kho | Row 122
✅ Saved → SBQ | Kho kho | Row 123
✅ Saved → SBQ | Kho kho | Row 124
✅ Saved → SBQ | Kho kho | Row 125
✅ Saved → SBQ | Kho kho | Row 126
✅ Saved → SBQ | Kho kho | Row 127
✅ Saved → SBQ | Kho kho | Row 128
✅ Saved → SBQ | Kho kho | Row 129
✅ Saved → SBQ | Kho kho | Row 130
✅ Saved → SBQ | Kho kho | Row 131
✅ Saved → SBQ | Kho kho | Row 132
✅ Saved → SBQ | Kho kho | Row 133
✅ Saved → SBQ | Kho kho | Row 134
✅ Saved → SBQ | Kho kho | Row 135
✅ Saved → SBQ | Kho kho | Row 136
✅ Saved → SBQ | Kho kho | Row 137
✅ Saved → SBQ | Kho kho | Row 138
✅ Saved → SBQ | Kho kho | Row 139
✅ Saved → SBQ | Kho kho | Row 140
✅ Saved → SBQ | Kho kho | Row 141
✅ Saved → SBQ | Kho kho | Row 142
✅ Saved → SBQ | Kho kho | Row 143
✅ Saved → SBQ | Kho kho | Row 144
✅ Saved → SBQ | Kho kho | Row 145
✅ Saved → SBQ | Kho kho | Row 146
✅ Saved → SBQ | Kho kho | Row 147
✅ Saved → SBQ | Kho kho | Row 148
✅ Saved → SBQ | Kho kho | Row 149
✅ Saved → SBQ | Kho kho | Row 150
✅ Saved → SBQ | Kho kho | Row 151
✅ Saved → SBQ | Kho kho | Row 152
✅ Saved → SBQ | Kho kho | Row 153
✅ Saved → SBQ | Kho kho | Row 154
✅ Saved → SBQ | Kho kho | Row 155
✅ Saved → SBQ | Kho kho | Row 156
✅ Saved → SBQ | Kho kho | Row 157
✅ Saved → SBQ | Kho kho | Row 158
✅ Saved → SBQ | Kho kho | Row 159
✅ Saved → SBQ | Kho kho | Row 160
✅ Saved → SBQ | Kho kho | Row 161
✅ Saved → SBQ | Kho kho | Row 162
✅ Saved → SBQ | Kho kho | Row 163
✅ Saved → SBQ | Kho kho | Row 164
✅ Saved → SBQ | Kho kho | Row 165
✅ Saved → SBQ | Kho kho | Row 166
✅ Saved → SBQ | Kho kho | Row 167
✅ Saved → SBQ | Kho kho | Row 168
✅ Saved → SBQ | Kho kho | Row 169
✅ Saved → SBQ | Kho kho | Row 170
✅ Saved → SBQ | Kho kho | Row 171
✅ Saved → SBQ | Kho kho | Row 172
✅ Saved → SBQ | Kho kho | Row 173
✅ Saved → SBQ | Kho kho | Row 174
✅ Saved → SBQ | Kho kho | Row 175
✅ Saved → SBQ | Kho kho | Row 176
✅ Saved → SBQ | Kho kho | Row 177
✅ Saved → SBQ | Kho kho | Row 178
✅ Saved → SBQ | Kho kho | Row 179
✅ Saved → SBQ | Kho kho | Row 180
✅ Saved → SBQ | Kho kho | Row 181
✅ Saved → SBQ | Kho kho | Row 182
✅ Saved → SBQ | Kho kho | Row 183
✅ Saved → SBQ | Kho kho | Row 184
✅ Saved → SBQ | Kho kho | Row 185
✅ Saved → SBQ | Kho kho | Row 186
✅ Saved → SBQ | Kho kho | Row 187
✅ Saved → SBQ | Kho kho | Row 188
✅ Saved → SBQ | Kho kho | Row 189
✅ Saved → SBQ | Kho kho | Row 190
✅ Saved → SBQ | Kho kho | Row 191
✅ Saved → SBQ | Kho kho | Row 192
✅ Saved → SBQ | Kho kho | Row 193
✅ Saved → SBQ | Kho kho | Row 194
✅ Saved → SBQ | Kho kho | Row 195
✅ Saved → SBQ | Kho kho | Row 196
✅ Saved → SBQ | Kho kho | Row 197
✅ Saved → SBQ | Kho kho | Row 199
✅ Saved → SBQ | Kho kho | Row 200
✅ Saved → SBQ | Kho kho | Row 201
✅ Saved → SBQ | Kho kho | Row 202
✅ Saved → SBQ | Kho kho | Row 203
✅ Saved → SBQ | Kho kho | Row 204
✅ Saved → SBQ | Kho kho | Row 205
✅ Saved → SBQ | Kho kho | Row 206
✅ Saved → SBQ | Kho kho | Row 298
✅ Saved → SBQ | Kho kho | Row 299
✅ Saved → SBQ | Kho kho | Row 300
✅ Saved → SBQ | Kho kho | Row 301
✅ Saved → SBQ | Kho kho | Row 302
✅ Saved → SBQ | Kho kho | Row 303
✅ Saved → SBQ | Kho kho | Row 304
✅ Saved → SBQ | Kho kho | Row 305
✅ Saved → SBQ | Kho kho | Row 306
✅ Saved → SBQ | Kho kho | Row 307
✅ Saved → SBQ | Kho kho | Row 308
✅ Saved → SBQ | Kho kho | Row 309
✅ Saved → SBQ | Kho kho | Row 310
✅ Saved → SBQ | Kho kho | Row 311
✅ Saved → SBQ | Kho kho | Row 312
✅ Saved → SBQ | Kho kho | Row 314
✅ Saved → SBQ | Kho kho | Row 315
✅ Saved → SBQ | Kho kho | Row 316
✅ Saved → SBQ | Kho kho | Row 318
✅ Saved → SBQ | Kho kho | Row 319
✅ Saved → SBQ | Kho kho | Row 320
✅ Saved → SBQ | Kho kho | Row 322
✅ Saved → SBQ | Kho kho | Row 324
✅ Saved → SBQ | Kho kho | Row 325
✅ Saved → SBQ | Kho kho | Row 326
✅ Saved → SBQ | Kho kho | Row 327
✅ Saved → SBQ | Kho kho | Row 328
✅ Saved → SBQ | Kho kho | Row 329
✅ Saved → SBQ | Kho kho | Row 330
✅ Saved → SBQ | Kho kho | Row 331
✅ Saved → SBQ | Kho kho | Row 332
✅ Saved → SBQ | Kho kho | Row 333
✅ Saved → SBQ | Kho kho | Row 334
✅ Saved → SBQ | Kho kho | Row 335
✅ Saved → SBQ | Kho kho | Row 336
✅ Saved → SBQ | Kho kho | Row 337
✅ Saved → SBQ | Kho kho | Row 338
✅ Saved → SBQ | Kho kho | Row 339
✅ Saved → SBQ | Kho kho | Row 340
✅ Saved → SBQ | Kho kho | Row 341
✅ Saved → SBQ | Kho kho | Row 342
✅ Saved → SBQ | Kho kho | Row 343
✅ Saved → SBQ | Kho kho | Row 344
✅ Saved → SBQ | Kho kho | Row 345
✅ Saved → SBQ | Kho kho | Row 346
✅ Saved → SBQ | Kho kho | Row 347
✅ Saved → SBQ | Kho kho | Row 348
✅ Saved → SBQ | Kho kho | Row 349
✅ Saved → SBQ | Kho kho | Row 350
✅ Saved → SBQ | Kho kho | Row 351
✅ Saved → SBQ | Kho kho | Row 352
Musti Yuddha
✅ Saved → SBQ | Musti Yuddha | Row 0
✅ Saved → SBQ | Musti Yuddha | Row 1
✅ Saved → SBQ | Musti Yuddha | Row 2
✅ Saved → SBQ | Musti Yuddha | Row 3
✅ Saved → SBQ | Musti Yuddha | Row 4
✅ Saved → SBQ | Musti Yuddha | Row 5
✅ Saved → SBQ | Musti Yuddha | Row 6
✅ Saved → SBQ | Musti Yuddha | Row 7
✅ Saved → SBQ | Musti Yuddha | Row 8
✅ Saved → SBQ | Musti Yuddha | Row 9
✅ Saved → SBQ | Musti Yuddha | Row 10
✅ Saved → SBQ | Musti Yuddha | Row 11
✅ Saved → SBQ | Musti Yuddha | Row 12
✅ Saved → SBQ | Musti Yuddha | Row 13
✅ Saved → SBQ | Musti Yuddha | Row 14
✅ Saved → SBQ | Musti Yuddha | Row 15
✅ Saved → SBQ | Musti Yuddha | Row 16
✅ Saved → SBQ | Musti Yuddha | Row 17
✅ Saved → SBQ | Musti Yuddha | Row 18
✅ Saved → SBQ | Musti Yuddha | Row 19
✅ Saved → SBQ | Musti Yuddha | Row 20
✅ Saved → SBQ | Musti Yuddha | Row 21
✅ Saved → SBQ | Musti Yuddha | Row 22
✅ Saved → SBQ | Musti Yuddha | Row 23
✅ Saved → SBQ | Musti Yuddha | Row 24
✅ Saved → SBQ | Musti Yuddha | Row 25
✅ Saved → SBQ | Musti Yuddha | Row 26
✅ Saved → SBQ | Musti Yuddha | Row 27
✅ Saved → SBQ | Musti Yuddha | Row 28
✅ Saved → SBQ | Musti Yuddha | Row 29
✅ Saved → SBQ | Musti Yuddha | Row 30
✅ Saved → SBQ | Musti Yuddha | Row 31
✅ Saved → SBQ | Musti Yuddha | Row 32
✅ Saved → SBQ | Musti Yuddha | Row 33
✅ Saved → SBQ | Musti Yuddha | Row 34
✅ Saved → SBQ | Musti Yuddha | Row 35
✅ Saved → SBQ | Musti Yuddha | Row 36
✅ Saved → SBQ | Musti Yuddha | Row 37
✅ Saved → SBQ | Musti Yuddha | Row 38
✅ Saved → SBQ | Musti Yuddha | Row 39
✅ Saved → SBQ | Musti Yuddha | Row 40
✅ Saved → SBQ | Musti Yuddha | Row 41
✅ Saved → SBQ | Musti Yuddha | Row 42
✅ Saved → SBQ | Musti Yuddha | Row 43
✅ Saved → SBQ | Musti Yuddha | Row 44
✅ Saved → SBQ | Musti Yuddha | Row 45
✅ Saved → SBQ | Musti Yuddha | Row 46
✅ Saved → SBQ | Musti Yuddha | Row 47
✅ Saved → SBQ | Musti Yuddha | Row 48
✅ Saved → SBQ | Musti Yuddha | Row 49
✅ Saved → SBQ | Musti Yuddha | Row 50
✅ Saved → SBQ | Musti Yuddha | Row 51
✅ Saved → SBQ | Musti Yuddha | Row 52
✅ Saved → SBQ | Musti Yuddha | Row 53
✅ Saved → SBQ | Musti Yuddha | Row 54
✅ Saved → SBQ | Musti Yuddha | Row 55
✅ Saved → SBQ | Musti Yuddha | Row 56
✅ Saved → SBQ | Musti Yuddha | Row 57
✅ Saved → SBQ | Musti Yuddha | Row 58
✅ Saved → SBQ | Musti Yuddha | Row 59
✅ Saved → SBQ | Musti Yuddha | Row 60
✅ Saved → SBQ | Musti Yuddha | Row 61
✅ Saved → SBQ | Musti Yuddha | Row 62
✅ Saved → SBQ | Musti Yuddha | Row 63
✅ Saved → SBQ | Musti Yuddha | Row 64
✅ Saved → SBQ | Musti Yuddha | Row 65
✅ Saved → SBQ | Musti Yuddha | Row 66
✅ Saved → SBQ | Musti Yuddha | Row 67
✅ Saved → SBQ | Musti Yuddha | Row 68
✅ Saved → SBQ | Musti Yuddha | Row 69
✅ Saved → SBQ | Musti Yuddha | Row 70
✅ Saved → SBQ | Musti Yuddha | Row 71
✅ Saved → SBQ | Musti Yuddha | Row 72
✅ Saved → SBQ | Musti Yuddha | Row 73
✅ Saved → SBQ | Musti Yuddha | Row 74
✅ Saved → SBQ | Musti Yuddha | Row 75
✅ Saved → SBQ | Musti Yuddha | Row 76
✅ Saved → SBQ | Musti Yuddha | Row 77
✅ Saved → SBQ | Musti Yuddha | Row 78
✅ Saved → SBQ | Musti Yuddha | Row 79
✅ Saved → SBQ | Musti Yuddha | Row 80
✅ Saved → SBQ | Musti Yuddha | Row 81
✅ Saved → SBQ | Musti Yuddha | Row 82
✅ Saved → SBQ | Musti Yuddha | Row 83
✅ Saved → SBQ | Musti Yuddha | Row 84
✅ Saved → SBQ | Musti Yuddha | Row 85
✅ Saved → SBQ | Musti Yuddha | Row 86
✅ Saved → SBQ | Musti Yuddha | Row 87
✅ Saved → SBQ | Musti Yuddha | Row 88
✅ Saved → SBQ | Musti Yuddha | Row 89
✅ Saved → SBQ | Musti Yuddha | Row 90
✅ Saved → SBQ | Musti Yuddha | Row 91
✅ Saved → SBQ | Musti Yuddha | Row 92
✅ Saved → SBQ | Musti Yuddha | Row 93
✅ Saved → SBQ | Musti Yuddha | Row 94
✅ Saved → SBQ | Musti Yuddha | Row 95
✅ Saved → SBQ | Musti Yuddha | Row 96
✅ Saved → SBQ | Musti Yuddha | Row 97
✅ Saved → SBQ | Musti Yuddha | Row 98
✅ Saved → SBQ | Musti Yuddha | Row 99
✅ Saved → SBQ | Musti Yuddha | Row 100
✅ Saved → SBQ | Musti Yuddha | Row 101
✅ Saved → SBQ | Musti Yuddha | Row 102
✅ Saved → SBQ | Musti Yuddha | Row 103
✅ Saved → SBQ | Musti Yuddha | Row 104
✅ Saved → SBQ | Musti Yuddha | Row 105
✅ Saved → SBQ | Musti Yuddha | Row 106
✅ Saved → SBQ | Musti Yuddha | Row 107
✅ Saved → SBQ | Musti Yuddha | Row 108
✅ Saved → SBQ | Musti Yuddha | Row 109
✅ Saved → SBQ | Musti Yuddha | Row 110
✅ Saved → SBQ | Musti Yuddha | Row 111
✅ Saved → SBQ | Musti Yuddha | Row 112
✅ Saved → SBQ | Musti Yuddha | Row 113
✅ Saved → SBQ | Musti Yuddha | Row 114
✅ Saved → SBQ | Musti Yuddha | Row 115
✅ Saved → SBQ | Musti Yuddha | Row 116
✅ Saved → SBQ | Musti Yuddha | Row 117
✅ Saved → SBQ | Musti Yuddha | Row 118
✅ Saved → SBQ | Musti Yuddha | Row 119
✅ Saved → SBQ | Musti Yuddha | Row 120
✅ Saved → SBQ | Musti Yuddha | Row 121
✅ Saved → SBQ | Musti Yuddha | Row 122
✅ Saved → SBQ | Musti Yuddha | Row 124
✅ Saved → SBQ | Musti Yuddha | Row 125
✅ Saved → SBQ | Musti Yuddha | Row 126
✅ Saved → SBQ | Musti Yuddha | Row 127
✅ Saved → SBQ | Musti Yuddha | Row 128
✅ Saved → SBQ | Musti Yuddha | Row 130
✅ Saved → SBQ | Musti Yuddha | Row 131
✅ Saved → SBQ | Musti Yuddha | Row 132
✅ Saved → SBQ | Musti Yuddha | Row 134
✅ Saved → SBQ | Musti Yuddha | Row 135
✅ Saved → SBQ | Musti Yuddha | Row 143
✅ Saved → SBQ | Musti Yuddha | Row 144
✅ Saved → SBQ | Musti Yuddha | Row 145
✅ Saved → SBQ | Musti Yuddha | Row 146
✅ Saved → SBQ | Musti Yuddha | Row 147
✅ Saved → SBQ | Musti Yuddha | Row 148
✅ Saved → SBQ | Musti Yuddha | Row 149
✅ Saved → SBQ | Musti Yuddha | Row 150
✅ Saved → SBQ | Musti Yuddha | Row 151
✅ Saved → SBQ | Musti Yuddha | Row 152
✅ Saved → SBQ | Musti Yuddha | Row 153
✅ Saved → SBQ | Musti Yuddha | Row 155
✅ Saved → SBQ | Musti Yuddha | Row 156
✅ Saved → SBQ | Musti Yuddha | Row 157
✅ Saved → SBQ | Musti Yuddha | Row 158
✅ Saved → SBQ | Musti Yuddha | Row 159
✅ Saved → SBQ | Musti Yuddha | Row 160
✅ Saved → SBQ | Musti Yuddha | Row 161
✅ Saved → SBQ | Musti Yuddha | Row 162
✅ Saved → SBQ | Musti Yuddha | Row 163
✅ Saved → SBQ | Musti Yuddha | Row 164
✅ Saved → SBQ | Musti Yuddha | Row 165
✅ Saved → SBQ | Musti Yuddha | Row 166
✅ Saved → SBQ | Musti Yuddha | Row 167
✅ Saved → SBQ | Musti Yuddha | Row 168
✅ Saved → SBQ | Musti Yuddha | Row 169
✅ Saved → SBQ | Musti Yuddha | Row 170
✅ Saved → SBQ | Musti Yuddha | Row 171
✅ Saved → SBQ | Musti Yuddha | Row 172
✅ Saved → SBQ | Musti Yuddha | Row 173
✅ Saved → SBQ | Musti Yuddha | Row 174
✅ Saved → SBQ | Musti Yuddha | Row 175
✅ Saved → SBQ | Musti Yuddha | Row 176
✅ Saved → SBQ | Musti Yuddha | Row 177
✅ Saved → SBQ | Musti Yuddha | Row 179
✅ Saved → SBQ | Musti Yuddha | Row 182
✅ Saved → SBQ | Musti Yuddha | Row 185
✅ Saved → SBQ | Musti Yuddha | Row 188
✅ Saved → SBQ | Musti Yuddha | Row 193
✅ Saved → SBQ | Musti Yuddha | Row 204
✅ Saved → SBQ | Musti Yuddha | Row 205
✅ Saved → SBQ | Musti Yuddha | Row 206
✅ Saved → SBQ | Musti Yuddha | Row 207
✅ Saved → SBQ | Musti Yuddha | Row 208
✅ Saved → SBQ | Musti Yuddha | Row 209
✅ Saved → SBQ | Musti Yuddha | Row 210
✅ Saved → SBQ | Musti Yuddha | Row 211
✅ Saved → SBQ | Musti Yuddha | Row 212
✅ Saved → SBQ | Musti Yuddha | Row 213
✅ Saved → SBQ | Musti Yuddha | Row 214
✅ Saved → SBQ | Musti Yuddha | Row 215
✅ Saved → SBQ | Musti Yuddha | Row 216
✅ Saved → SBQ | Musti Yuddha | Row 217
✅ Saved → SBQ | Musti Yuddha | Row 218
✅ Saved → SBQ | Musti Yuddha | Row 219
✅ Saved → SBQ | Musti Yuddha | Row 220
✅ Saved → SBQ | Musti Yuddha | Row 221
✅ Saved → SBQ | Musti Yuddha | Row 222
✅ Saved → SBQ | Musti Yuddha | Row 223
✅ Saved → SBQ | Musti Yuddha | Row 224
✅ Saved → SBQ | Musti Yuddha | Row 225
✅ Saved → SBQ | Musti Yuddha | Row 226
✅ Saved → SBQ | Musti Yuddha | Row 227
✅ Saved → SBQ | Musti Yuddha | Row 228
✅ Saved → SBQ | Musti Yuddha | Row 229
✅ Saved → SBQ | Musti Yuddha | Row 230
✅ Saved → SBQ | Musti Yuddha | Row 231
✅ Saved → SBQ | Musti Yuddha | Row 232
✅ Saved → SBQ | Musti Yuddha | Row 233
✅ Saved → SBQ | Musti Yuddha | Row 234
✅ Saved → SBQ | Musti Yuddha | Row 235
✅ Saved → SBQ | Musti Yuddha | Row 236
✅ Saved → SBQ | Musti Yuddha | Row 238
✅ Saved → SBQ | Musti Yuddha | Row 239
✅ Saved → SBQ | Musti Yuddha | Row 242
✅ Saved → SBQ | Musti Yuddha | Row 243
✅ Saved → SBQ | Musti Yuddha | Row 244
✅ Saved → SBQ | Musti Yuddha | Row 246
✅ Saved → SBQ | Musti Yuddha | Row 247
✅ Saved → SBQ | Musti Yuddha | Row 249
✅ Saved → SBQ | Musti Yuddha | Row 250
✅ Saved → SBQ | Musti Yuddha | Row 251
✅ Saved → SBQ | Musti Yuddha | Row 252
✅ Saved → SBQ | Musti Yuddha | Row 253
✅ Saved → SBQ | Musti Yuddha | Row 254
✅ Saved → SBQ | Musti Yuddha | Row 255
✅ Saved → SBQ | Musti Yuddha | Row 256
✅ Saved → SBQ | Musti Yuddha | Row 257
✅ Saved → SBQ | Musti Yuddha | Row 258
✅ Saved → SBQ | Musti Yuddha | Row 259
✅ Saved → SBQ | Musti Yuddha | Row 262
✅ Saved → SBQ | Musti Yuddha | Row 263
✅ Saved → SBQ | Musti Yuddha | Row 264
✅ Saved → SBQ | Musti Yuddha | Row 265
✅ Saved → SBQ | Musti Yuddha | Row 266
✅ Saved → SBQ | Musti Yuddha | Row 267
✅ Saved → SBQ | Musti Yuddha | Row 268
✅ Saved → SBQ | Musti Yuddha | Row 269
✅ Saved → SBQ | Musti Yuddha | Row 270
✅ Saved → SBQ | Musti Yuddha | Row 271
✅ Saved → SBQ | Musti Yuddha | Row 272
✅ Saved → SBQ | Musti Yuddha | Row 273
✅ Saved → SBQ | Musti Yuddha | Row 274
✅ Saved → SBQ | Musti Yuddha | Row 275
✅ Saved → SBQ | Musti Yuddha | Row 276
✅ Saved → SBQ | Musti Yuddha | Row 277
✅ Saved → SBQ | Musti Yuddha | Row 278
✅ Saved → SBQ | Musti Yuddha | Row 279
✅ Saved → SBQ | Musti Yuddha | Row 280
✅ Saved → SBQ | Musti Yuddha | Row 281
✅ Saved → SBQ | Musti Yuddha | Row 282
✅ Saved → SBQ | Musti Yuddha | Row 283
✅ Saved → SBQ | Musti Yuddha | Row 284
✅ Saved → SBQ | Musti Yuddha | Row 285
✅ Saved → SBQ | Musti Yuddha | Row 286
✅ Saved → SBQ | Musti Yuddha | Row 287
✅ Saved → SBQ | Musti Yuddha | Row 288
✅ Saved → SBQ | Musti Yuddha | Row 289
✅ Saved → SBQ | Musti Yuddha | Row 290
✅ Saved → SBQ | Musti Yuddha | Row 291
✅ Saved → SBQ | Musti Yuddha | Row 292
✅ Saved → SBQ | Musti Yuddha | Row 293
✅ Saved → SBQ | Musti Yuddha | Row 294
✅ Saved → SBQ | Musti Yuddha | Row 295
✅ Saved → SBQ | Musti Yuddha | Row 296
✅ Saved → SBQ | Musti Yuddha | Row 297
✅ Saved → SBQ | Musti Yuddha | Row 298
✅ Saved → SBQ | Musti Yuddha | Row 299
✅ Saved → SBQ | Musti Yuddha | Row 300
✅ Saved → SBQ | Musti Yuddha | Row 301
✅ Saved → SBQ | Musti Yuddha | Row 302
✅ Saved → SBQ | Musti Yuddha | Row 303
✅ Saved → SBQ | Musti Yuddha | Row 304
✅ Saved → SBQ | Musti Yuddha | Row 305
✅ Saved → SBQ | Musti Yuddha | Row 306
✅ Saved → SBQ | Musti Yuddha | Row 307
✅ Saved → SBQ | Musti Yuddha | Row 308
✅ Saved → SBQ | Musti Yuddha | Row 309
✅ Saved → SBQ | Musti Yuddha | Row 310
✅ Saved → SBQ | Musti Yuddha | Row 311
✅ Saved → SBQ | Musti Yuddha | Row 312
✅ Saved → SBQ | Musti Yuddha | Row 313
✅ Saved → SBQ | Musti Yuddha | Row 314
✅ Saved → SBQ | Musti Yuddha | Row 315
✅ Saved → SBQ | Musti Yuddha | Row 316
✅ Saved → SBQ | Musti Yuddha | Row 317
✅ Saved → SBQ | Musti Yuddha | Row 318
✅ Saved → SBQ | Musti Yuddha | Row 319
✅ Saved → SBQ | Musti Yuddha | Row 320
✅ Saved → SBQ | Musti Yuddha | Row 321
✅ Saved → SBQ | Musti Yuddha | Row 322
✅ Saved → SBQ | Musti Yuddha | Row 323
✅ Saved → SBQ | Musti Yuddha | Row 324
✅ Saved → SBQ | Musti Yuddha | Row 325
✅ Saved → SBQ | Musti Yuddha | Row 326
✅ Saved → SBQ | Musti Yuddha | Row 327
✅ Saved → SBQ | Musti Yuddha | Row 328
✅ Saved → SBQ | Musti Yuddha | Row 329
✅ Saved → SBQ | Musti Yuddha | Row 330
✅ Saved → SBQ | Musti Yuddha | Row 331
✅ Saved → SBQ | Musti Yuddha | Row 332
✅ Saved → SBQ | Musti Yuddha | Row 333
✅ Saved → SBQ | Musti Yuddha | Row 334
✅ Saved → SBQ | Musti Yuddha | Row 335
✅ Saved → SBQ | Musti Yuddha | Row 336
✅ Saved → SBQ | Musti Yuddha | Row 337
✅ Saved → SBQ | Musti Yuddha | Row 338
✅ Saved → SBQ | Musti Yuddha | Row 339
✅ Saved → SBQ | Musti Yuddha | Row 340
✅ Saved → SBQ | Musti Yuddha | Row 341
✅ Saved → SBQ | Musti Yuddha | Row 342
✅ Saved → SBQ | Musti Yuddha | Row 343
✅ Saved → SBQ | Musti Yuddha | Row 344
✅ Saved → SBQ | Musti Yuddha | Row 345
✅ Saved → SBQ | Musti Yuddha | Row 346
✅ Saved → SBQ | Musti Yuddha | Row 347
✅ Saved → SBQ | Musti Yuddha | Row 348
✅ Saved → SBQ | Musti Yuddha | Row 349
✅ Saved → SBQ | Musti Yuddha | Row 350
✅ Saved → SBQ | Musti Yuddha | Row 351
✅ Saved → SBQ | Musti Yuddha | Row 352
✅ Saved → SBQ | Musti Yuddha | Row 353
✅ Saved → SBQ | Musti Yuddha | Row 354
✅ Saved → SBQ | Musti Yuddha | Row 355
✅ Saved → SBQ | Musti Yuddha | Row 356
✅ Saved → SBQ | Musti Yuddha | Row 357
✅ Saved → SBQ | Musti Yuddha | Row 358
✅ Saved → SBQ | Musti Yuddha | Row 359
✅ Saved → SBQ | Musti Yuddha | Row 360
✅ Saved → SBQ | Musti Yuddha | Row 361
✅ Saved → SBQ | Musti Yuddha | Row 362
✅ Saved → SBQ | Musti Yuddha | Row 363
✅ Saved → SBQ | Musti Yuddha | Row 364
✅ Saved → SBQ | Musti Yuddha | Row 365
✅ Saved → SBQ | Musti Yuddha | Row 366
✅ Saved → SBQ | Musti Yuddha | Row 367
✅ Saved → SBQ | Musti Yuddha | Row 368
✅ Saved → SBQ | Musti Yuddha | Row 369
✅ Saved → SBQ | Musti Yuddha | Row 370
✅ Saved → SBQ | Musti Yuddha | Row 371
✅ Saved → SBQ | Musti Yuddha | Row 372
✅ Saved → SBQ | Musti Yuddha | Row 373
✅ Saved → SBQ | Musti Yuddha | Row 374
✅ Saved → SBQ | Musti Yuddha | Row 375
✅ Saved → SBQ | Musti Yuddha | Row 376
✅ Saved → SBQ | Musti Yuddha | Row 377
✅ Saved → SBQ | Musti Yuddha | Row 378
✅ Saved → SBQ | Musti Yuddha | Row 379
✅ Saved → SBQ | Musti Yuddha | Row 380
✅ Saved → SBQ | Musti Yuddha | Row 381
✅ Saved → SBQ | Musti Yuddha | Row 382
✅ Saved → SBQ | Musti Yuddha | Row 383
✅ Saved → SBQ | Musti Yuddha | Row 384
✅ Saved → SBQ | Musti Yuddha | Row 385
✅ Saved → SBQ | Musti Yuddha | Row 386
✅ Saved → SBQ | Musti Yuddha | Row 387
✅ Saved → SBQ | Musti Yuddha | Row 388
✅ Saved → SBQ | Musti Yuddha | Row 389
✅ Saved → SBQ | Musti Yuddha | Row 390
✅ Saved → SBQ | Musti Yuddha | Row 391
✅ Saved → SBQ | Musti Yuddha | Row 392
✅ Saved → SBQ | Musti Yuddha | Row 393
✅ Saved → SBQ | Musti Yuddha | Row 394
✅ Saved → SBQ | Musti Yuddha | Row 395
✅ Saved → SBQ | Musti Yuddha | Row 396
✅ Saved → SBQ | Musti Yuddha | Row 397
✅ Saved → SBQ | Musti Yuddha | Row 398
✅ Saved → SBQ | Musti Yuddha | Row 399
✅ Saved → SBQ | Musti Yuddha | Row 400
✅ Saved → SBQ | Musti Yuddha | Row 401
✅ Saved → SBQ | Musti Yuddha | Row 402
✅ Saved → SBQ | Musti Yuddha | Row 404
✅ Saved → SBQ | Musti Yuddha | Row 405
✅ Saved → SBQ | Musti Yuddha | Row 406
✅ Saved → SBQ | Musti Yuddha | Row 407
✅ Saved → SBQ | Musti Yuddha | Row 408
✅ Saved → SBQ | Musti Yuddha | Row 409
✅ Saved → SBQ | Musti Yuddha | Row 410
✅ Saved → SBQ | Musti Yuddha | Row 411
✅ Saved → SBQ | Musti Yuddha | Row 412
✅ Saved → SBQ | Musti Yuddha | Row 413
✅ Saved → SBQ | Musti Yuddha | Row 414
✅ Saved → SBQ | Musti Yuddha | Row 415
✅ Saved → SBQ | Musti Yuddha | Row 416
✅ Saved → SBQ | Musti Yuddha | Row 417
✅ Saved → SBQ | Musti Yuddha | Row 418
✅ Saved → SBQ | Musti Yuddha | Row 419
✅ Saved → SBQ | Musti Yuddha | Row 420
✅ Saved → SBQ | Musti Yuddha | Row 421
✅ Saved → SBQ | Musti Yuddha | Row 422
✅ Saved → SBQ | Musti Yuddha | Row 423
✅ Saved → SBQ | Musti Yuddha | Row 424
Lagori
✅ Saved → SBQ | Lagori | Row 0
✅ Saved → SBQ | Lagori | Row 1
✅ Saved → SBQ | Lagori | Row 2
✅ Saved → SBQ | Lagori | Row 3
✅ Saved → SBQ | Lagori | Row 4
✅ Saved → SBQ | Lagori | Row 5
✅ Saved → SBQ | Lagori | Row 6
✅ Saved → SBQ | Lagori | Row 7
✅ Saved → SBQ | Lagori | Row 8
✅ Saved → SBQ | Lagori | Row 9
✅ Saved → SBQ | Lagori | Row 10
✅ Saved → SBQ | Lagori | Row 11
✅ Saved → SBQ | Lagori | Row 12
✅ Saved → SBQ | Lagori | Row 13
✅ Saved → SBQ | Lagori | Row 14
✅ Saved → SBQ | Lagori | Row 15
✅ Saved → SBQ | Lagori | Row 16
✅ Saved → SBQ | Lagori | Row 17
✅ Saved → SBQ | Lagori | Row 18
✅ Saved → SBQ | Lagori | Row 19
✅ Saved → SBQ | Lagori | Row 20
✅ Saved → SBQ | Lagori | Row 21
✅ Saved → SBQ | Lagori | Row 22
✅ Saved → SBQ | Lagori | Row 23
✅ Saved → SBQ | Lagori | Row 24
✅ Saved → SBQ | Lagori | Row 25
✅ Saved → SBQ | Lagori | Row 26
✅ Saved → SBQ | Lagori | Row 27
✅ Saved → SBQ | Lagori | Row 28
✅ Saved → SBQ | Lagori | Row 29
✅ Saved → SBQ | Lagori | Row 30
✅ Saved → SBQ | Lagori | Row 31
✅ Saved → SBQ | Lagori | Row 32
✅ Saved → SBQ | Lagori | Row 33
✅ Saved → SBQ | Lagori | Row 34
✅ Saved → SBQ | Lagori | Row 35
✅ Saved → SBQ | Lagori | Row 36
✅ Saved → SBQ | Lagori | Row 37
✅ Saved → SBQ | Lagori | Row 38
✅ Saved → SBQ | Lagori | Row 39
✅ Saved → SBQ | Lagori | Row 40
✅ Saved → SBQ | Lagori | Row 41
✅ Saved → SBQ | Lagori | Row 42
✅ Saved → SBQ | Lagori | Row 43
✅ Saved → SBQ | Lagori | Row 44
✅ Saved → SBQ | Lagori | Row 45
✅ Saved → SBQ | Lagori | Row 46
✅ Saved → SBQ | Lagori | Row 47
✅ Saved → SBQ | Lagori | Row 48
✅ Saved → SBQ | Lagori | Row 49
✅ Saved → SBQ | Lagori | Row 50
✅ Saved → SBQ | Lagori | Row 51
✅ Saved → SBQ | Lagori | Row 52
✅ Saved → SBQ | Lagori | Row 53
✅ Saved → SBQ | Lagori | Row 54
✅ Saved → SBQ | Lagori | Row 55
✅ Saved → SBQ | Lagori | Row 56
✅ Saved → SBQ | Lagori | Row 57
✅ Saved → SBQ | Lagori | Row 58
✅ Saved → SBQ | Lagori | Row 59
✅ Saved → SBQ | Lagori | Row 60
✅ Saved → SBQ | Lagori | Row 61
✅ Saved → SBQ | Lagori | Row 62
✅ Saved → SBQ | Lagori | Row 63
✅ Saved → SBQ | Lagori | Row 64
✅ Saved → SBQ | Lagori | Row 65
✅ Saved → SBQ | Lagori | Row 66
✅ Saved → SBQ | Lagori | Row 67
✅ Saved → SBQ | Lagori | Row 68
✅ Saved → SBQ | Lagori | Row 69
✅ Saved → SBQ | Lagori | Row 70
✅ Saved → SBQ | Lagori | Row 71
✅ Saved → SBQ | Lagori | Row 72
✅ Saved → SBQ | Lagori | Row 73
✅ Saved → SBQ | Lagori | Row 74
✅ Saved → SBQ | Lagori | Row 75
✅ Saved → SBQ | Lagori | Row 76
✅ Saved → SBQ | Lagori | Row 77
✅ Saved → SBQ | Lagori | Row 78
✅ Saved → SBQ | Lagori | Row 79
✅ Saved → SBQ | Lagori | Row 80
✅ Saved → SBQ | Lagori | Row 81
✅ Saved → SBQ | Lagori | Row 82
✅ Saved → SBQ | Lagori | Row 83
✅ Saved → SBQ | Lagori | Row 84
✅ Saved → SBQ | Lagori | Row 85
✅ Saved → SBQ | Lagori | Row 86
✅ Saved → SBQ | Lagori | Row 87
✅ Saved → SBQ | Lagori | Row 88
✅ Saved → SBQ | Lagori | Row 89
✅ Saved → SBQ | Lagori | Row 90
✅ Saved → SBQ | Lagori | Row 91
✅ Saved → SBQ | Lagori | Row 92
✅ Saved → SBQ | Lagori | Row 93
✅ Saved → SBQ | Lagori | Row 94
✅ Saved → SBQ | Lagori | Row 95
✅ Saved → SBQ | Lagori | Row 97
✅ Saved → SBQ | Lagori | Row 98
✅ Saved → SBQ | Lagori | Row 99
✅ Saved → SBQ | Lagori | Row 100
✅ Saved → SBQ | Lagori | Row 101
✅ Saved → SBQ | Lagori | Row 102
✅ Saved → SBQ | Lagori | Row 104
✅ Saved → SBQ | Lagori | Row 105
✅ Saved → SBQ | Lagori | Row 106
✅ Saved → SBQ | Lagori | Row 107
✅ Saved → SBQ | Lagori | Row 109
✅ Saved → SBQ | Lagori | Row 110
✅ Saved → SBQ | Lagori | Row 111
✅ Saved → SBQ | Lagori | Row 112
✅ Saved → SBQ | Lagori | Row 113
✅ Saved → SBQ | Lagori | Row 114
✅ Saved → SBQ | Lagori | Row 115
✅ Saved → SBQ | Lagori | Row 116
✅ Saved → SBQ | Lagori | Row 118
✅ Saved → SBQ | Lagori | Row 119
✅ Saved → SBQ | Lagori | Row 121
✅ Saved → SBQ | Lagori | Row 123
✅ Saved → SBQ | Lagori | Row 126
✅ Saved → SBQ | Lagori | Row 127
✅ Saved → SBQ | Lagori | Row 129
✅ Saved → SBQ | Lagori | Row 131
✅ Saved → SBQ | Lagori | Row 132
✅ Saved → SBQ | Lagori | Row 133
✅ Saved → SBQ | Lagori | Row 134
✅ Saved → SBQ | Lagori | Row 136
✅ Saved → SBQ | Lagori | Row 137
✅ Saved → SBQ | Lagori | Row 138
✅ Saved → SBQ | Lagori | Row 139
✅ Saved → SBQ | Lagori | Row 140
✅ Saved → SBQ | Lagori | Row 141
✅ Saved → SBQ | Lagori | Row 142
✅ Saved → SBQ | Lagori | Row 143
✅ Saved → SBQ | Lagori | Row 144
✅ Saved → SBQ | Lagori | Row 147
✅ Saved → SBQ | Lagori | Row 148
✅ Saved → SBQ | Lagori | Row 149
✅ Saved → SBQ | Lagori | Row 150
✅ Saved → SBQ | Lagori | Row 152
✅ Saved → SBQ | Lagori | Row 153
✅ Saved → SBQ | Lagori | Row 156
✅ Saved → SBQ | Lagori | Row 163
✅ Saved → SBQ | Lagori | Row 164
✅ Saved → SBQ | Lagori | Row 166
✅ Saved → SBQ | Lagori | Row 167
✅ Saved → SBQ | Lagori | Row 168
✅ Saved → SBQ | Lagori | Row 169
✅ Saved → SBQ | Lagori | Row 171
❌ Error on row 173: 500 Server Error: Internal Server Error for url: https://cloud.olakrutrim.com/v1/chat/completions
✅ Saved → SBQ | Lagori | Row 173
✅ Saved → SBQ | Lagori | Row 174
✅ Saved → SBQ | Lagori | Row 175
✅ Saved → SBQ | Lagori | Row 176
✅ Saved → SBQ | Lagori | Row 177
✅ Saved → SBQ | Lagori | Row 178
✅ Saved → SBQ | Lagori | Row 179
✅ Saved → SBQ | Lagori | Row 180
✅ Saved → SBQ | Lagori | Row 181
✅ Saved → SBQ | Lagori | Row 182
✅ Saved → SBQ | Lagori | Row 183
✅ Saved → SBQ | Lagori | Row 185
✅ Saved → SBQ | Lagori | Row 186
✅ Saved → SBQ | Lagori | Row 188
✅ Saved → SBQ | Lagori | Row 197
✅ Saved → SBQ | Lagori | Row 198
✅ Saved → SBQ | Lagori | Row 199
✅ Saved → SBQ | Lagori | Row 200
✅ Saved → SBQ | Lagori | Row 201
✅ Saved → SBQ | Lagori | Row 202
✅ Saved → SBQ | Lagori | Row 203
✅ Saved → SBQ | Lagori | Row 204
✅ Saved → SBQ | Lagori | Row 205
✅ Saved → SBQ | Lagori | Row 206
✅ Saved → SBQ | Lagori | Row 207
✅ Saved → SBQ | Lagori | Row 208
✅ Saved → SBQ | Lagori | Row 209
✅ Saved → SBQ | Lagori | Row 210
✅ Saved → SBQ | Lagori | Row 211
✅ Saved → SBQ | Lagori | Row 212
✅ Saved → SBQ | Lagori | Row 213
✅ Saved → SBQ | Lagori | Row 214
✅ Saved → SBQ | Lagori | Row 215
✅ Saved → SBQ | Lagori | Row 216
✅ Saved → SBQ | Lagori | Row 217
✅ Saved → SBQ | Lagori | Row 218
✅ Saved → SBQ | Lagori | Row 219
✅ Saved → SBQ | Lagori | Row 221
✅ Saved → SBQ | Lagori | Row 222
✅ Saved → SBQ | Lagori | Row 223
✅ Saved → SBQ | Lagori | Row 224
✅ Saved → SBQ | Lagori | Row 225
✅ Saved → SBQ | Lagori | Row 226
✅ Saved → SBQ | Lagori | Row 228
✅ Saved → SBQ | Lagori | Row 230
✅ Saved → SBQ | Lagori | Row 234
✅ Saved → SBQ | Lagori | Row 236
✅ Saved → SBQ | Lagori | Row 237
✅ Saved → SBQ | Lagori | Row 244
✅ Saved → SBQ | Lagori | Row 245
✅ Saved → SBQ | Lagori | Row 246
✅ Saved → SBQ | Lagori | Row 247
✅ Saved → SBQ | Lagori | Row 248
✅ Saved → SBQ | Lagori | Row 249
✅ Saved → SBQ | Lagori | Row 250
✅ Saved → SBQ | Lagori | Row 251
✅ Saved → SBQ | Lagori | Row 252
✅ Saved → SBQ | Lagori | Row 253
✅ Saved → SBQ | Lagori | Row 254
✅ Saved → SBQ | Lagori | Row 255
✅ Saved → SBQ | Lagori | Row 256
✅ Saved → SBQ | Lagori | Row 257
✅ Saved → SBQ | Lagori | Row 258
✅ Saved → SBQ | Lagori | Row 259
✅ Saved → SBQ | Lagori | Row 260
✅ Saved → SBQ | Lagori | Row 261
❌ Error on row 262: 500 Server Error: Internal Server Error for url: https://cloud.olakrutrim.com/v1/chat/completions
✅ Saved → SBQ | Lagori | Row 262
✅ Saved → SBQ | Lagori | Row 263
✅ Saved → SBQ | Lagori | Row 264
✅ Saved → SBQ | Lagori | Row 265
✅ Saved → SBQ | Lagori | Row 266
✅ Saved → SBQ | Lagori | Row 267
✅ Saved → SBQ | Lagori | Row 268
✅ Saved → SBQ | Lagori | Row 269
✅ Saved → SBQ | Lagori | Row 270
✅ Saved → SBQ | Lagori | Row 271
❌ Error on row 272: 502 Server Error: Bad Gateway for url: https://cloud.olakrutrim.com/v1/chat/completions
✅ Saved → SBQ | Lagori | Row 272
✅ Saved → SBQ | Lagori | Row 273
✅ Saved → SBQ | Lagori | Row 274
✅ Saved → SBQ | Lagori | Row 275
✅ Saved → SBQ | Lagori | Row 276
✅ Saved → SBQ | Lagori | Row 277
✅ Saved → SBQ | Lagori | Row 278
✅ Saved → SBQ | Lagori | Row 279
✅ Saved → SBQ | Lagori | Row 280
✅ Saved → SBQ | Lagori | Row 281
✅ Saved → SBQ | Lagori | Row 282
✅ Saved → SBQ | Lagori | Row 286
✅ Saved → SBQ | Lagori | Row 290
✅ Saved → SBQ | Lagori | Row 291
✅ Saved → SBQ | Lagori | Row 294
✅ Saved → SBQ | Lagori | Row 296
✅ Saved → SBQ | Lagori | Row 306
✅ Saved → SBQ | Lagori | Row 307
✅ Saved → SBQ | Lagori | Row 308
✅ Saved → SBQ | Lagori | Row 309
✅ Saved → SBQ | Lagori | Row 310
✅ Saved → SBQ | Lagori | Row 311
✅ Saved → SBQ | Lagori | Row 312
✅ Saved → SBQ | Lagori | Row 313
✅ Saved → SBQ | Lagori | Row 314
✅ Saved → SBQ | Lagori | Row 316
✅ Saved → SBQ | Lagori | Row 317
✅ Saved → SBQ | Lagori | Row 318
✅ Saved → SBQ | Lagori | Row 319
✅ Saved → SBQ | Lagori | Row 320
✅ Saved → SBQ | Lagori | Row 321
✅ Saved → SBQ | Lagori | Row 322
✅ Saved → SBQ | Lagori | Row 323
✅ Saved → SBQ | Lagori | Row 324
✅ Saved → SBQ | Lagori | Row 325
✅ Saved → SBQ | Lagori | Row 326
✅ Saved → SBQ | Lagori | Row 327
✅ Saved → SBQ | Lagori | Row 328
✅ Saved → SBQ | Lagori | Row 329
✅ Saved → SBQ | Lagori | Row 330
✅ Saved → SBQ | Lagori | Row 331
✅ Saved → SBQ | Lagori | Row 332
✅ Saved → SBQ | Lagori | Row 333
✅ Saved → SBQ | Lagori | Row 334
✅ Saved → SBQ | Lagori | Row 335
✅ Saved → SBQ | Lagori | Row 336
✅ Saved → SBQ | Lagori | Row 337
✅ Saved → SBQ | Lagori | Row 338
✅ Saved → SBQ | Lagori | Row 339
✅ Saved → SBQ | Lagori | Row 340
✅ Saved → SBQ | Lagori | Row 341
✅ Saved → SBQ | Lagori | Row 342
✅ Saved → SBQ | Lagori | Row 343
✅ Saved → SBQ | Lagori | Row 344
✅ Saved → SBQ | Lagori | Row 345
✅ Saved → SBQ | Lagori | Row 346
✅ Saved → SBQ | Lagori | Row 348
✅ Saved → SBQ | Lagori | Row 349
✅ Saved → SBQ | Lagori | Row 353
✅ Saved → SBQ | Lagori | Row 354
✅ Saved → SBQ | Lagori | Row 355
✅ Saved → SBQ | Lagori | Row 356
✅ Saved → SBQ | Lagori | Row 358
✅ Saved → SBQ | Lagori | Row 359
❌ Error on row 362: 500 Server Error: Internal Server Error for url: https://cloud.olakrutrim.com/v1/chat/completions
✅ Saved → SBQ | Lagori | Row 362
✅ Saved → SBQ | Lagori | Row 363
✅ Saved → SBQ | Lagori | Row 366
✅ Saved → SBQ | Lagori | Row 367
✅ Saved → SBQ | Lagori | Row 369
✅ Saved → SBQ | Lagori | Row 370
✅ Saved → SBQ | Lagori | Row 372
✅ Saved → SBQ | Lagori | Row 373
✅ Saved → SBQ | Lagori | Row 374
✅ Saved → SBQ | Lagori | Row 375
✅ Saved → SBQ | Lagori | Row 376
✅ Saved → SBQ | Lagori | Row 378
✅ Saved → SBQ | Lagori | Row 379
✅ Saved → SBQ | Lagori | Row 380
✅ Saved → SBQ | Lagori | Row 381
✅ Saved → SBQ | Lagori | Row 382
✅ Saved → SBQ | Lagori | Row 383
✅ Saved → SBQ | Lagori | Row 384
✅ Saved → SBQ | Lagori | Row 385
✅ Saved → SBQ | Lagori | Row 386
✅ Saved → SBQ | Lagori | Row 387
✅ Saved → SBQ | Lagori | Row 390
✅ Saved → SBQ | Lagori | Row 391
✅ Saved → SBQ | Lagori | Row 392
✅ Saved → SBQ | Lagori | Row 393
✅ Saved → SBQ | Lagori | Row 394
✅ Saved → SBQ | Lagori | Row 395
✅ Saved → SBQ | Lagori | Row 396
✅ Saved → SBQ | Lagori | Row 397
✅ Saved → SBQ | Lagori | Row 398
✅ Saved → SBQ | Lagori | Row 399
✅ Saved → SBQ | Lagori | Row 400
✅ Saved → SBQ | Lagori | Row 402
✅ Saved → SBQ | Lagori | Row 403
✅ Saved → SBQ | Lagori | Row 404
✅ Saved → SBQ | Lagori | Row 405
✅ Saved → SBQ | Lagori | Row 406
✅ Saved → SBQ | Lagori | Row 407
✅ Saved → SBQ | Lagori | Row 409
✅ Saved → SBQ | Lagori | Row 410
✅ Saved → SBQ | Lagori | Row 411
✅ Saved → SBQ | Lagori | Row 413
✅ Saved → SBQ | Lagori | Row 414
✅ Saved → SBQ | Lagori | Row 415
✅ Saved → SBQ | Lagori | Row 420
✅ Saved → SBQ | Lagori | Row 422
✅ Saved → SBQ | Lagori | Row 424
✅ Saved → SBQ | Lagori | Row 427
✅ Saved → SBQ | Lagori | Row 428
✅ Saved → SBQ | Lagori | Row 429
✅ Saved → SBQ | Lagori | Row 430
✅ Saved → SBQ | Lagori | Row 431
✅ Saved → SBQ | Lagori | Row 432
✅ Saved → SBQ | Lagori | Row 433
✅ Saved → SBQ | Lagori | Row 434
✅ Saved → SBQ | Lagori | Row 435
✅ Saved → SBQ | Lagori | Row 436
✅ Saved → SBQ | Lagori | Row 437
✅ Saved → SBQ | Lagori | Row 438
✅ Saved → SBQ | Lagori | Row 439
❌ Error on row 440: 500 Server Error: Internal Server Error for url: https://cloud.olakrutrim.com/v1/chat/completions
✅ Saved → SBQ | Lagori | Row 440
✅ Saved → SBQ | Lagori | Row 442
✅ Saved → SBQ | Lagori | Row 443
✅ Saved → SBQ | Lagori | Row 444
✅ Saved → SBQ | Lagori | Row 445
✅ Saved → SBQ | Lagori | Row 446
✅ Saved → SBQ | Lagori | Row 447
✅ Saved → SBQ | Lagori | Row 448
✅ Saved → SBQ | Lagori | Row 451
✅ Saved → SBQ | Lagori | Row 452
✅ Saved → SBQ | Lagori | Row 454
✅ Saved → SBQ | Lagori | Row 455
✅ Saved → SBQ | Lagori | Row 457
✅ Saved → SBQ | Lagori | Row 458
✅ Saved → SBQ | Lagori | Row 459
✅ Saved → SBQ | Lagori | Row 460
✅ Saved → SBQ | Lagori | Row 461
✅ Saved → SBQ | Lagori | Row 462
✅ Saved → SBQ | Lagori | Row 463
✅ Saved → SBQ | Lagori | Row 464
✅ Saved → SBQ | Lagori | Row 465
✅ Saved → SBQ | Lagori | Row 467
✅ Saved → SBQ | Lagori | Row 468
✅ Saved → SBQ | Lagori | Row 469
❌ Error on row 470: 500 Server Error: Internal Server Error for url: https://cloud.olakrutrim.com/v1/chat/completions
✅ Saved → SBQ | Lagori | Row 470
✅ Saved → SBQ | Lagori | Row 471
✅ Saved → SBQ | Lagori | Row 472
✅ Saved → SBQ | Lagori | Row 473
✅ Saved → SBQ | Lagori | Row 474
✅ Saved → SBQ | Lagori | Row 476
✅ Saved → SBQ | Lagori | Row 477
✅ Saved → SBQ | Lagori | Row 479
✅ Saved → SBQ | Lagori | Row 480
✅ Saved → SBQ | Lagori | Row 481
✅ Saved → SBQ | Lagori | Row 482
✅ Saved → SBQ | Lagori | Row 483
✅ Saved → SBQ | Lagori | Row 486
Pambaram
✅ Saved → SBQ | Pambaram | Row 0
✅ Saved → SBQ | Pambaram | Row 1
✅ Saved → SBQ | Pambaram | Row 2
✅ Saved → SBQ | Pambaram | Row 3
✅ Saved → SBQ | Pambaram | Row 4
✅ Saved → SBQ | Pambaram | Row 5
✅ Saved → SBQ | Pambaram | Row 6
✅ Saved → SBQ | Pambaram | Row 7
✅ Saved → SBQ | Pambaram | Row 8
✅ Saved → SBQ | Pambaram | Row 9
✅ Saved → SBQ | Pambaram | Row 10
✅ Saved → SBQ | Pambaram | Row 11
✅ Saved → SBQ | Pambaram | Row 12
✅ Saved → SBQ | Pambaram | Row 13
✅ Saved → SBQ | Pambaram | Row 14
✅ Saved → SBQ | Pambaram | Row 15
✅ Saved → SBQ | Pambaram | Row 16
✅ Saved → SBQ | Pambaram | Row 17
✅ Saved → SBQ | Pambaram | Row 18
✅ Saved → SBQ | Pambaram | Row 19
✅ Saved → SBQ | Pambaram | Row 20
✅ Saved → SBQ | Pambaram | Row 21
✅ Saved → SBQ | Pambaram | Row 22
✅ Saved → SBQ | Pambaram | Row 23
✅ Saved → SBQ | Pambaram | Row 24
✅ Saved → SBQ | Pambaram | Row 25
✅ Saved → SBQ | Pambaram | Row 26
✅ Saved → SBQ | Pambaram | Row 27
✅ Saved → SBQ | Pambaram | Row 28
✅ Saved → SBQ | Pambaram | Row 29
✅ Saved → SBQ | Pambaram | Row 30
✅ Saved → SBQ | Pambaram | Row 31
✅ Saved → SBQ | Pambaram | Row 32
✅ Saved → SBQ | Pambaram | Row 33
✅ Saved → SBQ | Pambaram | Row 34
✅ Saved → SBQ | Pambaram | Row 35
✅ Saved → SBQ | Pambaram | Row 36
✅ Saved → SBQ | Pambaram | Row 37
✅ Saved → SBQ | Pambaram | Row 38
✅ Saved → SBQ | Pambaram | Row 39
✅ Saved → SBQ | Pambaram | Row 40
✅ Saved → SBQ | Pambaram | Row 41
✅ Saved → SBQ | Pambaram | Row 42
✅ Saved → SBQ | Pambaram | Row 43
✅ Saved → SBQ | Pambaram | Row 44
✅ Saved → SBQ | Pambaram | Row 45
✅ Saved → SBQ | Pambaram | Row 46
✅ Saved → SBQ | Pambaram | Row 47
✅ Saved → SBQ | Pambaram | Row 48
✅ Saved → SBQ | Pambaram | Row 49
✅ Saved → SBQ | Pambaram | Row 50
✅ Saved → SBQ | Pambaram | Row 51
✅ Saved → SBQ | Pambaram | Row 52
✅ Saved → SBQ | Pambaram | Row 53
✅ Saved → SBQ | Pambaram | Row 54
✅ Saved → SBQ | Pambaram | Row 55
✅ Saved → SBQ | Pambaram | Row 56
✅ Saved → SBQ | Pambaram | Row 57
✅ Saved → SBQ | Pambaram | Row 58
✅ Saved → SBQ | Pambaram | Row 59
✅ Saved → SBQ | Pambaram | Row 60
✅ Saved → SBQ | Pambaram | Row 61
✅ Saved → SBQ | Pambaram | Row 62
✅ Saved → SBQ | Pambaram | Row 63
✅ Saved → SBQ | Pambaram | Row 64
✅ Saved → SBQ | Pambaram | Row 65
✅ Saved → SBQ | Pambaram | Row 66
✅ Saved → SBQ | Pambaram | Row 67
✅ Saved → SBQ | Pambaram | Row 68
✅ Saved → SBQ | Pambaram | Row 69
✅ Saved → SBQ | Pambaram | Row 70
✅ Saved → SBQ | Pambaram | Row 71
✅ Saved → SBQ | Pambaram | Row 72
✅ Saved → SBQ | Pambaram | Row 73
✅ Saved → SBQ | Pambaram | Row 74
✅ Saved → SBQ | Pambaram | Row 75
✅ Saved → SBQ | Pambaram | Row 76
✅ Saved → SBQ | Pambaram | Row 77
✅ Saved → SBQ | Pambaram | Row 78
✅ Saved → SBQ | Pambaram | Row 79
✅ Saved → SBQ | Pambaram | Row 80
✅ Saved → SBQ | Pambaram | Row 81
✅ Saved → SBQ | Pambaram | Row 82
✅ Saved → SBQ | Pambaram | Row 83
✅ Saved → SBQ | Pambaram | Row 84
✅ Saved → SBQ | Pambaram | Row 85
✅ Saved → SBQ | Pambaram | Row 86
✅ Saved → SBQ | Pambaram | Row 87
✅ Saved → SBQ | Pambaram | Row 88
✅ Saved → SBQ | Pambaram | Row 89
✅ Saved → SBQ | Pambaram | Row 90
✅ Saved → SBQ | Pambaram | Row 91
✅ Saved → SBQ | Pambaram | Row 92
✅ Saved → SBQ | Pambaram | Row 93
✅ Saved → SBQ | Pambaram | Row 94
✅ Saved → SBQ | Pambaram | Row 95
✅ Saved → SBQ | Pambaram | Row 96
✅ Saved → SBQ | Pambaram | Row 97
✅ Saved → SBQ | Pambaram | Row 98
✅ Saved → SBQ | Pambaram | Row 99
✅ Saved → SBQ | Pambaram | Row 100
✅ Saved → SBQ | Pambaram | Row 101
✅ Saved → SBQ | Pambaram | Row 102
✅ Saved → SBQ | Pambaram | Row 103
✅ Saved → SBQ | Pambaram | Row 104
✅ Saved → SBQ | Pambaram | Row 105
✅ Saved → SBQ | Pambaram | Row 106
✅ Saved → SBQ | Pambaram | Row 107
✅ Saved → SBQ | Pambaram | Row 108
✅ Saved → SBQ | Pambaram | Row 109
✅ Saved → SBQ | Pambaram | Row 110
✅ Saved → SBQ | Pambaram | Row 111
✅ Saved → SBQ | Pambaram | Row 112
✅ Saved → SBQ | Pambaram | Row 113
✅ Saved → SBQ | Pambaram | Row 114
✅ Saved → SBQ | Pambaram | Row 115
✅ Saved → SBQ | Pambaram | Row 116
✅ Saved → SBQ | Pambaram | Row 117
✅ Saved → SBQ | Pambaram | Row 118
✅ Saved → SBQ | Pambaram | Row 119
✅ Saved → SBQ | Pambaram | Row 120
✅ Saved → SBQ | Pambaram | Row 121
✅ Saved → SBQ | Pambaram | Row 122
✅ Saved → SBQ | Pambaram | Row 123
✅ Saved → SBQ | Pambaram | Row 124
✅ Saved → SBQ | Pambaram | Row 125
✅ Saved → SBQ | Pambaram | Row 126
✅ Saved → SBQ | Pambaram | Row 127
✅ Saved → SBQ | Pambaram | Row 128
✅ Saved → SBQ | Pambaram | Row 129
✅ Saved → SBQ | Pambaram | Row 130
✅ Saved → SBQ | Pambaram | Row 131
✅ Saved → SBQ | Pambaram | Row 132
✅ Saved → SBQ | Pambaram | Row 133
✅ Saved → SBQ | Pambaram | Row 134
✅ Saved → SBQ | Pambaram | Row 135
✅ Saved → SBQ | Pambaram | Row 136
✅ Saved → SBQ | Pambaram | Row 137
✅ Saved → SBQ | Pambaram | Row 138
✅ Saved → SBQ | Pambaram | Row 139
✅ Saved → SBQ | Pambaram | Row 140
✅ Saved → SBQ | Pambaram | Row 141
✅ Saved → SBQ | Pambaram | Row 142
✅ Saved → SBQ | Pambaram | Row 143
✅ Saved → SBQ | Pambaram | Row 144
✅ Saved → SBQ | Pambaram | Row 145
✅ Saved → SBQ | Pambaram | Row 146
✅ Saved → SBQ | Pambaram | Row 147
✅ Saved → SBQ | Pambaram | Row 148
✅ Saved → SBQ | Pambaram | Row 149
✅ Saved → SBQ | Pambaram | Row 150
✅ Saved → SBQ | Pambaram | Row 151
✅ Saved → SBQ | Pambaram | Row 152
✅ Saved → SBQ | Pambaram | Row 153
✅ Saved → SBQ | Pambaram | Row 154
✅ Saved → SBQ | Pambaram | Row 155
✅ Saved → SBQ | Pambaram | Row 156
✅ Saved → SBQ | Pambaram | Row 157
✅ Saved → SBQ | Pambaram | Row 158
✅ Saved → SBQ | Pambaram | Row 159
✅ Saved → SBQ | Pambaram | Row 160
✅ Saved → SBQ | Pambaram | Row 161
✅ Saved → SBQ | Pambaram | Row 162
✅ Saved → SBQ | Pambaram | Row 164
✅ Saved → SBQ | Pambaram | Row 165
✅ Saved → SBQ | Pambaram | Row 166
✅ Saved → SBQ | Pambaram | Row 167
✅ Saved → SBQ | Pambaram | Row 168
✅ Saved → SBQ | Pambaram | Row 169
✅ Saved → SBQ | Pambaram | Row 170
✅ Saved → SBQ | Pambaram | Row 171
✅ Saved → SBQ | Pambaram | Row 172
✅ Saved → SBQ | Pambaram | Row 173
✅ Saved → SBQ | Pambaram | Row 174
✅ Saved → SBQ | Pambaram | Row 175
✅ Saved → SBQ | Pambaram | Row 176
✅ Saved → SBQ | Pambaram | Row 177
✅ Saved → SBQ | Pambaram | Row 178
✅ Saved → SBQ | Pambaram | Row 179
✅ Saved → SBQ | Pambaram | Row 180
✅ Saved → SBQ | Pambaram | Row 181
✅ Saved → SBQ | Pambaram | Row 182
✅ Saved → SBQ | Pambaram | Row 183
✅ Saved → SBQ | Pambaram | Row 185
✅ Saved → SBQ | Pambaram | Row 186
✅ Saved → SBQ | Pambaram | Row 187
✅ Saved → SBQ | Pambaram | Row 189
✅ Saved → SBQ | Pambaram | Row 190
✅ Saved → SBQ | Pambaram | Row 192
✅ Saved → SBQ | Pambaram | Row 193
✅ Saved → SBQ | Pambaram | Row 194
✅ Saved → SBQ | Pambaram | Row 195
✅ Saved → SBQ | Pambaram | Row 196
✅ Saved → SBQ | Pambaram | Row 197
✅ Saved → SBQ | Pambaram | Row 199
✅ Saved → SBQ | Pambaram | Row 200
✅ Saved → SBQ | Pambaram | Row 201
✅ Saved → SBQ | Pambaram | Row 202
✅ Saved → SBQ | Pambaram | Row 203
✅ Saved → SBQ | Pambaram | Row 204
✅ Saved → SBQ | Pambaram | Row 205
✅ Saved → SBQ | Pambaram | Row 206
✅ Saved → SBQ | Pambaram | Row 207
✅ Saved → SBQ | Pambaram | Row 208
✅ Saved → SBQ | Pambaram | Row 210
✅ Saved → SBQ | Pambaram | Row 211
✅ Saved → SBQ | Pambaram | Row 212
✅ Saved → SBQ | Pambaram | Row 213
✅ Saved → SBQ | Pambaram | Row 214
✅ Saved → SBQ | Pambaram | Row 215
✅ Saved → SBQ | Pambaram | Row 217
✅ Saved → SBQ | Pambaram | Row 218
✅ Saved → SBQ | Pambaram | Row 219
✅ Saved → SBQ | Pambaram | Row 220
✅ Saved → SBQ | Pambaram | Row 221
✅ Saved → SBQ | Pambaram | Row 222
✅ Saved → SBQ | Pambaram | Row 224
✅ Saved → SBQ | Pambaram | Row 225
✅ Saved → SBQ | Pambaram | Row 226
✅ Saved → SBQ | Pambaram | Row 227
✅ Saved → SBQ | Pambaram | Row 228
✅ Saved → SBQ | Pambaram | Row 229
✅ Saved → SBQ | Pambaram | Row 230
✅ Saved → SBQ | Pambaram | Row 231
✅ Saved → SBQ | Pambaram | Row 232
✅ Saved → SBQ | Pambaram | Row 233
✅ Saved → SBQ | Pambaram | Row 234
✅ Saved → SBQ | Pambaram | Row 235
✅ Saved → SBQ | Pambaram | Row 236
✅ Saved → SBQ | Pambaram | Row 237
✅ Saved → SBQ | Pambaram | Row 238
✅ Saved → SBQ | Pambaram | Row 239
✅ Saved → SBQ | Pambaram | Row 240
✅ Saved → SBQ | Pambaram | Row 241
✅ Saved → SBQ | Pambaram | Row 242
✅ Saved → SBQ | Pambaram | Row 243
✅ Saved → SBQ | Pambaram | Row 244
✅ Saved → SBQ | Pambaram | Row 245
✅ Saved → SBQ | Pambaram | Row 246
✅ Saved → SBQ | Pambaram | Row 247
✅ Saved → SBQ | Pambaram | Row 248
✅ Saved → SBQ | Pambaram | Row 249
✅ Saved → SBQ | Pambaram | Row 250
✅ Saved → SBQ | Pambaram | Row 251
✅ Saved → SBQ | Pambaram | Row 252
✅ Saved → SBQ | Pambaram | Row 253
✅ Saved → SBQ | Pambaram | Row 255
✅ Saved → SBQ | Pambaram | Row 256
✅ Saved → SBQ | Pambaram | Row 257
✅ Saved → SBQ | Pambaram | Row 258
✅ Saved → SBQ | Pambaram | Row 259
✅ Saved → SBQ | Pambaram | Row 260
✅ Saved → SBQ | Pambaram | Row 261
✅ Saved → SBQ | Pambaram | Row 262
✅ Saved → SBQ | Pambaram | Row 263
✅ Saved → SBQ | Pambaram | Row 264
✅ Saved → SBQ | Pambaram | Row 265
✅ Saved → SBQ | Pambaram | Row 266
✅ Saved → SBQ | Pambaram | Row 267
✅ Saved → SBQ | Pambaram | Row 268
✅ Saved → SBQ | Pambaram | Row 269
✅ Saved → SBQ | Pambaram | Row 270
✅ Saved → SBQ | Pambaram | Row 271
✅ Saved → SBQ | Pambaram | Row 272
✅ Saved → SBQ | Pambaram | Row 273
✅ Saved → SBQ | Pambaram | Row 274
✅ Saved → SBQ | Pambaram | Row 275
✅ Saved → SBQ | Pambaram | Row 276
✅ Saved → SBQ | Pambaram | Row 277
✅ Saved → SBQ | Pambaram | Row 278
✅ Saved → SBQ | Pambaram | Row 279
✅ Saved → SBQ | Pambaram | Row 280
✅ Saved → SBQ | Pambaram | Row 281
✅ Saved → SBQ | Pambaram | Row 282
✅ Saved → SBQ | Pambaram | Row 283
✅ Saved → SBQ | Pambaram | Row 284
✅ Saved → SBQ | Pambaram | Row 285
✅ Saved → SBQ | Pambaram | Row 286
✅ Saved → SBQ | Pambaram | Row 287
✅ Saved → SBQ | Pambaram | Row 288
✅ Saved → SBQ | Pambaram | Row 289
✅ Saved → SBQ | Pambaram | Row 290
✅ Saved → SBQ | Pambaram | Row 291
✅ Saved → SBQ | Pambaram | Row 293
✅ Saved → SBQ | Pambaram | Row 294
✅ Saved → SBQ | Pambaram | Row 295
✅ Saved → SBQ | Pambaram | Row 296
✅ Saved → SBQ | Pambaram | Row 297
✅ Saved → SBQ | Pambaram | Row 298
✅ Saved → SBQ | Pambaram | Row 299
✅ Saved → SBQ | Pambaram | Row 300
✅ Saved → SBQ | Pambaram | Row 301
✅ Saved → SBQ | Pambaram | Row 302
✅ Saved → SBQ | Pambaram | Row 303
✅ Saved → SBQ | Pambaram | Row 304
✅ Saved → SBQ | Pambaram | Row 305
✅ Saved → SBQ | Pambaram | Row 306
✅ Saved → SBQ | Pambaram | Row 307
✅ Saved → SBQ | Pambaram | Row 308
✅ Saved → SBQ | Pambaram | Row 309
✅ Saved → SBQ | Pambaram | Row 310
✅ Saved → SBQ | Pambaram | Row 311
✅ Saved → SBQ | Pambaram | Row 312
✅ Saved → SBQ | Pambaram | Row 313
✅ Saved → SBQ | Pambaram | Row 314
✅ Saved → SBQ | Pambaram | Row 315
✅ Saved → SBQ | Pambaram | Row 316
✅ Saved → SBQ | Pambaram | Row 317
✅ Saved → SBQ | Pambaram | Row 318
✅ Saved → SBQ | Pambaram | Row 319
✅ Saved → SBQ | Pambaram | Row 320
✅ Saved → SBQ | Pambaram | Row 321
✅ Saved → SBQ | Pambaram | Row 322
✅ Saved → SBQ | Pambaram | Row 323
✅ Saved → SBQ | Pambaram | Row 324
✅ Saved → SBQ | Pambaram | Row 325
✅ Saved → SBQ | Pambaram | Row 326
✅ Saved → SBQ | Pambaram | Row 327
✅ Saved → SBQ | Pambaram | Row 328
✅ Saved → SBQ | Pambaram | Row 329
✅ Saved → SBQ | Pambaram | Row 330
✅ Saved → SBQ | Pambaram | Row 331
✅ Saved → SBQ | Pambaram | Row 332
✅ Saved → SBQ | Pambaram | Row 333
✅ Saved → SBQ | Pambaram | Row 334
✅ Saved → SBQ | Pambaram | Row 335
✅ Saved → SBQ | Pambaram | Row 336
✅ Saved → SBQ | Pambaram | Row 337
✅ Saved → SBQ | Pambaram | Row 338
✅ Saved → SBQ | Pambaram | Row 339
✅ Saved → SBQ | Pambaram | Row 341
✅ Saved → SBQ | Pambaram | Row 342
✅ Saved → SBQ | Pambaram | Row 344
✅ Saved → SBQ | Pambaram | Row 345
✅ Saved → SBQ | Pambaram | Row 346
✅ Saved → SBQ | Pambaram | Row 347
✅ Saved → SBQ | Pambaram | Row 348
✅ Saved → SBQ | Pambaram | Row 349
✅ Saved → SBQ | Pambaram | Row 350
✅ Saved → SBQ | Pambaram | Row 351
✅ Saved → SBQ | Pambaram | Row 352
✅ Saved → SBQ | Pambaram | Row 353
✅ Saved → SBQ | Pambaram | Row 354
✅ Saved → SBQ | Pambaram | Row 355
✅ Saved → SBQ | Pambaram | Row 356
✅ Saved → SBQ | Pambaram | Row 358
✅ Saved → SBQ | Pambaram | Row 359
✅ Saved → SBQ | Pambaram | Row 360
✅ Saved → SBQ | Pambaram | Row 361
✅ Saved → SBQ | Pambaram | Row 362
✅ Saved → SBQ | Pambaram | Row 363
✅ Saved → SBQ | Pambaram | Row 364
✅ Saved → SBQ | Pambaram | Row 365
✅ Saved → SBQ | Pambaram | Row 366
✅ Saved → SBQ | Pambaram | Row 367
✅ Saved → SBQ | Pambaram | Row 368
✅ Saved → SBQ | Pambaram | Row 369
✅ Saved → SBQ | Pambaram | Row 370
✅ Saved → SBQ | Pambaram | Row 371
✅ Saved → SBQ | Pambaram | Row 372
✅ Saved → SBQ | Pambaram | Row 373
✅ Saved → SBQ | Pambaram | Row 374
✅ Saved → SBQ | Pambaram | Row 375
✅ Saved → SBQ | Pambaram | Row 377
✅ Saved → SBQ | Pambaram | Row 378
✅ Saved → SBQ | Pambaram | Row 379
✅ Saved → SBQ | Pambaram | Row 380
✅ Saved → SBQ | Pambaram | Row 381
✅ Saved → SBQ | Pambaram | Row 382
✅ Saved → SBQ | Pambaram | Row 383
✅ Saved → SBQ | Pambaram | Row 384
✅ Saved → SBQ | Pambaram | Row 385
✅ Saved → SBQ | Pambaram | Row 386
✅ Saved → SBQ | Pambaram | Row 387
✅ Saved → SBQ | Pambaram | Row 388
✅ Saved → SBQ | Pambaram | Row 389
✅ Saved → SBQ | Pambaram | Row 390
✅ Saved → SBQ | Pambaram | Row 391
✅ Saved → SBQ | Pambaram | Row 392
✅ Saved → SBQ | Pambaram | Row 393
✅ Saved → SBQ | Pambaram | Row 395
✅ Saved → SBQ | Pambaram | Row 396
✅ Saved → SBQ | Pambaram | Row 397
✅ Saved → SBQ | Pambaram | Row 398
✅ Saved → SBQ | Pambaram | Row 399
✅ Saved → SBQ | Pambaram | Row 400
✅ Saved → SBQ | Pambaram | Row 401
✅ Saved → SBQ | Pambaram | Row 402
✅ Saved → SBQ | Pambaram | Row 403
✅ Saved → SBQ | Pambaram | Row 404
✅ Saved → SBQ | Pambaram | Row 406
✅ Saved → SBQ | Pambaram | Row 407
✅ Saved → SBQ | Pambaram | Row 408
✅ Saved → SBQ | Pambaram | Row 409
✅ Saved → SBQ | Pambaram | Row 410
✅ Saved → SBQ | Pambaram | Row 411
✅ Saved → SBQ | Pambaram | Row 412
✅ Saved → SBQ | Pambaram | Row 413
✅ Saved → SBQ | Pambaram | Row 414
✅ Saved → SBQ | Pambaram | Row 415
✅ Saved → SBQ | Pambaram | Row 416
✅ Saved → SBQ | Pambaram | Row 417
✅ Saved → SBQ | Pambaram | Row 418
✅ Saved → SBQ | Pambaram | Row 419
✅ Saved → SBQ | Pambaram | Row 420
✅ Saved → SBQ | Pambaram | Row 421
✅ Saved → SBQ | Pambaram | Row 422
✅ Saved → SBQ | Pambaram | Row 423
✅ Saved → SBQ | Pambaram | Row 424
✅ Saved → SBQ | Pambaram | Row 425
✅ Saved → SBQ | Pambaram | Row 426
✅ Saved → SBQ | Pambaram | Row 427
✅ Saved → SBQ | Pambaram | Row 428
✅ Saved → SBQ | Pambaram | Row 429
✅ Saved → SBQ | Pambaram | Row 430
✅ Saved → SBQ | Pambaram | Row 431
✅ Saved → SBQ | Pambaram | Row 432
✅ Saved → SBQ | Pambaram | Row 433
✅ Saved → SBQ | Pambaram | Row 434
✅ Saved → SBQ | Pambaram | Row 435
✅ Saved → SBQ | Pambaram | Row 436
✅ Saved → SBQ | Pambaram | Row 437
✅ Saved → SBQ | Pambaram | Row 438
✅ Saved → SBQ | Pambaram | Row 439
✅ Saved → SBQ | Pambaram | Row 440
✅ Saved → SBQ | Pambaram | Row 441
✅ Saved → SBQ | Pambaram | Row 442
✅ Saved → SBQ | Pambaram | Row 443
✅ Saved → SBQ | Pambaram | Row 444
✅ Saved → SBQ | Pambaram | Row 445
✅ Saved → SBQ | Pambaram | Row 446
✅ Saved → SBQ | Pambaram | Row 447
✅ Saved → SBQ | Pambaram | Row 448
✅ Saved → SBQ | Pambaram | Row 449
✅ Saved → SBQ | Pambaram | Row 450
✅ Saved → SBQ | Pambaram | Row 451
✅ Saved → SBQ | Pambaram | Row 452
✅ Saved → SBQ | Pambaram | Row 453
✅ Saved → SBQ | Pambaram | Row 454
✅ Saved → SBQ | Pambaram | Row 455
✅ Saved → SBQ | Pambaram | Row 456
✅ Saved → SBQ | Pambaram | Row 457
✅ Saved → SBQ | Pambaram | Row 458
✅ Saved → SBQ | Pambaram | Row 459
✅ Saved → SBQ | Pambaram | Row 460
✅ Saved → SBQ | Pambaram | Row 461
✅ Saved → SBQ | Pambaram | Row 462
✅ Saved → SBQ | Pambaram | Row 463
✅ Saved → SBQ | Pambaram | Row 464
✅ Saved → SBQ | Pambaram | Row 465
✅ Saved → SBQ | Pambaram | Row 466
✅ Saved → SBQ | Pambaram | Row 467
✅ Saved → SBQ | Pambaram | Row 468
✅ Saved → SBQ | Pambaram | Row 469
✅ Saved → SBQ | Pambaram | Row 470
✅ Saved → SBQ | Pambaram | Row 472
✅ Saved → SBQ | Pambaram | Row 473
✅ Saved → SBQ | Pambaram | Row 474
✅ Saved → SBQ | Pambaram | Row 475
✅ Saved → SBQ | Pambaram | Row 476
✅ Saved → SBQ | Pambaram | Row 477
✅ Saved → SBQ | Pambaram | Row 478
✅ Saved → SBQ | Pambaram | Row 479
✅ Saved → SBQ | Pambaram | Row 480
✅ Saved → SBQ | Pambaram | Row 482
✅ Saved → SBQ | Pambaram | Row 483
✅ Saved → SBQ | Pambaram | Row 484
✅ Saved → SBQ | Pambaram | Row 485
✅ Saved → SBQ | Pambaram | Row 486
✅ Saved → SBQ | Pambaram | Row 487
✅ Saved → SBQ | Pambaram | Row 488
✅ Saved → SBQ | Pambaram | Row 489
✅ Saved → SBQ | Pambaram | Row 490
✅ Saved → SBQ | Pambaram | Row 491
✅ Saved → SBQ | Pambaram | Row 492
✅ Saved → SBQ | Pambaram | Row 493
✅ Saved → SBQ | Pambaram | Row 494
✅ Saved → SBQ | Pambaram | Row 495
✅ Saved → SBQ | Pambaram | Row 497
✅ Saved → SBQ | Pambaram | Row 498
✅ Saved → SBQ | Pambaram | Row 499
✅ Saved → SBQ | Pambaram | Row 500
✅ Saved → SBQ | Pambaram | Row 501
✅ Saved → SBQ | Pambaram | Row 502
✅ Saved → SBQ | Pambaram | Row 503
✅ Saved → SBQ | Pambaram | Row 504
✅ Saved → SBQ | Pambaram | Row 505
✅ Saved → SBQ | Pambaram | Row 506
✅ Saved → SBQ | Pambaram | Row 507
✅ Saved → SBQ | Pambaram | Row 508
✅ Saved → SBQ | Pambaram | Row 509
✅ Saved → SBQ | Pambaram | Row 510
✅ Saved → SBQ | Pambaram | Row 511
✅ Saved → SBQ | Pambaram | Row 512
✅ Saved → SBQ | Pambaram | Row 513
✅ Saved → SBQ | Pambaram | Row 514
✅ Saved → SBQ | Pambaram | Row 515
✅ Saved → SBQ | Pambaram | Row 516
✅ Saved → SBQ | Pambaram | Row 517
✅ Saved → SBQ | Pambaram | Row 518
✅ Saved → SBQ | Pambaram | Row 519
✅ Saved → SBQ | Pambaram | Row 520
✅ Saved → SBQ | Pambaram | Row 521
✅ Saved → SBQ | Pambaram | Row 522
✅ Saved → SBQ | Pambaram | Row 523
✅ Saved → SBQ | Pambaram | Row 524
✅ Saved → SBQ | Pambaram | Row 525
✅ Saved → SBQ | Pambaram | Row 526
✅ Saved → SBQ | Pambaram | Row 527
✅ Saved → SBQ | Pambaram | Row 528
✅ Saved → SBQ | Pambaram | Row 529
✅ Saved → SBQ | Pambaram | Row 530
✅ Saved → SBQ | Pambaram | Row 531
✅ Saved → SBQ | Pambaram | Row 532
✅ Saved → SBQ | Pambaram | Row 533
✅ Saved → SBQ | Pambaram | Row 534
✅ Saved → SBQ | Pambaram | Row 535
✅ Saved → SBQ | Pambaram | Row 536
✅ Saved → SBQ | Pambaram | Row 537
✅ Saved → SBQ | Pambaram | Row 538
✅ Saved → SBQ | Pambaram | Row 539
✅ Saved → SBQ | Pambaram | Row 540
✅ Saved → SBQ | Pambaram | Row 541
✅ Saved → SBQ | Pambaram | Row 542
✅ Saved → SBQ | Pambaram | Row 544
✅ Saved → SBQ | Pambaram | Row 545
✅ Saved → SBQ | Pambaram | Row 547
✅ Saved → SBQ | Pambaram | Row 548
✅ Saved → SBQ | Pambaram | Row 549
✅ Saved → SBQ | Pambaram | Row 550
✅ Saved → SBQ | Pambaram | Row 551
✅ Saved → SBQ | Pambaram | Row 552
✅ Saved → SBQ | Pambaram | Row 553
Dhop Khel
✅ Saved → SBQ | Dhop Khel | Row 0
✅ Saved → SBQ | Dhop Khel | Row 1
✅ Saved → SBQ | Dhop Khel | Row 2
✅ Saved → SBQ | Dhop Khel | Row 3
✅ Saved → SBQ | Dhop Khel | Row 4
✅ Saved → SBQ | Dhop Khel | Row 5
✅ Saved → SBQ | Dhop Khel | Row 6
✅ Saved → SBQ | Dhop Khel | Row 7
✅ Saved → SBQ | Dhop Khel | Row 8
✅ Saved → SBQ | Dhop Khel | Row 9
✅ Saved → SBQ | Dhop Khel | Row 10
✅ Saved → SBQ | Dhop Khel | Row 11
✅ Saved → SBQ | Dhop Khel | Row 12
✅ Saved → SBQ | Dhop Khel | Row 13
✅ Saved → SBQ | Dhop Khel | Row 14
✅ Saved → SBQ | Dhop Khel | Row 15
✅ Saved → SBQ | Dhop Khel | Row 16
✅ Saved → SBQ | Dhop Khel | Row 17
✅ Saved → SBQ | Dhop Khel | Row 18
✅ Saved → SBQ | Dhop Khel | Row 19
✅ Saved → SBQ | Dhop Khel | Row 20
✅ Saved → SBQ | Dhop Khel | Row 21
✅ Saved → SBQ | Dhop Khel | Row 22
✅ Saved → SBQ | Dhop Khel | Row 23
✅ Saved → SBQ | Dhop Khel | Row 24
✅ Saved → SBQ | Dhop Khel | Row 25
✅ Saved → SBQ | Dhop Khel | Row 26
✅ Saved → SBQ | Dhop Khel | Row 27
✅ Saved → SBQ | Dhop Khel | Row 28
✅ Saved → SBQ | Dhop Khel | Row 29
✅ Saved → SBQ | Dhop Khel | Row 30
✅ Saved → SBQ | Dhop Khel | Row 31
✅ Saved → SBQ | Dhop Khel | Row 32
✅ Saved → SBQ | Dhop Khel | Row 33
✅ Saved → SBQ | Dhop Khel | Row 34
✅ Saved → SBQ | Dhop Khel | Row 35
✅ Saved → SBQ | Dhop Khel | Row 36
✅ Saved → SBQ | Dhop Khel | Row 37
✅ Saved → SBQ | Dhop Khel | Row 38
✅ Saved → SBQ | Dhop Khel | Row 39
✅ Saved → SBQ | Dhop Khel | Row 40
✅ Saved → SBQ | Dhop Khel | Row 41
✅ Saved → SBQ | Dhop Khel | Row 42
✅ Saved → SBQ | Dhop Khel | Row 43
✅ Saved → SBQ | Dhop Khel | Row 44
✅ Saved → SBQ | Dhop Khel | Row 45
✅ Saved → SBQ | Dhop Khel | Row 46
✅ Saved → SBQ | Dhop Khel | Row 47
✅ Saved → SBQ | Dhop Khel | Row 48
✅ Saved → SBQ | Dhop Khel | Row 49
✅ Saved → SBQ | Dhop Khel | Row 50
✅ Saved → SBQ | Dhop Khel | Row 51
✅ Saved → SBQ | Dhop Khel | Row 52
✅ Saved → SBQ | Dhop Khel | Row 53
✅ Saved → SBQ | Dhop Khel | Row 54
✅ Saved → SBQ | Dhop Khel | Row 55
✅ Saved → SBQ | Dhop Khel | Row 56
✅ Saved → SBQ | Dhop Khel | Row 57
✅ Saved → SBQ | Dhop Khel | Row 58
✅ Saved → SBQ | Dhop Khel | Row 59
✅ Saved → SBQ | Dhop Khel | Row 60
✅ Saved → SBQ | Dhop Khel | Row 61
✅ Saved → SBQ | Dhop Khel | Row 62
✅ Saved → SBQ | Dhop Khel | Row 63
✅ Saved → SBQ | Dhop Khel | Row 64
✅ Saved → SBQ | Dhop Khel | Row 65
✅ Saved → SBQ | Dhop Khel | Row 66
✅ Saved → SBQ | Dhop Khel | Row 67
✅ Saved → SBQ | Dhop Khel | Row 68
✅ Saved → SBQ | Dhop Khel | Row 69
✅ Saved → SBQ | Dhop Khel | Row 70
✅ Saved → SBQ | Dhop Khel | Row 71
✅ Saved → SBQ | Dhop Khel | Row 72
✅ Saved → SBQ | Dhop Khel | Row 73
✅ Saved → SBQ | Dhop Khel | Row 75
✅ Saved → SBQ | Dhop Khel | Row 76
✅ Saved → SBQ | Dhop Khel | Row 77
✅ Saved → SBQ | Dhop Khel | Row 78
✅ Saved → SBQ | Dhop Khel | Row 79
✅ Saved → SBQ | Dhop Khel | Row 80
✅ Saved → SBQ | Dhop Khel | Row 81
✅ Saved → SBQ | Dhop Khel | Row 82
✅ Saved → SBQ | Dhop Khel | Row 83
✅ Saved → SBQ | Dhop Khel | Row 84
✅ Saved → SBQ | Dhop Khel | Row 85
✅ Saved → SBQ | Dhop Khel | Row 86
✅ Saved → SBQ | Dhop Khel | Row 87
✅ Saved → SBQ | Dhop Khel | Row 88
✅ Saved → SBQ | Dhop Khel | Row 89
✅ Saved → SBQ | Dhop Khel | Row 90
✅ Saved → SBQ | Dhop Khel | Row 91
✅ Saved → SBQ | Dhop Khel | Row 92
✅ Saved → SBQ | Dhop Khel | Row 93
✅ Saved → SBQ | Dhop Khel | Row 94
✅ Saved → SBQ | Dhop Khel | Row 95
✅ Saved → SBQ | Dhop Khel | Row 96
✅ Saved → SBQ | Dhop Khel | Row 97
✅ Saved → SBQ | Dhop Khel | Row 98
✅ Saved → SBQ | Dhop Khel | Row 99
✅ Saved → SBQ | Dhop Khel | Row 100
✅ Saved → SBQ | Dhop Khel | Row 101
✅ Saved → SBQ | Dhop Khel | Row 102
✅ Saved → SBQ | Dhop Khel | Row 103
✅ Saved → SBQ | Dhop Khel | Row 104
✅ Saved → SBQ | Dhop Khel | Row 106
✅ Saved → SBQ | Dhop Khel | Row 107
✅ Saved → SBQ | Dhop Khel | Row 108
✅ Saved → SBQ | Dhop Khel | Row 109
✅ Saved → SBQ | Dhop Khel | Row 110
✅ Saved → SBQ | Dhop Khel | Row 111
✅ Saved → SBQ | Dhop Khel | Row 112
✅ Saved → SBQ | Dhop Khel | Row 114
✅ Saved → SBQ | Dhop Khel | Row 115
✅ Saved → SBQ | Dhop Khel | Row 116
✅ Saved → SBQ | Dhop Khel | Row 118
✅ Saved → SBQ | Dhop Khel | Row 119
✅ Saved → SBQ | Dhop Khel | Row 120
✅ Saved → SBQ | Dhop Khel | Row 121
✅ Saved → SBQ | Dhop Khel | Row 123
✅ Saved → SBQ | Dhop Khel | Row 129
✅ Saved → SBQ | Dhop Khel | Row 131
✅ Saved → SBQ | Dhop Khel | Row 134
✅ Saved → SBQ | Dhop Khel | Row 135
✅ Saved → SBQ | Dhop Khel | Row 136
✅ Saved → SBQ | Dhop Khel | Row 137
✅ Saved → SBQ | Dhop Khel | Row 138
✅ Saved → SBQ | Dhop Khel | Row 139
✅ Saved → SBQ | Dhop Khel | Row 140
✅ Saved → SBQ | Dhop Khel | Row 141
✅ Saved → SBQ | Dhop Khel | Row 142
✅ Saved → SBQ | Dhop Khel | Row 143
✅ Saved → SBQ | Dhop Khel | Row 144
✅ Saved → SBQ | Dhop Khel | Row 145
✅ Saved → SBQ | Dhop Khel | Row 146
✅ Saved → SBQ | Dhop Khel | Row 147
✅ Saved → SBQ | Dhop Khel | Row 148
✅ Saved → SBQ | Dhop Khel | Row 149
✅ Saved → SBQ | Dhop Khel | Row 150
✅ Saved → SBQ | Dhop Khel | Row 151
✅ Saved → SBQ | Dhop Khel | Row 152
✅ Saved → SBQ | Dhop Khel | Row 153
✅ Saved → SBQ | Dhop Khel | Row 154
✅ Saved → SBQ | Dhop Khel | Row 155
✅ Saved → SBQ | Dhop Khel | Row 156
✅ Saved → SBQ | Dhop Khel | Row 157
✅ Saved → SBQ | Dhop Khel | Row 158
✅ Saved → SBQ | Dhop Khel | Row 160
✅ Saved → SBQ | Dhop Khel | Row 161
✅ Saved → SBQ | Dhop Khel | Row 163
✅ Saved → SBQ | Dhop Khel | Row 165
✅ Saved → SBQ | Dhop Khel | Row 166
✅ Saved → SBQ | Dhop Khel | Row 167
✅ Saved → SBQ | Dhop Khel | Row 169
✅ Saved → SBQ | Dhop Khel | Row 170
✅ Saved → SBQ | Dhop Khel | Row 171
✅ Saved → SBQ | Dhop Khel | Row 172
✅ Saved → SBQ | Dhop Khel | Row 174
✅ Saved → SBQ | Dhop Khel | Row 175
✅ Saved → SBQ | Dhop Khel | Row 176
✅ Saved → SBQ | Dhop Khel | Row 177
✅ Saved → SBQ | Dhop Khel | Row 178
✅ Saved → SBQ | Dhop Khel | Row 179
✅ Saved → SBQ | Dhop Khel | Row 180
✅ Saved → SBQ | Dhop Khel | Row 181
✅ Saved → SBQ | Dhop Khel | Row 182
✅ Saved → SBQ | Dhop Khel | Row 183
✅ Saved → SBQ | Dhop Khel | Row 184
✅ Saved → SBQ | Dhop Khel | Row 186
✅ Saved → SBQ | Dhop Khel | Row 187
✅ Saved → SBQ | Dhop Khel | Row 188
✅ Saved → SBQ | Dhop Khel | Row 189
✅ Saved → SBQ | Dhop Khel | Row 190
✅ Saved → SBQ | Dhop Khel | Row 191
✅ Saved → SBQ | Dhop Khel | Row 192
✅ Saved → SBQ | Dhop Khel | Row 193
✅ Saved → SBQ | Dhop Khel | Row 194
✅ Saved → SBQ | Dhop Khel | Row 195
✅ Saved → SBQ | Dhop Khel | Row 196
✅ Saved → SBQ | Dhop Khel | Row 197
✅ Saved → SBQ | Dhop Khel | Row 198
✅ Saved → SBQ | Dhop Khel | Row 199
✅ Saved → SBQ | Dhop Khel | Row 201
✅ Saved → SBQ | Dhop Khel | Row 202
✅ Saved → SBQ | Dhop Khel | Row 203
✅ Saved → SBQ | Dhop Khel | Row 204
✅ Saved → SBQ | Dhop Khel | Row 205
✅ Saved → SBQ | Dhop Khel | Row 206
✅ Saved → SBQ | Dhop Khel | Row 207
✅ Saved → SBQ | Dhop Khel | Row 208
✅ Saved → SBQ | Dhop Khel | Row 209
✅ Saved → SBQ | Dhop Khel | Row 210
✅ Saved → SBQ | Dhop Khel | Row 211
✅ Saved → SBQ | Dhop Khel | Row 212
✅ Saved → SBQ | Dhop Khel | Row 213
✅ Saved → SBQ | Dhop Khel | Row 214
✅ Saved → SBQ | Dhop Khel | Row 215
✅ Saved → SBQ | Dhop Khel | Row 216
✅ Saved → SBQ | Dhop Khel | Row 217
✅ Saved → SBQ | Dhop Khel | Row 219
✅ Saved → SBQ | Dhop Khel | Row 220
✅ Saved → SBQ | Dhop Khel | Row 221
✅ Saved → SBQ | Dhop Khel | Row 222
✅ Saved → SBQ | Dhop Khel | Row 223
✅ Saved → SBQ | Dhop Khel | Row 224
✅ Saved → SBQ | Dhop Khel | Row 225
✅ Saved → SBQ | Dhop Khel | Row 228
✅ Saved → SBQ | Dhop Khel | Row 229
✅ Saved → SBQ | Dhop Khel | Row 230
✅ Saved → SBQ | Dhop Khel | Row 231
✅ Saved → SBQ | Dhop Khel | Row 232
✅ Saved → SBQ | Dhop Khel | Row 233
✅ Saved → SBQ | Dhop Khel | Row 234
✅ Saved → SBQ | Dhop Khel | Row 235
✅ Saved → SBQ | Dhop Khel | Row 236
✅ Saved → SBQ | Dhop Khel | Row 237
✅ Saved → SBQ | Dhop Khel | Row 238
✅ Saved → SBQ | Dhop Khel | Row 239
✅ Saved → SBQ | Dhop Khel | Row 240
✅ Saved → SBQ | Dhop Khel | Row 241
✅ Saved → SBQ | Dhop Khel | Row 242
✅ Saved → SBQ | Dhop Khel | Row 243
✅ Saved → SBQ | Dhop Khel | Row 244
✅ Saved → SBQ | Dhop Khel | Row 245
✅ Saved → SBQ | Dhop Khel | Row 246
✅ Saved → SBQ | Dhop Khel | Row 247
✅ Saved → SBQ | Dhop Khel | Row 248
✅ Saved → SBQ | Dhop Khel | Row 249
✅ Saved → SBQ | Dhop Khel | Row 250
✅ Saved → SBQ | Dhop Khel | Row 251
✅ Saved → SBQ | Dhop Khel | Row 252
✅ Saved → SBQ | Dhop Khel | Row 253
✅ Saved → SBQ | Dhop Khel | Row 254
✅ Saved → SBQ | Dhop Khel | Row 255
✅ Saved → SBQ | Dhop Khel | Row 256
✅ Saved → SBQ | Dhop Khel | Row 257
✅ Saved → SBQ | Dhop Khel | Row 258
✅ Saved → SBQ | Dhop Khel | Row 259
✅ Saved → SBQ | Dhop Khel | Row 260
✅ Saved → SBQ | Dhop Khel | Row 261
✅ Saved → SBQ | Dhop Khel | Row 262
✅ Saved → SBQ | Dhop Khel | Row 263
✅ Saved → SBQ | Dhop Khel | Row 264
✅ Saved → SBQ | Dhop Khel | Row 265
✅ Saved → SBQ | Dhop Khel | Row 266
✅ Saved → SBQ | Dhop Khel | Row 267
✅ Saved → SBQ | Dhop Khel | Row 268
✅ Saved → SBQ | Dhop Khel | Row 269
✅ Saved → SBQ | Dhop Khel | Row 270
✅ Saved → SBQ | Dhop Khel | Row 271
✅ Saved → SBQ | Dhop Khel | Row 272
✅ Saved → SBQ | Dhop Khel | Row 273
✅ Saved → SBQ | Dhop Khel | Row 274
✅ Saved → SBQ | Dhop Khel | Row 275
✅ Saved → SBQ | Dhop Khel | Row 276
✅ Saved → SBQ | Dhop Khel | Row 278
✅ Saved → SBQ | Dhop Khel | Row 279
✅ Saved → SBQ | Dhop Khel | Row 280
✅ Saved → SBQ | Dhop Khel | Row 281
✅ Saved → SBQ | Dhop Khel | Row 282
✅ Saved → SBQ | Dhop Khel | Row 283
✅ Saved → SBQ | Dhop Khel | Row 284
✅ Saved → SBQ | Dhop Khel | Row 285
✅ Saved → SBQ | Dhop Khel | Row 286
✅ Saved → SBQ | Dhop Khel | Row 287
✅ Saved → SBQ | Dhop Khel | Row 288
✅ Saved → SBQ | Dhop Khel | Row 289
✅ Saved → SBQ | Dhop Khel | Row 290
✅ Saved → SBQ | Dhop Khel | Row 291
✅ Saved → SBQ | Dhop Khel | Row 292
✅ Saved → SBQ | Dhop Khel | Row 293
✅ Saved → SBQ | Dhop Khel | Row 294
✅ Saved → SBQ | Dhop Khel | Row 295
✅ Saved → SBQ | Dhop Khel | Row 296
✅ Saved → SBQ | Dhop Khel | Row 297
✅ Saved → SBQ | Dhop Khel | Row 298
✅ Saved → SBQ | Dhop Khel | Row 299
✅ Saved → SBQ | Dhop Khel | Row 300
✅ Saved → SBQ | Dhop Khel | Row 301
✅ Saved → SBQ | Dhop Khel | Row 302
✅ Saved → SBQ | Dhop Khel | Row 304
✅ Saved → SBQ | Dhop Khel | Row 305
✅ Saved → SBQ | Dhop Khel | Row 306
✅ Saved → SBQ | Dhop Khel | Row 307
✅ Saved → SBQ | Dhop Khel | Row 308
✅ Saved → SBQ | Dhop Khel | Row 309
✅ Saved → SBQ | Dhop Khel | Row 310
✅ Saved → SBQ | Dhop Khel | Row 311
✅ Saved → SBQ | Dhop Khel | Row 312
✅ Saved → SBQ | Dhop Khel | Row 313
✅ Saved → SBQ | Dhop Khel | Row 314
✅ Saved → SBQ | Dhop Khel | Row 315
✅ Saved → SBQ | Dhop Khel | Row 316
✅ Saved → SBQ | Dhop Khel | Row 317
✅ Saved → SBQ | Dhop Khel | Row 318
✅ Saved → SBQ | Dhop Khel | Row 319
✅ Saved → SBQ | Dhop Khel | Row 321
✅ Saved → SBQ | Dhop Khel | Row 322
✅ Saved → SBQ | Dhop Khel | Row 323
✅ Saved → SBQ | Dhop Khel | Row 324
✅ Saved → SBQ | Dhop Khel | Row 326
✅ Saved → SBQ | Dhop Khel | Row 327
✅ Saved → SBQ | Dhop Khel | Row 328
✅ Saved → SBQ | Dhop Khel | Row 329
✅ Saved → SBQ | Dhop Khel | Row 330
✅ Saved → SBQ | Dhop Khel | Row 331
✅ Saved → SBQ | Dhop Khel | Row 332
✅ Saved → SBQ | Dhop Khel | Row 333
✅ Saved → SBQ | Dhop Khel | Row 334
✅ Saved → SBQ | Dhop Khel | Row 335
✅ Saved → SBQ | Dhop Khel | Row 336
✅ Saved → SBQ | Dhop Khel | Row 337
✅ Saved → SBQ | Dhop Khel | Row 338
✅ Saved → SBQ | Dhop Khel | Row 339
✅ Saved → SBQ | Dhop Khel | Row 340
✅ Saved → SBQ | Dhop Khel | Row 341
✅ Saved → SBQ | Dhop Khel | Row 342
✅ Saved → SBQ | Dhop Khel | Row 343
✅ Saved → SBQ | Dhop Khel | Row 344
✅ Saved → SBQ | Dhop Khel | Row 345
✅ Saved → SBQ | Dhop Khel | Row 346
✅ Saved → SBQ | Dhop Khel | Row 347
✅ Saved → SBQ | Dhop Khel | Row 349
✅ Saved → SBQ | Dhop Khel | Row 350
✅ Saved → SBQ | Dhop Khel | Row 351
✅ Saved → SBQ | Dhop Khel | Row 352
✅ Saved → SBQ | Dhop Khel | Row 353
✅ Saved → SBQ | Dhop Khel | Row 354
✅ Saved → SBQ | Dhop Khel | Row 355
✅ Saved → SBQ | Dhop Khel | Row 356
✅ Saved → SBQ | Dhop Khel | Row 357
✅ Saved → SBQ | Dhop Khel | Row 358
✅ Saved → SBQ | Dhop Khel | Row 359
✅ Saved → SBQ | Dhop Khel | Row 360
✅ Saved → SBQ | Dhop Khel | Row 361
✅ Saved → SBQ | Dhop Khel | Row 362
✅ Saved → SBQ | Dhop Khel | Row 363
✅ Saved → SBQ | Dhop Khel | Row 364
✅ Saved → SBQ | Dhop Khel | Row 365
✅ Saved → SBQ | Dhop Khel | Row 366
✅ Saved → SBQ | Dhop Khel | Row 367
✅ Saved → SBQ | Dhop Khel | Row 368
✅ Saved → SBQ | Dhop Khel | Row 369
✅ Saved → SBQ | Dhop Khel | Row 370
✅ Saved → SBQ | Dhop Khel | Row 371
✅ Saved → SBQ | Dhop Khel | Row 372
✅ Saved → SBQ | Dhop Khel | Row 373
✅ Saved → SBQ | Dhop Khel | Row 374
✅ Saved → SBQ | Dhop Khel | Row 375
✅ Saved → SBQ | Dhop Khel | Row 377
✅ Saved → SBQ | Dhop Khel | Row 378
✅ Saved → SBQ | Dhop Khel | Row 379
✅ Saved → SBQ | Dhop Khel | Row 380
✅ Saved → SBQ | Dhop Khel | Row 382
✅ Saved → SBQ | Dhop Khel | Row 383
✅ Saved → SBQ | Dhop Khel | Row 384
✅ Saved → SBQ | Dhop Khel | Row 386
✅ Saved → SBQ | Dhop Khel | Row 387
✅ Saved → SBQ | Dhop Khel | Row 388
✅ Saved → SBQ | Dhop Khel | Row 389
✅ Saved → SBQ | Dhop Khel | Row 390
✅ Saved → SBQ | Dhop Khel | Row 391
✅ Saved → SBQ | Dhop Khel | Row 392
✅ Saved → SBQ | Dhop Khel | Row 393
✅ Saved → SBQ | Dhop Khel | Row 394
✅ Saved → SBQ | Dhop Khel | Row 395
✅ Saved → SBQ | Dhop Khel | Row 396
✅ Saved → SBQ | Dhop Khel | Row 397
✅ Saved → SBQ | Dhop Khel | Row 398
✅ Saved → SBQ | Dhop Khel | Row 399
✅ Saved → SBQ | Dhop Khel | Row 400
✅ Saved → SBQ | Dhop Khel | Row 401
✅ Saved → SBQ | Dhop Khel | Row 402
✅ Saved → SBQ | Dhop Khel | Row 403
✅ Saved → SBQ | Dhop Khel | Row 404
✅ Saved → SBQ | Dhop Khel | Row 405
✅ Saved → SBQ | Dhop Khel | Row 406
✅ Saved → SBQ | Dhop Khel | Row 407
✅ Saved → SBQ | Dhop Khel | Row 408
✅ Saved → SBQ | Dhop Khel | Row 409
✅ Saved → SBQ | Dhop Khel | Row 410
✅ Saved → SBQ | Dhop Khel | Row 411
✅ Saved → SBQ | Dhop Khel | Row 412
✅ Saved → SBQ | Dhop Khel | Row 413
✅ Saved → SBQ | Dhop Khel | Row 414
✅ Saved → SBQ | Dhop Khel | Row 415
✅ Saved → SBQ | Dhop Khel | Row 416
✅ Saved → SBQ | Dhop Khel | Row 417
✅ Saved → SBQ | Dhop Khel | Row 418
✅ Saved → SBQ | Dhop Khel | Row 419
✅ Saved → SBQ | Dhop Khel | Row 420
✅ Saved → SBQ | Dhop Khel | Row 421
✅ Saved → SBQ | Dhop Khel | Row 422
✅ Saved → SBQ | Dhop Khel | Row 423
✅ Saved → SBQ | Dhop Khel | Row 424
✅ Saved → SBQ | Dhop Khel | Row 425
✅ Saved → SBQ | Dhop Khel | Row 426
✅ Saved → SBQ | Dhop Khel | Row 427
✅ Saved → SBQ | Dhop Khel | Row 428
✅ Saved → SBQ | Dhop Khel | Row 429
✅ Saved → SBQ | Dhop Khel | Row 430
✅ Saved → SBQ | Dhop Khel | Row 431
✅ Saved → SBQ | Dhop Khel | Row 432
✅ Saved → SBQ | Dhop Khel | Row 433
✅ Saved → SBQ | Dhop Khel | Row 434
✅ Saved → SBQ | Dhop Khel | Row 435
✅ Saved → SBQ | Dhop Khel | Row 436
✅ Saved → SBQ | Dhop Khel | Row 437
✅ Saved → SBQ | Dhop Khel | Row 438
✅ Saved → SBQ | Dhop Khel | Row 439
✅ Saved → SBQ | Dhop Khel | Row 440
✅ Saved → SBQ | Dhop Khel | Row 441
✅ Saved → SBQ | Dhop Khel | Row 442
✅ Saved → SBQ | Dhop Khel | Row 443
✅ Saved → SBQ | Dhop Khel | Row 444
✅ Saved → SBQ | Dhop Khel | Row 445
✅ Saved → SBQ | Dhop Khel | Row 446
✅ Saved → SBQ | Dhop Khel | Row 447
✅ Saved → SBQ | Dhop Khel | Row 449
✅ Saved → SBQ | Dhop Khel | Row 450
✅ Saved → SBQ | Dhop Khel | Row 451
✅ Saved → SBQ | Dhop Khel | Row 452
✅ Saved → SBQ | Dhop Khel | Row 453
✅ Saved → SBQ | Dhop Khel | Row 454
✅ Saved → SBQ | Dhop Khel | Row 455
✅ Saved → SBQ | Dhop Khel | Row 456
✅ Saved → SBQ | Dhop Khel | Row 457
✅ Saved → SBQ | Dhop Khel | Row 458
✅ Saved → SBQ | Dhop Khel | Row 459
✅ Saved → SBQ | Dhop Khel | Row 460
✅ Saved → SBQ | Dhop Khel | Row 461
✅ Saved → SBQ | Dhop Khel | Row 462
✅ Saved → SBQ | Dhop Khel | Row 463
✅ Saved → SBQ | Dhop Khel | Row 464
✅ Saved → SBQ | Dhop Khel | Row 465
✅ Saved → SBQ | Dhop Khel | Row 466
✅ Saved → SBQ | Dhop Khel | Row 467
✅ Saved → SBQ | Dhop Khel | Row 468
✅ Saved → SBQ | Dhop Khel | Row 469
✅ Saved → SBQ | Dhop Khel | Row 470
✅ Saved → SBQ | Dhop Khel | Row 471
✅ Saved → SBQ | Dhop Khel | Row 472
✅ Saved → SBQ | Dhop Khel | Row 473
✅ Saved → SBQ | Dhop Khel | Row 474
✅ Saved → SBQ | Dhop Khel | Row 475
✅ Saved → SBQ | Dhop Khel | Row 476
✅ Saved → SBQ | Dhop Khel | Row 477
✅ Saved → SBQ | Dhop Khel | Row 478
✅ Saved → SBQ | Dhop Khel | Row 479
✅ Saved → SBQ | Dhop Khel | Row 480
✅ Saved → SBQ | Dhop Khel | Row 482
✅ Saved → SBQ | Dhop Khel | Row 483
✅ Saved → SBQ | Dhop Khel | Row 484
✅ Saved → SBQ | Dhop Khel | Row 485
✅ Saved → SBQ | Dhop Khel | Row 486
✅ Saved → SBQ | Dhop Khel | Row 487
✅ Saved → SBQ | Dhop Khel | Row 488
✅ Saved → SBQ | Dhop Khel | Row 489
✅ Saved → SBQ | Dhop Khel | Row 490
✅ Saved → SBQ | Dhop Khel | Row 491
✅ Saved → SBQ | Dhop Khel | Row 492
✅ Saved → SBQ | Dhop Khel | Row 493
✅ Saved → SBQ | Dhop Khel | Row 494
✅ Saved → SBQ | Dhop Khel | Row 495
✅ Saved → SBQ | Dhop Khel | Row 496
✅ Saved → SBQ | Dhop Khel | Row 497
✅ Saved → SBQ | Dhop Khel | Row 500
✅ Saved → SBQ | Dhop Khel | Row 501
✅ Saved → SBQ | Dhop Khel | Row 502
✅ Saved → SBQ | Dhop Khel | Row 503
✅ Saved → SBQ | Dhop Khel | Row 504
✅ Saved → SBQ | Dhop Khel | Row 505
✅ Saved → SBQ | Dhop Khel | Row 506
✅ Saved → SBQ | Dhop Khel | Row 507
✅ Saved → SBQ | Dhop Khel | Row 508
✅ Saved → SBQ | Dhop Khel | Row 509
✅ Saved → SBQ | Dhop Khel | Row 510
✅ Saved → SBQ | Dhop Khel | Row 511
✅ Saved → SBQ | Dhop Khel | Row 512
✅ Saved → SBQ | Dhop Khel | Row 513
✅ Saved → SBQ | Dhop Khel | Row 515
✅ Saved → SBQ | Dhop Khel | Row 516
✅ Saved → SBQ | Dhop Khel | Row 517
✅ Saved → SBQ | Dhop Khel | Row 518
✅ Saved → SBQ | Dhop Khel | Row 519
✅ Saved → SBQ | Dhop Khel | Row 520
✅ Saved → SBQ | Dhop Khel | Row 521
✅ Saved → SBQ | Dhop Khel | Row 522
✅ Saved → SBQ | Dhop Khel | Row 523
✅ Saved → SBQ | Dhop Khel | Row 524
✅ Saved → SBQ | Dhop Khel | Row 525
✅ Saved → SBQ | Dhop Khel | Row 526
✅ Saved → SBQ | Dhop Khel | Row 527
✅ Saved → SBQ | Dhop Khel | Row 528
✅ Saved → SBQ | Dhop Khel | Row 529
✅ Saved → SBQ | Dhop Khel | Row 531
✅ Saved → SBQ | Dhop Khel | Row 532
✅ Saved → SBQ | Dhop Khel | Row 534
✅ Saved → SBQ | Dhop Khel | Row 535
✅ Saved → SBQ | Dhop Khel | Row 536
✅ Saved → SBQ | Dhop Khel | Row 537
✅ Saved → SBQ | Dhop Khel | Row 538
✅ Saved → SBQ | Dhop Khel | Row 539
✅ Saved → SBQ | Dhop Khel | Row 540
✅ Saved → SBQ | Dhop Khel | Row 542
✅ Saved → SBQ | Dhop Khel | Row 543
✅ Saved → SBQ | Dhop Khel | Row 544
✅ Saved → SBQ | Dhop Khel | Row 545
✅ Saved → SBQ | Dhop Khel | Row 546
✅ Saved → SBQ | Dhop Khel | Row 547
✅ Saved → SBQ | Dhop Khel | Row 548
✅ Saved → SBQ | Dhop Khel | Row 549
✅ Saved → SBQ | Dhop Khel | Row 551
✅ Saved → SBQ | Dhop Khel | Row 552
✅ Saved → SBQ | Dhop Khel | Row 553
✅ Saved → SBQ | Dhop Khel | Row 554
✅ Saved → SBQ | Dhop Khel | Row 555
✅ Saved → SBQ | Dhop Khel | Row 556
✅ Saved → SBQ | Dhop Khel | Row 557
✅ Saved → SBQ | Dhop Khel | Row 558
✅ Saved → SBQ | Dhop Khel | Row 559
✅ Saved → SBQ | Dhop Khel | Row 560
✅ Saved → SBQ | Dhop Khel | Row 561
✅ Saved → SBQ | Dhop Khel | Row 562
✅ Saved → SBQ | Dhop Khel | Row 563
✅ Saved → SBQ | Dhop Khel | Row 564
✅ Saved → SBQ | Dhop Khel | Row 565
✅ Saved → SBQ | Dhop Khel | Row 566
✅ Saved → SBQ | Dhop Khel | Row 567
✅ Saved → SBQ | Dhop Khel | Row 568
✅ Saved → SBQ | Dhop Khel | Row 569
✅ Saved → SBQ | Dhop Khel | Row 570
✅ Saved → SBQ | Dhop Khel | Row 571
✅ Saved → SBQ | Dhop Khel | Row 572
✅ Saved → SBQ | Dhop Khel | Row 573
✅ Saved → SBQ | Dhop Khel | Row 574
✅ Saved → SBQ | Dhop Khel | Row 575
✅ Saved → SBQ | Dhop Khel | Row 576
✅ Saved → SBQ | Dhop Khel | Row 577
✅ Saved → SBQ | Dhop Khel | Row 578
✅ Saved → SBQ | Dhop Khel | Row 579
✅ Saved → SBQ | Dhop Khel | Row 580
✅ Saved → SBQ | Dhop Khel | Row 581
✅ Saved → SBQ | Dhop Khel | Row 582
✅ Saved → SBQ | Dhop Khel | Row 583
✅ Saved → SBQ | Dhop Khel | Row 584
✅ Saved → SBQ | Dhop Khel | Row 585
✅ Saved → SBQ | Dhop Khel | Row 587
✅ Saved → SBQ | Dhop Khel | Row 588
✅ Saved → SBQ | Dhop Khel | Row 589
✅ Saved → SBQ | Dhop Khel | Row 590
✅ Saved → SBQ | Dhop Khel | Row 591
✅ Saved → SBQ | Dhop Khel | Row 592
✅ Saved → SBQ | Dhop Khel | Row 593
✅ Saved → SBQ | Dhop Khel | Row 594
✅ Saved → SBQ | Dhop Khel | Row 595
✅ Saved → SBQ | Dhop Khel | Row 596
✅ Saved → SBQ | Dhop Khel | Row 597
✅ Saved → SBQ | Dhop Khel | Row 598
✅ Saved → SBQ | Dhop Khel | Row 599
✅ Saved → SBQ | Dhop Khel | Row 600
✅ Saved → SBQ | Dhop Khel | Row 601
✅ Saved → SBQ | Dhop Khel | Row 602
✅ Saved → SBQ | Dhop Khel | Row 603
✅ Saved → SBQ | Dhop Khel | Row 604
✅ Saved → SBQ | Dhop Khel | Row 605
✅ Saved → SBQ | Dhop Khel | Row 606
✅ Saved → SBQ | Dhop Khel | Row 607
✅ Saved → SBQ | Dhop Khel | Row 608
✅ Saved → SBQ | Dhop Khel | Row 609
✅ Saved → SBQ | Dhop Khel | Row 610
✅ Saved → SBQ | Dhop Khel | Row 611
✅ Saved → SBQ | Dhop Khel | Row 612
✅ Saved → SBQ | Dhop Khel | Row 613
✅ Saved → SBQ | Dhop Khel | Row 614
✅ Saved → SBQ | Dhop Khel | Row 615
✅ Saved → SBQ | Dhop Khel | Row 616
✅ Saved → SBQ | Dhop Khel | Row 617
✅ Saved → SBQ | Dhop Khel | Row 618
✅ Saved → SBQ | Dhop Khel | Row 619
✅ Saved → SBQ | Dhop Khel | Row 620
✅ Saved → SBQ | Dhop Khel | Row 621
✅ Saved → SBQ | Dhop Khel | Row 622
✅ Saved → SBQ | Dhop Khel | Row 623
✅ Saved → SBQ | Dhop Khel | Row 624
✅ Saved → SBQ | Dhop Khel | Row 625
✅ Saved → SBQ | Dhop Khel | Row 626
✅ Saved → SBQ | Dhop Khel | Row 627
✅ Saved → SBQ | Dhop Khel | Row 628
✅ Saved → SBQ | Dhop Khel | Row 629
✅ Saved → SBQ | Dhop Khel | Row 630
✅ Saved → SBQ | Dhop Khel | Row 631
✅ Saved → SBQ | Dhop Khel | Row 632
✅ Saved → SBQ | Dhop Khel | Row 633
✅ Saved → SBQ | Dhop Khel | Row 634
✅ Saved → SBQ | Dhop Khel | Row 635
✅ Saved → SBQ | Dhop Khel | Row 636
✅ Saved → SBQ | Dhop Khel | Row 637
✅ Saved → SBQ | Dhop Khel | Row 638
✅ Saved → SBQ | Dhop Khel | Row 640
✅ Saved → SBQ | Dhop Khel | Row 641
✅ Saved → SBQ | Dhop Khel | Row 642
✅ Saved → SBQ | Dhop Khel | Row 643
✅ Saved → SBQ | Dhop Khel | Row 644
✅ Saved → SBQ | Dhop Khel | Row 645
✅ Saved → SBQ | Dhop Khel | Row 646
✅ Saved → SBQ | Dhop Khel | Row 647
✅ Saved → SBQ | Dhop Khel | Row 648
✅ Saved → SBQ | Dhop Khel | Row 649
✅ Saved → SBQ | Dhop Khel | Row 650
✅ Saved → SBQ | Dhop Khel | Row 651
✅ Saved → SBQ | Dhop Khel | Row 652
✅ Saved → SBQ | Dhop Khel | Row 653
✅ Saved → SBQ | Dhop Khel | Row 654
✅ Saved → SBQ | Dhop Khel | Row 655
✅ Saved → SBQ | Dhop Khel | Row 656
✅ Saved → SBQ | Dhop Khel | Row 657
✅ Saved → SBQ | Dhop Khel | Row 659
✅ Saved → SBQ | Dhop Khel | Row 660
✅ Saved → SBQ | Dhop Khel | Row 661
✅ Saved → SBQ | Dhop Khel | Row 662
✅ Saved → SBQ | Dhop Khel | Row 663
✅ Saved → SBQ | Dhop Khel | Row 664
✅ Saved → SBQ | Dhop Khel | Row 665
✅ Saved → SBQ | Dhop Khel | Row 666
✅ Saved → SBQ | Dhop Khel | Row 667
✅ Saved → SBQ | Dhop Khel | Row 668
✅ Saved → SBQ | Dhop Khel | Row 669
✅ Saved → SBQ | Dhop Khel | Row 670
✅ Saved → SBQ | Dhop Khel | Row 671
✅ Saved → SBQ | Dhop Khel | Row 672
✅ Saved → SBQ | Dhop Khel | Row 673
✅ Saved → SBQ | Dhop Khel | Row 674
✅ Saved → SBQ | Dhop Khel | Row 675
✅ Saved → SBQ | Dhop Khel | Row 676
✅ Saved → SBQ | Dhop Khel | Row 677
✅ Saved → SBQ | Dhop Khel | Row 678
✅ Saved → SBQ | Dhop Khel | Row 679
✅ Saved → SBQ | Dhop Khel | Row 680
✅ Saved → SBQ | Dhop Khel | Row 681
✅ Saved → SBQ | Dhop Khel | Row 682
✅ Saved → SBQ | Dhop Khel | Row 683
✅ Saved → SBQ | Dhop Khel | Row 684
✅ Saved → SBQ | Dhop Khel | Row 685
✅ Saved → SBQ | Dhop Khel | Row 686
✅ Saved → SBQ | Dhop Khel | Row 687
✅ Saved → SBQ | Dhop Khel | Row 688
✅ Saved → SBQ | Dhop Khel | Row 689
✅ Saved → SBQ | Dhop Khel | Row 690
✅ Saved → SBQ | Dhop Khel | Row 691
✅ Saved → SBQ | Dhop Khel | Row 692
✅ Saved → SBQ | Dhop Khel | Row 693
✅ Saved → SBQ | Dhop Khel | Row 694
✅ Saved → SBQ | Dhop Khel | Row 695
✅ Saved → SBQ | Dhop Khel | Row 696
✅ Saved → SBQ | Dhop Khel | Row 697
✅ Saved → SBQ | Dhop Khel | Row 698
✅ Saved → SBQ | Dhop Khel | Row 699
✅ Saved → SBQ | Dhop Khel | Row 700
✅ Saved → SBQ | Dhop Khel | Row 701
✅ Saved → SBQ | Dhop Khel | Row 703
✅ Saved → SBQ | Dhop Khel | Row 704
✅ Saved → SBQ | Dhop Khel | Row 705
✅ Saved → SBQ | Dhop Khel | Row 706
✅ Saved → SBQ | Dhop Khel | Row 707
✅ Saved → SBQ | Dhop Khel | Row 708
✅ Saved → SBQ | Dhop Khel | Row 709
✅ Saved → SBQ | Dhop Khel | Row 710
✅ Saved → SBQ | Dhop Khel | Row 711
✅ Saved → SBQ | Dhop Khel | Row 713
✅ Saved → SBQ | Dhop Khel | Row 714
✅ Saved → SBQ | Dhop Khel | Row 715
✅ Saved → SBQ | Dhop Khel | Row 716
✅ Saved → SBQ | Dhop Khel | Row 717
✅ Saved → SBQ | Dhop Khel | Row 718
✅ Saved → SBQ | Dhop Khel | Row 719
✅ Saved → SBQ | Dhop Khel | Row 720
✅ Saved → SBQ | Dhop Khel | Row 721
✅ Saved → SBQ | Dhop Khel | Row 722
✅ Saved → SBQ | Dhop Khel | Row 723
✅ Saved → SBQ | Dhop Khel | Row 724
✅ Saved → SBQ | Dhop Khel | Row 725
✅ Saved → SBQ | Dhop Khel | Row 726
✅ Saved → SBQ | Dhop Khel | Row 727
✅ Saved → SBQ | Dhop Khel | Row 728
✅ Saved → SBQ | Dhop Khel | Row 729
✅ Saved → SBQ | Dhop Khel | Row 730
✅ Saved → SBQ | Dhop Khel | Row 731
✅ Saved → SBQ | Dhop Khel | Row 732
✅ Saved → SBQ | Dhop Khel | Row 733
✅ Saved → SBQ | Dhop Khel | Row 734
✅ Saved → SBQ | Dhop Khel | Row 735
✅ Saved → SBQ | Dhop Khel | Row 736
✅ Saved → SBQ | Dhop Khel | Row 737
✅ Saved → SBQ | Dhop Khel | Row 738
✅ Saved → SBQ | Dhop Khel | Row 739
✅ Saved → SBQ | Dhop Khel | Row 740
✅ Saved → SBQ | Dhop Khel | Row 741
✅ Saved → SBQ | Dhop Khel | Row 742
✅ Saved → SBQ | Dhop Khel | Row 743
✅ Saved → SBQ | Dhop Khel | Row 744
✅ Saved → SBQ | Dhop Khel | Row 745
✅ Saved → SBQ | Dhop Khel | Row 746
✅ Saved → SBQ | Dhop Khel | Row 747
✅ Saved → SBQ | Dhop Khel | Row 748
✅ Saved → SBQ | Dhop Khel | Row 749
✅ Saved → SBQ | Dhop Khel | Row 750
✅ Saved → SBQ | Dhop Khel | Row 751
✅ Saved → SBQ | Dhop Khel | Row 752
✅ Saved → SBQ | Dhop Khel | Row 753
✅ Saved → SBQ | Dhop Khel | Row 754
✅ Saved → SBQ | Dhop Khel | Row 755
✅ Saved → SBQ | Dhop Khel | Row 756
✅ Saved → SBQ | Dhop Khel | Row 757
✅ Saved → SBQ | Dhop Khel | Row 758
✅ Saved → SBQ | Dhop Khel | Row 759
✅ Saved → SBQ | Dhop Khel | Row 760
✅ Saved → SBQ | Dhop Khel | Row 761
✅ Saved → SBQ | Dhop Khel | Row 762
✅ Saved → SBQ | Dhop Khel | Row 763
✅ Saved → SBQ | Dhop Khel | Row 764
✅ Saved → SBQ | Dhop Khel | Row 765
✅ Saved → SBQ | Dhop Khel | Row 766
✅ Saved → SBQ | Dhop Khel | Row 767
✅ Saved → SBQ | Dhop Khel | Row 768
✅ Saved → SBQ | Dhop Khel | Row 769
✅ Saved → SBQ | Dhop Khel | Row 770
✅ Saved → SBQ | Dhop Khel | Row 771
✅ Saved → SBQ | Dhop Khel | Row 772
✅ Saved → SBQ | Dhop Khel | Row 773
✅ Saved → SBQ | Dhop Khel | Row 774
✅ Saved → SBQ | Dhop Khel | Row 775
✅ Saved → SBQ | Dhop Khel | Row 776
✅ Saved → SBQ | Dhop Khel | Row 777
✅ Saved → SBQ | Dhop Khel | Row 778
✅ Saved → SBQ | Dhop Khel | Row 779
✅ Saved → SBQ | Dhop Khel | Row 780
✅ Saved → SBQ | Dhop Khel | Row 781
✅ Saved → SBQ | Dhop Khel | Row 782
✅ Saved → SBQ | Dhop Khel | Row 783
✅ Saved → SBQ | Dhop Khel | Row 784
✅ Saved → SBQ | Dhop Khel | Row 785
✅ Saved → SBQ | Dhop Khel | Row 786
✅ Saved → SBQ | Dhop Khel | Row 787
✅ Saved → SBQ | Dhop Khel | Row 788
✅ Saved → SBQ | Dhop Khel | Row 789
✅ Saved → SBQ | Dhop Khel | Row 790
✅ Saved → SBQ | Dhop Khel | Row 791
✅ Saved → SBQ | Dhop Khel | Row 792
✅ Saved → SBQ | Dhop Khel | Row 793
✅ Saved → SBQ | Dhop Khel | Row 794
✅ Saved → SBQ | Dhop Khel | Row 795
✅ Saved → SBQ | Dhop Khel | Row 796
✅ Saved → SBQ | Dhop Khel | Row 797
✅ Saved → SBQ | Dhop Khel | Row 798
✅ Saved → SBQ | Dhop Khel | Row 799
✅ Saved → SBQ | Dhop Khel | Row 800
✅ Saved → SBQ | Dhop Khel | Row 801
✅ Saved → SBQ | Dhop Khel | Row 802
✅ Saved → SBQ | Dhop Khel | Row 803
✅ Saved → SBQ | Dhop Khel | Row 804
✅ Saved → SBQ | Dhop Khel | Row 805
✅ Saved → SBQ | Dhop Khel | Row 806
✅ Saved → SBQ | Dhop Khel | Row 807
✅ Saved → SBQ | Dhop Khel | Row 808
✅ Saved → SBQ | Dhop Khel | Row 810
✅ Saved → SBQ | Dhop Khel | Row 811
✅ Saved → SBQ | Dhop Khel | Row 812
✅ Saved → SBQ | Dhop Khel | Row 813
✅ Saved → SBQ | Dhop Khel | Row 814
✅ Saved → SBQ | Dhop Khel | Row 815
✅ Saved → SBQ | Dhop Khel | Row 816
✅ Saved → SBQ | Dhop Khel | Row 817
✅ Saved → SBQ | Dhop Khel | Row 818
✅ Saved → SBQ | Dhop Khel | Row 819
✅ Saved → SBQ | Dhop Khel | Row 820
✅ Saved → SBQ | Dhop Khel | Row 821
✅ Saved → SBQ | Dhop Khel | Row 822
✅ Saved → SBQ | Dhop Khel | Row 823
✅ Saved → SBQ | Dhop Khel | Row 824
✅ Saved → SBQ | Dhop Khel | Row 825
✅ Saved → SBQ | Dhop Khel | Row 826
✅ Saved → SBQ | Dhop Khel | Row 827
✅ Saved → SBQ | Dhop Khel | Row 828
✅ Saved → SBQ | Dhop Khel | Row 829
✅ Saved → SBQ | Dhop Khel | Row 830
✅ Saved → SBQ | Dhop Khel | Row 831
✅ Saved → SBQ | Dhop Khel | Row 832
✅ Saved → SBQ | Dhop Khel | Row 833
✅ Saved → SBQ | Dhop Khel | Row 834
✅ Saved → SBQ | Dhop Khel | Row 835
✅ Saved → SBQ | Dhop Khel | Row 836
✅ Saved → SBQ | Dhop Khel | Row 837
✅ Saved → SBQ | Dhop Khel | Row 838
✅ Saved → SBQ | Dhop Khel | Row 839
✅ Saved → SBQ | Dhop Khel | Row 840
✅ Saved → SBQ | Dhop Khel | Row 841
✅ Saved → SBQ | Dhop Khel | Row 842
✅ Saved → SBQ | Dhop Khel | Row 843
✅ Saved → SBQ | Dhop Khel | Row 844
✅ Saved → SBQ | Dhop Khel | Row 845
✅ Saved → SBQ | Dhop Khel | Row 846
✅ Saved → SBQ | Dhop Khel | Row 847
✅ Saved → SBQ | Dhop Khel | Row 848
✅ Saved → SBQ | Dhop Khel | Row 849
✅ Saved → SBQ | Dhop Khel | Row 850
✅ Saved → SBQ | Dhop Khel | Row 851
✅ Saved → SBQ | Dhop Khel | Row 852
✅ Saved → SBQ | Dhop Khel | Row 853
✅ Saved → SBQ | Dhop Khel | Row 854
✅ Saved → SBQ | Dhop Khel | Row 855
✅ Saved → SBQ | Dhop Khel | Row 856
✅ Saved → SBQ | Dhop Khel | Row 857
✅ Saved → SBQ | Dhop Khel | Row 858
✅ Saved → SBQ | Dhop Khel | Row 859
✅ Saved → SBQ | Dhop Khel | Row 860
✅ Saved → SBQ | Dhop Khel | Row 861
✅ Saved → SBQ | Dhop Khel | Row 862
✅ Saved → SBQ | Dhop Khel | Row 863
Kanche
✅ Saved → SBQ | Kanche | Row 0
✅ Saved → SBQ | Kanche | Row 1
✅ Saved → SBQ | Kanche | Row 2
✅ Saved → SBQ | Kanche | Row 3
✅ Saved → SBQ | Kanche | Row 4
✅ Saved → SBQ | Kanche | Row 5
✅ Saved → SBQ | Kanche | Row 6
✅ Saved → SBQ | Kanche | Row 7
✅ Saved → SBQ | Kanche | Row 8
✅ Saved → SBQ | Kanche | Row 9
✅ Saved → SBQ | Kanche | Row 10
✅ Saved → SBQ | Kanche | Row 11
✅ Saved → SBQ | Kanche | Row 12
✅ Saved → SBQ | Kanche | Row 13
✅ Saved → SBQ | Kanche | Row 14
✅ Saved → SBQ | Kanche | Row 15
✅ Saved → SBQ | Kanche | Row 16
✅ Saved → SBQ | Kanche | Row 17
✅ Saved → SBQ | Kanche | Row 18
✅ Saved → SBQ | Kanche | Row 19
✅ Saved → SBQ | Kanche | Row 20
✅ Saved → SBQ | Kanche | Row 21
✅ Saved → SBQ | Kanche | Row 22
✅ Saved → SBQ | Kanche | Row 23
✅ Saved → SBQ | Kanche | Row 24
✅ Saved → SBQ | Kanche | Row 25
✅ Saved → SBQ | Kanche | Row 26
✅ Saved → SBQ | Kanche | Row 27
✅ Saved → SBQ | Kanche | Row 28
✅ Saved → SBQ | Kanche | Row 29
✅ Saved → SBQ | Kanche | Row 30
✅ Saved → SBQ | Kanche | Row 31
✅ Saved → SBQ | Kanche | Row 32
✅ Saved → SBQ | Kanche | Row 33
✅ Saved → SBQ | Kanche | Row 34
✅ Saved → SBQ | Kanche | Row 35
✅ Saved → SBQ | Kanche | Row 36
✅ Saved → SBQ | Kanche | Row 37
✅ Saved → SBQ | Kanche | Row 38
✅ Saved → SBQ | Kanche | Row 39
✅ Saved → SBQ | Kanche | Row 40
✅ Saved → SBQ | Kanche | Row 41
✅ Saved → SBQ | Kanche | Row 42
✅ Saved → SBQ | Kanche | Row 43
✅ Saved → SBQ | Kanche | Row 44
✅ Saved → SBQ | Kanche | Row 45
✅ Saved → SBQ | Kanche | Row 46
✅ Saved → SBQ | Kanche | Row 47
✅ Saved → SBQ | Kanche | Row 48
✅ Saved → SBQ | Kanche | Row 49
✅ Saved → SBQ | Kanche | Row 50
✅ Saved → SBQ | Kanche | Row 51
✅ Saved → SBQ | Kanche | Row 52
✅ Saved → SBQ | Kanche | Row 53
✅ Saved → SBQ | Kanche | Row 54
✅ Saved → SBQ | Kanche | Row 55
✅ Saved → SBQ | Kanche | Row 56
✅ Saved → SBQ | Kanche | Row 57
✅ Saved → SBQ | Kanche | Row 58
✅ Saved → SBQ | Kanche | Row 59
✅ Saved → SBQ | Kanche | Row 60
✅ Saved → SBQ | Kanche | Row 61
✅ Saved → SBQ | Kanche | Row 62
✅ Saved → SBQ | Kanche | Row 63
✅ Saved → SBQ | Kanche | Row 64
✅ Saved → SBQ | Kanche | Row 65
✅ Saved → SBQ | Kanche | Row 66
✅ Saved → SBQ | Kanche | Row 67
✅ Saved → SBQ | Kanche | Row 68
✅ Saved → SBQ | Kanche | Row 69
✅ Saved → SBQ | Kanche | Row 70
✅ Saved → SBQ | Kanche | Row 71
✅ Saved → SBQ | Kanche | Row 72
✅ Saved → SBQ | Kanche | Row 73
✅ Saved → SBQ | Kanche | Row 74
✅ Saved → SBQ | Kanche | Row 75
✅ Saved → SBQ | Kanche | Row 76
✅ Saved → SBQ | Kanche | Row 77
✅ Saved → SBQ | Kanche | Row 78
✅ Saved → SBQ | Kanche | Row 79
✅ Saved → SBQ | Kanche | Row 80
✅ Saved → SBQ | Kanche | Row 81
✅ Saved → SBQ | Kanche | Row 82
✅ Saved → SBQ | Kanche | Row 83
✅ Saved → SBQ | Kanche | Row 84
✅ Saved → SBQ | Kanche | Row 85
✅ Saved → SBQ | Kanche | Row 86
✅ Saved → SBQ | Kanche | Row 88
✅ Saved → SBQ | Kanche | Row 89
✅ Saved → SBQ | Kanche | Row 90
✅ Saved → SBQ | Kanche | Row 91
✅ Saved → SBQ | Kanche | Row 92
✅ Saved → SBQ | Kanche | Row 93
✅ Saved → SBQ | Kanche | Row 94
✅ Saved → SBQ | Kanche | Row 95
✅ Saved → SBQ | Kanche | Row 96
✅ Saved → SBQ | Kanche | Row 97
✅ Saved → SBQ | Kanche | Row 98
✅ Saved → SBQ | Kanche | Row 99
✅ Saved → SBQ | Kanche | Row 100
✅ Saved → SBQ | Kanche | Row 101
✅ Saved → SBQ | Kanche | Row 102
✅ Saved → SBQ | Kanche | Row 103
✅ Saved → SBQ | Kanche | Row 105
✅ Saved → SBQ | Kanche | Row 106
✅ Saved → SBQ | Kanche | Row 107
✅ Saved → SBQ | Kanche | Row 108
✅ Saved → SBQ | Kanche | Row 109
✅ Saved → SBQ | Kanche | Row 110
✅ Saved → SBQ | Kanche | Row 112
✅ Saved → SBQ | Kanche | Row 114
✅ Saved → SBQ | Kanche | Row 116
✅ Saved → SBQ | Kanche | Row 117
✅ Saved → SBQ | Kanche | Row 118
✅ Saved → SBQ | Kanche | Row 119
✅ Saved → SBQ | Kanche | Row 121
✅ Saved → SBQ | Kanche | Row 122
✅ Saved → SBQ | Kanche | Row 124
✅ Saved → SBQ | Kanche | Row 125
✅ Saved → SBQ | Kanche | Row 127
✅ Saved → SBQ | Kanche | Row 128
✅ Saved → SBQ | Kanche | Row 129
✅ Saved → SBQ | Kanche | Row 130
✅ Saved → SBQ | Kanche | Row 131
✅ Saved → SBQ | Kanche | Row 132
✅ Saved → SBQ | Kanche | Row 133
✅ Saved → SBQ | Kanche | Row 134
✅ Saved → SBQ | Kanche | Row 135
✅ Saved → SBQ | Kanche | Row 137
✅ Saved → SBQ | Kanche | Row 138
✅ Saved → SBQ | Kanche | Row 139
✅ Saved → SBQ | Kanche | Row 140
✅ Saved → SBQ | Kanche | Row 141
✅ Saved → SBQ | Kanche | Row 142
✅ Saved → SBQ | Kanche | Row 143
✅ Saved → SBQ | Kanche | Row 144
✅ Saved → SBQ | Kanche | Row 145
✅ Saved → SBQ | Kanche | Row 146
✅ Saved → SBQ | Kanche | Row 147
✅ Saved → SBQ | Kanche | Row 148
✅ Saved → SBQ | Kanche | Row 149
✅ Saved → SBQ | Kanche | Row 150
✅ Saved → SBQ | Kanche | Row 152
✅ Saved → SBQ | Kanche | Row 153
✅ Saved → SBQ | Kanche | Row 154
✅ Saved → SBQ | Kanche | Row 155
✅ Saved → SBQ | Kanche | Row 156
✅ Saved → SBQ | Kanche | Row 157
✅ Saved → SBQ | Kanche | Row 158
✅ Saved → SBQ | Kanche | Row 159
✅ Saved → SBQ | Kanche | Row 160
✅ Saved → SBQ | Kanche | Row 161
✅ Saved → SBQ | Kanche | Row 162
✅ Saved → SBQ | Kanche | Row 163
✅ Saved → SBQ | Kanche | Row 164
✅ Saved → SBQ | Kanche | Row 165
✅ Saved → SBQ | Kanche | Row 166
✅ Saved → SBQ | Kanche | Row 167
✅ Saved → SBQ | Kanche | Row 168
✅ Saved → SBQ | Kanche | Row 169
✅ Saved → SBQ | Kanche | Row 170
✅ Saved → SBQ | Kanche | Row 171
✅ Saved → SBQ | Kanche | Row 172
✅ Saved → SBQ | Kanche | Row 173
✅ Saved → SBQ | Kanche | Row 174
✅ Saved → SBQ | Kanche | Row 175
✅ Saved → SBQ | Kanche | Row 176
✅ Saved → SBQ | Kanche | Row 178
✅ Saved → SBQ | Kanche | Row 179
✅ Saved → SBQ | Kanche | Row 180
✅ Saved → SBQ | Kanche | Row 181
✅ Saved → SBQ | Kanche | Row 182
✅ Saved → SBQ | Kanche | Row 183
✅ Saved → SBQ | Kanche | Row 184
✅ Saved → SBQ | Kanche | Row 186
✅ Saved → SBQ | Kanche | Row 187
✅ Saved → SBQ | Kanche | Row 189
✅ Saved → SBQ | Kanche | Row 190
✅ Saved → SBQ | Kanche | Row 191
✅ Saved → SBQ | Kanche | Row 192
✅ Saved → SBQ | Kanche | Row 193
✅ Saved → SBQ | Kanche | Row 194
✅ Saved → SBQ | Kanche | Row 195
✅ Saved → SBQ | Kanche | Row 198
✅ Saved → SBQ | Kanche | Row 199
✅ Saved → SBQ | Kanche | Row 200
✅ Saved → SBQ | Kanche | Row 201
✅ Saved → SBQ | Kanche | Row 202
✅ Saved → SBQ | Kanche | Row 203
✅ Saved → SBQ | Kanche | Row 204
✅ Saved → SBQ | Kanche | Row 205
✅ Saved → SBQ | Kanche | Row 206
✅ Saved → SBQ | Kanche | Row 207
✅ Saved → SBQ | Kanche | Row 208
✅ Saved → SBQ | Kanche | Row 210
✅ Saved → SBQ | Kanche | Row 211
✅ Saved → SBQ | Kanche | Row 212
✅ Saved → SBQ | Kanche | Row 214
✅ Saved → SBQ | Kanche | Row 215
✅ Saved → SBQ | Kanche | Row 216
✅ Saved → SBQ | Kanche | Row 217
✅ Saved → SBQ | Kanche | Row 218
✅ Saved → SBQ | Kanche | Row 219
✅ Saved → SBQ | Kanche | Row 220
✅ Saved → SBQ | Kanche | Row 221
✅ Saved → SBQ | Kanche | Row 222
✅ Saved → SBQ | Kanche | Row 223
✅ Saved → SBQ | Kanche | Row 224
✅ Saved → SBQ | Kanche | Row 225
✅ Saved → SBQ | Kanche | Row 226
✅ Saved → SBQ | Kanche | Row 228
✅ Saved → SBQ | Kanche | Row 229
✅ Saved → SBQ | Kanche | Row 233
✅ Saved → SBQ | Kanche | Row 234
✅ Saved → SBQ | Kanche | Row 235
✅ Saved → SBQ | Kanche | Row 238
✅ Saved → SBQ | Kanche | Row 239
✅ Saved → SBQ | Kanche | Row 240
✅ Saved → SBQ | Kanche | Row 241
✅ Saved → SBQ | Kanche | Row 247
✅ Saved → SBQ | Kanche | Row 248
✅ Saved → SBQ | Kanche | Row 250
✅ Saved → SBQ | Kanche | Row 252
✅ Saved → SBQ | Kanche | Row 256
✅ Saved → SBQ | Kanche | Row 260
✅ Saved → SBQ | Kanche | Row 262
✅ Saved → SBQ | Kanche | Row 263
✅ Saved → SBQ | Kanche | Row 264
✅ Saved → SBQ | Kanche | Row 265
✅ Saved → SBQ | Kanche | Row 267
✅ Saved → SBQ | Kanche | Row 268
✅ Saved → SBQ | Kanche | Row 269
✅ Saved → SBQ | Kanche | Row 274
✅ Saved → SBQ | Kanche | Row 275
✅ Saved → SBQ | Kanche | Row 277
✅ Saved → SBQ | Kanche | Row 278
✅ Saved → SBQ | Kanche | Row 280
✅ Saved → SBQ | Kanche | Row 284
✅ Saved → SBQ | Kanche | Row 287
✅ Saved → SBQ | Kanche | Row 288
✅ Saved → SBQ | Kanche | Row 294
✅ Saved → SBQ | Kanche | Row 298
✅ Saved → SBQ | Kanche | Row 303
✅ Saved → SBQ | Kanche | Row 309
✅ Saved → SBQ | Kanche | Row 310
✅ Saved → SBQ | Kanche | Row 311
✅ Saved → SBQ | Kanche | Row 313
✅ Saved → SBQ | Kanche | Row 315
✅ Saved → SBQ | Kanche | Row 316
✅ Saved → SBQ | Kanche | Row 319
✅ Saved → SBQ | Kanche | Row 320
✅ Saved → SBQ | Kanche | Row 323
✅ Saved → SBQ | Kanche | Row 324
✅ Saved → SBQ | Kanche | Row 325
✅ Saved → SBQ | Kanche | Row 327
✅ Saved → SBQ | Kanche | Row 328
✅ Saved → SBQ | Kanche | Row 330
✅ Saved → SBQ | Kanche | Row 332
✅ Saved → SBQ | Kanche | Row 333
✅ Saved → SBQ | Kanche | Row 334
✅ Saved → SBQ | Kanche | Row 335
✅ Saved → SBQ | Kanche | Row 336
✅ Saved → SBQ | Kanche | Row 337
✅ Saved → SBQ | Kanche | Row 339
✅ Saved → SBQ | Kanche | Row 340
✅ Saved → SBQ | Kanche | Row 342
✅ Saved → SBQ | Kanche | Row 343
✅ Saved → SBQ | Kanche | Row 344
✅ Saved → SBQ | Kanche | Row 345
✅ Saved → SBQ | Kanche | Row 347
✅ Saved → SBQ | Kanche | Row 348
✅ Saved → SBQ | Kanche | Row 353
✅ Saved → SBQ | Kanche | Row 354
✅ Saved → SBQ | Kanche | Row 360
✅ Saved → SBQ | Kanche | Row 362
✅ Saved → SBQ | Kanche | Row 363
✅ Saved → SBQ | Kanche | Row 367
✅ Saved → SBQ | Kanche | Row 369
✅ Saved → SBQ | Kanche | Row 375
✅ Saved → SBQ | Kanche | Row 376
✅ Saved → SBQ | Kanche | Row 377
✅ Saved → SBQ | Kanche | Row 378
✅ Saved → SBQ | Kanche | Row 379
✅ Saved → SBQ | Kanche | Row 380
✅ Saved → SBQ | Kanche | Row 381
✅ Saved → SBQ | Kanche | Row 382
✅ Saved → SBQ | Kanche | Row 383
✅ Saved → SBQ | Kanche | Row 384
✅ Saved → SBQ | Kanche | Row 386
✅ Saved → SBQ | Kanche | Row 387
✅ Saved → SBQ | Kanche | Row 388
✅ Saved → SBQ | Kanche | Row 389
✅ Saved → SBQ | Kanche | Row 390
✅ Saved → SBQ | Kanche | Row 392
✅ Saved → SBQ | Kanche | Row 393
✅ Saved → SBQ | Kanche | Row 394
✅ Saved → SBQ | Kanche | Row 395
✅ Saved → SBQ | Kanche | Row 396
✅ Saved → SBQ | Kanche | Row 398
✅ Saved → SBQ | Kanche | Row 400
✅ Saved → SBQ | Kanche | Row 401
✅ Saved → SBQ | Kanche | Row 402
✅ Saved → SBQ | Kanche | Row 403
✅ Saved → SBQ | Kanche | Row 404
✅ Saved → SBQ | Kanche | Row 406
✅ Saved → SBQ | Kanche | Row 407
✅ Saved → SBQ | Kanche | Row 408
✅ Saved → SBQ | Kanche | Row 409
✅ Saved → SBQ | Kanche | Row 410
✅ Saved → SBQ | Kanche | Row 411
✅ Saved → SBQ | Kanche | Row 412
✅ Saved → SBQ | Kanche | Row 414
✅ Saved → SBQ | Kanche | Row 416
✅ Saved → SBQ | Kanche | Row 418
✅ Saved → SBQ | Kanche | Row 420
✅ Saved → SBQ | Kanche | Row 421
✅ Saved → SBQ | Kanche | Row 422
✅ Saved → SBQ | Kanche | Row 423
✅ Saved → SBQ | Kanche | Row 424
✅ Saved → SBQ | Kanche | Row 425
✅ Saved → SBQ | Kanche | Row 426
✅ Saved → SBQ | Kanche | Row 428
✅ Saved → SBQ | Kanche | Row 429
✅ Saved → SBQ | Kanche | Row 431
✅ Saved → SBQ | Kanche | Row 432
✅ Saved → SBQ | Kanche | Row 433
Carrom
✅ Saved → SBQ | Carrom | Row 0
✅ Saved → SBQ | Carrom | Row 1
✅ Saved → SBQ | Carrom | Row 2
✅ Saved → SBQ | Carrom | Row 3
✅ Saved → SBQ | Carrom | Row 4
✅ Saved → SBQ | Carrom | Row 5
✅ Saved → SBQ | Carrom | Row 6
✅ Saved → SBQ | Carrom | Row 7
✅ Saved → SBQ | Carrom | Row 8
✅ Saved → SBQ | Carrom | Row 9
✅ Saved → SBQ | Carrom | Row 10
✅ Saved → SBQ | Carrom | Row 11
✅ Saved → SBQ | Carrom | Row 12
✅ Saved → SBQ | Carrom | Row 13
✅ Saved → SBQ | Carrom | Row 14
✅ Saved → SBQ | Carrom | Row 15
✅ Saved → SBQ | Carrom | Row 16
✅ Saved → SBQ | Carrom | Row 17
✅ Saved → SBQ | Carrom | Row 18
✅ Saved → SBQ | Carrom | Row 19
✅ Saved → SBQ | Carrom | Row 20
✅ Saved → SBQ | Carrom | Row 21
✅ Saved → SBQ | Carrom | Row 22
✅ Saved → SBQ | Carrom | Row 23
✅ Saved → SBQ | Carrom | Row 24
✅ Saved → SBQ | Carrom | Row 25
✅ Saved → SBQ | Carrom | Row 26
✅ Saved → SBQ | Carrom | Row 27
✅ Saved → SBQ | Carrom | Row 28
✅ Saved → SBQ | Carrom | Row 29
✅ Saved → SBQ | Carrom | Row 30
✅ Saved → SBQ | Carrom | Row 31
✅ Saved → SBQ | Carrom | Row 32
✅ Saved → SBQ | Carrom | Row 33
✅ Saved → SBQ | Carrom | Row 34
✅ Saved → SBQ | Carrom | Row 35
✅ Saved → SBQ | Carrom | Row 36
✅ Saved → SBQ | Carrom | Row 37
✅ Saved → SBQ | Carrom | Row 38
✅ Saved → SBQ | Carrom | Row 39
✅ Saved → SBQ | Carrom | Row 40
✅ Saved → SBQ | Carrom | Row 41
✅ Saved → SBQ | Carrom | Row 42
✅ Saved → SBQ | Carrom | Row 43
✅ Saved → SBQ | Carrom | Row 44
✅ Saved → SBQ | Carrom | Row 45
✅ Saved → SBQ | Carrom | Row 46
✅ Saved → SBQ | Carrom | Row 47
✅ Saved → SBQ | Carrom | Row 48
✅ Saved → SBQ | Carrom | Row 49
✅ Saved → SBQ | Carrom | Row 50
✅ Saved → SBQ | Carrom | Row 51
✅ Saved → SBQ | Carrom | Row 52
✅ Saved → SBQ | Carrom | Row 53
✅ Saved → SBQ | Carrom | Row 54
✅ Saved → SBQ | Carrom | Row 55
✅ Saved → SBQ | Carrom | Row 56
✅ Saved → SBQ | Carrom | Row 57
✅ Saved → SBQ | Carrom | Row 58
✅ Saved → SBQ | Carrom | Row 59
✅ Saved → SBQ | Carrom | Row 60
✅ Saved → SBQ | Carrom | Row 62
✅ Saved → SBQ | Carrom | Row 63
✅ Saved → SBQ | Carrom | Row 64
✅ Saved → SBQ | Carrom | Row 65
✅ Saved → SBQ | Carrom | Row 66
✅ Saved → SBQ | Carrom | Row 67
✅ Saved → SBQ | Carrom | Row 68
✅ Saved → SBQ | Carrom | Row 69
✅ Saved → SBQ | Carrom | Row 70
✅ Saved → SBQ | Carrom | Row 71
✅ Saved → SBQ | Carrom | Row 72
✅ Saved → SBQ | Carrom | Row 73
✅ Saved → SBQ | Carrom | Row 74
✅ Saved → SBQ | Carrom | Row 75
✅ Saved → SBQ | Carrom | Row 76
✅ Saved → SBQ | Carrom | Row 78
✅ Saved → SBQ | Carrom | Row 79
✅ Saved → SBQ | Carrom | Row 80
✅ Saved → SBQ | Carrom | Row 81
✅ Saved → SBQ | Carrom | Row 82
✅ Saved → SBQ | Carrom | Row 83
✅ Saved → SBQ | Carrom | Row 84
✅ Saved → SBQ | Carrom | Row 85
✅ Saved → SBQ | Carrom | Row 86
✅ Saved → SBQ | Carrom | Row 87
✅ Saved → SBQ | Carrom | Row 88
✅ Saved → SBQ | Carrom | Row 89
✅ Saved → SBQ | Carrom | Row 90
✅ Saved → SBQ | Carrom | Row 91
✅ Saved → SBQ | Carrom | Row 92
✅ Saved → SBQ | Carrom | Row 93
✅ Saved → SBQ | Carrom | Row 94
✅ Saved → SBQ | Carrom | Row 95
✅ Saved → SBQ | Carrom | Row 96
✅ Saved → SBQ | Carrom | Row 97
✅ Saved → SBQ | Carrom | Row 98
✅ Saved → SBQ | Carrom | Row 99
✅ Saved → SBQ | Carrom | Row 101
✅ Saved → SBQ | Carrom | Row 102
✅ Saved → SBQ | Carrom | Row 103
✅ Saved → SBQ | Carrom | Row 104
✅ Saved → SBQ | Carrom | Row 105
✅ Saved → SBQ | Carrom | Row 106
✅ Saved → SBQ | Carrom | Row 107
✅ Saved → SBQ | Carrom | Row 108
✅ Saved → SBQ | Carrom | Row 109
✅ Saved → SBQ | Carrom | Row 110
✅ Saved → SBQ | Carrom | Row 111
✅ Saved → SBQ | Carrom | Row 112
✅ Saved → SBQ | Carrom | Row 113
✅ Saved → SBQ | Carrom | Row 114
✅ Saved → SBQ | Carrom | Row 115
✅ Saved → SBQ | Carrom | Row 116
✅ Saved → SBQ | Carrom | Row 117
✅ Saved → SBQ | Carrom | Row 118
✅ Saved → SBQ | Carrom | Row 119
✅ Saved → SBQ | Carrom | Row 120
✅ Saved → SBQ | Carrom | Row 121
✅ Saved → SBQ | Carrom | Row 122
✅ Saved → SBQ | Carrom | Row 123
✅ Saved → SBQ | Carrom | Row 124
✅ Saved → SBQ | Carrom | Row 125
✅ Saved → SBQ | Carrom | Row 126
✅ Saved → SBQ | Carrom | Row 127
✅ Saved → SBQ | Carrom | Row 128
✅ Saved → SBQ | Carrom | Row 129
✅ Saved → SBQ | Carrom | Row 130
✅ Saved → SBQ | Carrom | Row 131
✅ Saved → SBQ | Carrom | Row 132
✅ Saved → SBQ | Carrom | Row 133
✅ Saved → SBQ | Carrom | Row 134
✅ Saved → SBQ | Carrom | Row 135
✅ Saved → SBQ | Carrom | Row 136
✅ Saved → SBQ | Carrom | Row 137
✅ Saved → SBQ | Carrom | Row 138
✅ Saved → SBQ | Carrom | Row 139
✅ Saved → SBQ | Carrom | Row 140
✅ Saved → SBQ | Carrom | Row 141
✅ Saved → SBQ | Carrom | Row 142
✅ Saved → SBQ | Carrom | Row 143
✅ Saved → SBQ | Carrom | Row 144
✅ Saved → SBQ | Carrom | Row 145
✅ Saved → SBQ | Carrom | Row 146
✅ Saved → SBQ | Carrom | Row 147
✅ Saved → SBQ | Carrom | Row 148
✅ Saved → SBQ | Carrom | Row 149
✅ Saved → SBQ | Carrom | Row 150
✅ Saved → SBQ | Carrom | Row 151
✅ Saved → SBQ | Carrom | Row 152
✅ Saved → SBQ | Carrom | Row 153
✅ Saved → SBQ | Carrom | Row 154
✅ Saved → SBQ | Carrom | Row 155
✅ Saved → SBQ | Carrom | Row 156
❌ Error on row 157: 500 Server Error: Internal Server Error for url: https://cloud.olakrutrim.com/v1/chat/completions
✅ Saved → SBQ | Carrom | Row 157
✅ Saved → SBQ | Carrom | Row 158
✅ Saved → SBQ | Carrom | Row 159
✅ Saved → SBQ | Carrom | Row 160
✅ Saved → SBQ | Carrom | Row 161
✅ Saved → SBQ | Carrom | Row 162
✅ Saved → SBQ | Carrom | Row 163
✅ Saved → SBQ | Carrom | Row 164
✅ Saved → SBQ | Carrom | Row 165
✅ Saved → SBQ | Carrom | Row 166
✅ Saved → SBQ | Carrom | Row 167
✅ Saved → SBQ | Carrom | Row 168
✅ Saved → SBQ | Carrom | Row 169
✅ Saved → SBQ | Carrom | Row 170
✅ Saved → SBQ | Carrom | Row 171
✅ Saved → SBQ | Carrom | Row 172
✅ Saved → SBQ | Carrom | Row 173
✅ Saved → SBQ | Carrom | Row 174
✅ Saved → SBQ | Carrom | Row 175
✅ Saved → SBQ | Carrom | Row 176
✅ Saved → SBQ | Carrom | Row 177
✅ Saved → SBQ | Carrom | Row 178
✅ Saved → SBQ | Carrom | Row 179
✅ Saved → SBQ | Carrom | Row 180
✅ Saved → SBQ | Carrom | Row 181
✅ Saved → SBQ | Carrom | Row 182
✅ Saved → SBQ | Carrom | Row 183
✅ Saved → SBQ | Carrom | Row 184
✅ Saved → SBQ | Carrom | Row 185
✅ Saved → SBQ | Carrom | Row 186
✅ Saved → SBQ | Carrom | Row 187
✅ Saved → SBQ | Carrom | Row 188
✅ Saved → SBQ | Carrom | Row 189
✅ Saved → SBQ | Carrom | Row 190
✅ Saved → SBQ | Carrom | Row 191
✅ Saved → SBQ | Carrom | Row 192
✅ Saved → SBQ | Carrom | Row 193
✅ Saved → SBQ | Carrom | Row 194
✅ Saved → SBQ | Carrom | Row 195
✅ Saved → SBQ | Carrom | Row 196
✅ Saved → SBQ | Carrom | Row 197
✅ Saved → SBQ | Carrom | Row 198
✅ Saved → SBQ | Carrom | Row 199
✅ Saved → SBQ | Carrom | Row 200
✅ Saved → SBQ | Carrom | Row 201
✅ Saved → SBQ | Carrom | Row 202
✅ Saved → SBQ | Carrom | Row 203
✅ Saved → SBQ | Carrom | Row 204
✅ Saved → SBQ | Carrom | Row 205
✅ Saved → SBQ | Carrom | Row 206
✅ Saved → SBQ | Carrom | Row 207
✅ Saved → SBQ | Carrom | Row 208
✅ Saved → SBQ | Carrom | Row 209
✅ Saved → SBQ | Carrom | Row 210
✅ Saved → SBQ | Carrom | Row 211
✅ Saved → SBQ | Carrom | Row 212
✅ Saved → SBQ | Carrom | Row 213
✅ Saved → SBQ | Carrom | Row 214
✅ Saved → SBQ | Carrom | Row 215
✅ Saved → SBQ | Carrom | Row 216
✅ Saved → SBQ | Carrom | Row 217
✅ Saved → SBQ | Carrom | Row 218
✅ Saved → SBQ | Carrom | Row 219
✅ Saved → SBQ | Carrom | Row 220
✅ Saved → SBQ | Carrom | Row 221
✅ Saved → SBQ | Carrom | Row 222
✅ Saved → SBQ | Carrom | Row 223
✅ Saved → SBQ | Carrom | Row 224
✅ Saved → SBQ | Carrom | Row 225
✅ Saved → SBQ | Carrom | Row 226
✅ Saved → SBQ | Carrom | Row 227
✅ Saved → SBQ | Carrom | Row 228
✅ Saved → SBQ | Carrom | Row 229
✅ Saved → SBQ | Carrom | Row 230
✅ Saved → SBQ | Carrom | Row 231
✅ Saved → SBQ | Carrom | Row 232
✅ Saved → SBQ | Carrom | Row 233
✅ Saved → SBQ | Carrom | Row 234
✅ Saved → SBQ | Carrom | Row 235
✅ Saved → SBQ | Carrom | Row 236
✅ Saved → SBQ | Carrom | Row 237
✅ Saved → SBQ | Carrom | Row 238
✅ Saved → SBQ | Carrom | Row 239
✅ Saved → SBQ | Carrom | Row 240
✅ Saved → SBQ | Carrom | Row 241
✅ Saved → SBQ | Carrom | Row 242
✅ Saved → SBQ | Carrom | Row 243
✅ Saved → SBQ | Carrom | Row 244
✅ Saved → SBQ | Carrom | Row 245
✅ Saved → SBQ | Carrom | Row 246
✅ Saved → SBQ | Carrom | Row 247
✅ Saved → SBQ | Carrom | Row 248
✅ Saved → SBQ | Carrom | Row 249
✅ Saved → SBQ | Carrom | Row 250
✅ Saved → SBQ | Carrom | Row 251
✅ Saved → SBQ | Carrom | Row 252
✅ Saved → SBQ | Carrom | Row 253
✅ Saved → SBQ | Carrom | Row 254
✅ Saved → SBQ | Carrom | Row 255
✅ Saved → SBQ | Carrom | Row 256
✅ Saved → SBQ | Carrom | Row 257
✅ Saved → SBQ | Carrom | Row 258
✅ Saved → SBQ | Carrom | Row 259
✅ Saved → SBQ | Carrom | Row 260
✅ Saved → SBQ | Carrom | Row 261
✅ Saved → SBQ | Carrom | Row 262
✅ Saved → SBQ | Carrom | Row 263
✅ Saved → SBQ | Carrom | Row 264
✅ Saved → SBQ | Carrom | Row 265
✅ Saved → SBQ | Carrom | Row 266
✅ Saved → SBQ | Carrom | Row 267
✅ Saved → SBQ | Carrom | Row 268
✅ Saved → SBQ | Carrom | Row 269
✅ Saved → SBQ | Carrom | Row 270
✅ Saved → SBQ | Carrom | Row 271
✅ Saved → SBQ | Carrom | Row 272
✅ Saved → SBQ | Carrom | Row 273
✅ Saved → SBQ | Carrom | Row 274
✅ Saved → SBQ | Carrom | Row 275
✅ Saved → SBQ | Carrom | Row 276
✅ Saved → SBQ | Carrom | Row 277
✅ Saved → SBQ | Carrom | Row 278
✅ Saved → SBQ | Carrom | Row 279
✅ Saved → SBQ | Carrom | Row 280
✅ Saved → SBQ | Carrom | Row 281
✅ Saved → SBQ | Carrom | Row 282
✅ Saved → SBQ | Carrom | Row 283
✅ Saved → SBQ | Carrom | Row 284
✅ Saved → SBQ | Carrom | Row 285
✅ Saved → SBQ | Carrom | Row 287
✅ Saved → SBQ | Carrom | Row 288
✅ Saved → SBQ | Carrom | Row 289
✅ Saved → SBQ | Carrom | Row 290
✅ Saved → SBQ | Carrom | Row 291
✅ Saved → SBQ | Carrom | Row 292
✅ Saved → SBQ | Carrom | Row 293
✅ Saved → SBQ | Carrom | Row 294
✅ Saved → SBQ | Carrom | Row 295
✅ Saved → SBQ | Carrom | Row 299
✅ Saved → SBQ | Carrom | Row 300
✅ Saved → SBQ | Carrom | Row 301
✅ Saved → SBQ | Carrom | Row 302
✅ Saved → SBQ | Carrom | Row 303
✅ Saved → SBQ | Carrom | Row 305
✅ Saved → SBQ | Carrom | Row 306
✅ Saved → SBQ | Carrom | Row 307
✅ Saved → SBQ | Carrom | Row 308
✅ Saved → SBQ | Carrom | Row 309
✅ Saved → SBQ | Carrom | Row 310
✅ Saved → SBQ | Carrom | Row 311
✅ Saved → SBQ | Carrom | Row 312
✅ Saved → SBQ | Carrom | Row 313
✅ Saved → SBQ | Carrom | Row 314
✅ Saved → SBQ | Carrom | Row 315
✅ Saved → SBQ | Carrom | Row 316
✅ Saved → SBQ | Carrom | Row 317
✅ Saved → SBQ | Carrom | Row 323
✅ Saved → SBQ | Carrom | Row 324
✅ Saved → SBQ | Carrom | Row 325
✅ Saved → SBQ | Carrom | Row 326
✅ Saved → SBQ | Carrom | Row 327
✅ Saved → SBQ | Carrom | Row 328
✅ Saved → SBQ | Carrom | Row 329
✅ Saved → SBQ | Carrom | Row 330
✅ Saved → SBQ | Carrom | Row 331
✅ Saved → SBQ | Carrom | Row 333
✅ Saved → SBQ | Carrom | Row 334
✅ Saved → SBQ | Carrom | Row 335
✅ Saved → SBQ | Carrom | Row 336
✅ Saved → SBQ | Carrom | Row 337
✅ Saved → SBQ | Carrom | Row 338
✅ Saved → SBQ | Carrom | Row 343
✅ Saved → SBQ | Carrom | Row 373
✅ Saved → SBQ | Carrom | Row 374
✅ Saved → SBQ | Carrom | Row 376
✅ Saved → SBQ | Carrom | Row 377
✅ Saved → SBQ | Carrom | Row 378
✅ Saved → SBQ | Carrom | Row 379
✅ Saved → SBQ | Carrom | Row 381
✅ Saved → SBQ | Carrom | Row 382
✅ Saved → SBQ | Carrom | Row 383
✅ Saved → SBQ | Carrom | Row 385
✅ Saved → SBQ | Carrom | Row 386
✅ Saved → SBQ | Carrom | Row 389
✅ Saved → SBQ | Carrom | Row 391
✅ Saved → SBQ | Carrom | Row 395
✅ Saved → SBQ | Carrom | Row 399
✅ Saved → SBQ | Carrom | Row 400
✅ Saved → SBQ | Carrom | Row 401
✅ Saved → SBQ | Carrom | Row 403
✅ Saved → SBQ | Carrom | Row 405
✅ Saved → SBQ | Carrom | Row 406
✅ Saved → SBQ | Carrom | Row 407
✅ Saved → SBQ | Carrom | Row 409
✅ Saved → SBQ | Carrom | Row 410
✅ Saved → SBQ | Carrom | Row 411
✅ Saved → SBQ | Carrom | Row 414
✅ Saved → SBQ | Carrom | Row 416
✅ Saved → SBQ | Carrom | Row 417
✅ Saved → SBQ | Carrom | Row 418
✅ Saved → SBQ | Carrom | Row 420
✅ Saved → SBQ | Carrom | Row 421
✅ Saved → SBQ | Carrom | Row 423
✅ Saved → SBQ | Carrom | Row 425
✅ Saved → SBQ | Carrom | Row 426
✅ Saved → SBQ | Carrom | Row 428
✅ Saved → SBQ | Carrom | Row 433
✅ Saved → SBQ | Carrom | Row 435
✅ Saved → SBQ | Carrom | Row 436
✅ Saved → SBQ | Carrom | Row 437
✅ Saved → SBQ | Carrom | Row 438
✅ Saved → SBQ | Carrom | Row 439
✅ Saved → SBQ | Carrom | Row 440
✅ Saved → SBQ | Carrom | Row 441
✅ Saved → SBQ | Carrom | Row 443
✅ Saved → SBQ | Carrom | Row 444
✅ Saved → SBQ | Carrom | Row 450
✅ Saved → SBQ | Carrom | Row 452
✅ Saved → SBQ | Carrom | Row 457
✅ Saved → SBQ | Carrom | Row 458
✅ Saved → SBQ | Carrom | Row 467
✅ Saved → SBQ | Carrom | Row 470
✅ Saved → SBQ | Carrom | Row 471
✅ Saved → SBQ | Carrom | Row 474
✅ Saved → SBQ | Carrom | Row 479
✅ Saved → SBQ | Carrom | Row 480
✅ Saved → SBQ | Carrom | Row 481
✅ Saved → SBQ | Carrom | Row 482
✅ Saved → SBQ | Carrom | Row 483
✅ Saved → SBQ | Carrom | Row 486
✅ Saved → SBQ | Carrom | Row 487
✅ Saved → SBQ | Carrom | Row 488
✅ Saved → SBQ | Carrom | Row 489
✅ Saved → SBQ | Carrom | Row 490
✅ Saved → SBQ | Carrom | Row 492
✅ Saved → SBQ | Carrom | Row 493
✅ Saved → SBQ | Carrom | Row 515
✅ Saved → SBQ | Carrom | Row 516
✅ Saved → SBQ | Carrom | Row 517
✅ Saved → SBQ | Carrom | Row 518
✅ Saved → SBQ | Carrom | Row 519
✅ Saved → SBQ | Carrom | Row 520
✅ Saved → SBQ | Carrom | Row 521
✅ Saved → SBQ | Carrom | Row 522
✅ Saved → SBQ | Carrom | Row 524
✅ Saved → SBQ | Carrom | Row 525
✅ Saved → SBQ | Carrom | Row 527
✅ Saved → SBQ | Carrom | Row 531
✅ Saved → SBQ | Carrom | Row 561
✅ Saved → SBQ | Carrom | Row 562
✅ Saved → SBQ | Carrom | Row 563
✅ Saved → SBQ | Carrom | Row 564
✅ Saved → SBQ | Carrom | Row 565
✅ Saved → SBQ | Carrom | Row 566
✅ Saved → SBQ | Carrom | Row 567
✅ Saved → SBQ | Carrom | Row 568
✅ Saved → SBQ | Carrom | Row 569
✅ Saved → SBQ | Carrom | Row 570
✅ Saved → SBQ | Carrom | Row 571
✅ Saved → SBQ | Carrom | Row 572
✅ Saved → SBQ | Carrom | Row 573
✅ Saved → SBQ | Carrom | Row 574
✅ Saved → SBQ | Carrom | Row 575
✅ Saved → SBQ | Carrom | Row 576
✅ Saved → SBQ | Carrom | Row 577
✅ Saved → SBQ | Carrom | Row 578
✅ Saved → SBQ | Carrom | Row 579
✅ Saved → SBQ | Carrom | Row 580
✅ Saved → SBQ | Carrom | Row 581
✅ Saved → SBQ | Carrom | Row 582
✅ Saved → SBQ | Carrom | Row 583
✅ Saved → SBQ | Carrom | Row 584
✅ Saved → SBQ | Carrom | Row 585
✅ Saved → SBQ | Carrom | Row 586
✅ Saved → SBQ | Carrom | Row 587
✅ Saved → SBQ | Carrom | Row 588
✅ Saved → SBQ | Carrom | Row 589
✅ Saved → SBQ | Carrom | Row 590
✅ Saved → SBQ | Carrom | Row 591
✅ Saved → SBQ | Carrom | Row 592
✅ Saved → SBQ | Carrom | Row 593
✅ Saved → SBQ | Carrom | Row 594
✅ Saved → SBQ | Carrom | Row 595
✅ Saved → SBQ | Carrom | Row 596
✅ Saved → SBQ | Carrom | Row 597
✅ Saved → SBQ | Carrom | Row 598
✅ Saved → SBQ | Carrom | Row 599
✅ Saved → SBQ | Carrom | Row 600
✅ Saved → SBQ | Carrom | Row 601
✅ Saved → SBQ | Carrom | Row 602
✅ Saved → SBQ | Carrom | Row 603
✅ Saved → SBQ | Carrom | Row 604
✅ Saved → SBQ | Carrom | Row 605
✅ Saved → SBQ | Carrom | Row 606
✅ Saved → SBQ | Carrom | Row 607
✅ Saved → SBQ | Carrom | Row 608
✅ Saved → SBQ | Carrom | Row 609
✅ Saved → SBQ | Carrom | Row 610
✅ Saved → SBQ | Carrom | Row 611
✅ Saved → SBQ | Carrom | Row 612
Silambam
✅ Saved → SBQ | Silambam | Row 0
✅ Saved → SBQ | Silambam | Row 1
✅ Saved → SBQ | Silambam | Row 2
✅ Saved → SBQ | Silambam | Row 3
✅ Saved → SBQ | Silambam | Row 4
✅ Saved → SBQ | Silambam | Row 5
✅ Saved → SBQ | Silambam | Row 6
✅ Saved → SBQ | Silambam | Row 7
✅ Saved → SBQ | Silambam | Row 8
✅ Saved → SBQ | Silambam | Row 9
✅ Saved → SBQ | Silambam | Row 10
✅ Saved → SBQ | Silambam | Row 11
✅ Saved → SBQ | Silambam | Row 12
✅ Saved → SBQ | Silambam | Row 13
✅ Saved → SBQ | Silambam | Row 14
✅ Saved → SBQ | Silambam | Row 15
✅ Saved → SBQ | Silambam | Row 16
✅ Saved → SBQ | Silambam | Row 17
✅ Saved → SBQ | Silambam | Row 18
✅ Saved → SBQ | Silambam | Row 19
✅ Saved → SBQ | Silambam | Row 20
✅ Saved → SBQ | Silambam | Row 21
✅ Saved → SBQ | Silambam | Row 22
✅ Saved → SBQ | Silambam | Row 23
✅ Saved → SBQ | Silambam | Row 24
✅ Saved → SBQ | Silambam | Row 25
✅ Saved → SBQ | Silambam | Row 26
✅ Saved → SBQ | Silambam | Row 27
✅ Saved → SBQ | Silambam | Row 28
✅ Saved → SBQ | Silambam | Row 29
✅ Saved → SBQ | Silambam | Row 30
✅ Saved → SBQ | Silambam | Row 31
✅ Saved → SBQ | Silambam | Row 32
✅ Saved → SBQ | Silambam | Row 33
✅ Saved → SBQ | Silambam | Row 34
✅ Saved → SBQ | Silambam | Row 35
✅ Saved → SBQ | Silambam | Row 36
✅ Saved → SBQ | Silambam | Row 37
✅ Saved → SBQ | Silambam | Row 38
✅ Saved → SBQ | Silambam | Row 39
✅ Saved → SBQ | Silambam | Row 40
✅ Saved → SBQ | Silambam | Row 41
✅ Saved → SBQ | Silambam | Row 42
✅ Saved → SBQ | Silambam | Row 43
✅ Saved → SBQ | Silambam | Row 44
✅ Saved → SBQ | Silambam | Row 45
✅ Saved → SBQ | Silambam | Row 46
✅ Saved → SBQ | Silambam | Row 47
✅ Saved → SBQ | Silambam | Row 48
✅ Saved → SBQ | Silambam | Row 49
✅ Saved → SBQ | Silambam | Row 50
✅ Saved → SBQ | Silambam | Row 51
✅ Saved → SBQ | Silambam | Row 52
✅ Saved → SBQ | Silambam | Row 53
✅ Saved → SBQ | Silambam | Row 54
✅ Saved → SBQ | Silambam | Row 55
✅ Saved → SBQ | Silambam | Row 56
✅ Saved → SBQ | Silambam | Row 57
✅ Saved → SBQ | Silambam | Row 58
✅ Saved → SBQ | Silambam | Row 59
✅ Saved → SBQ | Silambam | Row 60
✅ Saved → SBQ | Silambam | Row 61
✅ Saved → SBQ | Silambam | Row 62
✅ Saved → SBQ | Silambam | Row 63
✅ Saved → SBQ | Silambam | Row 64
✅ Saved → SBQ | Silambam | Row 65
✅ Saved → SBQ | Silambam | Row 66
✅ Saved → SBQ | Silambam | Row 67
✅ Saved → SBQ | Silambam | Row 68
✅ Saved → SBQ | Silambam | Row 69
✅ Saved → SBQ | Silambam | Row 70
✅ Saved → SBQ | Silambam | Row 71
✅ Saved → SBQ | Silambam | Row 72
✅ Saved → SBQ | Silambam | Row 73
✅ Saved → SBQ | Silambam | Row 74
✅ Saved → SBQ | Silambam | Row 75
✅ Saved → SBQ | Silambam | Row 76
✅ Saved → SBQ | Silambam | Row 77
✅ Saved → SBQ | Silambam | Row 78
✅ Saved → SBQ | Silambam | Row 79
✅ Saved → SBQ | Silambam | Row 80
✅ Saved → SBQ | Silambam | Row 81
✅ Saved → SBQ | Silambam | Row 82
✅ Saved → SBQ | Silambam | Row 83
✅ Saved → SBQ | Silambam | Row 84
✅ Saved → SBQ | Silambam | Row 85
✅ Saved → SBQ | Silambam | Row 86
✅ Saved → SBQ | Silambam | Row 87
✅ Saved → SBQ | Silambam | Row 88
✅ Saved → SBQ | Silambam | Row 89
✅ Saved → SBQ | Silambam | Row 90
✅ Saved → SBQ | Silambam | Row 91
✅ Saved → SBQ | Silambam | Row 92
✅ Saved → SBQ | Silambam | Row 93
✅ Saved → SBQ | Silambam | Row 94
✅ Saved → SBQ | Silambam | Row 95
✅ Saved → SBQ | Silambam | Row 96
✅ Saved → SBQ | Silambam | Row 97
✅ Saved → SBQ | Silambam | Row 98
✅ Saved → SBQ | Silambam | Row 99
✅ Saved → SBQ | Silambam | Row 100
✅ Saved → SBQ | Silambam | Row 101
✅ Saved → SBQ | Silambam | Row 102
✅ Saved → SBQ | Silambam | Row 103
✅ Saved → SBQ | Silambam | Row 104
✅ Saved → SBQ | Silambam | Row 105
✅ Saved → SBQ | Silambam | Row 106
✅ Saved → SBQ | Silambam | Row 107
✅ Saved → SBQ | Silambam | Row 108
✅ Saved → SBQ | Silambam | Row 109
✅ Saved → SBQ | Silambam | Row 110
✅ Saved → SBQ | Silambam | Row 111
✅ Saved → SBQ | Silambam | Row 112
✅ Saved → SBQ | Silambam | Row 113
✅ Saved → SBQ | Silambam | Row 114
✅ Saved → SBQ | Silambam | Row 115
✅ Saved → SBQ | Silambam | Row 116
✅ Saved → SBQ | Silambam | Row 117
✅ Saved → SBQ | Silambam | Row 118
✅ Saved → SBQ | Silambam | Row 119
✅ Saved → SBQ | Silambam | Row 120
✅ Saved → SBQ | Silambam | Row 121
✅ Saved → SBQ | Silambam | Row 122
✅ Saved → SBQ | Silambam | Row 123
✅ Saved → SBQ | Silambam | Row 124
✅ Saved → SBQ | Silambam | Row 125
✅ Saved → SBQ | Silambam | Row 126
✅ Saved → SBQ | Silambam | Row 127
✅ Saved → SBQ | Silambam | Row 128
✅ Saved → SBQ | Silambam | Row 129
✅ Saved → SBQ | Silambam | Row 130
✅ Saved → SBQ | Silambam | Row 131
✅ Saved → SBQ | Silambam | Row 132
✅ Saved → SBQ | Silambam | Row 133
✅ Saved → SBQ | Silambam | Row 134
✅ Saved → SBQ | Silambam | Row 135
✅ Saved → SBQ | Silambam | Row 136
✅ Saved → SBQ | Silambam | Row 137
✅ Saved → SBQ | Silambam | Row 138
✅ Saved → SBQ | Silambam | Row 139
✅ Saved → SBQ | Silambam | Row 140
✅ Saved → SBQ | Silambam | Row 141
✅ Saved → SBQ | Silambam | Row 142
✅ Saved → SBQ | Silambam | Row 143
✅ Saved → SBQ | Silambam | Row 144
✅ Saved → SBQ | Silambam | Row 145
✅ Saved → SBQ | Silambam | Row 146
✅ Saved → SBQ | Silambam | Row 147
✅ Saved → SBQ | Silambam | Row 148
✅ Saved → SBQ | Silambam | Row 149
✅ Saved → SBQ | Silambam | Row 150
✅ Saved → SBQ | Silambam | Row 151
✅ Saved → SBQ | Silambam | Row 152
✅ Saved → SBQ | Silambam | Row 153
✅ Saved → SBQ | Silambam | Row 154
✅ Saved → SBQ | Silambam | Row 155
✅ Saved → SBQ | Silambam | Row 156
✅ Saved → SBQ | Silambam | Row 157
✅ Saved → SBQ | Silambam | Row 158
✅ Saved → SBQ | Silambam | Row 159
✅ Saved → SBQ | Silambam | Row 160
✅ Saved → SBQ | Silambam | Row 161
✅ Saved → SBQ | Silambam | Row 162
✅ Saved → SBQ | Silambam | Row 163
✅ Saved → SBQ | Silambam | Row 164
✅ Saved → SBQ | Silambam | Row 165
✅ Saved → SBQ | Silambam | Row 166
✅ Saved → SBQ | Silambam | Row 167
✅ Saved → SBQ | Silambam | Row 168
✅ Saved → SBQ | Silambam | Row 169
✅ Saved → SBQ | Silambam | Row 170
✅ Saved → SBQ | Silambam | Row 171
✅ Saved → SBQ | Silambam | Row 172
✅ Saved → SBQ | Silambam | Row 173
✅ Saved → SBQ | Silambam | Row 174
✅ Saved → SBQ | Silambam | Row 175
✅ Saved → SBQ | Silambam | Row 176
✅ Saved → SBQ | Silambam | Row 177
✅ Saved → SBQ | Silambam | Row 178
✅ Saved → SBQ | Silambam | Row 179
✅ Saved → SBQ | Silambam | Row 180
✅ Saved → SBQ | Silambam | Row 181
✅ Saved → SBQ | Silambam | Row 182
✅ Saved → SBQ | Silambam | Row 183
✅ Saved → SBQ | Silambam | Row 184
✅ Saved → SBQ | Silambam | Row 185
✅ Saved → SBQ | Silambam | Row 186
✅ Saved → SBQ | Silambam | Row 187
✅ Saved → SBQ | Silambam | Row 188
✅ Saved → SBQ | Silambam | Row 189
✅ Saved → SBQ | Silambam | Row 190
✅ Saved → SBQ | Silambam | Row 191
✅ Saved → SBQ | Silambam | Row 192
✅ Saved → SBQ | Silambam | Row 193
✅ Saved → SBQ | Silambam | Row 194
✅ Saved → SBQ | Silambam | Row 195
✅ Saved → SBQ | Silambam | Row 196
✅ Saved → SBQ | Silambam | Row 197
✅ Saved → SBQ | Silambam | Row 198
✅ Saved → SBQ | Silambam | Row 199
✅ Saved → SBQ | Silambam | Row 200
✅ Saved → SBQ | Silambam | Row 201
✅ Saved → SBQ | Silambam | Row 202
✅ Saved → SBQ | Silambam | Row 203
✅ Saved → SBQ | Silambam | Row 204
✅ Saved → SBQ | Silambam | Row 205
✅ Saved → SBQ | Silambam | Row 206
✅ Saved → SBQ | Silambam | Row 207
✅ Saved → SBQ | Silambam | Row 208
✅ Saved → SBQ | Silambam | Row 209
✅ Saved → SBQ | Silambam | Row 210
✅ Saved → SBQ | Silambam | Row 211
✅ Saved → SBQ | Silambam | Row 212
✅ Saved → SBQ | Silambam | Row 213
✅ Saved → SBQ | Silambam | Row 214
✅ Saved → SBQ | Silambam | Row 215
✅ Saved → SBQ | Silambam | Row 216
✅ Saved → SBQ | Silambam | Row 217
✅ Saved → SBQ | Silambam | Row 218
✅ Saved → SBQ | Silambam | Row 219
✅ Saved → SBQ | Silambam | Row 220
✅ Saved → SBQ | Silambam | Row 221
✅ Saved → SBQ | Silambam | Row 222
✅ Saved → SBQ | Silambam | Row 223
✅ Saved → SBQ | Silambam | Row 224
✅ Saved → SBQ | Silambam | Row 225
✅ Saved → SBQ | Silambam | Row 226
✅ Saved → SBQ | Silambam | Row 227
✅ Saved → SBQ | Silambam | Row 228
✅ Saved → SBQ | Silambam | Row 229
✅ Saved → SBQ | Silambam | Row 230
✅ Saved → SBQ | Silambam | Row 231
✅ Saved → SBQ | Silambam | Row 232
✅ Saved → SBQ | Silambam | Row 233
✅ Saved → SBQ | Silambam | Row 234
✅ Saved → SBQ | Silambam | Row 235
✅ Saved → SBQ | Silambam | Row 236
✅ Saved → SBQ | Silambam | Row 237
✅ Saved → SBQ | Silambam | Row 238
✅ Saved → SBQ | Silambam | Row 239
✅ Saved → SBQ | Silambam | Row 240
✅ Saved → SBQ | Silambam | Row 241
✅ Saved → SBQ | Silambam | Row 242
✅ Saved → SBQ | Silambam | Row 243
✅ Saved → SBQ | Silambam | Row 244
✅ Saved → SBQ | Silambam | Row 245
✅ Saved → SBQ | Silambam | Row 246
✅ Saved → SBQ | Silambam | Row 247
✅ Saved → SBQ | Silambam | Row 248
✅ Saved → SBQ | Silambam | Row 249
✅ Saved → SBQ | Silambam | Row 250
✅ Saved → SBQ | Silambam | Row 251
✅ Saved → SBQ | Silambam | Row 252
✅ Saved → SBQ | Silambam | Row 253
✅ Saved → SBQ | Silambam | Row 254
✅ Saved → SBQ | Silambam | Row 255
✅ Saved → SBQ | Silambam | Row 256
✅ Saved → SBQ | Silambam | Row 257
✅ Saved → SBQ | Silambam | Row 258
✅ Saved → SBQ | Silambam | Row 259
✅ Saved → SBQ | Silambam | Row 260
✅ Saved → SBQ | Silambam | Row 261
✅ Saved → SBQ | Silambam | Row 262
✅ Saved → SBQ | Silambam | Row 263
✅ Saved → SBQ | Silambam | Row 264
✅ Saved → SBQ | Silambam | Row 265
✅ Saved → SBQ | Silambam | Row 266
✅ Saved → SBQ | Silambam | Row 267
✅ Saved → SBQ | Silambam | Row 268
✅ Saved → SBQ | Silambam | Row 269
✅ Saved → SBQ | Silambam | Row 270
✅ Saved → SBQ | Silambam | Row 271
✅ Saved → SBQ | Silambam | Row 272
✅ Saved → SBQ | Silambam | Row 273
✅ Saved → SBQ | Silambam | Row 274
✅ Saved → SBQ | Silambam | Row 275
✅ Saved → SBQ | Silambam | Row 276
✅ Saved → SBQ | Silambam | Row 277
✅ Saved → SBQ | Silambam | Row 278
✅ Saved → SBQ | Silambam | Row 281
✅ Saved → SBQ | Silambam | Row 282
✅ Saved → SBQ | Silambam | Row 285
✅ Saved → SBQ | Silambam | Row 286
✅ Saved → SBQ | Silambam | Row 287
✅ Saved → SBQ | Silambam | Row 290
✅ Saved → SBQ | Silambam | Row 291
✅ Saved → SBQ | Silambam | Row 292
✅ Saved → SBQ | Silambam | Row 293
✅ Saved → SBQ | Silambam | Row 294
✅ Saved → SBQ | Silambam | Row 295
✅ Saved → SBQ | Silambam | Row 296
✅ Saved → SBQ | Silambam | Row 297
✅ Saved → SBQ | Silambam | Row 298
✅ Saved → SBQ | Silambam | Row 299
✅ Saved → SBQ | Silambam | Row 300
✅ Saved → SBQ | Silambam | Row 301
✅ Saved → SBQ | Silambam | Row 302
✅ Saved → SBQ | Silambam | Row 303
✅ Saved → SBQ | Silambam | Row 304
✅ Saved → SBQ | Silambam | Row 305
✅ Saved → SBQ | Silambam | Row 306
✅ Saved → SBQ | Silambam | Row 307
✅ Saved → SBQ | Silambam | Row 308
✅ Saved → SBQ | Silambam | Row 309
✅ Saved → SBQ | Silambam | Row 310
✅ Saved → SBQ | Silambam | Row 311
✅ Saved → SBQ | Silambam | Row 312
✅ Saved → SBQ | Silambam | Row 313
✅ Saved → SBQ | Silambam | Row 314
✅ Saved → SBQ | Silambam | Row 315
✅ Saved → SBQ | Silambam | Row 316
✅ Saved → SBQ | Silambam | Row 317
✅ Saved → SBQ | Silambam | Row 318
✅ Saved → SBQ | Silambam | Row 319
✅ Saved → SBQ | Silambam | Row 320
✅ Saved → SBQ | Silambam | Row 321
✅ Saved → SBQ | Silambam | Row 322
✅ Saved → SBQ | Silambam | Row 323
✅ Saved → SBQ | Silambam | Row 324
✅ Saved → SBQ | Silambam | Row 326
✅ Saved → SBQ | Silambam | Row 327
✅ Saved → SBQ | Silambam | Row 328
✅ Saved → SBQ | Silambam | Row 329
✅ Saved → SBQ | Silambam | Row 330
✅ Saved → SBQ | Silambam | Row 331
✅ Saved → SBQ | Silambam | Row 332
✅ Saved → SBQ | Silambam | Row 333
✅ Saved → SBQ | Silambam | Row 334
✅ Saved → SBQ | Silambam | Row 335
✅ Saved → SBQ | Silambam | Row 336
✅ Saved → SBQ | Silambam | Row 337
✅ Saved → SBQ | Silambam | Row 338
✅ Saved → SBQ | Silambam | Row 339
✅ Saved → SBQ | Silambam | Row 341
✅ Saved → SBQ | Silambam | Row 342
✅ Saved → SBQ | Silambam | Row 343
✅ Saved → SBQ | Silambam | Row 344
✅ Saved → SBQ | Silambam | Row 345
✅ Saved → SBQ | Silambam | Row 346
✅ Saved → SBQ | Silambam | Row 347
✅ Saved → SBQ | Silambam | Row 348
✅ Saved → SBQ | Silambam | Row 349
✅ Saved → SBQ | Silambam | Row 350
✅ Saved → SBQ | Silambam | Row 351
✅ Saved → SBQ | Silambam | Row 352
✅ Saved → SBQ | Silambam | Row 353
✅ Saved → SBQ | Silambam | Row 354
✅ Saved → SBQ | Silambam | Row 355
✅ Saved → SBQ | Silambam | Row 356
✅ Saved → SBQ | Silambam | Row 357
✅ Saved → SBQ | Silambam | Row 358
✅ Saved → SBQ | Silambam | Row 359
✅ Saved → SBQ | Silambam | Row 360
✅ Saved → SBQ | Silambam | Row 361
✅ Saved → SBQ | Silambam | Row 362
✅ Saved → SBQ | Silambam | Row 363
✅ Saved → SBQ | Silambam | Row 364
✅ Saved → SBQ | Silambam | Row 365
✅ Saved → SBQ | Silambam | Row 366
✅ Saved → SBQ | Silambam | Row 367
✅ Saved → SBQ | Silambam | Row 368
✅ Saved → SBQ | Silambam | Row 369
✅ Saved → SBQ | Silambam | Row 370
✅ Saved → SBQ | Silambam | Row 371
✅ Saved → SBQ | Silambam | Row 372
✅ Saved → SBQ | Silambam | Row 373
✅ Saved → SBQ | Silambam | Row 374
✅ Saved → SBQ | Silambam | Row 375
✅ Saved → SBQ | Silambam | Row 376
✅ Saved → SBQ | Silambam | Row 377
✅ Saved → SBQ | Silambam | Row 380
✅ Saved → SBQ | Silambam | Row 381
✅ Saved → SBQ | Silambam | Row 382
✅ Saved → SBQ | Silambam | Row 383
✅ Saved → SBQ | Silambam | Row 384
✅ Saved → SBQ | Silambam | Row 385
✅ Saved → SBQ | Silambam | Row 386
✅ Saved → SBQ | Silambam | Row 387
✅ Saved → SBQ | Silambam | Row 388
✅ Saved → SBQ | Silambam | Row 389
✅ Saved → SBQ | Silambam | Row 390
✅ Saved → SBQ | Silambam | Row 391
✅ Saved → SBQ | Silambam | Row 392
✅ Saved → SBQ | Silambam | Row 393
✅ Saved → SBQ | Silambam | Row 394
✅ Saved → SBQ | Silambam | Row 395
✅ Saved → SBQ | Silambam | Row 396
✅ Saved → SBQ | Silambam | Row 397
✅ Saved → SBQ | Silambam | Row 398
✅ Saved → SBQ | Silambam | Row 399
✅ Saved → SBQ | Silambam | Row 400
✅ Saved → SBQ | Silambam | Row 403
✅ Saved → SBQ | Silambam | Row 407
✅ Saved → SBQ | Silambam | Row 409
✅ Saved → SBQ | Silambam | Row 410
✅ Saved → SBQ | Silambam | Row 411
✅ Saved → SBQ | Silambam | Row 412
✅ Saved → SBQ | Silambam | Row 413
✅ Saved → SBQ | Silambam | Row 414
✅ Saved → SBQ | Silambam | Row 415
✅ Saved → SBQ | Silambam | Row 416
✅ Saved → SBQ | Silambam | Row 417
✅ Saved → SBQ | Silambam | Row 421
✅ Saved → SBQ | Silambam | Row 422
✅ Saved → SBQ | Silambam | Row 423
✅ Saved → SBQ | Silambam | Row 424
✅ Saved → SBQ | Silambam | Row 425
✅ Saved → SBQ | Silambam | Row 429
✅ Saved → SBQ | Silambam | Row 430
Malakhamb
✅ Saved → SBQ | Malakhamb | Row 0
✅ Saved → SBQ | Malakhamb | Row 1
✅ Saved → SBQ | Malakhamb | Row 2
❌ Error on row 3: 500 Server Error: Internal Server Error for url: https://cloud.olakrutrim.com/v1/chat/completions
✅ Saved → SBQ | Malakhamb | Row 3
✅ Saved → SBQ | Malakhamb | Row 4
✅ Saved → SBQ | Malakhamb | Row 5
✅ Saved → SBQ | Malakhamb | Row 6
✅ Saved → SBQ | Malakhamb | Row 7
✅ Saved → SBQ | Malakhamb | Row 8
✅ Saved → SBQ | Malakhamb | Row 9
✅ Saved → SBQ | Malakhamb | Row 10
✅ Saved → SBQ | Malakhamb | Row 11
✅ Saved → SBQ | Malakhamb | Row 12
✅ Saved → SBQ | Malakhamb | Row 13
✅ Saved → SBQ | Malakhamb | Row 14
✅ Saved → SBQ | Malakhamb | Row 15
✅ Saved → SBQ | Malakhamb | Row 16
✅ Saved → SBQ | Malakhamb | Row 17
✅ Saved → SBQ | Malakhamb | Row 18
✅ Saved → SBQ | Malakhamb | Row 19
✅ Saved → SBQ | Malakhamb | Row 20
✅ Saved → SBQ | Malakhamb | Row 21
✅ Saved → SBQ | Malakhamb | Row 22
✅ Saved → SBQ | Malakhamb | Row 23
✅ Saved → SBQ | Malakhamb | Row 24
✅ Saved → SBQ | Malakhamb | Row 25
✅ Saved → SBQ | Malakhamb | Row 26
✅ Saved → SBQ | Malakhamb | Row 27
✅ Saved → SBQ | Malakhamb | Row 28
✅ Saved → SBQ | Malakhamb | Row 29
✅ Saved → SBQ | Malakhamb | Row 30
✅ Saved → SBQ | Malakhamb | Row 31
✅ Saved → SBQ | Malakhamb | Row 32
✅ Saved → SBQ | Malakhamb | Row 33
✅ Saved → SBQ | Malakhamb | Row 34
✅ Saved → SBQ | Malakhamb | Row 35
✅ Saved → SBQ | Malakhamb | Row 36
✅ Saved → SBQ | Malakhamb | Row 37
✅ Saved → SBQ | Malakhamb | Row 38
✅ Saved → SBQ | Malakhamb | Row 39
✅ Saved → SBQ | Malakhamb | Row 40
✅ Saved → SBQ | Malakhamb | Row 41
✅ Saved → SBQ | Malakhamb | Row 42
✅ Saved → SBQ | Malakhamb | Row 43
✅ Saved → SBQ | Malakhamb | Row 44
✅ Saved → SBQ | Malakhamb | Row 45
✅ Saved → SBQ | Malakhamb | Row 46
✅ Saved → SBQ | Malakhamb | Row 47
✅ Saved → SBQ | Malakhamb | Row 48
✅ Saved → SBQ | Malakhamb | Row 49
✅ Saved → SBQ | Malakhamb | Row 50
✅ Saved → SBQ | Malakhamb | Row 51
✅ Saved → SBQ | Malakhamb | Row 52
✅ Saved → SBQ | Malakhamb | Row 53
✅ Saved → SBQ | Malakhamb | Row 54
✅ Saved → SBQ | Malakhamb | Row 55
✅ Saved → SBQ | Malakhamb | Row 56
✅ Saved → SBQ | Malakhamb | Row 57
✅ Saved → SBQ | Malakhamb | Row 58
✅ Saved → SBQ | Malakhamb | Row 59
✅ Saved → SBQ | Malakhamb | Row 60
✅ Saved → SBQ | Malakhamb | Row 61
✅ Saved → SBQ | Malakhamb | Row 62
✅ Saved → SBQ | Malakhamb | Row 63
✅ Saved → SBQ | Malakhamb | Row 64
✅ Saved → SBQ | Malakhamb | Row 65
✅ Saved → SBQ | Malakhamb | Row 66
✅ Saved → SBQ | Malakhamb | Row 67
✅ Saved → SBQ | Malakhamb | Row 68
✅ Saved → SBQ | Malakhamb | Row 69
✅ Saved → SBQ | Malakhamb | Row 70
✅ Saved → SBQ | Malakhamb | Row 71
✅ Saved → SBQ | Malakhamb | Row 72
✅ Saved → SBQ | Malakhamb | Row 73
✅ Saved → SBQ | Malakhamb | Row 74
✅ Saved → SBQ | Malakhamb | Row 75
✅ Saved → SBQ | Malakhamb | Row 76
✅ Saved → SBQ | Malakhamb | Row 77
✅ Saved → SBQ | Malakhamb | Row 78
✅ Saved → SBQ | Malakhamb | Row 79
✅ Saved → SBQ | Malakhamb | Row 80
✅ Saved → SBQ | Malakhamb | Row 81
✅ Saved → SBQ | Malakhamb | Row 82
✅ Saved → SBQ | Malakhamb | Row 83
✅ Saved → SBQ | Malakhamb | Row 84
✅ Saved → SBQ | Malakhamb | Row 85
✅ Saved → SBQ | Malakhamb | Row 86
✅ Saved → SBQ | Malakhamb | Row 87
✅ Saved → SBQ | Malakhamb | Row 88
✅ Saved → SBQ | Malakhamb | Row 89
✅ Saved → SBQ | Malakhamb | Row 90
✅ Saved → SBQ | Malakhamb | Row 91
✅ Saved → SBQ | Malakhamb | Row 92
✅ Saved → SBQ | Malakhamb | Row 93
✅ Saved → SBQ | Malakhamb | Row 94
✅ Saved → SBQ | Malakhamb | Row 95
✅ Saved → SBQ | Malakhamb | Row 96
✅ Saved → SBQ | Malakhamb | Row 97
✅ Saved → SBQ | Malakhamb | Row 98
✅ Saved → SBQ | Malakhamb | Row 99
✅ Saved → SBQ | Malakhamb | Row 100
✅ Saved → SBQ | Malakhamb | Row 101
✅ Saved → SBQ | Malakhamb | Row 102
✅ Saved → SBQ | Malakhamb | Row 103
✅ Saved → SBQ | Malakhamb | Row 104
✅ Saved → SBQ | Malakhamb | Row 105
✅ Saved → SBQ | Malakhamb | Row 106
✅ Saved → SBQ | Malakhamb | Row 107
✅ Saved → SBQ | Malakhamb | Row 108
✅ Saved → SBQ | Malakhamb | Row 109
✅ Saved → SBQ | Malakhamb | Row 110
✅ Saved → SBQ | Malakhamb | Row 111
✅ Saved → SBQ | Malakhamb | Row 112
✅ Saved → SBQ | Malakhamb | Row 113
✅ Saved → SBQ | Malakhamb | Row 114
✅ Saved → SBQ | Malakhamb | Row 115
✅ Saved → SBQ | Malakhamb | Row 116
✅ Saved → SBQ | Malakhamb | Row 117
✅ Saved → SBQ | Malakhamb | Row 118
✅ Saved → SBQ | Malakhamb | Row 119
✅ Saved → SBQ | Malakhamb | Row 120
✅ Saved → SBQ | Malakhamb | Row 121
✅ Saved → SBQ | Malakhamb | Row 122
✅ Saved → SBQ | Malakhamb | Row 123
✅ Saved → SBQ | Malakhamb | Row 124
✅ Saved → SBQ | Malakhamb | Row 125
✅ Saved → SBQ | Malakhamb | Row 126
✅ Saved → SBQ | Malakhamb | Row 127
✅ Saved → SBQ | Malakhamb | Row 128
✅ Saved → SBQ | Malakhamb | Row 129
✅ Saved → SBQ | Malakhamb | Row 130
✅ Saved → SBQ | Malakhamb | Row 131
✅ Saved → SBQ | Malakhamb | Row 132
✅ Saved → SBQ | Malakhamb | Row 133
✅ Saved → SBQ | Malakhamb | Row 134
✅ Saved → SBQ | Malakhamb | Row 135
✅ Saved → SBQ | Malakhamb | Row 136
✅ Saved → SBQ | Malakhamb | Row 137
✅ Saved → SBQ | Malakhamb | Row 138
✅ Saved → SBQ | Malakhamb | Row 139
✅ Saved → SBQ | Malakhamb | Row 140
✅ Saved → SBQ | Malakhamb | Row 141
✅ Saved → SBQ | Malakhamb | Row 142
✅ Saved → SBQ | Malakhamb | Row 143
✅ Saved → SBQ | Malakhamb | Row 144
✅ Saved → SBQ | Malakhamb | Row 145
✅ Saved → SBQ | Malakhamb | Row 146
✅ Saved → SBQ | Malakhamb | Row 147
✅ Saved → SBQ | Malakhamb | Row 148
✅ Saved → SBQ | Malakhamb | Row 149
✅ Saved → SBQ | Malakhamb | Row 150
✅ Saved → SBQ | Malakhamb | Row 151
✅ Saved → SBQ | Malakhamb | Row 152
✅ Saved → SBQ | Malakhamb | Row 153
✅ Saved → SBQ | Malakhamb | Row 154
✅ Saved → SBQ | Malakhamb | Row 155
✅ Saved → SBQ | Malakhamb | Row 156
✅ Saved → SBQ | Malakhamb | Row 157
✅ Saved → SBQ | Malakhamb | Row 158
✅ Saved → SBQ | Malakhamb | Row 159
✅ Saved → SBQ | Malakhamb | Row 160
✅ Saved → SBQ | Malakhamb | Row 161
✅ Saved → SBQ | Malakhamb | Row 162
✅ Saved → SBQ | Malakhamb | Row 163
✅ Saved → SBQ | Malakhamb | Row 164
✅ Saved → SBQ | Malakhamb | Row 165
✅ Saved → SBQ | Malakhamb | Row 166
✅ Saved → SBQ | Malakhamb | Row 167
✅ Saved → SBQ | Malakhamb | Row 168
✅ Saved → SBQ | Malakhamb | Row 169
✅ Saved → SBQ | Malakhamb | Row 170
✅ Saved → SBQ | Malakhamb | Row 171
✅ Saved → SBQ | Malakhamb | Row 172
✅ Saved → SBQ | Malakhamb | Row 173
✅ Saved → SBQ | Malakhamb | Row 174
✅ Saved → SBQ | Malakhamb | Row 175
✅ Saved → SBQ | Malakhamb | Row 176
✅ Saved → SBQ | Malakhamb | Row 177
✅ Saved → SBQ | Malakhamb | Row 178
✅ Saved → SBQ | Malakhamb | Row 179
✅ Saved → SBQ | Malakhamb | Row 180
✅ Saved → SBQ | Malakhamb | Row 181
✅ Saved → SBQ | Malakhamb | Row 182
✅ Saved → SBQ | Malakhamb | Row 183
✅ Saved → SBQ | Malakhamb | Row 184
✅ Saved → SBQ | Malakhamb | Row 185
✅ Saved → SBQ | Malakhamb | Row 186
✅ Saved → SBQ | Malakhamb | Row 187
✅ Saved → SBQ | Malakhamb | Row 188
✅ Saved → SBQ | Malakhamb | Row 189
✅ Saved → SBQ | Malakhamb | Row 190
✅ Saved → SBQ | Malakhamb | Row 191
✅ Saved → SBQ | Malakhamb | Row 192
✅ Saved → SBQ | Malakhamb | Row 193
✅ Saved → SBQ | Malakhamb | Row 194
✅ Saved → SBQ | Malakhamb | Row 195
✅ Saved → SBQ | Malakhamb | Row 196
✅ Saved → SBQ | Malakhamb | Row 197
✅ Saved → SBQ | Malakhamb | Row 198
✅ Saved → SBQ | Malakhamb | Row 199
✅ Saved → SBQ | Malakhamb | Row 200
✅ Saved → SBQ | Malakhamb | Row 201
✅ Saved → SBQ | Malakhamb | Row 202
✅ Saved → SBQ | Malakhamb | Row 203
✅ Saved → SBQ | Malakhamb | Row 204
✅ Saved → SBQ | Malakhamb | Row 205
✅ Saved → SBQ | Malakhamb | Row 206
✅ Saved → SBQ | Malakhamb | Row 207
✅ Saved → SBQ | Malakhamb | Row 208
✅ Saved → SBQ | Malakhamb | Row 209
✅ Saved → SBQ | Malakhamb | Row 210
✅ Saved → SBQ | Malakhamb | Row 211
✅ Saved → SBQ | Malakhamb | Row 212
✅ Saved → SBQ | Malakhamb | Row 213
✅ Saved → SBQ | Malakhamb | Row 214
✅ Saved → SBQ | Malakhamb | Row 215
✅ Saved → SBQ | Malakhamb | Row 216
✅ Saved → SBQ | Malakhamb | Row 217
✅ Saved → SBQ | Malakhamb | Row 218
✅ Saved → SBQ | Malakhamb | Row 219
✅ Saved → SBQ | Malakhamb | Row 220
✅ Saved → SBQ | Malakhamb | Row 221
✅ Saved → SBQ | Malakhamb | Row 222
✅ Saved → SBQ | Malakhamb | Row 223
✅ Saved → SBQ | Malakhamb | Row 224
✅ Saved → SBQ | Malakhamb | Row 225
✅ Saved → SBQ | Malakhamb | Row 226
✅ Saved → SBQ | Malakhamb | Row 227
✅ Saved → SBQ | Malakhamb | Row 228
✅ Saved → SBQ | Malakhamb | Row 229
✅ Saved → SBQ | Malakhamb | Row 230
✅ Saved → SBQ | Malakhamb | Row 231
✅ Saved → SBQ | Malakhamb | Row 232
✅ Saved → SBQ | Malakhamb | Row 233
✅ Saved → SBQ | Malakhamb | Row 234
✅ Saved → SBQ | Malakhamb | Row 235
✅ Saved → SBQ | Malakhamb | Row 236
✅ Saved → SBQ | Malakhamb | Row 237
✅ Saved → SBQ | Malakhamb | Row 238
✅ Saved → SBQ | Malakhamb | Row 239
✅ Saved → SBQ | Malakhamb | Row 240
✅ Saved → SBQ | Malakhamb | Row 241
✅ Saved → SBQ | Malakhamb | Row 242
✅ Saved → SBQ | Malakhamb | Row 243
✅ Saved → SBQ | Malakhamb | Row 244
✅ Saved → SBQ | Malakhamb | Row 245
✅ Saved → SBQ | Malakhamb | Row 246
✅ Saved → SBQ | Malakhamb | Row 247
✅ Saved → SBQ | Malakhamb | Row 248
✅ Saved → SBQ | Malakhamb | Row 249
✅ Saved → SBQ | Malakhamb | Row 250
✅ Saved → SBQ | Malakhamb | Row 251
✅ Saved → SBQ | Malakhamb | Row 252
✅ Saved → SBQ | Malakhamb | Row 253
✅ Saved → SBQ | Malakhamb | Row 254
✅ Saved → SBQ | Malakhamb | Row 255
✅ Saved → SBQ | Malakhamb | Row 256
✅ Saved → SBQ | Malakhamb | Row 257
✅ Saved → SBQ | Malakhamb | Row 258
✅ Saved → SBQ | Malakhamb | Row 259
✅ Saved → SBQ | Malakhamb | Row 260
✅ Saved → SBQ | Malakhamb | Row 261
✅ Saved → SBQ | Malakhamb | Row 262
✅ Saved → SBQ | Malakhamb | Row 263
✅ Saved → SBQ | Malakhamb | Row 264
✅ Saved → SBQ | Malakhamb | Row 265
✅ Saved → SBQ | Malakhamb | Row 266
✅ Saved → SBQ | Malakhamb | Row 267
✅ Saved → SBQ | Malakhamb | Row 268
✅ Saved → SBQ | Malakhamb | Row 269
✅ Saved → SBQ | Malakhamb | Row 270
✅ Saved → SBQ | Malakhamb | Row 271
✅ Saved → SBQ | Malakhamb | Row 272
✅ Saved → SBQ | Malakhamb | Row 273
✅ Saved → SBQ | Malakhamb | Row 274
✅ Saved → SBQ | Malakhamb | Row 275
✅ Saved → SBQ | Malakhamb | Row 276
✅ Saved → SBQ | Malakhamb | Row 277
✅ Saved → SBQ | Malakhamb | Row 278
✅ Saved → SBQ | Malakhamb | Row 279
✅ Saved → SBQ | Malakhamb | Row 280
✅ Saved → SBQ | Malakhamb | Row 281
✅ Saved → SBQ | Malakhamb | Row 282
✅ Saved → SBQ | Malakhamb | Row 283
✅ Saved → SBQ | Malakhamb | Row 284
✅ Saved → SBQ | Malakhamb | Row 285
✅ Saved → SBQ | Malakhamb | Row 286
✅ Saved → SBQ | Malakhamb | Row 287
✅ Saved → SBQ | Malakhamb | Row 288
✅ Saved → SBQ | Malakhamb | Row 289
✅ Saved → SBQ | Malakhamb | Row 290
✅ Saved → SBQ | Malakhamb | Row 291
✅ Saved → SBQ | Malakhamb | Row 292
✅ Saved → SBQ | Malakhamb | Row 293
✅ Saved → SBQ | Malakhamb | Row 294
✅ Saved → SBQ | Malakhamb | Row 295
✅ Saved → SBQ | Malakhamb | Row 296
✅ Saved → SBQ | Malakhamb | Row 297
✅ Saved → SBQ | Malakhamb | Row 298
✅ Saved → SBQ | Malakhamb | Row 299
✅ Saved → SBQ | Malakhamb | Row 300
✅ Saved → SBQ | Malakhamb | Row 301
✅ Saved → SBQ | Malakhamb | Row 302
✅ Saved → SBQ | Malakhamb | Row 303
✅ Saved → SBQ | Malakhamb | Row 304
✅ Saved → SBQ | Malakhamb | Row 305
✅ Saved → SBQ | Malakhamb | Row 306
✅ Saved → SBQ | Malakhamb | Row 307
✅ Saved → SBQ | Malakhamb | Row 308
✅ Saved → SBQ | Malakhamb | Row 309
✅ Saved → SBQ | Malakhamb | Row 310
✅ Saved → SBQ | Malakhamb | Row 311
✅ Saved → SBQ | Malakhamb | Row 312
✅ Saved → SBQ | Malakhamb | Row 313
✅ Saved → SBQ | Malakhamb | Row 314
✅ Saved → SBQ | Malakhamb | Row 315
✅ Saved → SBQ | Malakhamb | Row 316
✅ Saved → SBQ | Malakhamb | Row 317
✅ Saved → SBQ | Malakhamb | Row 318
✅ Saved → SBQ | Malakhamb | Row 319
✅ Saved → SBQ | Malakhamb | Row 320
✅ Saved → SBQ | Malakhamb | Row 321
✅ Saved → SBQ | Malakhamb | Row 322
✅ Saved → SBQ | Malakhamb | Row 323
✅ Saved → SBQ | Malakhamb | Row 324
✅ Saved → SBQ | Malakhamb | Row 325
✅ Saved → SBQ | Malakhamb | Row 326
✅ Saved → SBQ | Malakhamb | Row 327
✅ Saved → SBQ | Malakhamb | Row 328
✅ Saved → SBQ | Malakhamb | Row 329
✅ Saved → SBQ | Malakhamb | Row 330
✅ Saved → SBQ | Malakhamb | Row 331
✅ Saved → SBQ | Malakhamb | Row 332
✅ Saved → SBQ | Malakhamb | Row 333
✅ Saved → SBQ | Malakhamb | Row 334
✅ Saved → SBQ | Malakhamb | Row 335
✅ Saved → SBQ | Malakhamb | Row 336
✅ Saved → SBQ | Malakhamb | Row 337
✅ Saved → SBQ | Malakhamb | Row 338
✅ Saved → SBQ | Malakhamb | Row 339
✅ Saved → SBQ | Malakhamb | Row 340
✅ Saved → SBQ | Malakhamb | Row 341
✅ Saved → SBQ | Malakhamb | Row 342
✅ Saved → SBQ | Malakhamb | Row 343
✅ Saved → SBQ | Malakhamb | Row 344
✅ Saved → SBQ | Malakhamb | Row 345
✅ Saved → SBQ | Malakhamb | Row 346
✅ Saved → SBQ | Malakhamb | Row 347
✅ Saved → SBQ | Malakhamb | Row 348
✅ Saved → SBQ | Malakhamb | Row 349
✅ Saved → SBQ | Malakhamb | Row 350
✅ Saved → SBQ | Malakhamb | Row 351
✅ Saved → SBQ | Malakhamb | Row 352
✅ Saved → SBQ | Malakhamb | Row 353
✅ Saved → SBQ | Malakhamb | Row 354
✅ Saved → SBQ | Malakhamb | Row 355
✅ Saved → SBQ | Malakhamb | Row 356
✅ Saved → SBQ | Malakhamb | Row 357
✅ Saved → SBQ | Malakhamb | Row 358
✅ Saved → SBQ | Malakhamb | Row 359
✅ Saved → SBQ | Malakhamb | Row 360
✅ Saved → SBQ | Malakhamb | Row 361
✅ Saved → SBQ | Malakhamb | Row 362
✅ Saved → SBQ | Malakhamb | Row 363
✅ Saved → SBQ | Malakhamb | Row 364
✅ Saved → SBQ | Malakhamb | Row 365
✅ Saved → SBQ | Malakhamb | Row 366
✅ Saved → SBQ | Malakhamb | Row 367
✅ Saved → SBQ | Malakhamb | Row 368
✅ Saved → SBQ | Malakhamb | Row 369
✅ Saved → SBQ | Malakhamb | Row 370
✅ Saved → SBQ | Malakhamb | Row 371
✅ Saved → SBQ | Malakhamb | Row 372
✅ Saved → SBQ | Malakhamb | Row 373
✅ Saved → SBQ | Malakhamb | Row 374
✅ Saved → SBQ | Malakhamb | Row 375
✅ Saved → SBQ | Malakhamb | Row 376
✅ Saved → SBQ | Malakhamb | Row 377
✅ Saved → SBQ | Malakhamb | Row 378
✅ Saved → SBQ | Malakhamb | Row 379
✅ Saved → SBQ | Malakhamb | Row 380
✅ Saved → SBQ | Malakhamb | Row 381
✅ Saved → SBQ | Malakhamb | Row 382
✅ Saved → SBQ | Malakhamb | Row 383
✅ Saved → SBQ | Malakhamb | Row 384
✅ Saved → SBQ | Malakhamb | Row 385
✅ Saved → SBQ | Malakhamb | Row 386
✅ Saved → SBQ | Malakhamb | Row 387
✅ Saved → SBQ | Malakhamb | Row 388
✅ Saved → SBQ | Malakhamb | Row 389
✅ Saved → SBQ | Malakhamb | Row 390
✅ Saved → SBQ | Malakhamb | Row 391
✅ Saved → SBQ | Malakhamb | Row 392
✅ Saved → SBQ | Malakhamb | Row 393
✅ Saved → SBQ | Malakhamb | Row 394
✅ Saved → SBQ | Malakhamb | Row 395
✅ Saved → SBQ | Malakhamb | Row 396
✅ Saved → SBQ | Malakhamb | Row 397
✅ Saved → SBQ | Malakhamb | Row 398
✅ Saved → SBQ | Malakhamb | Row 399
✅ Saved → SBQ | Malakhamb | Row 400
✅ Saved → SBQ | Malakhamb | Row 401
✅ Saved → SBQ | Malakhamb | Row 402
✅ Saved → SBQ | Malakhamb | Row 403
✅ Saved → SBQ | Malakhamb | Row 404
✅ Saved → SBQ | Malakhamb | Row 405
✅ Saved → SBQ | Malakhamb | Row 406
✅ Saved → SBQ | Malakhamb | Row 407
✅ Saved → SBQ | Malakhamb | Row 408
✅ Saved → SBQ | Malakhamb | Row 409
✅ Saved → SBQ | Malakhamb | Row 410
✅ Saved → SBQ | Malakhamb | Row 411
✅ Saved → SBQ | Malakhamb | Row 412
✅ Saved → SBQ | Malakhamb | Row 413
✅ Saved → SBQ | Malakhamb | Row 414
✅ Saved → SBQ | Malakhamb | Row 415
✅ Saved → SBQ | Malakhamb | Row 416
✅ Saved → SBQ | Malakhamb | Row 417
✅ Saved → SBQ | Malakhamb | Row 418
✅ Saved → SBQ | Malakhamb | Row 419
✅ Saved → SBQ | Malakhamb | Row 420
✅ Saved → SBQ | Malakhamb | Row 421
✅ Saved → SBQ | Malakhamb | Row 422
✅ Saved → SBQ | Malakhamb | Row 423
✅ Saved → SBQ | Malakhamb | Row 424
✅ Saved → SBQ | Malakhamb | Row 425
✅ Saved → SBQ | Malakhamb | Row 426
✅ Saved → SBQ | Malakhamb | Row 427
✅ Saved → SBQ | Malakhamb | Row 428
✅ Saved → SBQ | Malakhamb | Row 429
✅ Saved → SBQ | Malakhamb | Row 430
✅ Saved → SBQ | Malakhamb | Row 431
✅ Saved → SBQ | Malakhamb | Row 432
✅ Saved → SBQ | Malakhamb | Row 433
✅ Saved → SBQ | Malakhamb | Row 434
✅ Saved → SBQ | Malakhamb | Row 435
✅ Saved → SBQ | Malakhamb | Row 436
✅ Saved → SBQ | Malakhamb | Row 437
✅ Saved → SBQ | Malakhamb | Row 438
✅ Saved → SBQ | Malakhamb | Row 439
✅ Saved → SBQ | Malakhamb | Row 440
✅ Saved → SBQ | Malakhamb | Row 441
✅ Saved → SBQ | Malakhamb | Row 442
✅ Saved → SBQ | Malakhamb | Row 443
✅ Saved → SBQ | Malakhamb | Row 444
✅ Saved → SBQ | Malakhamb | Row 445
✅ Saved → SBQ | Malakhamb | Row 446
✅ Saved → SBQ | Malakhamb | Row 447
✅ Saved → SBQ | Malakhamb | Row 448
✅ Saved → SBQ | Malakhamb | Row 449
✅ Saved → SBQ | Malakhamb | Row 450
✅ Saved → SBQ | Malakhamb | Row 451
✅ Saved → SBQ | Malakhamb | Row 452
✅ Saved → SBQ | Malakhamb | Row 453
✅ Saved → SBQ | Malakhamb | Row 454
✅ Saved → SBQ | Malakhamb | Row 455
✅ Saved → SBQ | Malakhamb | Row 456
✅ Saved → SBQ | Malakhamb | Row 457
✅ Saved → SBQ | Malakhamb | Row 458
✅ Saved → SBQ | Malakhamb | Row 459
✅ Saved → SBQ | Malakhamb | Row 460
✅ Saved → SBQ | Malakhamb | Row 461
✅ Saved → SBQ | Malakhamb | Row 462
✅ Saved → SBQ | Malakhamb | Row 464
✅ Saved → SBQ | Malakhamb | Row 465
✅ Saved → SBQ | Malakhamb | Row 466
✅ Saved → SBQ | Malakhamb | Row 467
✅ Saved → SBQ | Malakhamb | Row 468
✅ Saved → SBQ | Malakhamb | Row 469
✅ Saved → SBQ | Malakhamb | Row 470
✅ Saved → SBQ | Malakhamb | Row 471
✅ Saved → SBQ | Malakhamb | Row 472
✅ Saved → SBQ | Malakhamb | Row 473
✅ Saved → SBQ | Malakhamb | Row 474
✅ Saved → SBQ | Malakhamb | Row 475
✅ Saved → SBQ | Malakhamb | Row 476
✅ Saved → SBQ | Malakhamb | Row 477
✅ Saved → SBQ | Malakhamb | Row 478
✅ Saved → SBQ | Malakhamb | Row 479
✅ Saved → SBQ | Malakhamb | Row 481
✅ Saved → SBQ | Malakhamb | Row 482
✅ Saved → SBQ | Malakhamb | Row 483
✅ Saved → SBQ | Malakhamb | Row 484
✅ Saved → SBQ | Malakhamb | Row 485
Gilli Danda
✅ Saved → SBQ | Gilli Danda | Row 0
✅ Saved → SBQ | Gilli Danda | Row 1
✅ Saved → SBQ | Gilli Danda | Row 2
✅ Saved → SBQ | Gilli Danda | Row 3
✅ Saved → SBQ | Gilli Danda | Row 4
✅ Saved → SBQ | Gilli Danda | Row 5
✅ Saved → SBQ | Gilli Danda | Row 6
✅ Saved → SBQ | Gilli Danda | Row 7
✅ Saved → SBQ | Gilli Danda | Row 8
✅ Saved → SBQ | Gilli Danda | Row 9
✅ Saved → SBQ | Gilli Danda | Row 10
✅ Saved → SBQ | Gilli Danda | Row 11
✅ Saved → SBQ | Gilli Danda | Row 12
✅ Saved → SBQ | Gilli Danda | Row 13
✅ Saved → SBQ | Gilli Danda | Row 14
✅ Saved → SBQ | Gilli Danda | Row 15
✅ Saved → SBQ | Gilli Danda | Row 16
✅ Saved → SBQ | Gilli Danda | Row 17
✅ Saved → SBQ | Gilli Danda | Row 18
✅ Saved → SBQ | Gilli Danda | Row 19
✅ Saved → SBQ | Gilli Danda | Row 20
✅ Saved → SBQ | Gilli Danda | Row 21
✅ Saved → SBQ | Gilli Danda | Row 22
✅ Saved → SBQ | Gilli Danda | Row 23
✅ Saved → SBQ | Gilli Danda | Row 24
✅ Saved → SBQ | Gilli Danda | Row 25
✅ Saved → SBQ | Gilli Danda | Row 26
✅ Saved → SBQ | Gilli Danda | Row 27
✅ Saved → SBQ | Gilli Danda | Row 28
✅ Saved → SBQ | Gilli Danda | Row 29
✅ Saved → SBQ | Gilli Danda | Row 30
✅ Saved → SBQ | Gilli Danda | Row 31
✅ Saved → SBQ | Gilli Danda | Row 32
✅ Saved → SBQ | Gilli Danda | Row 33
✅ Saved → SBQ | Gilli Danda | Row 34
✅ Saved → SBQ | Gilli Danda | Row 35
✅ Saved → SBQ | Gilli Danda | Row 36
✅ Saved → SBQ | Gilli Danda | Row 37
✅ Saved → SBQ | Gilli Danda | Row 38
✅ Saved → SBQ | Gilli Danda | Row 39
✅ Saved → SBQ | Gilli Danda | Row 40
✅ Saved → SBQ | Gilli Danda | Row 41
✅ Saved → SBQ | Gilli Danda | Row 42
✅ Saved → SBQ | Gilli Danda | Row 43
✅ Saved → SBQ | Gilli Danda | Row 44
✅ Saved → SBQ | Gilli Danda | Row 45
✅ Saved → SBQ | Gilli Danda | Row 46
✅ Saved → SBQ | Gilli Danda | Row 47
✅ Saved → SBQ | Gilli Danda | Row 48
✅ Saved → SBQ | Gilli Danda | Row 49
✅ Saved → SBQ | Gilli Danda | Row 50
✅ Saved → SBQ | Gilli Danda | Row 51
✅ Saved → SBQ | Gilli Danda | Row 52
✅ Saved → SBQ | Gilli Danda | Row 53
✅ Saved → SBQ | Gilli Danda | Row 54
✅ Saved → SBQ | Gilli Danda | Row 55
✅ Saved → SBQ | Gilli Danda | Row 56
✅ Saved → SBQ | Gilli Danda | Row 57
✅ Saved → SBQ | Gilli Danda | Row 58
✅ Saved → SBQ | Gilli Danda | Row 59
✅ Saved → SBQ | Gilli Danda | Row 60
✅ Saved → SBQ | Gilli Danda | Row 61
✅ Saved → SBQ | Gilli Danda | Row 62
✅ Saved → SBQ | Gilli Danda | Row 63
✅ Saved → SBQ | Gilli Danda | Row 64
✅ Saved → SBQ | Gilli Danda | Row 65
✅ Saved → SBQ | Gilli Danda | Row 66
✅ Saved → SBQ | Gilli Danda | Row 67
✅ Saved → SBQ | Gilli Danda | Row 68
✅ Saved → SBQ | Gilli Danda | Row 69
✅ Saved → SBQ | Gilli Danda | Row 70
✅ Saved → SBQ | Gilli Danda | Row 71
✅ Saved → SBQ | Gilli Danda | Row 72
✅ Saved → SBQ | Gilli Danda | Row 73
✅ Saved → SBQ | Gilli Danda | Row 74
✅ Saved → SBQ | Gilli Danda | Row 75
✅ Saved → SBQ | Gilli Danda | Row 76
✅ Saved → SBQ | Gilli Danda | Row 77
✅ Saved → SBQ | Gilli Danda | Row 78
✅ Saved → SBQ | Gilli Danda | Row 79
✅ Saved → SBQ | Gilli Danda | Row 80
✅ Saved → SBQ | Gilli Danda | Row 81
✅ Saved → SBQ | Gilli Danda | Row 82
✅ Saved → SBQ | Gilli Danda | Row 83
✅ Saved → SBQ | Gilli Danda | Row 84
✅ Saved → SBQ | Gilli Danda | Row 85
✅ Saved → SBQ | Gilli Danda | Row 86
✅ Saved → SBQ | Gilli Danda | Row 87
✅ Saved → SBQ | Gilli Danda | Row 88
✅ Saved → SBQ | Gilli Danda | Row 89
✅ Saved → SBQ | Gilli Danda | Row 90
✅ Saved → SBQ | Gilli Danda | Row 91
✅ Saved → SBQ | Gilli Danda | Row 92
✅ Saved → SBQ | Gilli Danda | Row 93
✅ Saved → SBQ | Gilli Danda | Row 94
✅ Saved → SBQ | Gilli Danda | Row 95
✅ Saved → SBQ | Gilli Danda | Row 96
✅ Saved → SBQ | Gilli Danda | Row 97
✅ Saved → SBQ | Gilli Danda | Row 98
✅ Saved → SBQ | Gilli Danda | Row 99
✅ Saved → SBQ | Gilli Danda | Row 100
✅ Saved → SBQ | Gilli Danda | Row 101
✅ Saved → SBQ | Gilli Danda | Row 102
✅ Saved → SBQ | Gilli Danda | Row 103
✅ Saved → SBQ | Gilli Danda | Row 104
✅ Saved → SBQ | Gilli Danda | Row 105
✅ Saved → SBQ | Gilli Danda | Row 106
✅ Saved → SBQ | Gilli Danda | Row 107
✅ Saved → SBQ | Gilli Danda | Row 108
✅ Saved → SBQ | Gilli Danda | Row 109
✅ Saved → SBQ | Gilli Danda | Row 110
✅ Saved → SBQ | Gilli Danda | Row 111
✅ Saved → SBQ | Gilli Danda | Row 112
✅ Saved → SBQ | Gilli Danda | Row 113
✅ Saved → SBQ | Gilli Danda | Row 114
✅ Saved → SBQ | Gilli Danda | Row 115
✅ Saved → SBQ | Gilli Danda | Row 116
✅ Saved → SBQ | Gilli Danda | Row 117
✅ Saved → SBQ | Gilli Danda | Row 118
✅ Saved → SBQ | Gilli Danda | Row 119
✅ Saved → SBQ | Gilli Danda | Row 120
✅ Saved → SBQ | Gilli Danda | Row 121
✅ Saved → SBQ | Gilli Danda | Row 122
✅ Saved → SBQ | Gilli Danda | Row 123
✅ Saved → SBQ | Gilli Danda | Row 124
✅ Saved → SBQ | Gilli Danda | Row 125
✅ Saved → SBQ | Gilli Danda | Row 126
✅ Saved → SBQ | Gilli Danda | Row 127
✅ Saved → SBQ | Gilli Danda | Row 128
✅ Saved → SBQ | Gilli Danda | Row 129
✅ Saved → SBQ | Gilli Danda | Row 130
✅ Saved → SBQ | Gilli Danda | Row 131
✅ Saved → SBQ | Gilli Danda | Row 132
✅ Saved → SBQ | Gilli Danda | Row 133
✅ Saved → SBQ | Gilli Danda | Row 134
✅ Saved → SBQ | Gilli Danda | Row 135
✅ Saved → SBQ | Gilli Danda | Row 136
✅ Saved → SBQ | Gilli Danda | Row 137
✅ Saved → SBQ | Gilli Danda | Row 138
✅ Saved → SBQ | Gilli Danda | Row 139
✅ Saved → SBQ | Gilli Danda | Row 140
✅ Saved → SBQ | Gilli Danda | Row 141
✅ Saved → SBQ | Gilli Danda | Row 142
✅ Saved → SBQ | Gilli Danda | Row 143
✅ Saved → SBQ | Gilli Danda | Row 144
✅ Saved → SBQ | Gilli Danda | Row 145
✅ Saved → SBQ | Gilli Danda | Row 146
✅ Saved → SBQ | Gilli Danda | Row 147
✅ Saved → SBQ | Gilli Danda | Row 148
✅ Saved → SBQ | Gilli Danda | Row 149
✅ Saved → SBQ | Gilli Danda | Row 150
✅ Saved → SBQ | Gilli Danda | Row 151
✅ Saved → SBQ | Gilli Danda | Row 152
✅ Saved → SBQ | Gilli Danda | Row 153
✅ Saved → SBQ | Gilli Danda | Row 154
✅ Saved → SBQ | Gilli Danda | Row 155
✅ Saved → SBQ | Gilli Danda | Row 156
✅ Saved → SBQ | Gilli Danda | Row 157
✅ Saved → SBQ | Gilli Danda | Row 158
✅ Saved → SBQ | Gilli Danda | Row 159
✅ Saved → SBQ | Gilli Danda | Row 160
✅ Saved → SBQ | Gilli Danda | Row 161
✅ Saved → SBQ | Gilli Danda | Row 162
✅ Saved → SBQ | Gilli Danda | Row 163
✅ Saved → SBQ | Gilli Danda | Row 164
✅ Saved → SBQ | Gilli Danda | Row 165
✅ Saved → SBQ | Gilli Danda | Row 166
✅ Saved → SBQ | Gilli Danda | Row 167
✅ Saved → SBQ | Gilli Danda | Row 168
✅ Saved → SBQ | Gilli Danda | Row 169
✅ Saved → SBQ | Gilli Danda | Row 170
✅ Saved → SBQ | Gilli Danda | Row 171
✅ Saved → SBQ | Gilli Danda | Row 172
✅ Saved → SBQ | Gilli Danda | Row 173
✅ Saved → SBQ | Gilli Danda | Row 174
✅ Saved → SBQ | Gilli Danda | Row 175
✅ Saved → SBQ | Gilli Danda | Row 176
✅ Saved → SBQ | Gilli Danda | Row 177
✅ Saved → SBQ | Gilli Danda | Row 178
✅ Saved → SBQ | Gilli Danda | Row 179
✅ Saved → SBQ | Gilli Danda | Row 180
✅ Saved → SBQ | Gilli Danda | Row 181
✅ Saved → SBQ | Gilli Danda | Row 182
✅ Saved → SBQ | Gilli Danda | Row 183
✅ Saved → SBQ | Gilli Danda | Row 184
✅ Saved → SBQ | Gilli Danda | Row 185
✅ Saved → SBQ | Gilli Danda | Row 186
✅ Saved → SBQ | Gilli Danda | Row 187
✅ Saved → SBQ | Gilli Danda | Row 188
✅ Saved → SBQ | Gilli Danda | Row 189
✅ Saved → SBQ | Gilli Danda | Row 190
✅ Saved → SBQ | Gilli Danda | Row 191
✅ Saved → SBQ | Gilli Danda | Row 192
✅ Saved → SBQ | Gilli Danda | Row 193
✅ Saved → SBQ | Gilli Danda | Row 194
✅ Saved → SBQ | Gilli Danda | Row 195
✅ Saved → SBQ | Gilli Danda | Row 196
✅ Saved → SBQ | Gilli Danda | Row 197
✅ Saved → SBQ | Gilli Danda | Row 198
✅ Saved → SBQ | Gilli Danda | Row 199
✅ Saved → SBQ | Gilli Danda | Row 200
✅ Saved → SBQ | Gilli Danda | Row 201
✅ Saved → SBQ | Gilli Danda | Row 202
✅ Saved → SBQ | Gilli Danda | Row 203
✅ Saved → SBQ | Gilli Danda | Row 204
✅ Saved → SBQ | Gilli Danda | Row 205
✅ Saved → SBQ | Gilli Danda | Row 206
✅ Saved → SBQ | Gilli Danda | Row 207
✅ Saved → SBQ | Gilli Danda | Row 208
✅ Saved → SBQ | Gilli Danda | Row 209
✅ Saved → SBQ | Gilli Danda | Row 210
✅ Saved → SBQ | Gilli Danda | Row 211
✅ Saved → SBQ | Gilli Danda | Row 212
✅ Saved → SBQ | Gilli Danda | Row 213
✅ Saved → SBQ | Gilli Danda | Row 214
✅ Saved → SBQ | Gilli Danda | Row 215
✅ Saved → SBQ | Gilli Danda | Row 216
✅ Saved → SBQ | Gilli Danda | Row 217
✅ Saved → SBQ | Gilli Danda | Row 218
✅ Saved → SBQ | Gilli Danda | Row 219
✅ Saved → SBQ | Gilli Danda | Row 220
✅ Saved → SBQ | Gilli Danda | Row 221
✅ Saved → SBQ | Gilli Danda | Row 222
✅ Saved → SBQ | Gilli Danda | Row 223
✅ Saved → SBQ | Gilli Danda | Row 224
✅ Saved → SBQ | Gilli Danda | Row 225
✅ Saved → SBQ | Gilli Danda | Row 226
✅ Saved → SBQ | Gilli Danda | Row 227
✅ Saved → SBQ | Gilli Danda | Row 228
✅ Saved → SBQ | Gilli Danda | Row 229
✅ Saved → SBQ | Gilli Danda | Row 230
✅ Saved → SBQ | Gilli Danda | Row 231
✅ Saved → SBQ | Gilli Danda | Row 232
✅ Saved → SBQ | Gilli Danda | Row 233
✅ Saved → SBQ | Gilli Danda | Row 234
✅ Saved → SBQ | Gilli Danda | Row 235
✅ Saved → SBQ | Gilli Danda | Row 236
✅ Saved → SBQ | Gilli Danda | Row 237
✅ Saved → SBQ | Gilli Danda | Row 238
✅ Saved → SBQ | Gilli Danda | Row 239
✅ Saved → SBQ | Gilli Danda | Row 240
✅ Saved → SBQ | Gilli Danda | Row 241
✅ Saved → SBQ | Gilli Danda | Row 242
✅ Saved → SBQ | Gilli Danda | Row 243
✅ Saved → SBQ | Gilli Danda | Row 244
✅ Saved → SBQ | Gilli Danda | Row 245
✅ Saved → SBQ | Gilli Danda | Row 246
✅ Saved → SBQ | Gilli Danda | Row 247
✅ Saved → SBQ | Gilli Danda | Row 248
✅ Saved → SBQ | Gilli Danda | Row 249
✅ Saved → SBQ | Gilli Danda | Row 250
✅ Saved → SBQ | Gilli Danda | Row 251
✅ Saved → SBQ | Gilli Danda | Row 252
✅ Saved → SBQ | Gilli Danda | Row 253
✅ Saved → SBQ | Gilli Danda | Row 254
✅ Saved → SBQ | Gilli Danda | Row 255
✅ Saved → SBQ | Gilli Danda | Row 256
✅ Saved → SBQ | Gilli Danda | Row 257
✅ Saved → SBQ | Gilli Danda | Row 258
✅ Saved → SBQ | Gilli Danda | Row 259
✅ Saved → SBQ | Gilli Danda | Row 260
✅ Saved → SBQ | Gilli Danda | Row 261
✅ Saved → SBQ | Gilli Danda | Row 262
✅ Saved → SBQ | Gilli Danda | Row 263
✅ Saved → SBQ | Gilli Danda | Row 264
✅ Saved → SBQ | Gilli Danda | Row 265
✅ Saved → SBQ | Gilli Danda | Row 266
✅ Saved → SBQ | Gilli Danda | Row 267
✅ Saved → SBQ | Gilli Danda | Row 268
✅ Saved → SBQ | Gilli Danda | Row 269
✅ Saved → SBQ | Gilli Danda | Row 270
✅ Saved → SBQ | Gilli Danda | Row 271
✅ Saved → SBQ | Gilli Danda | Row 272
✅ Saved → SBQ | Gilli Danda | Row 273
✅ Saved → SBQ | Gilli Danda | Row 274
✅ Saved → SBQ | Gilli Danda | Row 275
✅ Saved → SBQ | Gilli Danda | Row 276
✅ Saved → SBQ | Gilli Danda | Row 277
✅ Saved → SBQ | Gilli Danda | Row 278
✅ Saved → SBQ | Gilli Danda | Row 279
✅ Saved → SBQ | Gilli Danda | Row 280
✅ Saved → SBQ | Gilli Danda | Row 281
✅ Saved → SBQ | Gilli Danda | Row 282
✅ Saved → SBQ | Gilli Danda | Row 283
✅ Saved → SBQ | Gilli Danda | Row 284
✅ Saved → SBQ | Gilli Danda | Row 285
✅ Saved → SBQ | Gilli Danda | Row 286
✅ Saved → SBQ | Gilli Danda | Row 287
✅ Saved → SBQ | Gilli Danda | Row 288
✅ Saved → SBQ | Gilli Danda | Row 289
✅ Saved → SBQ | Gilli Danda | Row 290
✅ Saved → SBQ | Gilli Danda | Row 291
✅ Saved → SBQ | Gilli Danda | Row 292
✅ Saved → SBQ | Gilli Danda | Row 293
✅ Saved → SBQ | Gilli Danda | Row 294
✅ Saved → SBQ | Gilli Danda | Row 295
✅ Saved → SBQ | Gilli Danda | Row 296
✅ Saved → SBQ | Gilli Danda | Row 297
✅ Saved → SBQ | Gilli Danda | Row 298
✅ Saved → SBQ | Gilli Danda | Row 299
✅ Saved → SBQ | Gilli Danda | Row 300
✅ Saved → SBQ | Gilli Danda | Row 301
✅ Saved → SBQ | Gilli Danda | Row 302
✅ Saved → SBQ | Gilli Danda | Row 303
✅ Saved → SBQ | Gilli Danda | Row 304
✅ Saved → SBQ | Gilli Danda | Row 305
✅ Saved → SBQ | Gilli Danda | Row 306
✅ Saved → SBQ | Gilli Danda | Row 307
✅ Saved → SBQ | Gilli Danda | Row 308
✅ Saved → SBQ | Gilli Danda | Row 309
✅ Saved → SBQ | Gilli Danda | Row 310
✅ Saved → SBQ | Gilli Danda | Row 311
✅ Saved → SBQ | Gilli Danda | Row 312
✅ Saved → SBQ | Gilli Danda | Row 313
✅ Saved → SBQ | Gilli Danda | Row 314
✅ Saved → SBQ | Gilli Danda | Row 315
✅ Saved → SBQ | Gilli Danda | Row 316
✅ Saved → SBQ | Gilli Danda | Row 317
✅ Saved → SBQ | Gilli Danda | Row 318
✅ Saved → SBQ | Gilli Danda | Row 319
✅ Saved → SBQ | Gilli Danda | Row 320
✅ Saved → SBQ | Gilli Danda | Row 321
✅ Saved → SBQ | Gilli Danda | Row 322
✅ Saved → SBQ | Gilli Danda | Row 323
✅ Saved → SBQ | Gilli Danda | Row 324
✅ Saved → SBQ | Gilli Danda | Row 325
✅ Saved → SBQ | Gilli Danda | Row 326
✅ Saved → SBQ | Gilli Danda | Row 327
✅ Saved → SBQ | Gilli Danda | Row 328
✅ Saved → SBQ | Gilli Danda | Row 329
✅ Saved → SBQ | Gilli Danda | Row 330
✅ Saved → SBQ | Gilli Danda | Row 331
✅ Saved → SBQ | Gilli Danda | Row 332
✅ Saved → SBQ | Gilli Danda | Row 333
✅ Saved → SBQ | Gilli Danda | Row 334
✅ Saved → SBQ | Gilli Danda | Row 335
✅ Saved → SBQ | Gilli Danda | Row 336
✅ Saved → SBQ | Gilli Danda | Row 337
✅ Saved → SBQ | Gilli Danda | Row 338
✅ Saved → SBQ | Gilli Danda | Row 339
✅ Saved → SBQ | Gilli Danda | Row 340
✅ Saved → SBQ | Gilli Danda | Row 341
✅ Saved → SBQ | Gilli Danda | Row 342
✅ Saved → SBQ | Gilli Danda | Row 343
✅ Saved → SBQ | Gilli Danda | Row 344
✅ Saved → SBQ | Gilli Danda | Row 345
✅ Saved → SBQ | Gilli Danda | Row 346
✅ Saved → SBQ | Gilli Danda | Row 347
✅ Saved → SBQ | Gilli Danda | Row 348
✅ Saved → SBQ | Gilli Danda | Row 349
✅ Saved → SBQ | Gilli Danda | Row 350
✅ Saved → SBQ | Gilli Danda | Row 351
✅ Saved → SBQ | Gilli Danda | Row 352
✅ Saved → SBQ | Gilli Danda | Row 353
✅ Saved → SBQ | Gilli Danda | Row 354
✅ Saved → SBQ | Gilli Danda | Row 355
✅ Saved → SBQ | Gilli Danda | Row 356
✅ Saved → SBQ | Gilli Danda | Row 357
✅ Saved → SBQ | Gilli Danda | Row 358
✅ Saved → SBQ | Gilli Danda | Row 359
✅ Saved → SBQ | Gilli Danda | Row 360
✅ Saved → SBQ | Gilli Danda | Row 361
✅ Saved → SBQ | Gilli Danda | Row 362
✅ Saved → SBQ | Gilli Danda | Row 363
✅ Saved → SBQ | Gilli Danda | Row 364
✅ Saved → SBQ | Gilli Danda | Row 365
✅ Saved → SBQ | Gilli Danda | Row 366
✅ Saved → SBQ | Gilli Danda | Row 367
✅ Saved → SBQ | Gilli Danda | Row 368
✅ Saved → SBQ | Gilli Danda | Row 369
✅ Saved → SBQ | Gilli Danda | Row 370
✅ Saved → SBQ | Gilli Danda | Row 371
✅ Saved → SBQ | Gilli Danda | Row 372
✅ Saved → SBQ | Gilli Danda | Row 373
✅ Saved → SBQ | Gilli Danda | Row 374
✅ Saved → SBQ | Gilli Danda | Row 376
✅ Saved → SBQ | Gilli Danda | Row 377
✅ Saved → SBQ | Gilli Danda | Row 378
✅ Saved → SBQ | Gilli Danda | Row 379
✅ Saved → SBQ | Gilli Danda | Row 380
✅ Saved → SBQ | Gilli Danda | Row 381
✅ Saved → SBQ | Gilli Danda | Row 382
✅ Saved → SBQ | Gilli Danda | Row 383
✅ Saved → SBQ | Gilli Danda | Row 384
✅ Saved → SBQ | Gilli Danda | Row 385
✅ Saved → SBQ | Gilli Danda | Row 386
✅ Saved → SBQ | Gilli Danda | Row 387
✅ Saved → SBQ | Gilli Danda | Row 388
✅ Saved → SBQ | Gilli Danda | Row 389
✅ Saved → SBQ | Gilli Danda | Row 390
✅ Saved → SBQ | Gilli Danda | Row 391
✅ Saved → SBQ | Gilli Danda | Row 392
✅ Saved → SBQ | Gilli Danda | Row 393
✅ Saved → SBQ | Gilli Danda | Row 394
✅ Saved → SBQ | Gilli Danda | Row 395
✅ Saved → SBQ | Gilli Danda | Row 396
✅ Saved → SBQ | Gilli Danda | Row 397
✅ Saved → SBQ | Gilli Danda | Row 398
✅ Saved → SBQ | Gilli Danda | Row 399
✅ Saved → SBQ | Gilli Danda | Row 400
✅ Saved → SBQ | Gilli Danda | Row 401
✅ Saved → SBQ | Gilli Danda | Row 402
✅ Saved → SBQ | Gilli Danda | Row 403
✅ Saved → SBQ | Gilli Danda | Row 404
✅ Saved → SBQ | Gilli Danda | Row 405
✅ Saved → SBQ | Gilli Danda | Row 406
✅ Saved → SBQ | Gilli Danda | Row 407
✅ Saved → SBQ | Gilli Danda | Row 409
✅ Saved → SBQ | Gilli Danda | Row 410
✅ Saved → SBQ | Gilli Danda | Row 411
✅ Saved → SBQ | Gilli Danda | Row 412
✅ Saved → SBQ | Gilli Danda | Row 413
✅ Saved → SBQ | Gilli Danda | Row 414
✅ Saved → SBQ | Gilli Danda | Row 415
✅ Saved → SBQ | Gilli Danda | Row 416
✅ Saved → SBQ | Gilli Danda | Row 417
✅ Saved → SBQ | Gilli Danda | Row 418
✅ Saved → SBQ | Gilli Danda | Row 419
✅ Saved → SBQ | Gilli Danda | Row 420
✅ Saved → SBQ | Gilli Danda | Row 421
✅ Saved → SBQ | Gilli Danda | Row 422
Thang Ta
✅ Saved → SBQ | Thang Ta | Row 0
✅ Saved → SBQ | Thang Ta | Row 1
✅ Saved → SBQ | Thang Ta | Row 2
✅ Saved → SBQ | Thang Ta | Row 3
✅ Saved → SBQ | Thang Ta | Row 4
✅ Saved → SBQ | Thang Ta | Row 5
✅ Saved → SBQ | Thang Ta | Row 6
✅ Saved → SBQ | Thang Ta | Row 7
✅ Saved → SBQ | Thang Ta | Row 8
✅ Saved → SBQ | Thang Ta | Row 9
✅ Saved → SBQ | Thang Ta | Row 10
✅ Saved → SBQ | Thang Ta | Row 11
✅ Saved → SBQ | Thang Ta | Row 12
✅ Saved → SBQ | Thang Ta | Row 13
✅ Saved → SBQ | Thang Ta | Row 14
✅ Saved → SBQ | Thang Ta | Row 15
✅ Saved → SBQ | Thang Ta | Row 16
✅ Saved → SBQ | Thang Ta | Row 17
✅ Saved → SBQ | Thang Ta | Row 18
✅ Saved → SBQ | Thang Ta | Row 19
✅ Saved → SBQ | Thang Ta | Row 20
✅ Saved → SBQ | Thang Ta | Row 21
✅ Saved → SBQ | Thang Ta | Row 22
✅ Saved → SBQ | Thang Ta | Row 23
✅ Saved → SBQ | Thang Ta | Row 24
✅ Saved → SBQ | Thang Ta | Row 25
✅ Saved → SBQ | Thang Ta | Row 26
✅ Saved → SBQ | Thang Ta | Row 27
✅ Saved → SBQ | Thang Ta | Row 28
✅ Saved → SBQ | Thang Ta | Row 29
✅ Saved → SBQ | Thang Ta | Row 30
✅ Saved → SBQ | Thang Ta | Row 31
✅ Saved → SBQ | Thang Ta | Row 32
✅ Saved → SBQ | Thang Ta | Row 33
✅ Saved → SBQ | Thang Ta | Row 34
✅ Saved → SBQ | Thang Ta | Row 35
✅ Saved → SBQ | Thang Ta | Row 36
✅ Saved → SBQ | Thang Ta | Row 37
✅ Saved → SBQ | Thang Ta | Row 38
✅ Saved → SBQ | Thang Ta | Row 39
✅ Saved → SBQ | Thang Ta | Row 40
✅ Saved → SBQ | Thang Ta | Row 41
✅ Saved → SBQ | Thang Ta | Row 42
✅ Saved → SBQ | Thang Ta | Row 43
✅ Saved → SBQ | Thang Ta | Row 44
✅ Saved → SBQ | Thang Ta | Row 45
✅ Saved → SBQ | Thang Ta | Row 46
✅ Saved → SBQ | Thang Ta | Row 47
✅ Saved → SBQ | Thang Ta | Row 48
✅ Saved → SBQ | Thang Ta | Row 49
✅ Saved → SBQ | Thang Ta | Row 50
✅ Saved → SBQ | Thang Ta | Row 51
✅ Saved → SBQ | Thang Ta | Row 52
✅ Saved → SBQ | Thang Ta | Row 53
✅ Saved → SBQ | Thang Ta | Row 54
✅ Saved → SBQ | Thang Ta | Row 55
✅ Saved → SBQ | Thang Ta | Row 56
✅ Saved → SBQ | Thang Ta | Row 57
✅ Saved → SBQ | Thang Ta | Row 58
✅ Saved → SBQ | Thang Ta | Row 59
✅ Saved → SBQ | Thang Ta | Row 60
✅ Saved → SBQ | Thang Ta | Row 61
✅ Saved → SBQ | Thang Ta | Row 62
✅ Saved → SBQ | Thang Ta | Row 63
✅ Saved → SBQ | Thang Ta | Row 64
✅ Saved → SBQ | Thang Ta | Row 65
✅ Saved → SBQ | Thang Ta | Row 66
✅ Saved → SBQ | Thang Ta | Row 67
✅ Saved → SBQ | Thang Ta | Row 68
✅ Saved → SBQ | Thang Ta | Row 69
✅ Saved → SBQ | Thang Ta | Row 70
✅ Saved → SBQ | Thang Ta | Row 71
✅ Saved → SBQ | Thang Ta | Row 72
✅ Saved → SBQ | Thang Ta | Row 73
✅ Saved → SBQ | Thang Ta | Row 74
✅ Saved → SBQ | Thang Ta | Row 75
✅ Saved → SBQ | Thang Ta | Row 76
✅ Saved → SBQ | Thang Ta | Row 77
✅ Saved → SBQ | Thang Ta | Row 78
✅ Saved → SBQ | Thang Ta | Row 79
✅ Saved → SBQ | Thang Ta | Row 80
✅ Saved → SBQ | Thang Ta | Row 81
✅ Saved → SBQ | Thang Ta | Row 82
✅ Saved → SBQ | Thang Ta | Row 83
✅ Saved → SBQ | Thang Ta | Row 84
✅ Saved → SBQ | Thang Ta | Row 85
✅ Saved → SBQ | Thang Ta | Row 86
✅ Saved → SBQ | Thang Ta | Row 87
✅ Saved → SBQ | Thang Ta | Row 88
✅ Saved → SBQ | Thang Ta | Row 89
✅ Saved → SBQ | Thang Ta | Row 90
✅ Saved → SBQ | Thang Ta | Row 91
✅ Saved → SBQ | Thang Ta | Row 92
✅ Saved → SBQ | Thang Ta | Row 93
✅ Saved → SBQ | Thang Ta | Row 94
✅ Saved → SBQ | Thang Ta | Row 95
✅ Saved → SBQ | Thang Ta | Row 96
✅ Saved → SBQ | Thang Ta | Row 97
✅ Saved → SBQ | Thang Ta | Row 98
✅ Saved → SBQ | Thang Ta | Row 99
✅ Saved → SBQ | Thang Ta | Row 103
✅ Saved → SBQ | Thang Ta | Row 104
✅ Saved → SBQ | Thang Ta | Row 105
✅ Saved → SBQ | Thang Ta | Row 106
✅ Saved → SBQ | Thang Ta | Row 107
✅ Saved → SBQ | Thang Ta | Row 108
✅ Saved → SBQ | Thang Ta | Row 109
✅ Saved → SBQ | Thang Ta | Row 110
✅ Saved → SBQ | Thang Ta | Row 111
✅ Saved → SBQ | Thang Ta | Row 112
✅ Saved → SBQ | Thang Ta | Row 113
✅ Saved → SBQ | Thang Ta | Row 114
✅ Saved → SBQ | Thang Ta | Row 115
✅ Saved → SBQ | Thang Ta | Row 116
✅ Saved → SBQ | Thang Ta | Row 117
✅ Saved → SBQ | Thang Ta | Row 118
✅ Saved → SBQ | Thang Ta | Row 119
✅ Saved → SBQ | Thang Ta | Row 120
✅ Saved → SBQ | Thang Ta | Row 121
✅ Saved → SBQ | Thang Ta | Row 122
✅ Saved → SBQ | Thang Ta | Row 123
✅ Saved → SBQ | Thang Ta | Row 124
✅ Saved → SBQ | Thang Ta | Row 125
✅ Saved → SBQ | Thang Ta | Row 126
✅ Saved → SBQ | Thang Ta | Row 127
✅ Saved → SBQ | Thang Ta | Row 128
✅ Saved → SBQ | Thang Ta | Row 129
✅ Saved → SBQ | Thang Ta | Row 130
✅ Saved → SBQ | Thang Ta | Row 131
✅ Saved → SBQ | Thang Ta | Row 132
✅ Saved → SBQ | Thang Ta | Row 133
✅ Saved → SBQ | Thang Ta | Row 134
✅ Saved → SBQ | Thang Ta | Row 135
✅ Saved → SBQ | Thang Ta | Row 136
✅ Saved → SBQ | Thang Ta | Row 137
✅ Saved → SBQ | Thang Ta | Row 138
✅ Saved → SBQ | Thang Ta | Row 139
✅ Saved → SBQ | Thang Ta | Row 140
✅ Saved → SBQ | Thang Ta | Row 141
✅ Saved → SBQ | Thang Ta | Row 142
✅ Saved → SBQ | Thang Ta | Row 143
✅ Saved → SBQ | Thang Ta | Row 144
✅ Saved → SBQ | Thang Ta | Row 145
✅ Saved → SBQ | Thang Ta | Row 146
✅ Saved → SBQ | Thang Ta | Row 147
✅ Saved → SBQ | Thang Ta | Row 148
✅ Saved → SBQ | Thang Ta | Row 149
✅ Saved → SBQ | Thang Ta | Row 150
✅ Saved → SBQ | Thang Ta | Row 151
✅ Saved → SBQ | Thang Ta | Row 152
✅ Saved → SBQ | Thang Ta | Row 153
✅ Saved → SBQ | Thang Ta | Row 154
✅ Saved → SBQ | Thang Ta | Row 155
✅ Saved → SBQ | Thang Ta | Row 156
✅ Saved → SBQ | Thang Ta | Row 157
✅ Saved → SBQ | Thang Ta | Row 158
✅ Saved → SBQ | Thang Ta | Row 167
✅ Saved → SBQ | Thang Ta | Row 168
✅ Saved → SBQ | Thang Ta | Row 169
✅ Saved → SBQ | Thang Ta | Row 170
✅ Saved → SBQ | Thang Ta | Row 171
✅ Saved → SBQ | Thang Ta | Row 172
✅ Saved → SBQ | Thang Ta | Row 173
✅ Saved → SBQ | Thang Ta | Row 174
✅ Saved → SBQ | Thang Ta | Row 175
✅ Saved → SBQ | Thang Ta | Row 176
✅ Saved → SBQ | Thang Ta | Row 177
✅ Saved → SBQ | Thang Ta | Row 178
✅ Saved → SBQ | Thang Ta | Row 179
✅ Saved → SBQ | Thang Ta | Row 180
✅ Saved → SBQ | Thang Ta | Row 181
✅ Saved → SBQ | Thang Ta | Row 182
✅ Saved → SBQ | Thang Ta | Row 183
✅ Saved → SBQ | Thang Ta | Row 184
✅ Saved → SBQ | Thang Ta | Row 185
✅ Saved → SBQ | Thang Ta | Row 186
✅ Saved → SBQ | Thang Ta | Row 187
✅ Saved → SBQ | Thang Ta | Row 188
✅ Saved → SBQ | Thang Ta | Row 189
✅ Saved → SBQ | Thang Ta | Row 190
✅ Saved → SBQ | Thang Ta | Row 191
✅ Saved → SBQ | Thang Ta | Row 192
✅ Saved → SBQ | Thang Ta | Row 193
✅ Saved → SBQ | Thang Ta | Row 194
✅ Saved → SBQ | Thang Ta | Row 195
✅ Saved → SBQ | Thang Ta | Row 196
✅ Saved → SBQ | Thang Ta | Row 197
✅ Saved → SBQ | Thang Ta | Row 198
✅ Saved → SBQ | Thang Ta | Row 199
✅ Saved → SBQ | Thang Ta | Row 200
✅ Saved → SBQ | Thang Ta | Row 201
✅ Saved → SBQ | Thang Ta | Row 202
✅ Saved → SBQ | Thang Ta | Row 203
✅ Saved → SBQ | Thang Ta | Row 204
✅ Saved → SBQ | Thang Ta | Row 205
✅ Saved → SBQ | Thang Ta | Row 206
✅ Saved → SBQ | Thang Ta | Row 207
✅ Saved → SBQ | Thang Ta | Row 208
✅ Saved → SBQ | Thang Ta | Row 209
✅ Saved → SBQ | Thang Ta | Row 210
✅ Saved → SBQ | Thang Ta | Row 211
✅ Saved → SBQ | Thang Ta | Row 212
✅ Saved → SBQ | Thang Ta | Row 213
✅ Saved → SBQ | Thang Ta | Row 214
✅ Saved → SBQ | Thang Ta | Row 215
✅ Saved → SBQ | Thang Ta | Row 216
✅ Saved → SBQ | Thang Ta | Row 217
✅ Saved → SBQ | Thang Ta | Row 218
✅ Saved → SBQ | Thang Ta | Row 219
✅ Saved → SBQ | Thang Ta | Row 220
✅ Saved → SBQ | Thang Ta | Row 221
✅ Saved → SBQ | Thang Ta | Row 222
✅ Saved → SBQ | Thang Ta | Row 223
✅ Saved → SBQ | Thang Ta | Row 224
✅ Saved → SBQ | Thang Ta | Row 225
✅ Saved → SBQ | Thang Ta | Row 226
✅ Saved → SBQ | Thang Ta | Row 227
✅ Saved → SBQ | Thang Ta | Row 228
✅ Saved → SBQ | Thang Ta | Row 229
✅ Saved → SBQ | Thang Ta | Row 230
✅ Saved → SBQ | Thang Ta | Row 231
✅ Saved → SBQ | Thang Ta | Row 232
✅ Saved → SBQ | Thang Ta | Row 233
✅ Saved → SBQ | Thang Ta | Row 234
✅ Saved → SBQ | Thang Ta | Row 235
✅ Saved → SBQ | Thang Ta | Row 236
✅ Saved → SBQ | Thang Ta | Row 237
✅ Saved → SBQ | Thang Ta | Row 238
✅ Saved → SBQ | Thang Ta | Row 239
✅ Saved → SBQ | Thang Ta | Row 240
✅ Saved → SBQ | Thang Ta | Row 241
✅ Saved → SBQ | Thang Ta | Row 242
✅ Saved → SBQ | Thang Ta | Row 243
✅ Saved → SBQ | Thang Ta | Row 244
✅ Saved → SBQ | Thang Ta | Row 245
✅ Saved → SBQ | Thang Ta | Row 246
✅ Saved → SBQ | Thang Ta | Row 247
✅ Saved → SBQ | Thang Ta | Row 248
✅ Saved → SBQ | Thang Ta | Row 249
✅ Saved → SBQ | Thang Ta | Row 250
✅ Saved → SBQ | Thang Ta | Row 251
✅ Saved → SBQ | Thang Ta | Row 252
✅ Saved → SBQ | Thang Ta | Row 253
✅ Saved → SBQ | Thang Ta | Row 254
✅ Saved → SBQ | Thang Ta | Row 255
✅ Saved → SBQ | Thang Ta | Row 256
✅ Saved → SBQ | Thang Ta | Row 257
✅ Saved → SBQ | Thang Ta | Row 258
✅ Saved → SBQ | Thang Ta | Row 259
✅ Saved → SBQ | Thang Ta | Row 260
✅ Saved → SBQ | Thang Ta | Row 261
✅ Saved → SBQ | Thang Ta | Row 262
✅ Saved → SBQ | Thang Ta | Row 263
✅ Saved → SBQ | Thang Ta | Row 264
✅ Saved → SBQ | Thang Ta | Row 265
✅ Saved → SBQ | Thang Ta | Row 266
✅ Saved → SBQ | Thang Ta | Row 267
✅ Saved → SBQ | Thang Ta | Row 268
✅ Saved → SBQ | Thang Ta | Row 269
✅ Saved → SBQ | Thang Ta | Row 270
✅ Saved → SBQ | Thang Ta | Row 271
✅ Saved → SBQ | Thang Ta | Row 272
✅ Saved → SBQ | Thang Ta | Row 273
✅ Saved → SBQ | Thang Ta | Row 274
✅ Saved → SBQ | Thang Ta | Row 275
✅ Saved → SBQ | Thang Ta | Row 276
✅ Saved → SBQ | Thang Ta | Row 277
✅ Saved → SBQ | Thang Ta | Row 278
✅ Saved → SBQ | Thang Ta | Row 279
✅ Saved → SBQ | Thang Ta | Row 280
✅ Saved → SBQ | Thang Ta | Row 281
✅ Saved → SBQ | Thang Ta | Row 282
✅ Saved → SBQ | Thang Ta | Row 283
✅ Saved → SBQ | Thang Ta | Row 284
✅ Saved → SBQ | Thang Ta | Row 285
✅ Saved → SBQ | Thang Ta | Row 287
✅ Saved → SBQ | Thang Ta | Row 288
✅ Saved → SBQ | Thang Ta | Row 289
✅ Saved → SBQ | Thang Ta | Row 290
✅ Saved → SBQ | Thang Ta | Row 291
✅ Saved → SBQ | Thang Ta | Row 292
✅ Saved → SBQ | Thang Ta | Row 293
✅ Saved → SBQ | Thang Ta | Row 294
✅ Saved → SBQ | Thang Ta | Row 295
✅ Saved → SBQ | Thang Ta | Row 296
✅ Saved → SBQ | Thang Ta | Row 297
✅ Saved → SBQ | Thang Ta | Row 298
✅ Saved → SBQ | Thang Ta | Row 299
✅ Saved → SBQ | Thang Ta | Row 300
✅ Saved → SBQ | Thang Ta | Row 301
✅ Saved → SBQ | Thang Ta | Row 302
✅ Saved → SBQ | Thang Ta | Row 303
✅ Saved → SBQ | Thang Ta | Row 304
✅ Saved → SBQ | Thang Ta | Row 305
✅ Saved → SBQ | Thang Ta | Row 306
✅ Saved → SBQ | Thang Ta | Row 307
✅ Saved → SBQ | Thang Ta | Row 308
✅ Saved → SBQ | Thang Ta | Row 309
✅ Saved → SBQ | Thang Ta | Row 310
✅ Saved → SBQ | Thang Ta | Row 311
✅ Saved → SBQ | Thang Ta | Row 312
✅ Saved → SBQ | Thang Ta | Row 313
✅ Saved → SBQ | Thang Ta | Row 314
✅ Saved → SBQ | Thang Ta | Row 315
✅ Saved → SBQ | Thang Ta | Row 316
✅ Saved → SBQ | Thang Ta | Row 317
✅ Saved → SBQ | Thang Ta | Row 318
✅ Saved → SBQ | Thang Ta | Row 319
✅ Saved → SBQ | Thang Ta | Row 320
✅ Saved → SBQ | Thang Ta | Row 321
✅ Saved → SBQ | Thang Ta | Row 322
✅ Saved → SBQ | Thang Ta | Row 323
✅ Saved → SBQ | Thang Ta | Row 324
✅ Saved → SBQ | Thang Ta | Row 325
✅ Saved → SBQ | Thang Ta | Row 326
✅ Saved → SBQ | Thang Ta | Row 327
✅ Saved → SBQ | Thang Ta | Row 328
✅ Saved → SBQ | Thang Ta | Row 329
✅ Saved → SBQ | Thang Ta | Row 330
✅ Saved → SBQ | Thang Ta | Row 331
✅ Saved → SBQ | Thang Ta | Row 332
✅ Saved → SBQ | Thang Ta | Row 333
✅ Saved → SBQ | Thang Ta | Row 334
✅ Saved → SBQ | Thang Ta | Row 335
✅ Saved → SBQ | Thang Ta | Row 336
✅ Saved → SBQ | Thang Ta | Row 337
✅ Saved → SBQ | Thang Ta | Row 338
✅ Saved → SBQ | Thang Ta | Row 339
✅ Saved → SBQ | Thang Ta | Row 340
✅ Saved → SBQ | Thang Ta | Row 341
✅ Saved → SBQ | Thang Ta | Row 342
✅ Saved → SBQ | Thang Ta | Row 343
✅ Saved → SBQ | Thang Ta | Row 344
✅ Saved → SBQ | Thang Ta | Row 345
✅ Saved → SBQ | Thang Ta | Row 346
✅ Saved → SBQ | Thang Ta | Row 347
✅ Saved → SBQ | Thang Ta | Row 348
✅ Saved → SBQ | Thang Ta | Row 349
✅ Saved → SBQ | Thang Ta | Row 350
✅ Saved → SBQ | Thang Ta | Row 351
✅ Saved → SBQ | Thang Ta | Row 352
✅ Saved → SBQ | Thang Ta | Row 353
✅ Saved → SBQ | Thang Ta | Row 354
✅ Saved → SBQ | Thang Ta | Row 355
✅ Saved → SBQ | Thang Ta | Row 356
✅ Saved → SBQ | Thang Ta | Row 357
✅ Saved → SBQ | Thang Ta | Row 358
✅ Saved → SBQ | Thang Ta | Row 359
✅ Saved → SBQ | Thang Ta | Row 360
✅ Saved → SBQ | Thang Ta | Row 361
✅ Saved → SBQ | Thang Ta | Row 362
✅ Saved → SBQ | Thang Ta | Row 363
✅ Saved → SBQ | Thang Ta | Row 364
✅ Saved → SBQ | Thang Ta | Row 365
✅ Saved → SBQ | Thang Ta | Row 366
✅ Saved → SBQ | Thang Ta | Row 367
✅ Saved → SBQ | Thang Ta | Row 368
✅ Saved → SBQ | Thang Ta | Row 369
✅ Saved → SBQ | Thang Ta | Row 370
✅ Saved → SBQ | Thang Ta | Row 371
✅ Saved → SBQ | Thang Ta | Row 372
✅ Saved → SBQ | Thang Ta | Row 373
✅ Saved → SBQ | Thang Ta | Row 374
✅ Saved → SBQ | Thang Ta | Row 375
✅ Saved → SBQ | Thang Ta | Row 376
✅ Saved → SBQ | Thang Ta | Row 377
✅ Saved → SBQ | Thang Ta | Row 378
✅ Saved → SBQ | Thang Ta | Row 379
✅ Saved → SBQ | Thang Ta | Row 380
✅ Saved → SBQ | Thang Ta | Row 381
✅ Saved → SBQ | Thang Ta | Row 382
✅ Saved → SBQ | Thang Ta | Row 383
✅ Saved → SBQ | Thang Ta | Row 384
✅ Saved → SBQ | Thang Ta | Row 385
✅ Saved → SBQ | Thang Ta | Row 386
✅ Saved → SBQ | Thang Ta | Row 387
✅ Saved → SBQ | Thang Ta | Row 388
✅ Saved → SBQ | Thang Ta | Row 389
✅ Saved → SBQ | Thang Ta | Row 390
✅ Saved → SBQ | Thang Ta | Row 391
✅ Saved → SBQ | Thang Ta | Row 392
✅ Saved → SBQ | Thang Ta | Row 393
✅ Saved → SBQ | Thang Ta | Row 394
✅ Saved → SBQ | Thang Ta | Row 395
✅ Saved → SBQ | Thang Ta | Row 396
❌ Error on row 397: 500 Server Error: Internal Server Error for url: https://cloud.olakrutrim.com/v1/chat/completions
✅ Saved → SBQ | Thang Ta | Row 397
✅ Saved → SBQ | Thang Ta | Row 398
✅ Saved → SBQ | Thang Ta | Row 399
✅ Saved → SBQ | Thang Ta | Row 400
✅ Saved → SBQ | Thang Ta | Row 401
✅ Saved → SBQ | Thang Ta | Row 402
✅ Saved → SBQ | Thang Ta | Row 403
✅ Saved → SBQ | Thang Ta | Row 404
✅ Saved → SBQ | Thang Ta | Row 405
✅ Saved → SBQ | Thang Ta | Row 406
✅ Saved → SBQ | Thang Ta | Row 407
✅ Saved → SBQ | Thang Ta | Row 408
✅ Saved → SBQ | Thang Ta | Row 409
✅ Saved → SBQ | Thang Ta | Row 410
✅ Saved → SBQ | Thang Ta | Row 411
✅ Saved → SBQ | Thang Ta | Row 412
✅ Saved → SBQ | Thang Ta | Row 413
✅ Saved → SBQ | Thang Ta | Row 417
✅ Saved → SBQ | Thang Ta | Row 418
✅ Saved → SBQ | Thang Ta | Row 420
Mukna
✅ Saved → SBQ | Mukna | Row 0
✅ Saved → SBQ | Mukna | Row 1
✅ Saved → SBQ | Mukna | Row 2
✅ Saved → SBQ | Mukna | Row 3
✅ Saved → SBQ | Mukna | Row 4
✅ Saved → SBQ | Mukna | Row 5
✅ Saved → SBQ | Mukna | Row 6
✅ Saved → SBQ | Mukna | Row 7
✅ Saved → SBQ | Mukna | Row 8
✅ Saved → SBQ | Mukna | Row 9
✅ Saved → SBQ | Mukna | Row 10
✅ Saved → SBQ | Mukna | Row 11
✅ Saved → SBQ | Mukna | Row 12
✅ Saved → SBQ | Mukna | Row 13
✅ Saved → SBQ | Mukna | Row 14
✅ Saved → SBQ | Mukna | Row 15
✅ Saved → SBQ | Mukna | Row 16
✅ Saved → SBQ | Mukna | Row 17
✅ Saved → SBQ | Mukna | Row 18
✅ Saved → SBQ | Mukna | Row 19
✅ Saved → SBQ | Mukna | Row 20
✅ Saved → SBQ | Mukna | Row 21
✅ Saved → SBQ | Mukna | Row 22
✅ Saved → SBQ | Mukna | Row 23
✅ Saved → SBQ | Mukna | Row 24
✅ Saved → SBQ | Mukna | Row 25
✅ Saved → SBQ | Mukna | Row 26
✅ Saved → SBQ | Mukna | Row 27
✅ Saved → SBQ | Mukna | Row 28
✅ Saved → SBQ | Mukna | Row 29
✅ Saved → SBQ | Mukna | Row 30
✅ Saved → SBQ | Mukna | Row 31
✅ Saved → SBQ | Mukna | Row 32
✅ Saved → SBQ | Mukna | Row 33
✅ Saved → SBQ | Mukna | Row 34
✅ Saved → SBQ | Mukna | Row 35
✅ Saved → SBQ | Mukna | Row 36
✅ Saved → SBQ | Mukna | Row 37
✅ Saved → SBQ | Mukna | Row 38
✅ Saved → SBQ | Mukna | Row 39
✅ Saved → SBQ | Mukna | Row 40
✅ Saved → SBQ | Mukna | Row 41
✅ Saved → SBQ | Mukna | Row 42
✅ Saved → SBQ | Mukna | Row 43
✅ Saved → SBQ | Mukna | Row 44
✅ Saved → SBQ | Mukna | Row 45
✅ Saved → SBQ | Mukna | Row 46
✅ Saved → SBQ | Mukna | Row 47
✅ Saved → SBQ | Mukna | Row 48
✅ Saved → SBQ | Mukna | Row 49
✅ Saved → SBQ | Mukna | Row 50
✅ Saved → SBQ | Mukna | Row 51
✅ Saved → SBQ | Mukna | Row 52
✅ Saved → SBQ | Mukna | Row 53
✅ Saved → SBQ | Mukna | Row 54
✅ Saved → SBQ | Mukna | Row 55
✅ Saved → SBQ | Mukna | Row 56
✅ Saved → SBQ | Mukna | Row 57
✅ Saved → SBQ | Mukna | Row 58
✅ Saved → SBQ | Mukna | Row 59
✅ Saved → SBQ | Mukna | Row 60
✅ Saved → SBQ | Mukna | Row 61
✅ Saved → SBQ | Mukna | Row 62
✅ Saved → SBQ | Mukna | Row 63
✅ Saved → SBQ | Mukna | Row 64
✅ Saved → SBQ | Mukna | Row 65
✅ Saved → SBQ | Mukna | Row 66
✅ Saved → SBQ | Mukna | Row 67
✅ Saved → SBQ | Mukna | Row 68
✅ Saved → SBQ | Mukna | Row 69
✅ Saved → SBQ | Mukna | Row 70
✅ Saved → SBQ | Mukna | Row 71
✅ Saved → SBQ | Mukna | Row 72
✅ Saved → SBQ | Mukna | Row 73
✅ Saved → SBQ | Mukna | Row 74
✅ Saved → SBQ | Mukna | Row 75
✅ Saved → SBQ | Mukna | Row 76
✅ Saved → SBQ | Mukna | Row 77
✅ Saved → SBQ | Mukna | Row 78
✅ Saved → SBQ | Mukna | Row 79
✅ Saved → SBQ | Mukna | Row 81
✅ Saved → SBQ | Mukna | Row 82
✅ Saved → SBQ | Mukna | Row 83
✅ Saved → SBQ | Mukna | Row 84
✅ Saved → SBQ | Mukna | Row 85
✅ Saved → SBQ | Mukna | Row 86
✅ Saved → SBQ | Mukna | Row 87
✅ Saved → SBQ | Mukna | Row 88
✅ Saved → SBQ | Mukna | Row 89
✅ Saved → SBQ | Mukna | Row 90
✅ Saved → SBQ | Mukna | Row 91
✅ Saved → SBQ | Mukna | Row 92
✅ Saved → SBQ | Mukna | Row 93
✅ Saved → SBQ | Mukna | Row 94
✅ Saved → SBQ | Mukna | Row 95
✅ Saved → SBQ | Mukna | Row 96
✅ Saved → SBQ | Mukna | Row 97
✅ Saved → SBQ | Mukna | Row 98
✅ Saved → SBQ | Mukna | Row 99
✅ Saved → SBQ | Mukna | Row 100
✅ Saved → SBQ | Mukna | Row 101
✅ Saved → SBQ | Mukna | Row 102
✅ Saved → SBQ | Mukna | Row 103
✅ Saved → SBQ | Mukna | Row 104
✅ Saved → SBQ | Mukna | Row 105
✅ Saved → SBQ | Mukna | Row 106
✅ Saved → SBQ | Mukna | Row 107
✅ Saved → SBQ | Mukna | Row 108
✅ Saved → SBQ | Mukna | Row 109
✅ Saved → SBQ | Mukna | Row 110
✅ Saved → SBQ | Mukna | Row 111
✅ Saved → SBQ | Mukna | Row 112
✅ Saved → SBQ | Mukna | Row 113
✅ Saved → SBQ | Mukna | Row 115
✅ Saved → SBQ | Mukna | Row 116
✅ Saved → SBQ | Mukna | Row 117
✅ Saved → SBQ | Mukna | Row 118
✅ Saved → SBQ | Mukna | Row 119
✅ Saved → SBQ | Mukna | Row 120
✅ Saved → SBQ | Mukna | Row 121
✅ Saved → SBQ | Mukna | Row 122
✅ Saved → SBQ | Mukna | Row 123
✅ Saved → SBQ | Mukna | Row 125
✅ Saved → SBQ | Mukna | Row 126
✅ Saved → SBQ | Mukna | Row 127
✅ Saved → SBQ | Mukna | Row 129
✅ Saved → SBQ | Mukna | Row 130
✅ Saved → SBQ | Mukna | Row 132
✅ Saved → SBQ | Mukna | Row 133
✅ Saved → SBQ | Mukna | Row 135
✅ Saved → SBQ | Mukna | Row 138
✅ Saved → SBQ | Mukna | Row 140
✅ Saved → SBQ | Mukna | Row 142
✅ Saved → SBQ | Mukna | Row 143
✅ Saved → SBQ | Mukna | Row 144
✅ Saved → SBQ | Mukna | Row 145
✅ Saved → SBQ | Mukna | Row 149
✅ Saved → SBQ | Mukna | Row 150
✅ Saved → SBQ | Mukna | Row 151
✅ Saved → SBQ | Mukna | Row 153
✅ Saved → SBQ | Mukna | Row 154
✅ Saved → SBQ | Mukna | Row 155
✅ Saved → SBQ | Mukna | Row 156
✅ Saved → SBQ | Mukna | Row 158
✅ Saved → SBQ | Mukna | Row 159
✅ Saved → SBQ | Mukna | Row 161
✅ Saved → SBQ | Mukna | Row 162
✅ Saved → SBQ | Mukna | Row 163
✅ Saved → SBQ | Mukna | Row 164
✅ Saved → SBQ | Mukna | Row 165
✅ Saved → SBQ | Mukna | Row 167
✅ Saved → SBQ | Mukna | Row 168
✅ Saved → SBQ | Mukna | Row 169
✅ Saved → SBQ | Mukna | Row 172
✅ Saved → SBQ | Mukna | Row 173
✅ Saved → SBQ | Mukna | Row 174
✅ Saved → SBQ | Mukna | Row 175
✅ Saved → SBQ | Mukna | Row 181
✅ Saved → SBQ | Mukna | Row 183
✅ Saved → SBQ | Mukna | Row 184
✅ Saved → SBQ | Mukna | Row 185
✅ Saved → SBQ | Mukna | Row 186
✅ Saved → SBQ | Mukna | Row 187
✅ Saved → SBQ | Mukna | Row 188
✅ Saved → SBQ | Mukna | Row 190
✅ Saved → SBQ | Mukna | Row 191
✅ Saved → SBQ | Mukna | Row 193
✅ Saved → SBQ | Mukna | Row 194
✅ Saved → SBQ | Mukna | Row 195
✅ Saved → SBQ | Mukna | Row 197
✅ Saved → SBQ | Mukna | Row 206
✅ Saved → SBQ | Mukna | Row 207
✅ Saved → SBQ | Mukna | Row 208
✅ Saved → SBQ | Mukna | Row 209
✅ Saved → SBQ | Mukna | Row 211
✅ Saved → SBQ | Mukna | Row 212
✅ Saved → SBQ | Mukna | Row 213
✅ Saved → SBQ | Mukna | Row 214
✅ Saved → SBQ | Mukna | Row 215
✅ Saved → SBQ | Mukna | Row 216
✅ Saved → SBQ | Mukna | Row 217
✅ Saved → SBQ | Mukna | Row 218
✅ Saved → SBQ | Mukna | Row 221
✅ Saved → SBQ | Mukna | Row 222
✅ Saved → SBQ | Mukna | Row 223
✅ Saved → SBQ | Mukna | Row 224
✅ Saved → SBQ | Mukna | Row 225
✅ Saved → SBQ | Mukna | Row 227
✅ Saved → SBQ | Mukna | Row 228
✅ Saved → SBQ | Mukna | Row 229
✅ Saved → SBQ | Mukna | Row 232
✅ Saved → SBQ | Mukna | Row 233
✅ Saved → SBQ | Mukna | Row 234
✅ Saved → SBQ | Mukna | Row 235
✅ Saved → SBQ | Mukna | Row 236
✅ Saved → SBQ | Mukna | Row 239
✅ Saved → SBQ | Mukna | Row 240
✅ Saved → SBQ | Mukna | Row 241
✅ Saved → SBQ | Mukna | Row 242
✅ Saved → SBQ | Mukna | Row 244
✅ Saved → SBQ | Mukna | Row 245
✅ Saved → SBQ | Mukna | Row 248
✅ Saved → SBQ | Mukna | Row 250
✅ Saved → SBQ | Mukna | Row 252
✅ Saved → SBQ | Mukna | Row 255
✅ Saved → SBQ | Mukna | Row 256
✅ Saved → SBQ | Mukna | Row 272
✅ Saved → SBQ | Mukna | Row 274
✅ Saved → SBQ | Mukna | Row 275
✅ Saved → SBQ | Mukna | Row 276
✅ Saved → SBQ | Mukna | Row 277
✅ Saved → SBQ | Mukna | Row 278
✅ Saved → SBQ | Mukna | Row 279
✅ Saved → SBQ | Mukna | Row 280
✅ Saved → SBQ | Mukna | Row 282
✅ Saved → SBQ | Mukna | Row 283
✅ Saved → SBQ | Mukna | Row 285
✅ Saved → SBQ | Mukna | Row 286
✅ Saved → SBQ | Mukna | Row 287
✅ Saved → SBQ | Mukna | Row 288
✅ Saved → SBQ | Mukna | Row 289
✅ Saved → SBQ | Mukna | Row 290
✅ Saved → SBQ | Mukna | Row 291
✅ Saved → SBQ | Mukna | Row 292
✅ Saved → SBQ | Mukna | Row 294
✅ Saved → SBQ | Mukna | Row 295
✅ Saved → SBQ | Mukna | Row 296
✅ Saved → SBQ | Mukna | Row 299
✅ Saved → SBQ | Mukna | Row 301
✅ Saved → SBQ | Mukna | Row 302
✅ Saved → SBQ | Mukna | Row 303
✅ Saved → SBQ | Mukna | Row 305
✅ Saved → SBQ | Mukna | Row 307
✅ Saved → SBQ | Mukna | Row 308
✅ Saved → SBQ | Mukna | Row 309
✅ Saved → SBQ | Mukna | Row 310
✅ Saved → SBQ | Mukna | Row 312
✅ Saved → SBQ | Mukna | Row 313
✅ Saved → SBQ | Mukna | Row 314
✅ Saved → SBQ | Mukna | Row 315
✅ Saved → SBQ | Mukna | Row 317
✅ Saved → SBQ | Mukna | Row 318
✅ Saved → SBQ | Mukna | Row 319
✅ Saved → SBQ | Mukna | Row 320
✅ Saved → SBQ | Mukna | Row 321
✅ Saved → SBQ | Mukna | Row 322
✅ Saved → SBQ | Mukna | Row 323
✅ Saved → SBQ | Mukna | Row 324
✅ Saved → SBQ | Mukna | Row 327
✅ Saved → SBQ | Mukna | Row 328
✅ Saved → SBQ | Mukna | Row 329
✅ Saved → SBQ | Mukna | Row 330
✅ Saved → SBQ | Mukna | Row 331
✅ Saved → SBQ | Mukna | Row 332
✅ Saved → SBQ | Mukna | Row 333
✅ Saved → SBQ | Mukna | Row 335
✅ Saved → SBQ | Mukna | Row 338
✅ Saved → SBQ | Mukna | Row 340
✅ Saved → SBQ | Mukna | Row 343
✅ Saved → SBQ | Mukna | Row 344
✅ Saved → SBQ | Mukna | Row 346
✅ Saved → SBQ | Mukna | Row 348
✅ Saved → SBQ | Mukna | Row 349
✅ Saved → SBQ | Mukna | Row 350
✅ Saved → SBQ | Mukna | Row 351
✅ Saved → SBQ | Mukna | Row 352
✅ Saved → SBQ | Mukna | Row 353
✅ Saved → SBQ | Mukna | Row 354
✅ Saved → SBQ | Mukna | Row 355
✅ Saved → SBQ | Mukna | Row 356
✅ Saved → SBQ | Mukna | Row 357
✅ Saved → SBQ | Mukna | Row 358
✅ Saved → SBQ | Mukna | Row 359
✅ Saved → SBQ | Mukna | Row 360
✅ Saved → SBQ | Mukna | Row 361
✅ Saved → SBQ | Mukna | Row 362
✅ Saved → SBQ | Mukna | Row 363
✅ Saved → SBQ | Mukna | Row 364
✅ Saved → SBQ | Mukna | Row 365
✅ Saved → SBQ | Mukna | Row 366
✅ Saved → SBQ | Mukna | Row 368
✅ Saved → SBQ | Mukna | Row 369
✅ Saved → SBQ | Mukna | Row 370
✅ Saved → SBQ | Mukna | Row 371
✅ Saved → SBQ | Mukna | Row 372
✅ Saved → SBQ | Mukna | Row 373
✅ Saved → SBQ | Mukna | Row 374
✅ Saved → SBQ | Mukna | Row 375
✅ Saved → SBQ | Mukna | Row 376
✅ Saved → SBQ | Mukna | Row 377
✅ Saved → SBQ | Mukna | Row 378
✅ Saved → SBQ | Mukna | Row 380
✅ Saved → SBQ | Mukna | Row 381
✅ Saved → SBQ | Mukna | Row 382
✅ Saved → SBQ | Mukna | Row 383
✅ Saved → SBQ | Mukna | Row 384
✅ Saved → SBQ | Mukna | Row 385
✅ Saved → SBQ | Mukna | Row 386
✅ Saved → SBQ | Mukna | Row 387
✅ Saved → SBQ | Mukna | Row 388
✅ Saved → SBQ | Mukna | Row 390
✅ Saved → SBQ | Mukna | Row 391
✅ Saved → SBQ | Mukna | Row 393
✅ Saved → SBQ | Mukna | Row 394
✅ Saved → SBQ | Mukna | Row 395
✅ Saved → SBQ | Mukna | Row 396
✅ Saved → SBQ | Mukna | Row 397
✅ Saved → SBQ | Mukna | Row 398
✅ Saved → SBQ | Mukna | Row 399
✅ Saved → SBQ | Mukna | Row 400
✅ Saved → SBQ | Mukna | Row 401
✅ Saved → SBQ | Mukna | Row 402
✅ Saved → SBQ | Mukna | Row 403
✅ Saved → SBQ | Mukna | Row 404
✅ Saved → SBQ | Mukna | Row 405
✅ Saved → SBQ | Mukna | Row 406
✅ Saved → SBQ | Mukna | Row 407
✅ Saved → SBQ | Mukna | Row 408
✅ Saved → SBQ | Mukna | Row 410
✅ Saved → SBQ | Mukna | Row 412
✅ Saved → SBQ | Mukna | Row 413
✅ Saved → SBQ | Mukna | Row 418
Kalaripayattu
✅ Saved → SBQ | Kalaripayattu | Row 0
✅ Saved → SBQ | Kalaripayattu | Row 1
✅ Saved → SBQ | Kalaripayattu | Row 2
✅ Saved → SBQ | Kalaripayattu | Row 3
✅ Saved → SBQ | Kalaripayattu | Row 4
✅ Saved → SBQ | Kalaripayattu | Row 5
✅ Saved → SBQ | Kalaripayattu | Row 6
✅ Saved → SBQ | Kalaripayattu | Row 7
✅ Saved → SBQ | Kalaripayattu | Row 8
✅ Saved → SBQ | Kalaripayattu | Row 9
✅ Saved → SBQ | Kalaripayattu | Row 10
✅ Saved → SBQ | Kalaripayattu | Row 11
✅ Saved → SBQ | Kalaripayattu | Row 12
✅ Saved → SBQ | Kalaripayattu | Row 13
✅ Saved → SBQ | Kalaripayattu | Row 14
✅ Saved → SBQ | Kalaripayattu | Row 15
✅ Saved → SBQ | Kalaripayattu | Row 16
✅ Saved → SBQ | Kalaripayattu | Row 17
✅ Saved → SBQ | Kalaripayattu | Row 18
✅ Saved → SBQ | Kalaripayattu | Row 19
✅ Saved → SBQ | Kalaripayattu | Row 20
✅ Saved → SBQ | Kalaripayattu | Row 21
✅ Saved → SBQ | Kalaripayattu | Row 22
✅ Saved → SBQ | Kalaripayattu | Row 23
✅ Saved → SBQ | Kalaripayattu | Row 24
✅ Saved → SBQ | Kalaripayattu | Row 25
✅ Saved → SBQ | Kalaripayattu | Row 26
✅ Saved → SBQ | Kalaripayattu | Row 27
✅ Saved → SBQ | Kalaripayattu | Row 28
✅ Saved → SBQ | Kalaripayattu | Row 29
✅ Saved → SBQ | Kalaripayattu | Row 30
✅ Saved → SBQ | Kalaripayattu | Row 31
✅ Saved → SBQ | Kalaripayattu | Row 32
✅ Saved → SBQ | Kalaripayattu | Row 33
✅ Saved → SBQ | Kalaripayattu | Row 34
✅ Saved → SBQ | Kalaripayattu | Row 35
✅ Saved → SBQ | Kalaripayattu | Row 36
✅ Saved → SBQ | Kalaripayattu | Row 37
✅ Saved → SBQ | Kalaripayattu | Row 38
✅ Saved → SBQ | Kalaripayattu | Row 39
✅ Saved → SBQ | Kalaripayattu | Row 40
✅ Saved → SBQ | Kalaripayattu | Row 41
✅ Saved → SBQ | Kalaripayattu | Row 42
✅ Saved → SBQ | Kalaripayattu | Row 43
✅ Saved → SBQ | Kalaripayattu | Row 44
✅ Saved → SBQ | Kalaripayattu | Row 45
✅ Saved → SBQ | Kalaripayattu | Row 46
✅ Saved → SBQ | Kalaripayattu | Row 48
✅ Saved → SBQ | Kalaripayattu | Row 49
✅ Saved → SBQ | Kalaripayattu | Row 50
✅ Saved → SBQ | Kalaripayattu | Row 51
✅ Saved → SBQ | Kalaripayattu | Row 52
✅ Saved → SBQ | Kalaripayattu | Row 53
✅ Saved → SBQ | Kalaripayattu | Row 54
✅ Saved → SBQ | Kalaripayattu | Row 55
✅ Saved → SBQ | Kalaripayattu | Row 56
✅ Saved → SBQ | Kalaripayattu | Row 57
✅ Saved → SBQ | Kalaripayattu | Row 58
✅ Saved → SBQ | Kalaripayattu | Row 59
✅ Saved → SBQ | Kalaripayattu | Row 60
✅ Saved → SBQ | Kalaripayattu | Row 61
✅ Saved → SBQ | Kalaripayattu | Row 62
✅ Saved → SBQ | Kalaripayattu | Row 63
✅ Saved → SBQ | Kalaripayattu | Row 64
✅ Saved → SBQ | Kalaripayattu | Row 65
✅ Saved → SBQ | Kalaripayattu | Row 66
✅ Saved → SBQ | Kalaripayattu | Row 67
✅ Saved → SBQ | Kalaripayattu | Row 68
✅ Saved → SBQ | Kalaripayattu | Row 69
✅ Saved → SBQ | Kalaripayattu | Row 70
✅ Saved → SBQ | Kalaripayattu | Row 71
✅ Saved → SBQ | Kalaripayattu | Row 72
✅ Saved → SBQ | Kalaripayattu | Row 73
✅ Saved → SBQ | Kalaripayattu | Row 74
✅ Saved → SBQ | Kalaripayattu | Row 75
✅ Saved → SBQ | Kalaripayattu | Row 76
✅ Saved → SBQ | Kalaripayattu | Row 77
✅ Saved → SBQ | Kalaripayattu | Row 78
✅ Saved → SBQ | Kalaripayattu | Row 79
✅ Saved → SBQ | Kalaripayattu | Row 80
✅ Saved → SBQ | Kalaripayattu | Row 81
✅ Saved → SBQ | Kalaripayattu | Row 82
✅ Saved → SBQ | Kalaripayattu | Row 83
✅ Saved → SBQ | Kalaripayattu | Row 84
✅ Saved → SBQ | Kalaripayattu | Row 85
✅ Saved → SBQ | Kalaripayattu | Row 86
✅ Saved → SBQ | Kalaripayattu | Row 87
✅ Saved → SBQ | Kalaripayattu | Row 88
✅ Saved → SBQ | Kalaripayattu | Row 89
✅ Saved → SBQ | Kalaripayattu | Row 90
✅ Saved → SBQ | Kalaripayattu | Row 91
✅ Saved → SBQ | Kalaripayattu | Row 92
✅ Saved → SBQ | Kalaripayattu | Row 93
✅ Saved → SBQ | Kalaripayattu | Row 94
✅ Saved → SBQ | Kalaripayattu | Row 95
✅ Saved → SBQ | Kalaripayattu | Row 96
✅ Saved → SBQ | Kalaripayattu | Row 97
✅ Saved → SBQ | Kalaripayattu | Row 98
✅ Saved → SBQ | Kalaripayattu | Row 99
✅ Saved → SBQ | Kalaripayattu | Row 100
✅ Saved → SBQ | Kalaripayattu | Row 101
✅ Saved → SBQ | Kalaripayattu | Row 102
✅ Saved → SBQ | Kalaripayattu | Row 103
✅ Saved → SBQ | Kalaripayattu | Row 104
✅ Saved → SBQ | Kalaripayattu | Row 105
✅ Saved → SBQ | Kalaripayattu | Row 106
✅ Saved → SBQ | Kalaripayattu | Row 107
✅ Saved → SBQ | Kalaripayattu | Row 108
✅ Saved → SBQ | Kalaripayattu | Row 109
✅ Saved → SBQ | Kalaripayattu | Row 110
✅ Saved → SBQ | Kalaripayattu | Row 111
✅ Saved → SBQ | Kalaripayattu | Row 112
✅ Saved → SBQ | Kalaripayattu | Row 113
✅ Saved → SBQ | Kalaripayattu | Row 114
✅ Saved → SBQ | Kalaripayattu | Row 115
✅ Saved → SBQ | Kalaripayattu | Row 116
✅ Saved → SBQ | Kalaripayattu | Row 117
✅ Saved → SBQ | Kalaripayattu | Row 118
✅ Saved → SBQ | Kalaripayattu | Row 119
✅ Saved → SBQ | Kalaripayattu | Row 120
✅ Saved → SBQ | Kalaripayattu | Row 121
✅ Saved → SBQ | Kalaripayattu | Row 122
✅ Saved → SBQ | Kalaripayattu | Row 123
✅ Saved → SBQ | Kalaripayattu | Row 124
✅ Saved → SBQ | Kalaripayattu | Row 125
✅ Saved → SBQ | Kalaripayattu | Row 126
✅ Saved → SBQ | Kalaripayattu | Row 127
✅ Saved → SBQ | Kalaripayattu | Row 128
✅ Saved → SBQ | Kalaripayattu | Row 129
✅ Saved → SBQ | Kalaripayattu | Row 130
✅ Saved → SBQ | Kalaripayattu | Row 131
✅ Saved → SBQ | Kalaripayattu | Row 132
✅ Saved → SBQ | Kalaripayattu | Row 133
✅ Saved → SBQ | Kalaripayattu | Row 134
✅ Saved → SBQ | Kalaripayattu | Row 135
✅ Saved → SBQ | Kalaripayattu | Row 136
✅ Saved → SBQ | Kalaripayattu | Row 137
✅ Saved → SBQ | Kalaripayattu | Row 138
✅ Saved → SBQ | Kalaripayattu | Row 139
✅ Saved → SBQ | Kalaripayattu | Row 140
✅ Saved → SBQ | Kalaripayattu | Row 141
✅ Saved → SBQ | Kalaripayattu | Row 142
✅ Saved → SBQ | Kalaripayattu | Row 143
✅ Saved → SBQ | Kalaripayattu | Row 144
✅ Saved → SBQ | Kalaripayattu | Row 145
✅ Saved → SBQ | Kalaripayattu | Row 146
✅ Saved → SBQ | Kalaripayattu | Row 147
✅ Saved → SBQ | Kalaripayattu | Row 148
✅ Saved → SBQ | Kalaripayattu | Row 149
✅ Saved → SBQ | Kalaripayattu | Row 150
✅ Saved → SBQ | Kalaripayattu | Row 151
✅ Saved → SBQ | Kalaripayattu | Row 152
✅ Saved → SBQ | Kalaripayattu | Row 153
✅ Saved → SBQ | Kalaripayattu | Row 154
✅ Saved → SBQ | Kalaripayattu | Row 155
✅ Saved → SBQ | Kalaripayattu | Row 156
✅ Saved → SBQ | Kalaripayattu | Row 157
✅ Saved → SBQ | Kalaripayattu | Row 158
✅ Saved → SBQ | Kalaripayattu | Row 159
✅ Saved → SBQ | Kalaripayattu | Row 160
✅ Saved → SBQ | Kalaripayattu | Row 161
✅ Saved → SBQ | Kalaripayattu | Row 162
✅ Saved → SBQ | Kalaripayattu | Row 163
✅ Saved → SBQ | Kalaripayattu | Row 164
✅ Saved → SBQ | Kalaripayattu | Row 165
✅ Saved → SBQ | Kalaripayattu | Row 166
✅ Saved → SBQ | Kalaripayattu | Row 167
✅ Saved → SBQ | Kalaripayattu | Row 168
✅ Saved → SBQ | Kalaripayattu | Row 169
✅ Saved → SBQ | Kalaripayattu | Row 170
✅ Saved → SBQ | Kalaripayattu | Row 171
✅ Saved → SBQ | Kalaripayattu | Row 172
✅ Saved → SBQ | Kalaripayattu | Row 173
✅ Saved → SBQ | Kalaripayattu | Row 174
✅ Saved → SBQ | Kalaripayattu | Row 175
✅ Saved → SBQ | Kalaripayattu | Row 176
✅ Saved → SBQ | Kalaripayattu | Row 177
✅ Saved → SBQ | Kalaripayattu | Row 178
✅ Saved → SBQ | Kalaripayattu | Row 179
✅ Saved → SBQ | Kalaripayattu | Row 180
✅ Saved → SBQ | Kalaripayattu | Row 181
✅ Saved → SBQ | Kalaripayattu | Row 182
✅ Saved → SBQ | Kalaripayattu | Row 183
✅ Saved → SBQ | Kalaripayattu | Row 184
✅ Saved → SBQ | Kalaripayattu | Row 185
✅ Saved → SBQ | Kalaripayattu | Row 186
✅ Saved → SBQ | Kalaripayattu | Row 187
✅ Saved → SBQ | Kalaripayattu | Row 188
✅ Saved → SBQ | Kalaripayattu | Row 189
✅ Saved → SBQ | Kalaripayattu | Row 190
✅ Saved → SBQ | Kalaripayattu | Row 191
✅ Saved → SBQ | Kalaripayattu | Row 192
✅ Saved → SBQ | Kalaripayattu | Row 193
✅ Saved → SBQ | Kalaripayattu | Row 194
✅ Saved → SBQ | Kalaripayattu | Row 195
✅ Saved → SBQ | Kalaripayattu | Row 196
✅ Saved → SBQ | Kalaripayattu | Row 197
✅ Saved → SBQ | Kalaripayattu | Row 198
✅ Saved → SBQ | Kalaripayattu | Row 199
✅ Saved → SBQ | Kalaripayattu | Row 200
✅ Saved → SBQ | Kalaripayattu | Row 201
✅ Saved → SBQ | Kalaripayattu | Row 202
✅ Saved → SBQ | Kalaripayattu | Row 203
✅ Saved → SBQ | Kalaripayattu | Row 204
✅ Saved → SBQ | Kalaripayattu | Row 205
✅ Saved → SBQ | Kalaripayattu | Row 206
✅ Saved → SBQ | Kalaripayattu | Row 207
✅ Saved → SBQ | Kalaripayattu | Row 208
✅ Saved → SBQ | Kalaripayattu | Row 209
✅ Saved → SBQ | Kalaripayattu | Row 210
✅ Saved → SBQ | Kalaripayattu | Row 211
✅ Saved → SBQ | Kalaripayattu | Row 212
✅ Saved → SBQ | Kalaripayattu | Row 213
✅ Saved → SBQ | Kalaripayattu | Row 214
✅ Saved → SBQ | Kalaripayattu | Row 215
✅ Saved → SBQ | Kalaripayattu | Row 216
✅ Saved → SBQ | Kalaripayattu | Row 217
✅ Saved → SBQ | Kalaripayattu | Row 218
✅ Saved → SBQ | Kalaripayattu | Row 219
✅ Saved → SBQ | Kalaripayattu | Row 220
✅ Saved → SBQ | Kalaripayattu | Row 221
✅ Saved → SBQ | Kalaripayattu | Row 222
✅ Saved → SBQ | Kalaripayattu | Row 223
✅ Saved → SBQ | Kalaripayattu | Row 224
✅ Saved → SBQ | Kalaripayattu | Row 225
✅ Saved → SBQ | Kalaripayattu | Row 226
✅ Saved → SBQ | Kalaripayattu | Row 227
✅ Saved → SBQ | Kalaripayattu | Row 228
✅ Saved → SBQ | Kalaripayattu | Row 229
✅ Saved → SBQ | Kalaripayattu | Row 230
✅ Saved → SBQ | Kalaripayattu | Row 231
✅ Saved → SBQ | Kalaripayattu | Row 232
✅ Saved → SBQ | Kalaripayattu | Row 233
✅ Saved → SBQ | Kalaripayattu | Row 234
✅ Saved → SBQ | Kalaripayattu | Row 235
✅ Saved → SBQ | Kalaripayattu | Row 236
✅ Saved → SBQ | Kalaripayattu | Row 237
✅ Saved → SBQ | Kalaripayattu | Row 238
✅ Saved → SBQ | Kalaripayattu | Row 239
✅ Saved → SBQ | Kalaripayattu | Row 240
✅ Saved → SBQ | Kalaripayattu | Row 241
✅ Saved → SBQ | Kalaripayattu | Row 242
✅ Saved → SBQ | Kalaripayattu | Row 243
✅ Saved → SBQ | Kalaripayattu | Row 244
✅ Saved → SBQ | Kalaripayattu | Row 245
✅ Saved → SBQ | Kalaripayattu | Row 246
✅ Saved → SBQ | Kalaripayattu | Row 247
✅ Saved → SBQ | Kalaripayattu | Row 248
✅ Saved → SBQ | Kalaripayattu | Row 249
✅ Saved → SBQ | Kalaripayattu | Row 250
✅ Saved → SBQ | Kalaripayattu | Row 251
✅ Saved → SBQ | Kalaripayattu | Row 252
✅ Saved → SBQ | Kalaripayattu | Row 253
✅ Saved → SBQ | Kalaripayattu | Row 254
✅ Saved → SBQ | Kalaripayattu | Row 255
✅ Saved → SBQ | Kalaripayattu | Row 256
✅ Saved → SBQ | Kalaripayattu | Row 257
✅ Saved → SBQ | Kalaripayattu | Row 258
✅ Saved → SBQ | Kalaripayattu | Row 259
✅ Saved → SBQ | Kalaripayattu | Row 260
✅ Saved → SBQ | Kalaripayattu | Row 261
✅ Saved → SBQ | Kalaripayattu | Row 262
✅ Saved → SBQ | Kalaripayattu | Row 263
✅ Saved → SBQ | Kalaripayattu | Row 264
✅ Saved → SBQ | Kalaripayattu | Row 265
✅ Saved → SBQ | Kalaripayattu | Row 266
✅ Saved → SBQ | Kalaripayattu | Row 267
✅ Saved → SBQ | Kalaripayattu | Row 269
✅ Saved → SBQ | Kalaripayattu | Row 270
✅ Saved → SBQ | Kalaripayattu | Row 271
✅ Saved → SBQ | Kalaripayattu | Row 273
✅ Saved → SBQ | Kalaripayattu | Row 274
✅ Saved → SBQ | Kalaripayattu | Row 275
✅ Saved → SBQ | Kalaripayattu | Row 276
✅ Saved → SBQ | Kalaripayattu | Row 277
✅ Saved → SBQ | Kalaripayattu | Row 278
✅ Saved → SBQ | Kalaripayattu | Row 279
✅ Saved → SBQ | Kalaripayattu | Row 280
✅ Saved → SBQ | Kalaripayattu | Row 281
✅ Saved → SBQ | Kalaripayattu | Row 282
✅ Saved → SBQ | Kalaripayattu | Row 283
✅ Saved → SBQ | Kalaripayattu | Row 284
✅ Saved → SBQ | Kalaripayattu | Row 285
✅ Saved → SBQ | Kalaripayattu | Row 286
✅ Saved → SBQ | Kalaripayattu | Row 287
✅ Saved → SBQ | Kalaripayattu | Row 288
✅ Saved → SBQ | Kalaripayattu | Row 289
✅ Saved → SBQ | Kalaripayattu | Row 290
✅ Saved → SBQ | Kalaripayattu | Row 292
✅ Saved → SBQ | Kalaripayattu | Row 294
✅ Saved → SBQ | Kalaripayattu | Row 298
✅ Saved → SBQ | Kalaripayattu | Row 301
✅ Saved → SBQ | Kalaripayattu | Row 302
✅ Saved → SBQ | Kalaripayattu | Row 303
✅ Saved → SBQ | Kalaripayattu | Row 304
✅ Saved → SBQ | Kalaripayattu | Row 305
✅ Saved → SBQ | Kalaripayattu | Row 306
✅ Saved → SBQ | Kalaripayattu | Row 307
✅ Saved → SBQ | Kalaripayattu | Row 308
✅ Saved → SBQ | Kalaripayattu | Row 309
✅ Saved → SBQ | Kalaripayattu | Row 310
✅ Saved → SBQ | Kalaripayattu | Row 311
✅ Saved → SBQ | Kalaripayattu | Row 312
✅ Saved → SBQ | Kalaripayattu | Row 314
✅ Saved → SBQ | Kalaripayattu | Row 315
✅ Saved → SBQ | Kalaripayattu | Row 316
✅ Saved → SBQ | Kalaripayattu | Row 317
✅ Saved → SBQ | Kalaripayattu | Row 318
✅ Saved → SBQ | Kalaripayattu | Row 319
✅ Saved → SBQ | Kalaripayattu | Row 320
✅ Saved → SBQ | Kalaripayattu | Row 321
✅ Saved → SBQ | Kalaripayattu | Row 322
✅ Saved → SBQ | Kalaripayattu | Row 323
✅ Saved → SBQ | Kalaripayattu | Row 324
✅ Saved → SBQ | Kalaripayattu | Row 325
✅ Saved → SBQ | Kalaripayattu | Row 326
✅ Saved → SBQ | Kalaripayattu | Row 327
✅ Saved → SBQ | Kalaripayattu | Row 328
✅ Saved → SBQ | Kalaripayattu | Row 331
✅ Saved → SBQ | Kalaripayattu | Row 334
✅ Saved → SBQ | Kalaripayattu | Row 335
✅ Saved → SBQ | Kalaripayattu | Row 339
✅ Saved → SBQ | Kalaripayattu | Row 340
✅ Saved → SBQ | Kalaripayattu | Row 342
✅ Saved → SBQ | Kalaripayattu | Row 343
✅ Saved → SBQ | Kalaripayattu | Row 345
✅ Saved → SBQ | Kalaripayattu | Row 346
✅ Saved → SBQ | Kalaripayattu | Row 367
✅ Saved → SBQ | Kalaripayattu | Row 368
✅ Saved → SBQ | Kalaripayattu | Row 369
✅ Saved → SBQ | Kalaripayattu | Row 370
✅ Saved → SBQ | Kalaripayattu | Row 371
✅ Saved → SBQ | Kalaripayattu | Row 372
✅ Saved → SBQ | Kalaripayattu | Row 373
✅ Saved → SBQ | Kalaripayattu | Row 374
✅ Saved → SBQ | Kalaripayattu | Row 375
✅ Saved → SBQ | Kalaripayattu | Row 376
✅ Saved → SBQ | Kalaripayattu | Row 377
✅ Saved → SBQ | Kalaripayattu | Row 378
✅ Saved → SBQ | Kalaripayattu | Row 379
✅ Saved → SBQ | Kalaripayattu | Row 380
✅ Saved → SBQ | Kalaripayattu | Row 381
✅ Saved → SBQ | Kalaripayattu | Row 382
✅ Saved → SBQ | Kalaripayattu | Row 383
✅ Saved → SBQ | Kalaripayattu | Row 384
✅ Saved → SBQ | Kalaripayattu | Row 385
✅ Saved → SBQ | Kalaripayattu | Row 386
✅ Saved → SBQ | Kalaripayattu | Row 387
✅ Saved → SBQ | Kalaripayattu | Row 388
✅ Saved → SBQ | Kalaripayattu | Row 389
✅ Saved → SBQ | Kalaripayattu | Row 390
✅ Saved → SBQ | Kalaripayattu | Row 391
✅ Saved → SBQ | Kalaripayattu | Row 392
✅ Saved → SBQ | Kalaripayattu | Row 393
✅ Saved → SBQ | Kalaripayattu | Row 394
✅ Saved → SBQ | Kalaripayattu | Row 395
✅ Saved → SBQ | Kalaripayattu | Row 396
✅ Saved → SBQ | Kalaripayattu | Row 397
✅ Saved → SBQ | Kalaripayattu | Row 398
✅ Saved → SBQ | Kalaripayattu | Row 399
✅ Saved → SBQ | Kalaripayattu | Row 400
✅ Saved → SBQ | Kalaripayattu | Row 401
✅ Saved → SBQ | Kalaripayattu | Row 402
✅ Saved → SBQ | Kalaripayattu | Row 403
✅ Saved → SBQ | Kalaripayattu | Row 404
✅ Saved → SBQ | Kalaripayattu | Row 405
✅ Saved → SBQ | Kalaripayattu | Row 406
✅ Saved → SBQ | Kalaripayattu | Row 407
✅ Saved → SBQ | Kalaripayattu | Row 408
✅ Saved → SBQ | Kalaripayattu | Row 409
✅ Saved → SBQ | Kalaripayattu | Row 410
✅ Saved → SBQ | Kalaripayattu | Row 411
✅ Saved → SBQ | Kalaripayattu | Row 412
✅ Saved → SBQ | Kalaripayattu | Row 413
✅ Saved → SBQ | Kalaripayattu | Row 414
✅ Saved → SBQ | Kalaripayattu | Row 415
✅ Saved → SBQ | Kalaripayattu | Row 416
✅ Saved → SBQ | Kalaripayattu | Row 417
✅ Saved → SBQ | Kalaripayattu | Row 418
✅ Saved → SBQ | Kalaripayattu | Row 419
✅ Saved → SBQ | Kalaripayattu | Row 420
✅ Saved → SBQ | Kalaripayattu | Row 421
✅ Saved → SBQ | Kalaripayattu | Row 422
✅ Saved → SBQ | Kalaripayattu | Row 423
✅ Saved → SBQ | Kalaripayattu | Row 424
✅ Saved → SBQ | Kalaripayattu | Row 425
✅ Saved → SBQ | Kalaripayattu | Row 427
✅ Saved → SBQ | Kalaripayattu | Row 428
✅ Saved → SBQ | Kalaripayattu | Row 429
✅ Saved → SBQ | Kalaripayattu | Row 430
✅ Saved → SBQ | Kalaripayattu | Row 431
✅ Saved → SBQ | Kalaripayattu | Row 432
✅ Saved → SBQ | Kalaripayattu | Row 433
✅ Saved → SBQ | Kalaripayattu | Row 434
✅ Saved → SBQ | Kalaripayattu | Row 435
✅ Saved → SBQ | Kalaripayattu | Row 436
✅ Saved → SBQ | Kalaripayattu | Row 437
✅ Saved → SBQ | Kalaripayattu | Row 438
✅ Saved → SBQ | Kalaripayattu | Row 439
✅ Saved → SBQ | Kalaripayattu | Row 440
✅ Saved → SBQ | Kalaripayattu | Row 441
✅ Saved → SBQ | Kalaripayattu | Row 443
✅ Saved → SBQ | Kalaripayattu | Row 444
✅ Saved → SBQ | Kalaripayattu | Row 445
✅ Saved → SBQ | Kalaripayattu | Row 446
✅ Saved → SBQ | Kalaripayattu | Row 447
✅ Saved → SBQ | Kalaripayattu | Row 448
✅ Saved → SBQ | Kalaripayattu | Row 449
✅ Saved → SBQ | Kalaripayattu | Row 450
✅ Saved → SBQ | Kalaripayattu | Row 451
✅ Saved → SBQ | Kalaripayattu | Row 452
✅ Saved → SBQ | Kalaripayattu | Row 453
✅ Saved → SBQ | Kalaripayattu | Row 454
✅ Saved → SBQ | Kalaripayattu | Row 455
✅ Saved → SBQ | Kalaripayattu | Row 456
✅ Saved → SBQ | Kalaripayattu | Row 457
✅ Saved → SBQ | Kalaripayattu | Row 458
✅ Saved → SBQ | Kalaripayattu | Row 459
✅ Saved → SBQ | Kalaripayattu | Row 460
✅ Saved → SBQ | Kalaripayattu | Row 461
✅ Saved → SBQ | Kalaripayattu | Row 462
✅ Saved → SBQ | Kalaripayattu | Row 463
✅ Saved → SBQ | Kalaripayattu | Row 464
✅ Saved → SBQ | Kalaripayattu | Row 465
✅ Saved → SBQ | Kalaripayattu | Row 466
✅ Saved → SBQ | Kalaripayattu | Row 467
✅ Saved → SBQ | Kalaripayattu | Row 468
✅ Saved → SBQ | Kalaripayattu | Row 469
✅ Saved → SBQ | Kalaripayattu | Row 470
✅ Saved → SBQ | Kalaripayattu | Row 471
✅ Saved → SBQ | Kalaripayattu | Row 472
✅ Saved → SBQ | Kalaripayattu | Row 473
✅ Saved → SBQ | Kalaripayattu | Row 474
✅ Saved → SBQ | Kalaripayattu | Row 475
✅ Saved → SBQ | Kalaripayattu | Row 476
✅ Saved → SBQ | Kalaripayattu | Row 477
✅ Saved → SBQ | Kalaripayattu | Row 478
✅ Saved → SBQ | Kalaripayattu | Row 479
✅ Saved → SBQ | Kalaripayattu | Row 480
✅ Saved → SBQ | Kalaripayattu | Row 481
✅ Saved → SBQ | Kalaripayattu | Row 482
✅ Saved → SBQ | Kalaripayattu | Row 483
✅ Saved → SBQ | Kalaripayattu | Row 484
✅ Saved → SBQ | Kalaripayattu | Row 486
✅ Saved → SBQ | Kalaripayattu | Row 487
✅ Saved → SBQ | Kalaripayattu | Row 488
✅ Saved → SBQ | Kalaripayattu | Row 489
✅ Saved → SBQ | Kalaripayattu | Row 490
✅ Saved → SBQ | Kalaripayattu | Row 491
✅ Saved → SBQ | Kalaripayattu | Row 492
✅ Saved → SBQ | Kalaripayattu | Row 493
✅ Saved → SBQ | Kalaripayattu | Row 494
✅ Saved → SBQ | Kalaripayattu | Row 495
✅ Saved → SBQ | Kalaripayattu | Row 497
✅ Saved → SBQ | Kalaripayattu | Row 498
✅ Saved → SBQ | Kalaripayattu | Row 499
✅ Saved → SBQ | Kalaripayattu | Row 500
✅ Saved → SBQ | Kalaripayattu | Row 501
✅ Saved → SBQ | Kalaripayattu | Row 502
✅ Saved → SBQ | Kalaripayattu | Row 503
✅ Saved → SBQ | Kalaripayattu | Row 504
✅ Saved → SBQ | Kalaripayattu | Row 505
✅ Saved → SBQ | Kalaripayattu | Row 506
✅ Saved → SBQ | Kalaripayattu | Row 507
✅ Saved → SBQ | Kalaripayattu | Row 508
✅ Saved → SBQ | Kalaripayattu | Row 509
✅ Saved → SBQ | Kalaripayattu | Row 510
✅ Saved → SBQ | Kalaripayattu | Row 511
✅ Saved → SBQ | Kalaripayattu | Row 512
✅ Saved → SBQ | Kalaripayattu | Row 513
✅ Saved → SBQ | Kalaripayattu | Row 514
✅ Saved → SBQ | Kalaripayattu | Row 515
✅ Saved → SBQ | Kalaripayattu | Row 516
✅ Saved → SBQ | Kalaripayattu | Row 517
✅ Saved → SBQ | Kalaripayattu | Row 518
✅ Saved → SBQ | Kalaripayattu | Row 519
✅ Saved → SBQ | Kalaripayattu | Row 520
✅ Saved → SBQ | Kalaripayattu | Row 521
✅ Saved → SBQ | Kalaripayattu | Row 523
✅ Saved → SBQ | Kalaripayattu | Row 524
✅ Saved → SBQ | Kalaripayattu | Row 525
✅ Saved → SBQ | Kalaripayattu | Row 526
✅ Saved → SBQ | Kalaripayattu | Row 527
✅ Saved → SBQ | Kalaripayattu | Row 528
✅ Saved → SBQ | Kalaripayattu | Row 529
✅ Saved → SBQ | Kalaripayattu | Row 530
✅ Saved → SBQ | Kalaripayattu | Row 531
✅ Saved → SBQ | Kalaripayattu | Row 532
✅ Saved → SBQ | Kalaripayattu | Row 533
✅ Saved → SBQ | Kalaripayattu | Row 534
✅ Saved → SBQ | Kalaripayattu | Row 535
✅ Saved → SBQ | Kalaripayattu | Row 536
✅ Saved → SBQ | Kalaripayattu | Row 538
✅ Saved → SBQ | Kalaripayattu | Row 539
✅ Saved → SBQ | Kalaripayattu | Row 540
✅ Saved → SBQ | Kalaripayattu | Row 541
✅ Saved → SBQ | Kalaripayattu | Row 542
✅ Saved → SBQ | Kalaripayattu | Row 543
✅ Saved → SBQ | Kalaripayattu | Row 544
✅ Saved → SBQ | Kalaripayattu | Row 545
✅ Saved → SBQ | Kalaripayattu | Row 546
✅ Saved → SBQ | Kalaripayattu | Row 547
✅ Saved → SBQ | Kalaripayattu | Row 548
✅ Saved → SBQ | Kalaripayattu | Row 550
✅ Saved → SBQ | Kalaripayattu | Row 551
✅ Saved → SBQ | Kalaripayattu | Row 552
✅ Saved → SBQ | Kalaripayattu | Row 553
✅ Saved → SBQ | Kalaripayattu | Row 554
✅ Saved → SBQ | Kalaripayattu | Row 556
✅ Saved → SBQ | Kalaripayattu | Row 557
✅ Saved → SBQ | Kalaripayattu | Row 558
✅ Saved → SBQ | Kalaripayattu | Row 559
✅ Saved → SBQ | Kalaripayattu | Row 560
✅ Saved → SBQ | Kalaripayattu | Row 561
✅ Saved → SBQ | Kalaripayattu | Row 562
✅ Saved → SBQ | Kalaripayattu | Row 563
✅ Saved → SBQ | Kalaripayattu | Row 564
✅ Saved → SBQ | Kalaripayattu | Row 565
✅ Saved → SBQ | Kalaripayattu | Row 566
✅ Saved → SBQ | Kalaripayattu | Row 567
✅ Saved → SBQ | Kalaripayattu | Row 568
✅ Saved → SBQ | Kalaripayattu | Row 569
✅ Saved → SBQ | Kalaripayattu | Row 570
✅ Saved → SBQ | Kalaripayattu | Row 571
✅ Saved → SBQ | Kalaripayattu | Row 572
✅ Saved → SBQ | Kalaripayattu | Row 573
✅ Saved → SBQ | Kalaripayattu | Row 574
✅ Saved → SBQ | Kalaripayattu | Row 575
✅ Saved → SBQ | Kalaripayattu | Row 576
✅ Saved → SBQ | Kalaripayattu | Row 577
✅ Saved → SBQ | Kalaripayattu | Row 578
✅ Saved → SBQ | Kalaripayattu | Row 579
✅ Saved → SBQ | Kalaripayattu | Row 580
✅ Saved → SBQ | Kalaripayattu | Row 581
✅ Saved → SBQ | Kalaripayattu | Row 582
✅ Saved → SBQ | Kalaripayattu | Row 583
✅ Saved → SBQ | Kalaripayattu | Row 584
✅ Saved → SBQ | Kalaripayattu | Row 585
✅ Saved → SBQ | Kalaripayattu | Row 586
✅ Saved → SBQ | Kalaripayattu | Row 587
✅ Saved → SBQ | Kalaripayattu | Row 588
✅ Saved → SBQ | Kalaripayattu | Row 589
✅ Saved → SBQ | Kalaripayattu | Row 590
✅ Saved → SBQ | Kalaripayattu | Row 591
✅ Saved → SBQ | Kalaripayattu | Row 592

✅ COMPLETE!
📄 Live-updating CSV: /DATA/rohan_kirti/country/india/SBQ/Results_SBQ.csv
Ended at: 18:51:15
Total Duration: 9:18:20.666019
✅ Successfully created '/DATA/rohan_kirti/country/india/SBQ/Results_SBQ.xlsx'
