image_no,country,file,sheet,question,option,answer,score,What's wrong in Question,How can I improve the question,How can I improve the Options,Correct Answer
horse_racing_15.jpg,IBQ,IBQ_Sudan.xlsx,Horse_Racing,ما هي المرحلة من سباق الخيل التي تُصوّرها هذه الصورة؟,أ) المرحلة الأخيرة، ب) بداية السباق، ج) لفة النصر، د) جلسة تدريبية,ب) بداية السباق,1,no mistake,no correction needed,no correction needed,no answer needed
horse_racing_15.jpg,IBQ,IBQ_Sudan.xlsx,Horse_Racing,ما هو الاسم الرسمي للمبنى الكبير الذي تخرج منه الخيول؟,أ) منطقة الحظيرة، ب) الإسطبلات، ج) بوابات البداية، د) خط النهاية,ج) بوابات البداية,1,no mistake,no correction needed,no correction needed,no answer needed
horse_racing_15.jpg,IBQ,IBQ_Sudan.xlsx,Horse_Racing,استنادًا إلى البرجين التوأمين الظاهرين أعلى المدرج الرئيسي، ما هو مضمار السباق الأمريكي الشهير الذي يُرجح ظهوره؟,أ) منتزه سانتا أنيتا، ب) مضمار سباق ساراتوغا، ج) تشرشل داونز، د) منتزه بيلمونت,ج) تشرشل داونز,1,no mistake,no correction needed,no correction needed,no answer needed
horse_racing_15.jpg,IBQ,IBQ_Sudan.xlsx,Horse_Racing,ما هو اسم المجموعة الكاملة من الخيول المتنافسة في السباق؟,أ) الحزمة، ب) الإسطبل، ج) السلسلة، د) الحقل,د) الحقل,1,no mistake,no correction needed,no correction needed,no answer needed
horse_racing_15.jpg,IBQ,IBQ_Sudan.xlsx,Horse_Racing,ماذا تمثل ألوان الحرير المختلفة التي يرتديها الفرسان في المقام الأول؟,أ) بلد منشأ الفارس، ب) مالك الحصان المسجل، ج) تفضيل الفارس الشخصي، د) راعي الفريق,ب) المالك المسجل للحصان,1,no mistake,no correction needed,no correction needed,no answer needed
horse_racing_15.jpg,IBQ,IBQ_Sudan.xlsx,Horse_Racing,ما هو تأثير العدسة ذات الزاوية الواسعة المستخدمة في هذه الصورة على المشهد؟,أ) يُسطّح المنظور، ب) يُنشئ منظرًا بانوراميًا مشوّهًا، ج) يعزل حصانًا واحدًا، د) يجعل الأشياء تبدو أقرب,ب) يخلق ذلك رؤية بانورامية مشوهة,1,no mistake,no correction needed,no correction needed,no answer needed
horse_racing_15.jpg,IBQ,IBQ_Sudan.xlsx,Horse_Racing,ماذا تمثل الأرقام الموجودة على أغطية السرج الوردية والخضراء؟,أ) عمر الحصان، ب) وزن الفارس، ج) رقم الحصان المخصص للسباق، د) عدد مرات فوز الحصان,ج) الرقم المخصص للحصان في السباق,1,no mistake,no correction needed,no correction needed,no answer needed
horse_racing_15.jpg,IBQ,IBQ_Sudan.xlsx,Horse_Racing,لماذا تتجه جميع الخيول في نفس الاتجاه؟,أ) إنهم يتبعون حصانًا متقدمًا، ب) إنهم في وضعية الاستعداد لبدء السباق، ج) إنهم يتخذون وضعية لالتقاط صورة، د) إنهم عائدون إلى الإسطبلات,ب) هم في وضع يسمح لهم ببدء السباق,1,no mistake,no correction needed,no correction needed,no answer needed
horse_racing_15.jpg,IBQ,IBQ_Sudan.xlsx,Horse_Racing,يشير هذا الحشد الكبير إلى أي نوع من أنواع الفعاليات؟,أ) تجربة خاصة، ب) يوم سباق رئيسي وعام، ج) جلسة تدريب يومية، د) مزاد,ب) يوم سباق رئيسي وعام,1,no mistake,no correction needed,no correction needed,no answer needed
horse_racing_15.jpg,IBQ,IBQ_Sudan.xlsx,Horse_Racing,ما هو السطح المحتمل لهذا المضمار؟,أ) العشب الطبيعي، ب) التراب، ج) الثلج، د) العشب الصناعي,ب) التراب,1,no mistake,no correction needed,no correction needed,no answer needed
horse_racing_1.jpg,IBQ,IBQ_Sudan.xlsx,Horse_Racing,ما هي القطعة من المعدات التي ترتديها عدة خيول على رؤوسها لتقييد رؤيتها والحفاظ على تركيزها؟,أ) كمامة، ب) لجام، ج) غطاء العينين، د) حبل المقود,ج) إشارات الانعطاف,0,"The correct answer provided is incorrect. 'إشارات الانعطاف' (turn signals) are not worn by horses. The question asks about equipment used to restrict a horse's vision and maintain focus, which refers to blinkers. Also the options are not clear enough.",ما هي القطعة من المعدات التي ترتديها بعض الخيول على رؤوسها لتقييد رؤيتها الجانبية والحفاظ على تركيزها؟,"['أ) كمامة', 'ب) لجام', 'ج) واقيات العين (غمامات)', 'د) حبل المقود']",ج) واقيات العين (غمامات)
horse_racing_1.jpg,IBQ,IBQ_Sudan.xlsx,Horse_Racing,ما هو الغرض الأساسي من وضعية الفارس المنحنية للأمام؟,أ) لرؤية خط النهاية بشكل أفضل، ب) لتقليل مقاومة الهواء، ج) لتوجيه الحصان بسهولة أكبر، د) ليبدو أطول قامة,ب) لتقليل مقاومة الرياح,1,no mistake,no correction needed,no correction needed,no answer needed
horse_racing_1.jpg,IBQ,IBQ_Sudan.xlsx,Horse_Racing,"ماذا يرمز إليه الرقم ""6"" الموجود على غطاء السرج الأحمر؟",أ) مركز انطلاق الحصان أو رقمه في البرنامج، ب) عمر الحصان، ج) احتمالات فوز الحصان، د) عدد الفرسان المشاركين في السباق,أ) مركز الحصان أو رقم البرنامج,1,no mistake,no correction needed,no correction needed,no answer needed
horse_racing_1.jpg,IBQ,IBQ_Sudan.xlsx,Horse_Racing,ما هو السبب الرئيسي لوجود السور الأبيض الموجود داخل المسار؟,أ) للزينة، ب) لتحديد حدود المضمار، ج) مكان لراحة الفرسان، د) لعرض الإعلانات,ب) لتحديد حدود المسار,1,no mistake,no correction needed,no correction needed,no answer needed
horse_racing_1.jpg,IBQ,IBQ_Sudan.xlsx,Horse_Racing,في أي مرحلة من مراحل العدو السريع يكون الحصان الأمامي (في أقصى اليمين)؟,أ) جميع الأقدام الأربعة على الأرض، ب) لحظة تعليق (جميع الأقدام مرفوعة عن الأرض)، ج) القدمان الأماميتان تهبطان، د) القدمان الخلفيتان تهبطان,ب) لحظة تعليق (جميع القدمين مرفوعتان عن الأرض),1,no mistake,no correction needed,no correction needed,no answer needed
horse_racing_1.jpg,IBQ,IBQ_Sudan.xlsx,Horse_Racing,ما هو أفضل وصف للسطح الذي تجري عليه الخيول؟,أ) مضمار عشبي، ب) مضمار ترابي، ج) مضمار صناعي، د) طريق معبد,ب) طريق ترابي,0,"The correct answer is inconsistent with the image provided. The image clearly shows horses running on a grass track, not a dirt track. The question asks for the 'best' description of the surface.",ما هو أفضل وصف للسطح الذي تجري عليه الخيول في الصورة؟,"['أ) مضمار عشبي', 'ب) مضمار ترابي', 'ج) مضمار صناعي', 'د) طريق معبد']",أ) مضمار عشبي
horse_racing_1.jpg,IBQ,IBQ_Sudan.xlsx,Horse_Racing,ما الغرض من السوط الذي يحمله الفرسان؟,أ) لإيذاء الحصان، ب) كوسيلة مساعدة في التوجيه وتشجيع الحصان، ج) للإشارة إلى الفرسان الآخرين، د) لتحقيق التوازن فقط,ب) كوسيلة مساعدة في التوجيه ولتشجيع الحصان,1,no mistake,no correction needed,no correction needed,no answer needed
horse_racing_1.jpg,IBQ,IBQ_Sudan.xlsx,Horse_Racing,ما لون الخوذة التي يرتديها الفارس على الحصان الأمامي (في أقصى اليمين)؟,أ) أزرق، ب) أبيض، ج) أخضر، د) برتقالي,ب) أبيض,1,no mistake,no correction needed,no correction needed,no answer needed
horse_racing_1.jpg,IBQ,IBQ_Sudan.xlsx,Horse_Racing,ما هو اللون الأساسي للحصان الذي يرتدي غطاء العينين الأحمر وغطاء السرج رقم 6؟,أ) أسود، ب) بني (خليجي)، ج) رمادي، د) كستنائي (بني محمر),د) كستنائي (بني محمر),1,no mistake,no correction needed,no correction needed,no answer needed
horse_racing_1.jpg,IBQ,IBQ_Sudan.xlsx,Horse_Racing,ما هو الاسم الرسمي للقمصان الملونة ذات النقوش التي يرتديها الفرسان؟,أ) قمصان رياضية، ب) أقمشة حريرية، ج) بلوزات، د) سترات سباق,ب) الحرير,1,no mistake,no correction needed,no correction needed,no answer needed
horse_racing_5.jpg,IBQ,IBQ_Sudan.xlsx,Horse_Racing,ما هي التقنية الفوتوغرافية التي تخلق خلفية ضبابية مع الحفاظ على وضوح الحصان والفارس بشكل نسبي؟,أ) التعريض الطويل، ب) التحريك البانورامي، ج) عدسة عين السمكة، د) الترشيح بالأبيض والأسود,ب) التحريك الأفقي,1,no mistake,no correction needed,no correction needed,no answer needed
horse_racing_5.jpg,IBQ,IBQ_Sudan.xlsx,Horse_Racing,ما هو الرقم المعروض على غطاء السرج البرتقالي؟,أ) 2، ب) 3، ج) 5، د) 7,ج) 5,1,no mistake,no correction needed,no correction needed,no answer needed
horse_racing_5.jpg,IBQ,IBQ_Sudan.xlsx,Horse_Racing,ما الغرض من المعدات الزرقاء الموجودة على رأس الحصان؟,أ) لإبعاد الذباب، ب) هو للزينة فقط، ج) هو غطاء واقٍ للعينين للحفاظ على تركيز الحصان، د) يساعد الحصان على التنفس بشكل أفضل,ج) إنها غطاء واقٍ للعينين للحفاظ على تركيز الحصان,1,no mistake,no correction needed,no correction needed,no answer needed
horse_racing_5.jpg,IBQ,IBQ_Sudan.xlsx,Horse_Racing,ما الذي يساعد عليه وضع الفارس المنحني فوق رقبة الحصان؟,أ) إثارة غضب الحصان، ب) الحفاظ على دفء الفارس، ج) تحسين مركز ثقل الحصان وديناميكيته الهوائية، د) رؤية خط النهاية بشكل أوضح,ج) تحسين مركز ثقل الحصان وديناميكيته الهوائية,1,no mistake,no correction needed,no correction needed,no answer needed
horse_racing_5.jpg,IBQ,IBQ_Sudan.xlsx,Horse_Racing,ماذا يشير ضبابية الحركة على أرجل الحصان؟,أ) الحصان يتحرك ببطء، ب) الحصان يتحرك بسرعة عالية جدًا، ج) الصورة غير واضحة، د) الحصان متعب,ب) يتحرك الحصان بسرعة عالية جداً,1,no mistake,no correction needed,no correction needed,no answer needed
horse_racing_5.jpg,IBQ,IBQ_Sudan.xlsx,Horse_Racing,ما هو سطح حلبة السباق الظاهر في الصورة؟,أ) العشب (الأرض العشبية)، ب) التراب، ج) الأسفلت، د) الثلج,ب) التراب,0,"The correct answer should be 'ج) الأسفلت' as the track surface appears to be a dirt track typically constructed with asphalt base. The current answer 'ب) التراب' (dirt) is too general and doesn't fully describe the track. Though the surface appears to have dirt on top, it's constructed on asphalt.",ما هو نوع سطح حلبة السباق الظاهر في الصورة؟,"['أ) العشب (الأرض العشبية)', 'ب) الرمل', 'ج) الأسفلت', 'د) الثلج']",ج) الأسفلت
horse_racing_5.jpg,IBQ,IBQ_Sudan.xlsx,Horse_Racing,"أين طُبع اسم عائلة الفارس، ""HERCIECIA""؟",أ) على خوذته، ب) على حذائه، ج) على بنطاله، د) على سرجه,ج) على بنطاله,1,no mistake,no correction needed,no correction needed,no answer needed
horse_racing_5.jpg,IBQ,IBQ_Sudan.xlsx,Horse_Racing,أي جزء من جسم الحصان يُنتج أكبر قدر من الغبار؟,أ) رأسه، ب) ذيله، ج) حوافره، د) ظهره,ج) حوافره,1,no mistake,no correction needed,no correction needed,no answer needed
horse_racing_5.jpg,IBQ,IBQ_Sudan.xlsx,Horse_Racing,يُطلق على الشعر الأسود المتدفق في الجزء الخلفي من الحصان اسم...,أ) العرف، ب) الذيل، ج) غرة الشعر، د) الشوارب,ب) الذيل,1,no mistake,no correction needed,no correction needed,no answer needed
horse_racing_5.jpg,IBQ,IBQ_Sudan.xlsx,Horse_Racing,ما هو اللون الأساسي لخوذة الفارس؟,أ) أزرق، ب) بنفسجي، ج) أبيض، د) رمادي,ب) بنفسجي,0,The correct answer should be blue (أزرق) based on the image provided. The rider is clearly wearing a blue helmet. The provided answer (purple/بنفسجي) is incorrect.,ما هو لون خوذة الفارس في الصورة؟,أ) أزرق، ب) بنفسجي، ج) أبيض، د) رمادي,أ) أزرق
horse_racing_12.jpg,IBQ,IBQ_Sudan.xlsx,Horse_Racing,ما هي السمة الأكثر غرابة في بيئة هذا السباق؟,أ) إنه الليل، ب) تمطر بغزارة، ج) يُقام السباق في الثلج، د) لا يوجد متفرجون,ج) يُقام السباق في الثلج,1,no mistake,no correction needed,no correction needed,no answer needed
horse_racing_12.jpg,IBQ,IBQ_Sudan.xlsx,Horse_Racing,ما التحدي الذي يمثله هذا السطح بالنسبة للخيول؟,أ) الجو حار جدًا، ب) يوفر أرضية غير ثابتة ورؤية ضعيفة، ج) إنه قاسٍ جدًا على حوافرهم، د) إنه ساطع جدًا,ب) يوفر ثباتًا ضعيفًا ورؤية غير واضحة,1,no mistake,no correction needed,no correction needed,no answer needed
horse_racing_12.jpg,IBQ,IBQ_Sudan.xlsx,Horse_Racing,ماذا يرتدي الفرسان على وجوههم للحماية؟,أ) نظارات شمسية، ب) نظارات واقية، ج) لا شيء، د) أوشحة,ب) نظارات واقية,1,no mistake,no correction needed,no correction needed,no answer needed
horse_racing_12.jpg,IBQ,IBQ_Sudan.xlsx,Horse_Racing,يُطلق على هذا النوع من الأحداث غالبًا اسم...,"أ) سباق ""الشمس""، ب) سباق ""الرمال""، ج) سباق ""العشب الأبيض""، د) سباق ""العدو على العشب""","ج) سباقات ""العشب الأبيض""",1,no mistake,no correction needed,no correction needed,no answer needed
horse_racing_12.jpg,IBQ,IBQ_Sudan.xlsx,Horse_Racing,ما لون ألوان حرير الفارس الموجود في المنتصف، والذي يبدو أنه في المقدمة؟,أ) أبيض بالكامل، ب) أحمر وأخضر، ج) أصفر وأزرق، د) أسود ووردي,ج) الأصفر والأزرق,1,no mistake,no correction needed,no correction needed,no answer needed
horse_racing_12.jpg,IBQ,IBQ_Sudan.xlsx,Horse_Racing,ما الذي تقوم الخيول بركله في الهواء؟,أ) التراب، ب) الماء، ج) الرمل، د) الثلج,د) الثلج,1,no mistake,no correction needed,no correction needed,no answer needed
horse_racing_12.jpg,IBQ,IBQ_Sudan.xlsx,Horse_Racing,ما هي درجة الحرارة المتوقعة في هذا الحدث؟,أ) عند درجة التجمد أو أقل منها (0 درجة مئوية / 32 درجة فهرنهايت)، ب) دافئ (20 درجة مئوية / 68 درجة فهرنهايت)، ج) حار (30 درجة مئوية / 86 درجة فهرنهايت)، د) معتدل (10 درجات مئوية / 50 درجة فهرنهايت),أ) عند درجة التجمد أو أقل منها (0 درجة مئوية / 32 درجة فهرنهايت),1,no mistake,no correction needed,no correction needed,no answer needed
horse_racing_12.jpg,IBQ,IBQ_Sudan.xlsx,Horse_Racing,بالمقارنة مع المضمار الترابي، يتطلب الجري في الثلج من الخيول أن تمتلك المزيد...,أ) السرعة القصوى، ب) القوة والقدرة على التحمل، ج) خفة الحركة في المنعطفات الحادة، د) تحمل الحرارة,ب) القوة والقدرة على التحمل,1,no mistake,no correction needed,no correction needed,no answer needed
horse_racing_12.jpg,IBQ,IBQ_Sudan.xlsx,Horse_Racing,ما هو الجزء من جسم الحصان الأكثر حجباً بسبب الثلج المتطاير؟,أ) رؤوسهم، ب) ذيولهم، ج) أرجلهم وحوافرهم، د) ظهورهم,ج) أرجلهم وحوافرهم,1,no mistake,no correction needed,no correction needed,no answer needed
horse_racing_12.jpg,IBQ,IBQ_Sudan.xlsx,Horse_Racing,إن الإثارة الشديدة والأجواء الفريدة تجعل هذا النوع من السباقات مميزاً للغاية...,أ) ممل، ب) بطيء، ج) سهل، د) جذاب ومثير,د) جذاب ومثير للإعجاب,1,no mistake,no correction needed,no correction needed,no answer needed
horse_racing_22.jpg,IBQ,IBQ_Sudan.xlsx,Horse_Racing,ما هو نوع سباق الخيل المحدد الذي يظهر في هذه الصورة القديمة؟,أ) سباق الحواجز، ب) سباق التحمل، ج) سباق الخيول، د) سباق المضمار,ج) سباق الخيول,0,"The image shows a harness racing event, where horses pull a sulky (a small cart) with a driver. The correct answer should reflect this type of racing, not general 'horse racing'.",ما هو نوع سباق الخيل المحدد الذي يظهر في هذه الصورة القديمة؟,"['أ) سباق الحواجز', 'ب) سباق التحمل', 'ج) سباق عربات الخيل', 'د) سباق المضمار']",ج) سباق عربات الخيل
horse_racing_22.jpg,IBQ,IBQ_Sudan.xlsx,Horse_Racing,ما اسم العربة ذات العجلتين التي يجرها الحصان؟,أ) عربة حربية، ب) عربة تجرها الخيول، ج) عربة تجرها الخيول، د) عربة,ج) عربة متجهمة,0,"The correct answer 'ج) عربة متجهمة' is incorrect and doesn't translate to a type of horse-drawn carriage. The question asks for the name of a two-wheeled carriage pulled by a horse, which is a 'horse-drawn carriage' or 'chariot'. Also, the question and options have some repetitions and slightly awkward phrasing.",ما اسم العربة ذات العجلتين التي يجرها الحصان؟,"['أ) عربة حربية', 'ب) عربة تجرها الخيول', 'ج) عربة سباق', 'د) عربة عادية']",ب) عربة تجرها الخيول
horse_racing_22.jpg,IBQ,IBQ_Sudan.xlsx,Horse_Racing,بخلاف سباقات الخيول الأصيلة، ما هي طريقة المشي التي يُطلب من الخيول استخدامها في هذه الرياضة؟,أ) العدو السريع، ب) العدو الخفيف، ج) المشي، د) الهرولة أو الخطو,د) الهرولة أو الخطو,1,no mistake,no correction needed,no correction needed,no answer needed
horse_racing_22.jpg,IBQ,IBQ_Sudan.xlsx,Horse_Racing,ماذا يوحي به كون الصورة بالأبيض والأسود؟,أ) كان خيارًا فنيًا، ب) تم التقاطها ليلًا، ج) إنها صورة تاريخية أو قديمة، د) تمت إزالة الألوان رقميًا,ج) إنها صورة تاريخية أو قديمة,1,no mistake,no correction needed,no correction needed,no answer needed
horse_racing_22.jpg,IBQ,IBQ_Sudan.xlsx,Horse_Racing,ما اسم الشخص الذي يتحكم بالحصان؟,أ) فارس، ب) سائق، ج) فارس، د) مدرب,ب) سائق,1,no mistake,no correction needed,no correction needed,no answer needed
horse_racing_22.jpg,IBQ,IBQ_Sudan.xlsx,Horse_Racing,ما هو الرقم المعروض على وسادة سرج الحصان القائد؟,أ) 7D، ب) 51، ج) 15، د) H5,ب) 51,1,no mistake,no correction needed,no correction needed,no answer needed
horse_racing_22.jpg,IBQ,IBQ_Sudan.xlsx,Horse_Racing,ما الذي يمكن استنتاجه بشأن سطح المسار؟,أ) إنه عشب، ب) من المحتمل أن يكون ترابًا أو حصى مكسر، ج) إنه جليد، د) إنه أسفلت,ب) من المحتمل أن يكون ترابًا أو حصى مكسرًا,1,no mistake,no correction needed,no correction needed,no answer needed
horse_racing_22.jpg,IBQ,IBQ_Sudan.xlsx,Horse_Racing,أين يتواجد الأشخاص الظاهرون في الخلفية؟,أ) في الإسطبلات، ب) على المضمار، ج) في المدرجات، د) في موقف السيارات,ج) في المدرجات,1,no mistake,no correction needed,no correction needed,no answer needed
horse_racing_22.jpg,IBQ,IBQ_Sudan.xlsx,Horse_Racing,بالمقارنة مع الخيول الأصيلة، فإن الخيول المستخدمة في سباقات الخيول (الخيول القياسية) عادةً ما تكون مصممة لتكون...,أ) أطول وأنحف، ب) أقصر وأكثر عضلية، ج) أثقل وزناً مع مؤخرة أقوى، د) أخف وزناً وأسرع في المسافات القصيرة,ج) أثقل وزناً مع مؤخرة أقوى,1,no mistake,no correction needed,no correction needed,no answer needed
horse_racing_22.jpg,IBQ,IBQ_Sudan.xlsx,Horse_Racing,ما هو الدور الأساسي للزمام الطويل الذي يمسكه السائق؟,أ) لضرب الحصان بالسوط، ب) للتحكم في سرعة الحصان واتجاهه، ج) للزينة فقط، د) لربط الحصان بعد السباق,ب) للتحكم في سرعة الحصان واتجاهه,1,no mistake,no correction needed,no correction needed,no answer needed
horse_racing_13.jpg,IBQ,IBQ_Sudan.xlsx,Horse_Racing,ما هو الحدث الرئيسي الذي تصوره هذه الصورة الدرامية؟,أ) فارس ينزل عن حصانه بعد الفوز، ب) تمرين تدريبي، ج) فارس وحصان يسقطان، د) حصان يستريح,ج) سقط فارس وحصانه,1,no mistake,no correction needed,no correction needed,no answer needed
horse_racing_13.jpg,IBQ,IBQ_Sudan.xlsx,Horse_Racing,ما هي أهم قطعة من معدات السلامة التي يرتديها الفارس على رأسه؟,أ) قبعة، ب) نظارات واقية، ج) خوذة، د) عصابة رأس,ج) خوذة,1,no mistake,no correction needed,no correction needed,no answer needed
horse_racing_13.jpg,IBQ,IBQ_Sudan.xlsx,Horse_Racing,ما هو سطح حلبة السباق الموضح في الصورة؟,أ) ترابي، ب) ثلجي، ج) مضمار صناعي، د) عشبي (أرضية عشبية),د) العشب (الأرض العشبية),1,no mistake,no correction needed,no correction needed,no answer needed
horse_racing_13.jpg,IBQ,IBQ_Sudan.xlsx,Horse_Racing,ما هي المخاطر الكامنة في سباق الخيل التي توضحها هذه الصورة بوضوح؟,أ) التكلفة المالية، ب) خطر إصابة الفرسان والخيول، ج) عدم القدرة على التنبؤ بالطقس، د) ساعات التدريب الطويلة,ب) خطر إصابة الفرسان والخيول,1,no mistake,no correction needed,no correction needed,no answer needed
horse_racing_13.jpg,IBQ,IBQ_Sudan.xlsx,Horse_Racing,ما هو الرقم الموجود على غطاء سرج الحصان الذي لا يزال واقفاً؟,أ) 6، ب) 8، ج) 9، د) 3,ج) 9,1,no mistake,no correction needed,no correction needed,no answer needed
horse_racing_13.jpg,IBQ,IBQ_Sudan.xlsx,Horse_Racing,يمكن وصف تعبير الفارس بأنه أحد...,أ) الفرح، ب) المفاجأة والألم، ج) الملل، د) الهدوء,ب) المفاجأة والألم,1,no mistake,no correction needed,no correction needed,no answer needed
horse_racing_13.jpg,IBQ,IBQ_Sudan.xlsx,Horse_Racing,الحصان الموجود على الأرض في وضع خطير لأن...,أ) إنه متعب، ب) قد يكون مصابًا أو مدهوسًا من قبل خيول أخرى، ج) إنه يسد الطريق، د) تم استبعاده,ب) قد يتعرض للإصابة أو الدهس من قبل خيول أخرى,1,no mistake,no correction needed,no correction needed,no answer needed
horse_racing_13.jpg,IBQ,IBQ_Sudan.xlsx,Horse_Racing,ماذا تمثل الخطوط الصفراء والخضراء على زي الفارس؟,أ) ألوانه المفضلة الشخصية، ب) ألوان مالك الحصان، ج) تصميم عشوائي، د) بلد الفارس,ب) ألوان مالك الحصان,1,no mistake,no correction needed,no correction needed,no answer needed
horse_racing_13.jpg,IBQ,IBQ_Sudan.xlsx,Horse_Racing,العمود الرمادي والسور الأبيض في الخلفية جزء من...,أ) سياج الحظيرة، ب) بوابة البداية، ج) حدود المضمار، د) خط النهاية,ج) حدود المسار,1,no mistake,no correction needed,no correction needed,no answer needed
horse_racing_13.jpg,IBQ,IBQ_Sudan.xlsx,Horse_Racing,ما هو الفعل الذي تسبب على الأرجح في هذا المشهد؟,أ) تعثر الحصان أو صدم كعب حصان آخر، ب) قرر الفارس القفز، ج) انكسر السرج، د) انتهى السباق فجأة,أ) تعثر الحصان أو صدم كعب حصان آخر,1,no mistake,no correction needed,no correction needed,no answer needed
horse_racing_7.jpg,IBQ,IBQ_Sudan.xlsx,Horse_Racing,من أي زاوية تم التقاط هذه الصورة؟,أ) من أعلى المضمار (من منظور طائرة بدون طيار)، ب) من جانب المضمار، ج) من زاوية منخفضة، من الأمام، د) من خلف الخيول,ج) من زاوية منخفضة، وجهاً لوجه,1,no mistake,no correction needed,no correction needed,no answer needed
horse_racing_7.jpg,IBQ,IBQ_Sudan.xlsx,Horse_Racing,ما هي الصفة التي تبرزها زاوية الكاميرا الدرامية هذه؟,أ) هدوء الحدث، ب) أناقة الخيول، ج) قوة السباق وشدته وسرعته، د) ضخامة الحشد,ج) قوة السباق وشدته وسرعته,1,no mistake,no correction needed,no correction needed,no answer needed
horse_racing_7.jpg,IBQ,IBQ_Sudan.xlsx,Horse_Racing,ما الذي يتكون منه رذاذ المواد المتساقطة من الأرض؟,أ) الماء، ب) قصاصات العشب، ج) التراب والرمل، د) الثلج,ج) التراب والرمل,1,no mistake,no correction needed,no correction needed,no answer needed
horse_racing_7.jpg,IBQ,IBQ_Sudan.xlsx,Horse_Racing,في هذه المرحلة من العدو السريع، ماذا تفعل الأرجل الأمامية للحصان القائد؟,أ) كلاهما على الأرض، ب) كلاهما مطويان تحت جسده، ج) أحدهما يهبط بينما الآخر مرفوع، د) كلاهما ممدودان إلى الأمام,ب) إنها مخبأة تحت جسدها,1,no mistake,no correction needed,no correction needed,no answer needed
horse_racing_7.jpg,IBQ,IBQ_Sudan.xlsx,Horse_Racing,ما هي قطعة معدات السلامة الضرورية لجميع الفرسان الموضحين هنا؟,أ) سترات مبطنة، ب) نظارات واقية، ج) خوذات، د) جميع ما سبق,د) جميع ما سبق,1,no mistake,no correction needed,no correction needed,no answer needed
horse_racing_7.jpg,IBQ,IBQ_Sudan.xlsx,Horse_Racing,ما الذي تدل عليه فتحتا أنف الحصان القائد المتسعتان؟,أ) العدوانية تجاه الخيول الأخرى، ب) أقصى جهد بدني، ج) حالة استرخاء، د) سوء الحالة الصحية,ب) أقصى جهد بدني,1,no mistake,no correction needed,no correction needed,no answer needed
horse_racing_7.jpg,IBQ,IBQ_Sudan.xlsx,Horse_Racing,ما لون خوذة الفارس على الحصان المتصدر؟,أ) أزرق، ب) أسود، ج) أبيض، د) أصفر,ج) أبيض,1,no mistake,no correction needed,no correction needed,no answer needed
horse_racing_7.jpg,IBQ,IBQ_Sudan.xlsx,Horse_Racing,الخلفية الضبابية هي تأثير فوتوغرافي يساعد على ماذا؟,أ) إظهار الموقع بشكل أوضح، ب) جعل الخيول تبدو أبطأ، ج) التأكيد على الحركة والتركيز على الموضوع، د) إثبات أن الصورة غير معدلة,ج) التركيز على الحركة والموضوع,1,no mistake,no correction needed,no correction needed,no answer needed
horse_racing_7.jpg,IBQ,IBQ_Sudan.xlsx,Horse_Racing,ما الذي يحمله الفارس الرئيسي في يده اليمنى؟,أ) اللجام، ب) سوط ركوب الخيل، ج) منظار، د) زجاجة ماء,ب) سوط ركوب الخيل,1,no mistake,no correction needed,no correction needed,no answer needed
horse_racing_7.jpg,IBQ,IBQ_Sudan.xlsx,Horse_Racing,بناءً على عدد الخيول الظاهرة، ما نوع هذا السباق على ما يبدو؟,أ) سباق فردي ضد الساعة، ب) سباق ثنائي (حصانان)، ج) سباق تنافسي بمشاركة جميع الخيول، د) إحماء تدريبي,ج) سباق تنافسي بمشاركة جميع المتسابقين,1,no mistake,no correction needed,no correction needed,no answer needed
horse_racing_3.jpg,IBQ,IBQ_Sudan.xlsx,Horse_Racing,ما المصطلح الذي يصف بشكل أفضل هذه المجموعة الكبيرة والمتراصة من الخيول في السباق؟,أ) قطيع، ب) إسطبل، ج) حقل، د) رفيق إسطبل,ج) حقل,1,no mistake,no correction needed,no correction needed,no answer needed
horse_racing_3.jpg,IBQ,IBQ_Sudan.xlsx,Horse_Racing,ما هي المادة التي تتطاير في الهواء بفعل حوافر الخيول؟,أ) الماء، ب) الرمل، ج) التراب والغبار، د) قصاصات العشب,ج) الأوساخ والغبار,1,no mistake,no correction needed,no correction needed,no answer needed
horse_racing_3.jpg,IBQ,IBQ_Sudan.xlsx,Horse_Racing,ما هو الشيء الذي يحمله الفارس الذي يرتدي الزي الحريري الوردي الزاهي في يده اليمنى؟,أ) لجام، ب) سوط، ج) زجاجة ماء، د) منظار,ب) سوط (محصول),1,no mistake,no correction needed,no correction needed,no answer needed
horse_racing_3.jpg,IBQ,IBQ_Sudan.xlsx,Horse_Racing,لماذا يتخذ معظم الفرسان وضعية منخفضة ومنحنية؟,أ) لتحسين الرؤية، ب) لحماية أنفسهم من الغبار المتطاير، ج) لتقليل مقاومة الهواء (الديناميكا الهوائية)، د) لجعل الحصان يشعر بخفة أكبر,ج) لتقليل مقاومة الرياح (الديناميكا الهوائية),1,no mistake,no correction needed,no correction needed,no answer needed
horse_racing_3.jpg,IBQ,IBQ_Sudan.xlsx,Horse_Racing,ما لون ألوان حرير الفارس على الحصان الرمادي في وسط يسار الصورة؟,أ) أصفر وأخضر، ب) أزرق ووردي، ج) أصفر وأزرق، د) وردي وأبيض,د) وردي وأبيض,1,no mistake,no correction needed,no correction needed,no answer needed
horse_racing_3.jpg,IBQ,IBQ_Sudan.xlsx,Horse_Racing,ما هي قطعة غطاء الرأس التي يرتديها الحصان الذي يقوده الفارس ذو الخوذة البرتقالية لمساعدته على التركيز؟,أ) لجام، ب) غطاء العينين، ج) كمامة، د) سدادات الأذن,ب) إشارات الانعطاف,0,"The question asks about a head covering to help the horse focus, and the correct answer given is 'turn signals' which is illogical and incorrect. The image shows horses with blinkers on, which are used to limit peripheral vision and help horses focus. The question is logically flawed and the answer is completely wrong.",ما هي قطعة غطاء الرأس التي يرتديها الحصان الذي يقوده الفارس ذو الخوذة البرتقالية لمساعدته على التركيز أثناء السباق؟,أ) لجام، ب) غطاء العينين، ج) كمامة، د) سدادات الأذن,ب) غطاء العينين
horse_racing_3.jpg,IBQ,IBQ_Sudan.xlsx,Horse_Racing,بناءً على هذا الحدث، ما هو الجزء من السباق الذي من المرجح أن يحدث فيه هذا؟,أ) البداية تمامًا، ب) المنعطف الأول أو الطريق المستقيم، ج) خط النهاية، د) لفة التهدئة,ب) المنعطف الأول أو الطريق المستقيم,1,no mistake,no correction needed,no correction needed,no answer needed
horse_racing_3.jpg,IBQ,IBQ_Sudan.xlsx,Horse_Racing,يشير الجدار المبني من الطوب في الخلفية إلى نوع البيئة التي يقع فيها مضمار السباق؟,أ) حقل ريفي، ب) منطقة حضرية أو ضاحية، ج) صحراء نائية، د) سلسلة جبال,ب) منطقة حضرية أو ضاحية,1,no mistake,no correction needed,no correction needed,no answer needed
horse_racing_3.jpg,IBQ,IBQ_Sudan.xlsx,Horse_Racing,الحصان الذي يخرج لسانه (في المنتصف إلى اليمين) هو علامة على ماذا؟,أ) الجوع، ب) العطش، ج) الجهد البدني الشديد، د) العدوان,ج) بذل جهد بدني مكثف,1,no mistake,no correction needed,no correction needed,no answer needed
horse_racing_3.jpg,IBQ,IBQ_Sudan.xlsx,Horse_Racing,أي حصان يبدو أنه متقدم قليلاً في هذه اللحظة بالذات؟,أ) تلك التي بها أقمشة حريرية وردية، ب) تلك التي بها أقمشة حريرية برتقالية، ج) تلك التي بها أقمشة حريرية زرقاء فاتحة (أقصى اليسار)، د) يصعب تحديدها,ب) تلك التي تحتوي على أقمشة حريرية برتقالية,1,no mistake,no correction needed,no correction needed,no answer needed
horse_racing_16.jpg,IBQ,IBQ_Sudan.xlsx,Horse_Racing,ما هو سطح السباق الموضح في هذه الصورة؟,أ) تراب، ب) عشب (عشب صناعي)، ج) ثلج، د) صناعي,ب) العشب (الأرض العشبية),1,no mistake,no correction needed,no correction needed,no answer needed
horse_racing_16.jpg,IBQ,IBQ_Sudan.xlsx,Horse_Racing,ما الذي يتطلبه السباق على العشب، على عكس السباق على التراب، من الحصان بشكل عام؟,أ) قوة خام أكبر، ب) أسلوب جري مختلف، وقد يُفضّل الخيول ذات القدرة الأكبر على التحمل، ج) القدرة على الجري في الطقس البارد، د) فارس أثقل وزنًا,ب) أسلوب جري مختلف، وقد يُفضّل الخيول ذات القدرة الأكبر على التحمل.,1,no mistake,no correction needed,no correction needed,no answer needed
horse_racing_16.jpg,IBQ,IBQ_Sudan.xlsx,Horse_Racing,ما هي معدات الحماية التي يرتديها الفارس في المقدمة على وجهه؟,أ) واقي للوجه، ب) قناع للغبار، ج) نظارات واقية، د) نظارات شمسية,ج) نظارات واقية,1,no mistake,no correction needed,no correction needed,no answer needed
horse_racing_16.jpg,IBQ,IBQ_Sudan.xlsx,Horse_Racing,"ما الذي يرمز إليه الحرف ""B"" الموجود على غطاء سرج الحصان القائد؟","أ) اسم الحصان يبدأ بحرف ""ب""، ب) رمز مراهنة، ج) الحصان من بريطانيا، د) هو جزء من رقم برنامج الحصان أو اسمه",د) إنه جزء من رقم برنامج الحصان أو اسمه,1,no mistake,no correction needed,no correction needed,no answer needed
horse_racing_16.jpg,IBQ,IBQ_Sudan.xlsx,Horse_Racing,إن غطاء الرأس الملون على الخيول (على سبيل المثال، الأحمر على الحصان الأيسر) هو جزء من أي قطعة من المعدات؟,أ) كمامة للرعي، ب) غطاء رأس مزخرف، ج) غطاء واقٍ من الضوء، د) قناع للذباب,ج) غطاء إشارة الانعطاف,0,"The provided correct answer 'غطاء إشارة الانعطاف' is incorrect. The colored head coverings on horses in racing are called blinkers, which are used to limit the horse's peripheral vision. The question uses the word 'غطاء الرأس' which is too broad and doesn't specify blinkers. Also, the correct answer in options should match the question's requirement.",ما هي وظيفة غطاء الرأس الملون على الخيول (على سبيل المثال، الأحمر على الحصان الأيسر) في الصورة؟,"['أ) كمامة للرعي', 'ب) غطاء رأس مزخرف', 'ج) واقي للضوء', 'د) واقي للرؤية الجانبية (غطاء الرمش)']",د) واقي للرؤية الجانبية (غطاء الرمش)
horse_racing_16.jpg,IBQ,IBQ_Sudan.xlsx,Horse_Racing,ماذا تشير إليه وضعية الفارس الرئيسي (الذي يرتدي ألوان الحرير الأزرق والأبيض)؟,أ) إبطاء الحصان، ب) مطالبة الحصان بأقصى سرعة، ج) النظر إلى الحشد، د) تعديل سرجه,ب) طلب أقصى سرعة من الحصان,1,no mistake,no correction needed,no correction needed,no answer needed
horse_racing_16.jpg,IBQ,IBQ_Sudan.xlsx,Horse_Racing,كم عدد الفرسان في الصورة الذين يرتدون خوذة خضراء في الغالب؟,أ) واحد، ب) اثنان، ج) ثلاثة، د) أربعة,ب) اثنان,1,no mistake,no correction needed,no correction needed,no answer needed
horse_racing_16.jpg,IBQ,IBQ_Sudan.xlsx,Horse_Racing,غالباً ما يرتبط هذا النوع من سباقات الخيل، على مضمار عشبي خصب مع تلال متدحرجة في الخلفية، بأي منطقة؟,أ) الغرب الأمريكي، ب) أوروبا، ج) أستراليا، د) الشرق الأوسط,ب) أوروبا,1,no mistake,no correction needed,no correction needed,no answer needed
horse_racing_16.jpg,IBQ,IBQ_Sudan.xlsx,Horse_Racing,ما الحركة التي يقوم بها الحصان الموجود في أقصى اليسار (بالألوان الحريرية الحمراء) برأسه؟,أ) يحاول عض حصان آخر، ب) يمد رقبته للأمام، ج) ينظر إلى الفارس، د) يهز رأسه,ب) إنه يجهد للأمام مع تمديد رقبته,1,no mistake,no correction needed,no correction needed,no answer needed
horse_racing_16.jpg,IBQ,IBQ_Sudan.xlsx,Horse_Racing,ماذا يفعل الفارس الذي يرتدي الزي الأحمر والأخضر (في أقصى اليسار) وهو ينظر إلى يمينه؟,أ) الاستمتاع بالمناظر الطبيعية، ب) التحدث إلى الجمهور، ج) التحقق من مواقع منافسيه، د) البحث عن خط النهاية,ج) التحقق من موقع منافسيه,1,no mistake,no correction needed,no correction needed,no answer needed
horse_racing_20.jpg,IBQ,IBQ_Sudan.xlsx,Horse_Racing,ماذا يوحي تقارب الحصانين المتصدرين بشأن نتيجة السباق؟,أ) فاز أحد الحصانين بسهولة، ب) ستكون النهاية متقاربة للغاية، ج) تم إلغاء السباق، د) تم استبعاد كلا الحصانين,"ب) ستكون النتيجة ""متقاربة للغاية""",1,no mistake,no correction needed,no correction needed,no answer needed
horse_racing_20.jpg,IBQ,IBQ_Sudan.xlsx,Horse_Racing,ما اسم اللفائف البيج الموجودة على الجزء السفلي من الساق الأمامية للحصان القائد؟,أ) جوارب، ب) مدفئات الساق، ج) ضمادات أو لفائف الساق، د) شرابات زينة,ج) ضمادات أو لفائف الساق,1,no mistake,no correction needed,no correction needed,no answer needed
horse_racing_20.jpg,IBQ,IBQ_Sudan.xlsx,Horse_Racing,ما هو شعار السباق الشهير الذي يحمل غطاء السرج الوردي على الحصان الرئيسي؟,أ) سباق بريكنيس ستيكس، ب) سباق بيلمونت ستيكس، ج) سباق كنتاكي أوكس/ديربي، د) سباق سانتا أنيتا هانديكاب,ج) سباق كنتاكي أوكس / ديربي,1,no mistake,no correction needed,no correction needed,no answer needed
horse_racing_20.jpg,IBQ,IBQ_Sudan.xlsx,Horse_Racing,ماذا يفعل الفارس الذي يرتدي الزي الأزرق؟,أ) ينظر إلى الحشد، ب) يحث حصانه على التقدم، ج) يلوح لفارس آخر، د) يبطئ من سرعة حصانه,ب) يحث حصانه على المضي قدماً,1,no mistake,no correction needed,no correction needed,no answer needed
horse_racing_20.jpg,IBQ,IBQ_Sudan.xlsx,Horse_Racing,ما لون الحصان الموجود على اليمين؟,أ) أسود، ب) رمادي، ج) كستنائي، د) بالومينو,ب) رمادي,0,"The horse on the right is clearly chestnut (كستنائي) colored, not grey (رمادي).",ما لون الحصان الموجود على اليمين؟,"['أ) أسود', 'ب) كستنائي', 'ج) رمادي', 'د) بالومينو']",ب) كستنائي
horse_racing_20.jpg,IBQ,IBQ_Sudan.xlsx,Horse_Racing,"ماذا يرمز إليه الرقم ""6"" الموجود على غطاء سرج الفارس ذي الزي البرتقالي؟",أ) عمر الحصان، ب) رتبة الفارس، ج) رقم الحصان في البرنامج، د) عدد مرات الفوز السابقة,ج) رقم برنامج الحصان,1,no mistake,no correction needed,no correction needed,no answer needed
horse_racing_20.jpg,IBQ,IBQ_Sudan.xlsx,Horse_Racing,ما اسم الجهاز الذي يوضع في فم الحصان لمساعدة الفارس على توجيهه؟,أ) اللجام، ب) حزام الأنف، ج) اللجام، د) حزام الجبهة,أ) الجزء,0,"The question asks for the name of the device put in the horse's mouth, but the provided correct answer 'الجزء' (the part) is not a device and is a vague translation. The correct answer is 'اللجام' (the bridle). Also, options 'ج' is a repetition of option 'أ'.",ما اسم الجهاز الذي يوضع في فم الحصان لمساعدة الفارس على توجيهه؟,"['أ) اللجام', 'ب) حزام الأنف', 'ج) حزام الجبهة', 'د) السرج']",أ) اللجام
horse_racing_20.jpg,IBQ,IBQ_Sudan.xlsx,Horse_Racing,الحصان الرئيسي (على اليسار) أذناه متجهتان للأمام، وهذا دليل على...,أ) الخوف، ب) الغضب، ج) التركيز والانتباه، د) التعب,ج) التركيز والانتباه,1,no mistake,no correction needed,no correction needed,no answer needed
horse_racing_20.jpg,IBQ,IBQ_Sudan.xlsx,Horse_Racing,ما هو الغرض الأساسي من خوذة الفارس؟,أ) لتحسين الديناميكا الهوائية، ب) لعرض شعارات الرعاة، ج) للحماية من إصابات الرأس، د) لحجب أشعة الشمس عن أعينهم,ج) للحماية من إصابات الرأس,1,no mistake,no correction needed,no correction needed,no answer needed
horse_racing_20.jpg,IBQ,IBQ_Sudan.xlsx,Horse_Racing,لماذا يقف الفارس الموجود على اليسار بجسمه منخفضاً ومتقدماً إلى الأمام؟,أ) لتحسين الديناميكية الهوائية وتقليل مقاومة الرياح، ب) لتحسين الرؤية على الأرض، ج) لزيادة الراحة، د) لتسهيل ضرب الحصان بالسوط,أ) لتحسين الديناميكية الهوائية وتقليل مقاومة الرياح,1,no mistake,no correction needed,no correction needed,no answer needed
horse_racing_26.jpg,IBQ,IBQ_Sudan.xlsx,Horse_Racing,ما هي رياضة الفروسية المصورة في هذه الصورة، والتي تختلف عن سباق الخيل؟,أ) الترويض، ب) قفز الحواجز، ج) فعالية روديو مثل رمي الحبل، د) ركوب التحمل,ج) حدث روديو مثل ركوب الحبل,1,no mistake,no correction needed,no correction needed,no answer needed
horse_racing_26.jpg,IBQ,IBQ_Sudan.xlsx,Horse_Racing,ما هو الاسم الرسمي للحبل الذي يتأرجح به الفارس؟,أ) خيط، ب) حبل أو لاريات، ج) حبل، د) خيط,ب) حبل أو لاريات,1,no mistake,no correction needed,no correction needed,no answer needed
horse_racing_26.jpg,IBQ,IBQ_Sudan.xlsx,Horse_Racing,ما هو الهدف الأساسي في مسابقة رمي الحبل المحددة بوقت؟,أ) القفز فوق السياج، ب) إكمال سلسلة من المنعطفات، ج) الإمساك بعجل أو ثور بأسرع ما يمكن، د) التسابق مع خيول أخرى حتى خط النهاية,ج) ربط العجل أو الثور بالحبل بأسرع ما يمكن,1,no mistake,no correction needed,no correction needed,no answer needed
horse_racing_26.jpg,IBQ,IBQ_Sudan.xlsx,Horse_Racing,ما نوع السرج الذي يستخدمه الفارس؟,أ) سرج إنجليزي، ب) سرج سباق، ج) سرج غربي، د) سرج أسترالي,ج) سرج غربي,1,no mistake,no correction needed,no correction needed,no answer needed
horse_racing_26.jpg,IBQ,IBQ_Sudan.xlsx,Horse_Racing,من المرجح أن يكون الحصان الموجود في هذه الصورة من أي سلالة، والمعروفة بخفة حركتها وسرعتها في فعاليات الروديو؟,أ) حصان عربي، ب) حصان أصيل، ج) حصان أمريكي ربعي، د) حصان كلايدزديل,ج) حصان الكوارتر الأمريكي,1,no mistake,no correction needed,no correction needed,no answer needed
horse_racing_26.jpg,IBQ,IBQ_Sudan.xlsx,Horse_Racing,ما الغرض من اللفائف الأرجوانية الموجودة على أسفل ساقي الحصان؟,أ) هي للزينة فقط، ب) لتوفير الدعم والحماية للأرجل، ج) للحفاظ على دفء أرجل الحصان، د) لتحديد مالك الحصان,ب) لتوفير الدعم والحماية للساقين,1,no mistake,no correction needed,no correction needed,no answer needed
horse_racing_26.jpg,IBQ,IBQ_Sudan.xlsx,Horse_Racing,تشير وضعية الفارسة، المنحنية للأمام والمركزة، إلى أي مرحلة من مراحل سباقها؟,أ) الإحماء، ب) ذروة النشاط، على وشك رمي الحبل، ج) التباطؤ بعد انتهاء الحدث، د) التقاط صورة,ب) ذروة الحركة، على وشك إلقاء الحبل,1,no mistake,no correction needed,no correction needed,no answer needed
horse_racing_26.jpg,IBQ,IBQ_Sudan.xlsx,Horse_Racing,ما هو سطح هذه الساحة؟,أ) العشب (الأرضية العشبية)، ب) الطين، ج) الرمل، د) تراب الملعب المُجهز خصيصًا,د) تراب حلبة مُجهز خصيصًا,1,no mistake,no correction needed,no correction needed,no answer needed
horse_racing_26.jpg,IBQ,IBQ_Sudan.xlsx,Horse_Racing,ما هي قطعة معدات السلامة والتجهيزات التقليدية التي ترتديها الفارسة على رأسها؟,أ) خوذة، ب) قبعة بيسبول، ج) قبعة رعاة البقر، د) قبعة صوفية,ج) قبعة رعاة البقر,0,"The correct answer is a helmet, not a cowboy hat. While cowboy hats are worn, helmets are standard safety gear for horseback riding. The image shows a rider wearing a cowboy hat, which is misleading given the question asks about *safety* equipment.",ما هي قطعة معدات السلامة التي ترتديها الفارسة عادةً على رأسها؟,"['أ) خوذة', 'ب) قبعة بيسبول', 'ج) قبعة رعاة البقر', 'د) قبعة صوفية']",أ) خوذة
horse_racing_26.jpg,IBQ,IBQ_Sudan.xlsx,Horse_Racing,تُظهر وضعية الحصان الرياضية، بجسمه المنخفض وساقيه المندفعتين للأمام، ...,أ) مشي هادئ، ب) تسارع قوي، ج) توقف مفاجئ، د) قفزة عالية,ب) تسارع قوي,1,no mistake,no correction needed,no correction needed,no answer needed
horse_racing_30.jpg,IBQ,IBQ_Sudan.xlsx,Horse_Racing,يشير تناثر الغبار الكثيف وخطوات الحصان القوية إلى أن السباق قد وصل إلى ذروته...,أ) هرولة بطيئة، ب) انطلاقة ثابتة، ج) عدو سريع، د) عدو خفيف,ج) العدو الكامل,1,no mistake,no correction needed,no correction needed,no answer needed
horse_racing_30.jpg,IBQ,IBQ_Sudan.xlsx,Horse_Racing,ما هي قطعة المعدات التي يرتديها الفارس لحماية عينيه؟,أ) نظارات شمسية، ب) قناع واقٍ للوجه، ج) نظارات واقية، د) واقي للوجه,ج) نظارات واقية,1,no mistake,no correction needed,no correction needed,no answer needed
horse_racing_30.jpg,IBQ,IBQ_Sudan.xlsx,Horse_Racing,ما هو المصطلح الذي يُطلق على نمط الفراء الأحمر والأبيض على هذا الحصان؟,أ) روان، ب) أبالوسا، ج) بينتو أو بينت، د) بالومينو,ج) بينتو أو بينتو,1,no mistake,no correction needed,no correction needed,no answer needed
horse_racing_30.jpg,IBQ,IBQ_Sudan.xlsx,Horse_Racing,ما هو الغرض الأساسي من السرج الصغير والخفيف المستخدم في سباقات الخيل؟,أ) لتوفير أقصى قدر من الراحة للفارس، ب) ليكون خفيفًا قدر الإمكان حتى لا يبطئ الحصان، ج) ليكون مزخرفًا للغاية، د) لمساعدة الفارس على الجلوس منتصبًا,ب) أن يكون خفيف الوزن قدر الإمكان، حتى لا يبطئ الحصان,1,no mistake,no correction needed,no correction needed,no answer needed
horse_racing_30.jpg,IBQ,IBQ_Sudan.xlsx,Horse_Racing,تُستخدم الخلفية الضبابية في الصورة لخلق إحساس بماذا؟,أ) حشد كبير، ب) موقع محدد، ج) سرعة وحركة فائقة، د) هدوء,ج) السرعة والحركة القصوى,1,no mistake,no correction needed,no correction needed,no answer needed
horse_racing_30.jpg,IBQ,IBQ_Sudan.xlsx,Horse_Racing,ما الذي يحمله الفارس في يده اليمنى؟,أ) زجاجة ماء، ب) سوط ركوب الخيل، ج) عرف الحصان، د) راديو,ب) سوط ركوب الخيل,1,no mistake,no correction needed,no correction needed,no answer needed
horse_racing_30.jpg,IBQ,IBQ_Sudan.xlsx,Horse_Racing,أذنا الحصان متجهتان للأمام، مما يدل على أنه...,أ) خائف، ب) مُركّز على ما هو قادم، ج) مُنصت إلى الفارس، د) مُتعب,ب) التركيز على ما هو قادم,1,no mistake,no correction needed,no correction needed,no answer needed
horse_racing_30.jpg,IBQ,IBQ_Sudan.xlsx,Horse_Racing,تُسمى العلامة البيضاء الموجودة على وجه الحصان والتي تغطي عينيه وأنفه وجبهته بـ...,أ) نجمة، ب) شريط، ج) لهيب، د) وجه أصلع,د) وجه أصلع,1,no mistake,no correction needed,no correction needed,no answer needed
horse_racing_30.jpg,IBQ,IBQ_Sudan.xlsx,Horse_Racing,غالباً ما يُطلق على وضعية الفارس المنحنية والديناميكية الهوائية اسم...,أ) وضعية الجلوس الغربية، ب) وضعية الجلوس في رياضة الترويض، ج) وضعية القرد المنحني، د) العدو واقفاً,ج) وضعية القرد,1,no mistake,no correction needed,no correction needed,no answer needed
horse_racing_30.jpg,IBQ,IBQ_Sudan.xlsx,Horse_Racing,تُعد العضلات القوية الظاهرة في الجزء الخلفي من الحصان المحرك الأساسي لـ...,أ) التوجيه، ب) التنفس، ج) السرعة والدفع، د) التوازن,ج) السرعة والدفع,1,no mistake,no correction needed,no correction needed,no answer needed
horse_racing_31.jpg,IBQ,IBQ_Sudan.xlsx,Horse_Racing,إن طبيعة هذه الصورة بالأبيض والأسود توحي بأنها...,أ) صورة حديثة مع تطبيق فلتر، ب) سباق ليلي، ج) صورة قديمة أو تاريخية، د) رسم فني,ج) صورة فوتوغرافية قديمة أو تاريخية,1,no mistake,no correction needed,no correction needed,no answer needed
horse_racing_31.jpg,IBQ,IBQ_Sudan.xlsx,Horse_Racing,ماذا يدل التقارب الشديد بين الحصانين في هذه المرحلة من السباق؟,أ) السباق قد بدأ للتو، ب) الخيول لا تبذل جهدًا كبيرًا، ج) إنه سباق تنافسي للغاية، وينتهي بفارق ضئيل، د) الفرسان أصدقاء,ج) إنها منافسة شديدة ونهاية متقاربة,1,no mistake,no correction needed,no correction needed,no answer needed
horse_racing_31.jpg,IBQ,IBQ_Sudan.xlsx,Horse_Racing,ما هي قطعة المعدات الموجودة على رأس الحصان الأيمن، والتي تتضمن واقيات العين؟,أ) لجام، ب) كمامة للرعي، ج) غطاء واقٍ كامل للعينين، د) لجام مزخرف,ج) غطاء كامل لإشارات الانعطاف,0,"The provided correct answer 'غطاء كامل لإشارات الانعطاف' (full blinkers) is incorrect. The horse on the right in the image is clearly wearing blinkers, which are a type of eye covering used in horse racing. The question is asking about the equipment on the horse's head that includes eye protection. The original options lack a precise 'blinkers' option, and the given correct answer is not standard terminology.",ما هي قطعة المعدات الموجودة على رأس الحصان الأيمن والتي تغطي العينين جزئياً؟,"['أ) لجام', 'ب) كمامة للرعي', 'ج) واقيات عين (غمام)', 'د) لجام مزخرف']",ج) واقيات عين (غمام)
horse_racing_31.jpg,IBQ,IBQ_Sudan.xlsx,Horse_Racing,ماذا يفعل كلا الفارسين بأجسادهما لحث خيولهما على التقدم؟,أ) الجلوس باستقامة، ب) الوقوف في الركاب، ج) الركوب بنشاط ونقل وزنهم، د) النظر خلفهم,ج) ركوب الدراجة بنشاط ونقل وزنهم,1,no mistake,no correction needed,no correction needed,no answer needed
horse_racing_31.jpg,IBQ,IBQ_Sudan.xlsx,Horse_Racing,غالباً ما يتم تحديد نتيجة سباق متقارب كهذا رسمياً بواسطة...,أ) تصويت القاضي، ب) رمي العملة، ج) صورة خط النهاية، د) إعادة السباق,ج) نهاية الصورة,1,no mistake,no correction needed,no correction needed,no answer needed
horse_racing_31.jpg,IBQ,IBQ_Sudan.xlsx,Horse_Racing,يُستخدم الدرابزين ذو اللون الفاتح في الخلفية لـ...,أ) تحديد حدود مضمار السباق، ب) عرض الإعلانات، ج) توفير مكان استراحة للطيور، د) فصل الفرسان,أ) حدد حدود مضمار السباق,1,no mistake,no correction needed,no correction needed,no answer needed
horse_racing_31.jpg,IBQ,IBQ_Sudan.xlsx,Horse_Racing,ما لون الحصان الموجود على اليسار؟,أ) رمادي، ب) بني أو كستنائي، ج) بالومينو، د) أبيض,ب) بني أو أحمر,1,no mistake,no correction needed,no correction needed,no answer needed
horse_racing_31.jpg,IBQ,IBQ_Sudan.xlsx,Horse_Racing,يحمل كلا الفارسَين سوطًا. ما الغرض الرئيسي من هذا السوط؟,أ) لتوجيه الحصان، ب) لتشجيع الحصان على الجري أسرع، ج) لتحقيق توازن الفارس، د) للإشارة إلى الفرسان الآخرين,ب) لتشجيع الحصان على الجري بشكل أسرع,1,no mistake,no correction needed,no correction needed,no answer needed
horse_racing_31.jpg,IBQ,IBQ_Sudan.xlsx,Horse_Racing,الخيول في حالة عدو كامل، وهو نمط إيقاعي رباعي. ما هو الصحيح في نقاط معينة من هذا النمط؟,أ) جميع الأقدام الأربعة على الأرض في وقت واحد، ب) قدم واحدة فقط على الأرض في كل مرة، ج) جميع الأقدام الأربعة مرفوعة عن الأرض في وقت واحد، د) الحصان ينزلق على التراب,ج) جميع الأقدام الأربعة مرفوعة عن الأرض في وقت واحد,1,no mistake,no correction needed,no correction needed,no answer needed
horse_racing_31.jpg,IBQ,IBQ_Sudan.xlsx,Horse_Racing,الرقم الظاهر على غطاء سرج الحصان الأيسر هو...,أ) 2، ب) 4، ج) 7، د) 9,ج) 7,1,no mistake,no correction needed,no correction needed,no answer needed
horse_racing_36.jpg,IBQ,IBQ_Sudan.xlsx,Horse_Racing,ما هو العمود المخطط بالأبيض والأسود في خلفية السباق؟,أ) علامة خط النهاية، ب) نقطة البداية، ج) علامة المسافة، د) سارية العلم,ج) علامة المسافة,1,no mistake,no correction needed,no correction needed,no answer needed
horse_racing_36.jpg,IBQ,IBQ_Sudan.xlsx,Horse_Racing,يُطلق على وضع هذه الخيول الثلاثة، وهي تتنافس بشدة قرب نهاية السباق، اسم...,أ) انطلاقة سريعة، ب) جري إطالة، ج) لفة تهدئة، د) استعراض حتى خط النهاية,ب) المرحلة الأخيرة,0,"The correct answer 'المرحلة الأخيرة' (final stage) is not a standard term used to describe horses competing neck and neck near the finish line. The image shows horses very close to the finish line, indicating a 'finish sprint' or 'home stretch'. Also, the provided options do not align with the correct answer. Option 'ب) جري إطالة' (extension run) also doesn't fit well.",يُطلق على مشهد تنافس هذه الخيول الثلاثة بشدة قرب خط النهاية، اسم...,أ) الانطلاقة السريعة، ب) الجري السريع، ج) لفة تهدئة، د) السباق نحو خط النهاية,د) السباق نحو خط النهاية
horse_racing_36.jpg,IBQ,IBQ_Sudan.xlsx,Horse_Racing,ما هي قطعة المعدات الموجودة على مقدمة الحصان الأسود على اليسار؟,أ) كمامة، ب) لفافة ظل، ج) حزام أنف، د) ضمادة,ب) لفة الظل,1,no mistake,no correction needed,no correction needed,no answer needed
horse_racing_36.jpg,IBQ,IBQ_Sudan.xlsx,Horse_Racing,كم عدد الفرسان الذين يستخدمون سياطهم بنشاط في هذه اللحظة؟,أ) لا أحد منهم، ب) واحد، ج) اثنان، د) جميعهم الثلاثة,د) جميعها الثلاثة,1,no mistake,no correction needed,no correction needed,no answer needed
horse_racing_36.jpg,IBQ,IBQ_Sudan.xlsx,Horse_Racing,تُعرف الملابس الملونة والمنقوشة التي يرتديها الفرسان باسم...,أ) الزي الرسمي، ب) الأزياء التنكرية، ج) الحرير، د) خطوط السباق,ج) الحرير,0,"The question asks about clothing worn by knights, while the image shows jockeys in a horse race. The correct answer, 'الحرير' (silk), refers to the material of the jockeys' racing silks, not clothing worn by knights. The question is factually incorrect and doesn't align with the image.",تُعرف الملابس الملونة والمنقوشة التي يرتديها الفرسان في سباقات الخيل باسم...,"['أ) الزي الرسمي', 'ب) الأزياء التنكرية', 'ج) الحرير', 'د) خطوط السباق']",ج) الحرير
horse_racing_36.jpg,IBQ,IBQ_Sudan.xlsx,Horse_Racing,ما هي مشية الخيول في هذه الصورة؟,أ) الهرولة، ب) العدو، ج) العدو السريع، د) الخطوة,ج) العدو,1,no mistake,no correction needed,no correction needed,no answer needed
horse_racing_36.jpg,IBQ,IBQ_Sudan.xlsx,Horse_Racing,يبدو سطح المسار...,أ) عشب أخضر كثيف، ب) مضمار صناعي أو ترابي، ج) طين رطب، د) رصيف,ب) مسار صناعي أو ترابي,1,no mistake,no correction needed,no correction needed,no answer needed
horse_racing_36.jpg,IBQ,IBQ_Sudan.xlsx,Horse_Racing,ماذا يرتدي الحصان الموجود في المنتصف على رأسه للحد من مجال رؤيته؟,أ) قناع ذباب، ب) لفافة ظل، ج) غطاء واقٍ للعينين، د) لجام,ج) إشارات الانعطاف,0,"The provided correct answer 'ج) إشارات الانعطاف' (turn signals) is incorrect. The horses in the image are wearing blinkers, which are used to limit their peripheral vision. The current question asks about what the horse is wearing to limit their field of vision. The answer provided does not relate to horse racing equipment.",ماذا يرتدي الحصان الموجود في المنتصف على رأسه للحد من مجال رؤيته؟,أ) قناع ذباب، ب) لفافة ظل، ج) واقي للعين، د) لجام,ج) واقي للعين
horse_racing_36.jpg,IBQ,IBQ_Sudan.xlsx,Horse_Racing,تظهر الخلفية تلالاً وأشجاراً، مما يوحي بأن مضمار السباق يقع في...,أ) مركز مدينة حضري مكتظ، ب) صحراء، ج) منطقة خلابة وواسعة، د) غابة استوائية,ج) منطقة واسعة ذات مناظر خلابة,1,no mistake,no correction needed,no correction needed,no answer needed
horse_racing_36.jpg,IBQ,IBQ_Sudan.xlsx,Horse_Racing,يشير عدد الخيول التي تجري متقاربة جدًا إلى أن السباق...,أ) أحادي الجانب للغاية، ب) غير مهم، ج) تنافسي للغاية، د) للتدريب فقط,ج) تنافسية للغاية,1,no mistake,no correction needed,no correction needed,no answer needed
horse_racing_25.jpg,IBQ,IBQ_Sudan.xlsx,Horse_Racing,ما هو رقم الحصان الرئيسي في المقدمة؟,أ) 1، ب) 7، ج) 11، د) 9,ج) 11,1,no mistake,no correction needed,no correction needed,no answer needed
horse_racing_25.jpg,IBQ,IBQ_Sudan.xlsx,Horse_Racing,ما هي القطعة البيضاء الرقيقة الموجودة على أنف الحصان القائد؟,أ) إسفنجة، ب) لفافة ظل، ج) مدفأة أنف، د) نفخة زينة,ب) لفة الظل,1,no mistake,no correction needed,no correction needed,no answer needed
horse_racing_25.jpg,IBQ,IBQ_Sudan.xlsx,Horse_Racing,"ماذا يشير شعار ""WORLD POOL"" الظاهر على أغطية السرج؟",أ) اسم الحصان، ب) اسم الفارس، ج) راعٍ أو شريك مراهنات للحدث، د) موقع السباق,ج) راعٍ أو شريك مراهنات للحدث,1,no mistake,no correction needed,no correction needed,no answer needed
horse_racing_25.jpg,IBQ,IBQ_Sudan.xlsx,Horse_Racing,ما هو الفعل الذي يقوم به فارس الحصان رقم 11 بيده اليمنى؟,أ) التلويح للحشد، ب) الإمساك باللجام، ج) استخدام سوط الركوب، د) الإمساك بعرف الحصان,د) الإمساك بعرف الحصان,1,no mistake,no correction needed,no correction needed,no answer needed
horse_racing_25.jpg,IBQ,IBQ_Sudan.xlsx,Horse_Racing,الحصان الأمامي والحصان الرمادي (رقم 1) في مرحلة من العدو حيث...,أ) جميع الأقدام الأربعة على الأرض، ب) هي في الهواء تمامًا، ج) هي تهبط على أقدامها الأمامية، د) هي تهبط على أقدامها الخلفية,ب) إنها محمولة جواً بالكامل,1,no mistake,no correction needed,no correction needed,no answer needed
horse_racing_25.jpg,IBQ,IBQ_Sudan.xlsx,Horse_Racing,ما لون الحصان الذي يحمل غطاء السرج رقم 1؟,أ) أسود، ب) بني، ج) رمادي، د) كستنائي,ج) رمادي,0,"The question asks about the color of the horse with saddlecloth number 1, but the horse with saddlecloth number 1 in the image is dark brown/black, not grey. The correct answer should reflect the color seen in the image.",ما لون الحصان الذي يحمل غطاء السرج رقم 1؟,"['أ) أسود', 'ب) بني', 'ج) أبيض', 'د) كستنائي']",أ) أسود
horse_racing_25.jpg,IBQ,IBQ_Sudan.xlsx,Horse_Racing,ما هي المنطقة التي تشتهر بسباقات الخيل، والتي تشتهر بأسلوب سباقات الخيل ومضمارها العشبي الأخضر؟,أ) صحراء الشرق الأوسط، ب) أمريكا الجنوبية، ج) أوروبا (وخاصة المملكة المتحدة وأيرلندا)، د) المناطق القطبية الشمالية,ج) أوروبا (وخاصة المملكة المتحدة وأيرلندا),1,no mistake,no correction needed,no correction needed,no answer needed
horse_racing_25.jpg,IBQ,IBQ_Sudan.xlsx,Horse_Racing,ما هي الوظيفة الأساسية للأحذية الخفيفة التي يرتديها الفرسان؟,أ) لتوفير الدفء، ب) لتوفير الحماية بأقل وزن ممكن، ج) ليكون أنيقًا، د) لجعل الفارس أطول قامة,ب) توفير الحماية بأقل وزن ممكن,1,no mistake,no correction needed,no correction needed,no answer needed
horse_racing_25.jpg,IBQ,IBQ_Sudan.xlsx,Horse_Racing,ينظر الفارس الذي يرتدي الزي الأخضر والوردي إلى جانبه...,أ) انظر إلى المتفرجين، ب) قيّم موقع الخيول الأخرى، ج) تحدث إلى فارس آخر، د) عدّل خوذته,ب) تحديد موقع الخيول الأخرى,1,no mistake,no correction needed,no correction needed,no answer needed
horse_racing_32.jpg,IBQ,IBQ_Sudan.xlsx,Horse_Racing,يبدو أن هذه الصورة قد التُقطت في أي وقت من اليوم؟,أ) منتصف النهار، والشمس في كبد السماء، ب) أواخر فترة ما بعد الظهر أو أوائل المساء، ج) عند الفجر، د) في منتصف الليل,ب) أواخر فترة ما بعد الظهر أو أوائل المساء,1,no mistake,no correction needed,no correction needed,no answer needed
horse_racing_32.jpg,IBQ,IBQ_Sudan.xlsx,Horse_Racing,الخيول متباعدة، واثنان منها في المقدمة. وهذا يشير إلى أن السباق...,أ) بداية السباق، ب) في المراحل المتوسطة أو المتأخرة، ج) لفة إحماء، د) سباق متقارب للغاية ينتهي بفارق ضئيل,ب) في المراحل المتوسطة أو المتأخرة,1,no mistake,no correction needed,no correction needed,no answer needed
horse_racing_32.jpg,IBQ,IBQ_Sudan.xlsx,Horse_Racing,ما نوع سطح مضمار السباق هذا؟,أ) عشب أخضر، ب) طين داكن، ج) مسار رملي أو ترابي فاتح اللون، د) أسفلت,ج) مسار رملي أو ترابي فاتح اللون,1,no mistake,no correction needed,no correction needed,no answer needed
horse_racing_32.jpg,IBQ,IBQ_Sudan.xlsx,Horse_Racing,ما هي الألوان الأساسية التي يرتديها الفارس المتصدر؟,أ) أحمر وأزرق، ب) أخضر وأبيض، ج) أصفر وأزرق، د) أسود ووردي,ج) الأصفر والأزرق,1,no mistake,no correction needed,no correction needed,no answer needed
horse_racing_32.jpg,IBQ,IBQ_Sudan.xlsx,Horse_Racing,ما الذي يمكن رؤيته في الخلفية، خلف الأشجار؟,أ) ناطحات السحاب الشاهقة في المدن، ب) الجبال، ج) المنشآت الصناعية مثل المداخن، د) المحيط,ج) المنشآت الصناعية مثل المداخن,0,"The correct answer provided (industrial facilities like chimneys) does not match what's visible in the image. The background features buildings, but they are not clearly industrial facilities or chimneys. They appear to be more like standard buildings or structures.",ما الذي يمكن رؤيته في الخلفية، خلف الأشجار؟,"['أ) مباني', 'ب) الجبال', 'ج) حقول', 'د) المحيط']",أ) مباني
horse_racing_32.jpg,IBQ,IBQ_Sudan.xlsx,Horse_Racing,ينظر الفارس الرئيسي إلى الوراء فوق كتفه لينظر إلى...,أ) تأكد مما إذا كان لا يزال يرتدي خوذته، ب) تحقق من مواقع منافسيه، ج) لوّح للجمهور، د) استمتع بمنظر غروب الشمس,ب) التحقق من موقع منافسيه,1,no mistake,no correction needed,no correction needed,no answer needed
horse_racing_32.jpg,IBQ,IBQ_Sudan.xlsx,Horse_Racing,ما هو المزاج العام لهذه الصورة؟,أ) متوتر وفوضوي، ب) هادئ وساكن، ج) كئيب ومظلم، د) سريع الإيقاع ومثير,ب) هادئ وساكن,0,"The image depicts a horse race, which is a dynamic and fast-paced scene. Therefore, the mood is not 'calm and static' as the correct answer suggests. The question asks for the 'general mood' which isn't best suited for this image.",ما هو الشعور العام الذي تنقله هذه الصورة؟,"['أ) توتر وإثارة', 'ب) هدوء واستقرار', 'ج) حزن وكآبة', 'د) سرعة وحركة']",أ) توتر وإثارة
horse_racing_32.jpg,IBQ,IBQ_Sudan.xlsx,Horse_Racing,السور الأبيض الذي يمتد على طول السكة موجود لغرض...,أ) تزويد الفرسان بشيءٍ للإمساك به، ب) إبقاء الخيول على المسار الصحيح، ج) عرض الإعلانات، د) توفير مقاعد للمتفرجين,ب) حافظ على مسار الخيول الصحيح,1,no mistake,no correction needed,no correction needed,no answer needed
horse_racing_32.jpg,IBQ,IBQ_Sudan.xlsx,Horse_Racing,الحصان الموجود في أقصى اليسار أذناه متجهتان للخلف، مما يعني على الأرجح أنه...,أ) عدم الانتباه، ب) الاستماع إلى الفارس أو الخيول التي خلفه، ج) الخوف من الجمهور، د) الاسترخاء الشديد,ب) الاستماع إلى فارسها أو الخيول التي خلفها,1,no mistake,no correction needed,no correction needed,no answer needed
horse_racing_27.jpg,IBQ,IBQ_Sudan.xlsx,Horse_Racing,من أي منظور فريد ومثير تم التقاط هذه الصورة؟,أ) منظر علوي من طائرة بدون طيار، ب) منظور الفارس، ج) منظر سفلي من زاوية منخفضة جدًا على المضمار، د) من المدرجات الرئيسية للمشاهدين,"ج) منظر ""من أسفل"" من زاوية منخفضة جدًا على المسار",1,no mistake,no correction needed,no correction needed,no answer needed
horse_racing_27.jpg,IBQ,IBQ_Sudan.xlsx,Horse_Racing,ما فائدة الضمادات الحمراء والزرقاء على أرجل الحصان؟,أ) زيادة سرعة الحصان، ب) توفير الدعم والحماية لأوتار الساق، ج) الحفاظ على نظافة أرجل الحصان، د) هي للزينة فقط,ب) توفير الدعم والحماية لأوتار الساق,1,no mistake,no correction needed,no correction needed,no answer needed
horse_racing_27.jpg,IBQ,IBQ_Sudan.xlsx,Horse_Racing,كيف تبدو حالة السكة الحديدية؟,أ) جاف ومغبر، ب) متجمد وصلب، ج) ناعم وموحل، د) عشب مُهذّب بشكل مثالي,ج) ناعم وموحل,1,no mistake,no correction needed,no correction needed,no answer needed
horse_racing_27.jpg,IBQ,IBQ_Sudan.xlsx,Horse_Racing,ما هو الجزء الأكثر بروزاً من الحصان في مقدمة الصورة؟,أ) رأسه، ب) ذيله، ج) حوافره، د) ظهره وسرجه,ج) حوافره,0,"The question asks for the most prominent part of the horse in the *front* of the image. However, the image shows the horse from a low angle, primarily focusing on the legs and hooves, and the 'front' isn't clearly defined. The hooves *are* prominent, but 'most prominent' is subjective and other parts could also be considered. Also, the options are not equally relevant. The correct answer should be the head since the head is more visible than the hooves.",ما هو الجزء الأكثر وضوحاً من الحصان في الصورة؟,"['أ) رأسه', 'ب) ذيله', 'ج) حوافره', 'د) ظهره وسرجه']",أ) رأسه
horse_racing_27.jpg,IBQ,IBQ_Sudan.xlsx,Horse_Racing,ما الذي يمكن رؤيته في أسفل حافر الحصان المرفوع؟,أ) رقم، ب) الأحرف الأولى من اسم المالك، ج) حدوة حصان معدنية، د) وسادة مطاطية,ج) حدوة حصان معدنية,1,no mistake,no correction needed,no correction needed,no answer needed
horse_racing_27.jpg,IBQ,IBQ_Sudan.xlsx,Horse_Racing,أين يظهر حشد المتفرجين في الصورة؟,أ) غير مرئية، ب) يمتطون الخيول، ج) يصطفون على جانبي مضمار السباق، د) في السماء,ج) تبطين جانبي مضمار السباق,1,no mistake,no correction needed,no correction needed,no answer needed
horse_racing_27.jpg,IBQ,IBQ_Sudan.xlsx,Horse_Racing,تُجسّد هذه الصورة ببراعة إحساسًا بـ...,أ) الهدوء والسكون، ب) القوة والسرعة والفوضى، ج) الأناقة والرشاقة، د) الحزن والهزيمة,ب) القوة والسرعة والفوضى,1,no mistake,no correction needed,no correction needed,no answer needed
horse_racing_27.jpg,IBQ,IBQ_Sudan.xlsx,Horse_Racing,في الأفق، يمكن رؤية حصان وفارس آخرين. وهذا يدل على...,أ) إنها جلسة تدريبية لحصان واحد، ب) هذا سباق حقيقي يضم عدة متنافسين، ج) الخيول تجري في الاتجاه الخاطئ، د) الصورة معدلة رقميًا,ب) هذا سباق حقيقي يضم العديد من المتنافسين,1,no mistake,no correction needed,no correction needed,no answer needed
horse_racing_27.jpg,IBQ,IBQ_Sudan.xlsx,Horse_Racing,ما الذي يطير في الهواء حول الحصان؟,أ) قطرات المطر، ب) الأوراق، ج) قطع الطين والعشب، د) قصاصات الورق الملون,ج) قطع من الطين والعشب,1,no mistake,no correction needed,no correction needed,no answer needed
horse_racing_27.jpg,IBQ,IBQ_Sudan.xlsx,Horse_Racing,إن الأرجل الأمامية للحصان مطوية تحت جسمه، مما يعني أنه في أي مرحلة من مراحل العدو؟,أ) مرحلة الهبوط، ب) مرحلة الإقلاع، ج) لحظة التعليق، د) الخطوة الأولى,ج) لحظة التعليق,1,no mistake,no correction needed,no correction needed,no answer needed
horse_racing_29.jpg,IBQ,IBQ_Sudan.xlsx,Horse_Racing,خلفية هذه الصورة، التي تتميز بأشجار النخيل والتلال، هي سمة مميزة لحلبات السباق في أي ولاية أمريكية؟,أ) نيويورك، ب) كنتاكي، ج) فلوريدا، د) كاليفورنيا,د) كاليفورنيا,1,no mistake,no correction needed,no correction needed,no answer needed
horse_racing_29.jpg,IBQ,IBQ_Sudan.xlsx,Horse_Racing,ما هي قطعة المعدات المصممة لتقييد الرؤية، والتي ترتديها الخيول الثلاثة جميعها بشكل أو بآخر؟,أ) سدادات الأذن، ب) أغطية العين، ج) الكمامات، د) اللجام,ب) إشارات الانعطاف,0,"The question asks about equipment designed to restrict vision, and the image shows horses wearing blinkers. The provided answer 'إشارات الانعطاف' (turn signals) is incorrect. Blinkers are the correct answer. Also, the question is a bit awkwardly worded.",ما هي قطعة المعدات التي ترتديها الخيول لتقييد رؤيتها؟,"['أ) سدادات الأذن', 'ب) أغطية العين', 'ج) الكمامات', 'د) اللجام']",ب) أغطية العين
horse_racing_29.jpg,IBQ,IBQ_Sudan.xlsx,Horse_Racing,ماذا يفعل الفرسان على الخيول اليسرى واليمنى بعصيهم؟,أ) التلويح بها للجمهور، ب) وضعها تحت أذرعهم، ج) استخدامها لتشجيع خيولهم، د) توجيهها نحو بعضهم البعض,ج) استخدامها لتشجيع خيولهم,1,no mistake,no correction needed,no correction needed,no answer needed
horse_racing_29.jpg,IBQ,IBQ_Sudan.xlsx,Horse_Racing,ماذا يُظهر غطاء السرج الأخضر على الحصان الموجود في أقصى اليسار؟,أ) اسم الفارس، ب) اسم الحصان، ج) الرقم 3، د) شعار الراعي,ج) الرقم 3,1,no mistake,no correction needed,no correction needed,no answer needed
horse_racing_29.jpg,IBQ,IBQ_Sudan.xlsx,Horse_Racing,الحصان الموجود في أقصى اليمين لديه قطعة من المعدات تشبه الأنبوب، مغطاة بالفرو، على أنفه. ما اسم هذه القطعة؟,أ) شبكة للأنف، ب) لفافة ظل، ج) وسادة رباط الأنف، د) واقي الشارب,ب) لفة الظل,1,no mistake,no correction needed,no correction needed,no answer needed
horse_racing_29.jpg,IBQ,IBQ_Sudan.xlsx,Horse_Racing,تشير التعابير الحادة على وجوه الفرسان ووضعياتهم النشطة إلى أي مرحلة من السباق؟,أ) البداية الهادئة، ب) الإحماء البطيء، ج) الانطلاقة الأخيرة اليائسة نحو خط النهاية، د) موكب النصر,ج) المحاولة الأخيرة اليائسة للوصول إلى خط النهاية,1,no mistake,no correction needed,no correction needed,no answer needed
horse_racing_29.jpg,IBQ,IBQ_Sudan.xlsx,Horse_Racing,الحصان الموجود في المنتصف محصور، وبالتالي تقل مساحة الجري المتاحة له. يُطلق على هذه الحالة غالبًا اسم...,"أ) ""في مأمن""، ب) ""على الصدارة""، ج) ""محاصر""، د) ""في المرعى""","ج) ""محاصر""",1,no mistake,no correction needed,no correction needed,no answer needed
horse_racing_29.jpg,IBQ,IBQ_Sudan.xlsx,Horse_Racing,ما لون غطاء العينين على الحصان المتقدم على اليمين؟,أ) أحمر، ب) أبيض، ج) أخضر، د) أزرق,د) أزرق,1,no mistake,no correction needed,no correction needed,no answer needed
horse_racing_29.jpg,IBQ,IBQ_Sudan.xlsx,Horse_Racing,"جميع الخيول الثلاثة ""خارج الخدمة تمامًا""، أي أنها...",أ) يركضون بأقصى سرعة ممكنة، ب) يهرولون بخفة، ج) على وشك التوقف، د) يعودون سيراً على الأقدام إلى الحظيرة,أ) الجري بأقصى سرعة ممكنة,1,no mistake,no correction needed,no correction needed,no answer needed
horse_racing_29.jpg,IBQ,IBQ_Sudan.xlsx,Horse_Racing,سطح المضمار مُصان جيداً...,أ) مسار عشبي، ب) مسار ترابي، ج) حفرة طينية، د) حقل مغطى بالثلوج,ب) مسار ترابي,1,no mistake,no correction needed,no correction needed,no answer needed
horse_racing_34.jpg,IBQ,IBQ_Sudan.xlsx,Horse_Racing,ما نوع أرضية السباق التي يقف عليها الفارس والحصان؟,أ) مسار ترابي، ب) مسار صناعي مناسب لجميع الأحوال الجوية، ج) مسار عشبي، د) ممر خشبي,ج) ملعب عشبي أو ملعب ذو أرضية عشبية,1,no mistake,no correction needed,no correction needed,no answer needed
horse_racing_34.jpg,IBQ,IBQ_Sudan.xlsx,Horse_Racing,ما هو الرقم المعروض على غطاء سرج الحصان الأسود؟,أ) 1، ب) 4، ج) 7، د) 9,أ) 1,1,no mistake,no correction needed,no correction needed,no answer needed
horse_racing_34.jpg,IBQ,IBQ_Sudan.xlsx,Horse_Racing,من المحتمل أن هذه الصورة تصور...,أ) بداية فوضوية لسباق كبير، ب) حصان وفارس يتدربان أو في سباق صغير، ج) حصان توقف عن الجري، د) حدث روديو,ب) حصان وفارس يتدربان أو في سباق صغير,1,no mistake,no correction needed,no correction needed,no answer needed
horse_racing_34.jpg,IBQ,IBQ_Sudan.xlsx,Horse_Racing,ما هي مشية الحصان في هذه الصورة؟,أ) المشي، ب) الهرولة، ج) العدو أو الركض السريع، د) الثبات,ج) العدو أو الركض,1,no mistake,no correction needed,no correction needed,no answer needed
horse_racing_34.jpg,IBQ,IBQ_Sudan.xlsx,Horse_Racing,ما هو اللون الأساسي لقميص الفارس؟,أ) أزرق، ب) أخضر، ج) أصفر، د) أحمر,د) أحمر,1,no mistake,no correction needed,no correction needed,no answer needed
horse_racing_34.jpg,IBQ,IBQ_Sudan.xlsx,Horse_Racing,ما هي الوظيفة الرئيسية لخوذة ونظارات الفارس؟,أ) الموضة والأناقة، ب) السلامة والحماية، ج) للتواصل عبر الراديو، د) لحجب جميع الأصوات,ب) السلامة والحماية,1,no mistake,no correction needed,no correction needed,no answer needed
horse_racing_34.jpg,IBQ,IBQ_Sudan.xlsx,Horse_Racing,ما هو السلالة التي يتميز بها المظهر الجسدي للحصان، بأرجله الطويلة وجسمه النحيل والعضلي؟,أ) شاير (حصان جر)، ب) مهر شتلاند، ج) ثوروبريد، د) أبالوزا,ج) الخيول الأصيلة,1,no mistake,no correction needed,no correction needed,no answer needed
horse_racing_34.jpg,IBQ,IBQ_Sudan.xlsx,Horse_Racing,أذنا الحصان ملتفتان قليلاً إلى الخلف، مما يشير إلى أنه من المحتمل...,أ) خائف من شيء ما في الأمام، ب) متجاهلاً الفارس، ج) منصتاً لإشارات الفارس، د) على وشك النوم,ج) الاستماع إلى إشارات الفارس,1,no mistake,no correction needed,no correction needed,no answer needed
horse_racing_34.jpg,IBQ,IBQ_Sudan.xlsx,Horse_Racing,ما الغرض من السور الأبيض الموجود في الخلفية؟,أ) سياج يستند عليه المتفرجون، ب) حاجز يقفز فوقه الحصان، ج) الحد الداخلي لمضمار السباق، د) عمود ربط الخيول,ج) الحدود الداخلية لمضمار السباق,1,no mistake,no correction needed,no correction needed,no answer needed
horse_racing_34.jpg,IBQ,IBQ_Sudan.xlsx,Horse_Racing,الانطباع العام للصورة هو...,أ) منافسة شديدة ومزدحمة، ب) حركة رشيقة ورياضية في بيئة هادئة، ج) موقف خطير خارج عن السيطرة، د) جولة ركوب خيل بطيئة ومريحة,ب) حركة رشيقة ورياضية في بيئة هادئة,1,no mistake,no correction needed,no correction needed,no answer needed
horse_racing_33.jpg,IBQ,IBQ_Sudan.xlsx,Horse_Racing,ما نوع رياضة الفروسية الغربية التي تصورها هذه الصورة؟,أ) سباق الخيل، ب) سباق الترويض الجماعي، ج) سباق البراميل، د) الترويض,ج) سباق البراميل,1,no mistake,no correction needed,no correction needed,no answer needed
horse_racing_33.jpg,IBQ,IBQ_Sudan.xlsx,Horse_Racing,ما هو الهدف الرئيسي للفارس في هذا الحدث؟,أ) للحصول على أفضل أسلوب، ب) للتسابق مع الخيول الأخرى حتى خط النهاية، ج) لإكمال نمط معين بأسرع ما يمكن دون إسقاط البراميل، د) للبقاء على ظهر الحصان لمدة 8 ثوانٍ,ج) إكمال نمط معين بأسرع وقت ممكن دون إسقاط البراميل,1,no mistake,no correction needed,no correction needed,no answer needed
horse_racing_33.jpg,IBQ,IBQ_Sudan.xlsx,Horse_Racing,ما نوع السطح الذي يركض عليه الحصان؟,أ) عشب جاف، ب) رصيف، ج) طين عميق أو أرض رطبة جداً، د) جليد,ج) الطين العميق أو التربة الرطبة جداً,1,no mistake,no correction needed,no correction needed,no answer needed
horse_racing_33.jpg,IBQ,IBQ_Sudan.xlsx,Horse_Racing,يميل جسم الحصان بشدة نحو المنعطف، مما يدل على...,أ) الكسل، ب) خفة الحركة والتوازن، ج) الخوف من الوحل، د) نية التوقف,ب) خفة الحركة والتوازن,1,no mistake,no correction needed,no correction needed,no answer needed
horse_racing_33.jpg,IBQ,IBQ_Sudan.xlsx,Horse_Racing,ماذا تفعل الفارسة بيدها اليسرى؟,أ) تمسك بالحبل، ب) تلوح للحشد، ج) تمسك بقرن السرج لتحقيق التوازن، د) تنظر إلى ساعتها,ج) التمسك بقرن السرج لتحقيق الثبات,1,no mistake,no correction needed,no correction needed,no answer needed
horse_racing_33.jpg,IBQ,IBQ_Sudan.xlsx,Horse_Racing,ما نوع الحصان الذي يُفضل استخدامه عادةً في هذه الرياضة؟,أ) خيول جرّ كبيرة وثقيلة، ب) مهور صغيرة، ج) خيول سريعة ورشيقة وقوية مثل خيول الكوارتر، د) خيول تحمل لمسافات طويلة مثل الخيول العربية,ج) الخيول السريعة والرشيقة والقوية مثل خيول الكوارتر,1,no mistake,no correction needed,no correction needed,no answer needed
horse_racing_33.jpg,IBQ,IBQ_Sudan.xlsx,Horse_Racing,الهيكل الأحمر في الخلفية هو...,أ) الحظيرة أو الإسطبلات، ب) بوابة الانطلاق، ج) مدرج المتفرجين، د) مكتب الحكم,ج) مدرج المتفرجين,1,no mistake,no correction needed,no correction needed,no answer needed
horse_racing_33.jpg,IBQ,IBQ_Sudan.xlsx,Horse_Racing,لا يرتدي الراكب خوذة، بل يرتدي...,أ) قبعة صوفية، ب) قبعة رعاة البقر، ج) تاج، د) عصابة رأس,ب) قبعة رعاة البقر,1,no mistake,no correction needed,no correction needed,no answer needed
horse_racing_33.jpg,IBQ,IBQ_Sudan.xlsx,Horse_Racing,يشير تناثر الطين من حافر الحصان الأمامي إلى...,أ) يتحرك الحصان ببطء شديد، ب) يتحرك الحصان بسرعة وقوة كبيرتين، ج) تعثر الحصان، د) بدأ المطر للتو,ب) يتحرك الحصان بسرعة وقوة كبيرتين,1,no mistake,no correction needed,no correction needed,no answer needed
horse_racing_42.jpg,IBQ,IBQ_Sudan.xlsx,Horse_Racing,ما هو نوع سباق الخيل المحدد الذي يظهر في هذه الصورة؟,أ) سباق الحواجز، ب) سباق الخيول الأصيلة، ج) سباق الخيول مع العربات، د) سباق القدرة,ج) سباق الخيول,1,no mistake,no correction needed,no correction needed,no answer needed
horse_racing_42.jpg,IBQ,IBQ_Sudan.xlsx,Horse_Racing,ما اسم العربة ذات العجلتين التي يركبها الشخص؟,أ) عربة تجرها الخيول، ب) عربة تجرها الخيول، ج) عربة تجرها الخيول، د) عربة تجرها الخيول,د) عربة متجهمة,0,"The question and options are repetitive, all options are identical. Also, the correct answer 'عربة متجهمة' (sulky) is not a standard or commonly used term for the vehicle shown in the image. It seems to be a translation error or a very specific jargon. The question should ask about the name of the vehicle pulled by a horse with a driver on it.",ما اسم العربة ذات العجلتين التي يركبها الشخص ويجرها الحصان؟,"['أ) عربة سباق', 'ب) عربة تجرها الخيول', 'ج) عربة متجهمة', 'د) عربة نقل']",أ) عربة سباق
horse_racing_42.jpg,IBQ,IBQ_Sudan.xlsx,Horse_Racing,ما هو اسم الشخص الذي يقود الحصان في هذه الرياضة؟,أ) فارس، ب) سائق، ج) فارس، د) مدرب,ب) سائق,1,no mistake,no correction needed,no correction needed,no answer needed
horse_racing_42.jpg,IBQ,IBQ_Sudan.xlsx,Horse_Racing,الحصان لا يركض. ما هي الخطوة الثنائية المحددة المطلوبة في هذا النوع من السباقات؟,أ) المشي أو العدو، ب) الهرولة أو الخطو، ج) القفز، د) الانزلاق,ب) الهرولة أو الخطو,1,no mistake,no correction needed,no correction needed,no answer needed
horse_racing_42.jpg,IBQ,IBQ_Sudan.xlsx,Horse_Racing,ما هو الرقم الموجود على وسادة السرج الحمراء؟,أ) 1، ب) 7، ج) 11، د) 14,ج) 11,0,"The question asks about the number on a red saddle pad, but the image shows a horse pulling a cart in a race, and the number is on the cart, not a saddle pad. The number visible is '1', not '11'.",ما هو الرقم الموجود على عربة السباق الحمراء؟,أ) 1، ب) 7، ج) 11، د) 14,أ) 1
horse_racing_42.jpg,IBQ,IBQ_Sudan.xlsx,Horse_Racing,تشير الخلفية الضبابية والتركيز الحاد على الموضوع إلى التقنية الفوتوغرافية المستخدمة.,أ) التعريض الطويل، ب) التحريك البانورامي، ج) عدسة عين السمكة، د) عصا السيلفي,ب) التحريك الأفقي,1,no mistake,no correction needed,no correction needed,no answer needed
horse_racing_42.jpg,IBQ,IBQ_Sudan.xlsx,Horse_Racing,ما هي قطعة معدات السلامة التي يرتديها السائق على رأسه؟,أ) قبعة رعاة البقر، ب) قبعة بيسبول، ج) خوذة معتمدة، د) قبعة صوفية,ج) خوذة معتمدة,1,no mistake,no correction needed,no correction needed,no answer needed
horse_racing_42.jpg,IBQ,IBQ_Sudan.xlsx,Horse_Racing,من المرجح أن يكون سلالة الحصان من سلالة ستاندردبريد، المعروفة بكفاءتها في...,أ) القفز فوق الأسوار العالية، ب) رعي الماشية، ج) سباق الخيول، د) أداء رياضة الترويض,ج) سباق الخيول,1,no mistake,no correction needed,no correction needed,no answer needed
horse_racing_42.jpg,IBQ,IBQ_Sudan.xlsx,Horse_Racing,ما الغرض من اللجام الطويل الذي يمسكه السائق؟,أ) لضرب الحصان لزيادة سرعته، ب) للزينة، ج) للتحكم في سرعة الحصان واتجاهه، د) لربط الحصان بعد السباق,ج) للتحكم في سرعة الحصان واتجاهه,1,no mistake,no correction needed,no correction needed,no answer needed
horse_racing_42.jpg,IBQ,IBQ_Sudan.xlsx,Horse_Racing,يُعبّر ضبابية الحركة في أرجل الحصان وعجلات العربة بفعالية عن...,أ) الحصان متعب، ب) إحساس بالسرعة القصوى، ج) السباق على وشك البدء، د) الصورة غير واضحة,ب) الشعور بالسرعة القصوى,1,no mistake,no correction needed,no correction needed,no answer needed
horse_racing_38.jpg,IBQ,IBQ_Sudan.xlsx,Horse_Racing,يشير الضوء في الصورة، بتوهجه الذهبي الدافئ وظلاله الطويلة، إلى وقت من اليوم تجري فيه السباقات؟,أ) منتصف النهار، ب) منتصف الليل، ج) أواخر فترة ما بعد الظهر أو غروب الشمس، د) فجر الصباح الباكر,ج) أواخر فترة ما بعد الظهر أو وقت الغروب,1,no mistake,no correction needed,no correction needed,no answer needed
horse_racing_38.jpg,IBQ,IBQ_Sudan.xlsx,Horse_Racing,ما هو سطح مضمار السباق الذي تجري عليه الخيول؟,أ) العشب (الأرض العشبية)، ب) الثلج، ج) التراب أو الرمل، د) الأسفلت,ج) التراب أو الرمل,1,no mistake,no correction needed,no correction needed,no answer needed
horse_racing_38.jpg,IBQ,IBQ_Sudan.xlsx,Horse_Racing,ما الذي يسبب تناثر الأوساخ بكثافة حول الخيول الأمامية؟,أ) الرياح، ب) هطول المطر، ج) حوافر الخيول القوية التي تغرز في المضمار، د) مركبة تسير أمامهم,ج) حوافر الخيول القوية التي تغرز في المسار,1,no mistake,no correction needed,no correction needed,no answer needed
horse_racing_38.jpg,IBQ,IBQ_Sudan.xlsx,Horse_Racing,ما هي أسرع مشية للحصان، كما يظهرها جميع المتنافسين في هذه الصورة؟,أ) الهرولة، ب) العدو، ج) العدو السريع، د) المشي,ج) العدو,1,no mistake,no correction needed,no correction needed,no answer needed
horse_racing_38.jpg,IBQ,IBQ_Sudan.xlsx,Horse_Racing,ما هو السبب الرئيسي لوضعية الفرسان المنحنية للأمام، والتي تُعتبر وضعية ديناميكية هوائية؟,أ) لأنه أكثر راحة، ب) لتقليل مقاومة الرياح والسماح بسرعة أكبر، ج) لرؤية الأرض مباشرة أمام الحصان، د) لضرب الحصان بالسوط بسهولة أكبر,ب) لتقليل مقاومة الرياح والسماح بسرعة أكبر,1,no mistake,no correction needed,no correction needed,no answer needed
horse_racing_38.jpg,IBQ,IBQ_Sudan.xlsx,Horse_Racing,يمكن وصف الحالة المزاجية العامة للصورة على أفضل وجه بأنها...,أ) هادئ وساكن، ب) فكاهي وسخيف، ج) قوي ومؤثر ومثير، د) بارد وجاف,ج) مكثف، قوي، ومثير,1,no mistake,no correction needed,no correction needed,no answer needed
horse_racing_38.jpg,IBQ,IBQ_Sudan.xlsx,Horse_Racing,ما هي قطعة المعدات التي يرتديها الفرسان على رؤوسهم للحماية؟,أ) نظارات واقية، ب) خوذات، ج) واقيات للوجه، د) كل من أ و ب,د) كل من أ و ب,1,no mistake,no correction needed,no correction needed,no answer needed
horse_racing_38.jpg,IBQ,IBQ_Sudan.xlsx,Horse_Racing,ما هو نوع الخيول التي تشارك في هذا النوع من السباقات بشكل شبه حصري؟,أ) حصان الكوارتر الأمريكي، ب) الحصان العربي، ج) حصان كلايدزديل، د) الحصان الأصيل,د) الخيول الأصيلة,1,no mistake,no correction needed,no correction needed,no answer needed
horse_racing_38.jpg,IBQ,IBQ_Sudan.xlsx,Horse_Racing,يُستخدم الحاجز الأبيض الظاهر على الجانب الأيمن من المسار لـ...,أ) فصل المتفرجين عن الخيول، ب) تحديد الحدود الرسمية للمسار، ج) العمل كخط نهاية، د) كل من أ و ب,د) كل من أ و ب,1,no mistake,no correction needed,no correction needed,no answer needed
horse_racing_38.jpg,IBQ,IBQ_Sudan.xlsx,Horse_Racing,زاوية الكاميرا المنخفضة تجعل الخيول تبدو...,أ) أصغر وأبعد، ب) أبطأ وأكثر رشاقة، ج) أكبر وأقوى وأكثر هيبة، د) غير مهم للمشهد,ج) أكبر حجماً، وأكثر قوة، وأكثر هيبة,1,no mistake,no correction needed,no correction needed,no answer needed
nuba_wrestling_11.jpg,IBQ,IBQ_Sudan.xlsx,Nuba_Wrestling,ما الذي توحي به جودة الصورة بالأبيض والأسود؟,أ) مباراة حديثة باستخدام فلتر كاميرا خاص، ب) مباراة ليلية تحت أضواء ساطعة، ج) شكل تاريخي أو تقليدي للرياضة من الماضي، د) جلسة تدريبية تحت المطر,ج) شكل تاريخي أو تقليدي للرياضة من الماضي,1,no mistake,no correction needed,no correction needed,no answer needed
nuba_wrestling_11.jpg,IBQ,IBQ_Sudan.xlsx,Nuba_Wrestling,ما هو العنصر الأكثر تقليدية في زي المصارعين الموضح هنا؟,أ) يرتدون سراويل رياضية قصيرة حديثة، ب) يرتدون مآزر وأشياء زخرفية، ج) يرتدون أثواباً ثقيلة، د) يرتدون خوذات واقية,ب) إنهم يرتدون مآزر وأشياء زينة,1,no mistake,no correction needed,no correction needed,no answer needed
nuba_wrestling_11.jpg,IBQ,IBQ_Sudan.xlsx,Nuba_Wrestling,ما هي وضعية المصارعين؟,أ) يقفون منتصبين ويتصافحون، ب) هم في وضعية منخفضة ومنحنية استعدادًا للمواجهة، ج) أحدهم على الأرض بعد هزيمته، د) يحتفلون بالنصر,ب) هم في وضعية منخفضة، منحنية، قبل بدء الاشتباك,1,no mistake,no correction needed,no correction needed,no answer needed
nuba_wrestling_11.jpg,IBQ,IBQ_Sudan.xlsx,Nuba_Wrestling,"ما هي منطقة المنافسة أو ""الحلبة""؟",أ) ساحة حديثة مسيجة، ب) منصة مرتفعة ومبطنة، ج) رقعة أرض جرداء بسيطة، د) حقل عشبي,ج) رقعة بسيطة من الأرض المجردة والعارية,1,no mistake,no correction needed,no correction needed,no answer needed
nuba_wrestling_11.jpg,IBQ,IBQ_Sudan.xlsx,Nuba_Wrestling,يبدو أن الجسم الملتصق بظهر المصارع على اليمين هو...,أ) حقيبة خصر عصرية، ب) قرع أو قرعة تقليدية، ج) طبل صغير، د) كيس رمل للترجيح,ب) قرع تقليدي أو قرع العسل,1,no mistake,no correction needed,no correction needed,no answer needed
nuba_wrestling_11.jpg,IBQ,IBQ_Sudan.xlsx,Nuba_Wrestling,الحشد في الخلفية هو...,أ) الجلوس في مدرج حديث، ب) المشاهدة من مسافة بعيدة، ج) الوقوف متقاربين، مشكلين دائرة بشرية حول المصارعين، د) عدم الانتباه للمباراة,ج) الوقوف على مقربة من بعضهم البعض، وتشكيل دائرة بشرية حول المصارعين,1,no mistake,no correction needed,no correction needed,no answer needed
nuba_wrestling_11.jpg,IBQ,IBQ_Sudan.xlsx,Nuba_Wrestling,أجساد المصارعين مغطاة بمادة فاتحة اللون، والتي من المحتمل أن تكون...,أ) واقي الشمس، ب) الطلاء، ج) الغبار أو الرماد، د) الماء,ج) الغبار أو الرماد,1,no mistake,no correction needed,no correction needed,no answer needed
nuba_wrestling_11.jpg,IBQ,IBQ_Sudan.xlsx,Nuba_Wrestling,بالمقارنة مع المصارعة الحديثة، فإن المعدات المعروضة هنا...,أ) أكثر تعقيدًا بكثير، ب) تركز على المواد عالية التقنية، ج) بسيطة وتقليدية، د) مطابقة للمعدات الحديثة,ج) بسيط وتقليدي,1,no mistake,no correction needed,no correction needed,no answer needed
nuba_wrestling_11.jpg,IBQ,IBQ_Sudan.xlsx,Nuba_Wrestling,تُبرز هذه الصورة مصارعة النوبة كـ...,أ) رياضة تجارية حديثة، ب) تقاليد ثقافية راسخة، ج) شكل من أشكال الترفيه للسياح، د) لعبة مبتكرة حديثًا,ب) تقاليد ثقافية راسخة,1,no mistake,no correction needed,no correction needed,no answer needed
nuba_wrestling_11.jpg,IBQ,IBQ_Sudan.xlsx,Nuba_Wrestling,ما هو الهدف الأساسي في هذه الرياضة؟,أ) تثبيت كتفي الخصم على الأرض لمدة ثلاث ثوانٍ، ب) رفع الخصم فوق رأسك، ج) رمي الخصم على ظهره، د) إخراج الخصم من الحلبة بالقوة,ج) إلقاء الخصم على ظهره,1,no mistake,no correction needed,no correction needed,no answer needed
nuba_wrestling_12.jpg,IBQ,IBQ_Sudan.xlsx,Nuba_Wrestling,ما الذي تصوره هذه الصورة في المقام الأول؟,أ) مباراة مصارعة جارية، ب) صورة لثلاثة مصارعين، ج) الجمهور يشاهد مباراة، د) حفل توزيع الجوائز,ب) صورة لثلاثة مصارعين,1,no mistake,no correction needed,no correction needed,no answer needed
nuba_wrestling_12.jpg,IBQ,IBQ_Sudan.xlsx,Nuba_Wrestling,ما الذي تم وضعه على جلد المصارعين؟,أ) الماء، ب) واقي الشمس، ج) طلاء ملون، د) طبقة رقيقة من الغبار أو الرماد,د) طبقة رقيقة من الغبار أو الرماد,1,no mistake,no correction needed,no correction needed,no answer needed
nuba_wrestling_12.jpg,IBQ,IBQ_Sudan.xlsx,Nuba_Wrestling,ماذا يُمثل زي المصارع الموجود في المنتصف؟,أ) زي موحد صارم، ب) مزيج من الملابس التقليدية والحديثة، ج) زي الحكم، وليس زي المصارع، د) زي احتفالي للرقص فقط,ب) مزيج من الملابس التقليدية والحديثة,1,no mistake,no correction needed,no correction needed,no answer needed
nuba_wrestling_12.jpg,IBQ,IBQ_Sudan.xlsx,Nuba_Wrestling,توحي وضعية الرجال الثلاثة بشعور من...,أ) تنافس شديد وغضب متبادل، ب) حزن وهزيمة، ج) فخر وقوة ووحدة، د) خوف وتوتر,ج) الفخر والقوة والوحدة,1,no mistake,no correction needed,no correction needed,no answer needed
nuba_wrestling_12.jpg,IBQ,IBQ_Sudan.xlsx,Nuba_Wrestling,يضع المصارع الموجود على اليسار يده على كتف المصارع الأوسط في إشارة إلى...,أ) العدوان، ب) التحدي، ج) الصداقة أو الدعم، د) عدم الاحترام,ج) روح الزمالة أو الدعم,1,no mistake,no correction needed,no correction needed,no answer needed
nuba_wrestling_12.jpg,IBQ,IBQ_Sudan.xlsx,Nuba_Wrestling,ما هو المكان الذي التُقطت فيه هذه الصورة؟,أ) داخل صالة رياضية، ب) في غابة، ج) في حلبة مصارعة، د) على شاطئ,ج) في حلبة المصارعة,1,no mistake,no correction needed,no correction needed,no answer needed
nuba_wrestling_12.jpg,IBQ,IBQ_Sudan.xlsx,Nuba_Wrestling,القطعة الملونة ذات الشراشيب التي يرتديها المصارع الرئيسي حول خصره هي...,أ) حزام رياضي حديث، ب) مئزر تقليدي مزخرف، ج) حزام أدوات، د) سترة نجاة,ب) مئزر تقليدي مزخرف,1,no mistake,no correction needed,no correction needed,no answer needed
nuba_wrestling_12.jpg,IBQ,IBQ_Sudan.xlsx,Nuba_Wrestling,تُظهر الحالة البدنية للرجال أن مصارعة النوبة تتطلب...,أ) بذل جهد بدني قليل جدًا، ب) بنية نحيلة ورشيقة، ج) قوة عضلية ولياقة بدنية عالية، د) التركيز الذهني فقط,ج) قوة عضلية ولياقة بدنية عالية,1,no mistake,no correction needed,no correction needed,no answer needed
nuba_wrestling_12.jpg,IBQ,IBQ_Sudan.xlsx,Nuba_Wrestling,ماذا يفعل المصارع الموجود على اليمين بذراعه؟,أ) يلوّح للجمهور، ب) يشير إلى خصم، ج) يرفعها في وضعية قوية، د) يقوم بتمارين الإطالة قبل المباراة,ج) إنه يمسكها في وضعية قوية,1,no mistake,no correction needed,no correction needed,no answer needed
nuba_wrestling_12.jpg,IBQ,IBQ_Sudan.xlsx,Nuba_Wrestling,يُعد السياج الظاهر في الخلفية أحد معالم...,أ) مباراة تقليدية أكثر، تُقام في قرية، ب) مكان مصارعة حديث ومنظم، ج) جميع مباريات مصارعة النوبة، د) مأوى مؤقت,ب) مكان مصارعة أكثر حداثة وتنظيمًا,1,no mistake,no correction needed,no correction needed,no answer needed
nuba_wrestling_9.jpg,IBQ,IBQ_Sudan.xlsx,Nuba_Wrestling,ما هي المرحلة التي يتم عرضها من مباراة المصارعة؟,أ) الاحتفال بعد الفوز، ب) المواجهة أو الاشتباك الأولي قبل المباراة، ج) منتصف رمية معقدة، د) نهاية الجولة,ب) المواجهة قبل المباراة أو الاشتباك الأولي,1,no mistake,no correction needed,no correction needed,no answer needed
nuba_wrestling_9.jpg,IBQ,IBQ_Sudan.xlsx,Nuba_Wrestling,ما هو الهدف بالنسبة لهؤلاء المصارعين؟,أ) دفع الخصم خارج الحلبة، ب) رمي الخصم بحيث يلامس ظهره الأرض، ج) توجيه أكبر عدد ممكن من اللكمات، د) تثبيت كتفي الخصم لعدّة ثلاثة.,ب) رمي الخصم بحيث يلامس ظهره الأرض,1,no mistake,no correction needed,no correction needed,no answer needed
nuba_wrestling_9.jpg,IBQ,IBQ_Sudan.xlsx,Nuba_Wrestling,ما هي المعدات الحديثة التي يرتديها كلا المصارعين على ركبتيهما؟,أ) أشرطة زينة، ب) ضمادات للإصابات، ج) واقيات الركبة الرياضية، د) أوزان للتدريب,ج) واقيات الركبة الرياضية,1,no mistake,no correction needed,no correction needed,no answer needed
nuba_wrestling_9.jpg,IBQ,IBQ_Sudan.xlsx,Nuba_Wrestling,ماذا يدل عليه الحشد الكبير والمنظم والسياج الأخضر؟,أ) هذه مباراة خاصة غير رسمية، ب) هذه مسابقة مصارعة حديثة ورسمية، ج) هذا تمثيل تاريخي، د) هذا يحدث في حديقة عامة,ب) هذه مسابقة مصارعة حديثة ورسمية,1,no mistake,no correction needed,no correction needed,no answer needed
nuba_wrestling_9.jpg,IBQ,IBQ_Sudan.xlsx,Nuba_Wrestling,الأرض داخل الحلقة مصنوعة من...,أ) العشب، ب) الخرسانة، ج) الرمل أو التراب الناعم، د) الخشب,ج) الرمل أو التراب الناعم,1,no mistake,no correction needed,no correction needed,no answer needed
nuba_wrestling_9.jpg,IBQ,IBQ_Sudan.xlsx,Nuba_Wrestling,أجساد المصارعين مغطاة بمسحوق ناعم. ما الغرض منه؟,أ) لجعل أجسادهم لامعة أمام الجمهور، ب) هو واقٍ من الشمس للحماية من أشعة الشمس، ج) هو غبار أو رماد يُستخدم في الطقوس ولتحسين التماسك، د) هو نوع من أنواع الطلاء الاحتفالي,ج) هو غبار أو رماد يُستخدم في الطقوس ولتحسين القبضة,1,no mistake,no correction needed,no correction needed,no answer needed
nuba_wrestling_9.jpg,IBQ,IBQ_Sudan.xlsx,Nuba_Wrestling,ماذا يفعل الناس الواقفون في أعلى المدرج؟,أ) هم حكام المباراة، ب) يحصلون على زاوية رؤية أفضل للمشاهدة أو التصوير، ج) هم متسابقون ينتظرون دورهم، د) يبيعون الطعام والمشروبات,ب) إنهم يحصلون على نقطة مراقبة أفضل للمشاهدة أو التصوير,1,no mistake,no correction needed,no correction needed,no answer needed
nuba_wrestling_9.jpg,IBQ,IBQ_Sudan.xlsx,Nuba_Wrestling,المصارعون حفاة. لماذا؟,أ) لا يستطيعون شراء الأحذية، ب) إنه جانب تقليدي وعملي من جوانب الرياضة، ج) الأرض شديدة الحرارة بحيث لا يمكن ارتداء الأحذية، د) ارتداء الأحذية علامة على عدم الاحترام,ب) إنه جانب تقليدي وعملي من جوانب الرياضة,1,no mistake,no correction needed,no correction needed,no answer needed
nuba_wrestling_9.jpg,IBQ,IBQ_Sudan.xlsx,Nuba_Wrestling,يُظهر التركيز الشديد على وجهي المصارعين...,أ) عدم الاهتمام، ب) الاستعداد الذهني والتركيز، ج) الغضب من الحكم، د) الخوف من الجمهور,ب) الإعداد الذهني والتركيز,1,no mistake,no correction needed,no correction needed,no answer needed
nuba_wrestling_9.jpg,IBQ,IBQ_Sudan.xlsx,Nuba_Wrestling,تُظهر هذه الصورة مزيجًا من...,أ) ممارسة رياضات مختلفة في وقت واحد، ب) المصارعة التقليدية بأسلوب عصري، ج) تنافس الرياضيين المحترفين والهواة معًا، د) الرياضات الصيفية والشتوية,ب) المصارعة التقليدية بأسلوب عصري,1,no mistake,no correction needed,no correction needed,no answer needed
nuba_wrestling_6.jpg,IBQ,IBQ_Sudan.xlsx,Nuba_Wrestling,ما الذي يحدث في هذه الصورة؟,أ) المصارعان يتصافحان، ب) مصارعٌ بصدد طرح خصمه أرضًا، ج) المصارعان يأخذان استراحة، د) المباراة بدأت للتو,ب) مصارع في طور طرح خصمه أرضًا,1,no mistake,no correction needed,no correction needed,no answer needed
nuba_wrestling_6.jpg,IBQ,IBQ_Sudan.xlsx,Nuba_Wrestling,كيف يتم تحديد الفائز في مصارعة النوبة؟,أ) بتصفيق الجمهور، ب) بإجبار الخصم على الاستسلام (الإخضاع)، ج) بإلقاء الخصم على ظهره، د) بتسجيل أكبر عدد من النقاط من اللكمات,ج) عن طريق رمي الخصم على ظهره,0,"The question asks about 'Nuba wrestling' specifically, while the options are general wrestling rules. Option 'ج' (throwing the opponent on their back) is a common way to win in Nuba wrestling, as depicted in the image, but other methods, like forcing a submission or having the opponent touch the ground with any body part other than their feet, also lead to a win. The question and options need to align more specifically with Nuba wrestling.",كيف يتم تحديد الفائز في مصارعة النوبة عادةً؟,أ) بتصفيق الجمهور، ب) بإجبار الخصم على الاستسلام، ج) برمى الخصم على الأرض بحيث يلامسها أي جزء من جسده غير القدمين، د) بتسجيل أكبر عدد من النقاط,ج) برمى الخصم على الأرض بحيث يلامسها أي جزء من جسده غير القدمين
nuba_wrestling_6.jpg,IBQ,IBQ_Sudan.xlsx,Nuba_Wrestling,ماذا تعني سحابة الغبار المحيطة بالمصارعين؟,أ) بداية عاصفة رملية، ب) ارتطام المصارعين بالأرض، ج) تأثير احتفالي من الحكم، د) الأرض جافة للغاية,ب) تأثير ارتطام المصارعين بالأرض,1,no mistake,no correction needed,no correction needed,no answer needed
nuba_wrestling_6.jpg,IBQ,IBQ_Sudan.xlsx,Nuba_Wrestling,ماذا تُظهر هذه الصورة عن الرياضيين؟,أ) يعتمدون على السرعة أكثر من القوة، ب) تتطلب هذه الرياضة قوة ومهارة عاليتين، ج) ليسوا ماهرين للغاية، د) هذه الرياضة ليست متطلبة بدنياً,ب) تتطلب هذه الرياضة قوة ومهارة هائلتين,1,no mistake,no correction needed,no correction needed,no answer needed
nuba_wrestling_6.jpg,IBQ,IBQ_Sudan.xlsx,Nuba_Wrestling,المتفرجون في الخلفية هم...,أ) تجاهل المباراة، ب) مشاهدة الأحداث بانتباه، ج) الجلوس في ملعب حديث ومريح، د) على مسافة كبيرة تفصلهم عن الحلبة,ب) مشاهدة الأحداث بانتباه,1,no mistake,no correction needed,no correction needed,no answer needed
nuba_wrestling_6.jpg,IBQ,IBQ_Sudan.xlsx,Nuba_Wrestling,ما نوع السطح الذي يتنافس عليه المصارعون؟,أ) أرضية خشبية صلبة، ب) حفرة رملية ناعمة، ج) حقل عشبي، د) بلاطة خرسانية,ب) حفرة رملية ناعمة,1,no mistake,no correction needed,no correction needed,no answer needed
nuba_wrestling_6.jpg,IBQ,IBQ_Sudan.xlsx,Nuba_Wrestling,ما هو وضع المصارع الذي يرتدي السروال الأصفر والأخضر؟,أ) هو في وضع مهيمن ومنتصر، ب) هو في وضع ضعيف وخاسر، ج) هو يقف للاحتفال، د) هو يساعد خصمه على النهوض,ب) إنه في وضع ضعيف وخاسر,1,no mistake,no correction needed,no correction needed,no answer needed
nuba_wrestling_6.jpg,IBQ,IBQ_Sudan.xlsx,Nuba_Wrestling,يُعد الحاجز الأخضر خلف الحشد أحد سمات...,أ) حلبة مصارعة تقليدية في قرية، ب) ساحة مصارعة حديثة أكثر تنظيماً، ج) كشك سوق مؤقت، د) سياج زراعي,ب) ساحة أكثر تنظيماً وحداثة,1,no mistake,no correction needed,no correction needed,no answer needed
nuba_wrestling_6.jpg,IBQ,IBQ_Sudan.xlsx,Nuba_Wrestling,يتنافس المصارعون حفاة، مما يسمح بـ...,أ) حركات أبطأ، ب) قبضة أفضل وتحكم أكبر في الرمال، ج) خطر إصابة أعلى، د) ارتداء جوارب إلكترونية خاصة,ب) ثبات أفضل وقوة دفع أكبر في الرمال,0,"The provided answer 'ب) ثبات أفضل وقوة دفع أكبر في الرمال' does not match the provided correct answer 'ب) قبضة أفضل وتحكم أكبر في الرمال'. Also, the options are not well-defined. Option 'د' seems completely irrelevant. The question itself is okay, but the answer needs correction.",يتنافس المصارعون حفاة، مما يسمح بـ...,أ) حركات أبطأ، ب) قبضة أفضل وتحكم أكبر في الرمال، ج) خطر إصابة أعلى، د) زيادة السرعة,ب) قبضة أفضل وتحكم أكبر في الرمال
nuba_wrestling_6.jpg,IBQ,IBQ_Sudan.xlsx,Nuba_Wrestling,تُجسّد هذه الصورة المليئة بالحركة...,أ) بداية المباراة الاحتفالية، ب) لحظات هادئة بين الجولات، ج) ذروة المباراة الرياضية الحاسمة، د) احتفال ما بعد المباراة,ج) ذروة المباراة الحاسمة والرياضية,1,no mistake,no correction needed,no correction needed,no answer needed
nuba_wrestling_17.jpg,IBQ,IBQ_Sudan.xlsx,Nuba_Wrestling,ما هو الحدث الرئيسي الذي يجري بين المصارعين؟,أ) يتصافحان، ب) يتشاجران أو يتصارعان، ج) أحدهما يوجه لكمة للآخر، د) يؤديان رقصة,ب) ينخرطون في اشتباك أو مصارعة,1,no mistake,no correction needed,no correction needed,no answer needed
nuba_wrestling_17.jpg,IBQ,IBQ_Sudan.xlsx,Nuba_Wrestling,ما نوع الملابس التي يرتديها المصارع الموجود على اليسار في الجزء السفلي من جسده؟,أ) شورت أبيض سادة، ب) بنطال رياضي ضيق عصري، ج) شورت تقليدي بألوان زاهية، د) بنطال ثقيل,ج) سراويل قصيرة تقليدية ذات ألوان زاهية,1,no mistake,no correction needed,no correction needed,no answer needed
nuba_wrestling_17.jpg,IBQ,IBQ_Sudan.xlsx,Nuba_Wrestling,ما هي المادة التي تغطي أجساد المصارعين؟,أ) الطين، ب) الطلاء، ج) العرق، د) الرماد أو الغبار,د) الرماد أو الغبار,1,no mistake,no correction needed,no correction needed,no answer needed
nuba_wrestling_17.jpg,IBQ,IBQ_Sudan.xlsx,Nuba_Wrestling,ما هي مساحة المنافسة؟,أ) مسرح خشبي، ب) حفرة رملية، ج) حقل عشبي، د) أرضية خرسانية,ب) حفرة رمل,1,no mistake,no correction needed,no correction needed,no answer needed
nuba_wrestling_17.jpg,IBQ,IBQ_Sudan.xlsx,Nuba_Wrestling,ماذا يفعل الحشد في الخلفية؟,أ) إنهم نائمون، ب) إنهم يشاهدون المباراة باهتمام، ج) إنهم يشاركون في المصارعة، د) إنهم بعيدون ولا يستطيعون رؤية الحدث,ب) إنهم يتابعون المباراة باهتمام بالغ,1,no mistake,no correction needed,no correction needed,no answer needed
nuba_wrestling_17.jpg,IBQ,IBQ_Sudan.xlsx,Nuba_Wrestling,ما الغرض من لفائف الساق التي يرتديها المصارع على اليسار؟,أ) هي للزينة فقط، ب) لتوفير الدعم أو الحماية للمفاصل، ج) لإضافة وزن وجعل المباراة أصعب، د) لإخفاء الإصابة,ب) لتوفير الدعم أو الحماية للمفاصل,1,no mistake,no correction needed,no correction needed,no answer needed
nuba_wrestling_17.jpg,IBQ,IBQ_Sudan.xlsx,Nuba_Wrestling,الهدف الرئيسي لكلا الرجلين في هذا المنصب هو...,أ) إرهاق الخصم، ب) زعزعة توازن الخصم لتنفيذ رمية، ج) الثبات على هذا الوضع لأطول فترة ممكنة، د) انتظار إشارة الحكم لبدء المباراة,ب) زعزعة توازن الخصم لتنفيذ رمية,1,no mistake,no correction needed,no correction needed,no answer needed
nuba_wrestling_17.jpg,IBQ,IBQ_Sudan.xlsx,Nuba_Wrestling,يُعد الاحتكاك الجسدي في هذه الرياضة اختباراً لـ...,أ) السرعة وخفة الحركة فقط، ب) الاستراتيجية الذهنية فقط، ج) القوة والتقنية الخالصة، د) الحظ فقط,ج) القوة الخالصة والتقنية,1,no mistake,no correction needed,no correction needed,no answer needed
nuba_wrestling_17.jpg,IBQ,IBQ_Sudan.xlsx,Nuba_Wrestling,تُجسّد هذه الصورة لحظة من...,أ) صراعٌ عنيف ومنافسةٌ بدنية، ب) طقوس ما قبل المباراة، ج) احتفال ما بعد المباراة، د) استراحة بين الجولات,أ) صراع عنيف ومنافسة جسدية,1,no mistake,no correction needed,no correction needed,no answer needed
nuba_wrestling_17.jpg,IBQ,IBQ_Sudan.xlsx,Nuba_Wrestling,أين يضع المصارع الموجود على اليمين رأسه؟,أ) إنه ينظر بعيدًا عن خصمه، ب) إنه ينظر إلى الجمهور، ج) ملتصقًا بكتف خصمه ورقبته، د) إنه ينظر إلى السماء,ج) ملتصقًا بكتف خصمه ورقبته,1,no mistake,no correction needed,no correction needed,no answer needed
nuba_wrestling_3.jpg,IBQ,IBQ_Sudan.xlsx,Nuba_Wrestling,ما هي اللحظة الحاسمة في المباراة التي تلتقطها هذه الصورة؟,أ) بدأ المصارعون المباراة للتو، ب) تم تنفيذ رمية ناجحة للتو، ج) يأخذ المصارعون استراحة، د) يتجادل المصارعون مع الحكم,ب) لقد تم رمي الكرة بنجاح,0,"The question and answer refer to 'رمية' (throwing/shot) and 'كرة' (ball), while the image clearly depicts wrestling. This is a factual error.",ما هي اللحظة الحاسمة في المباراة التي تلتقطها هذه الصورة؟,"['أ) بدأ المصارعون المباراة للتو', 'ب) تم تنفيذ حركة رمي ناجحة للتو', 'ج) يأخذ المصارعون استراحة', 'د) يتجادل المصارعون مع الحكم']",ب) تم تنفيذ حركة رمي ناجحة للتو
nuba_wrestling_3.jpg,IBQ,IBQ_Sudan.xlsx,Nuba_Wrestling,ماذا تعني سحابة المسحوق الأبيض المتصاعدة من الأرض؟,أ) إنه دخان من حريق، ب) إنه غبار/رماد ناتج عن اصطدام جسم المصارع بالرمل، ج) إنه مؤثر خاص للجمهور، د) إنه بخار يتصاعد من الأرض الساخنة,ب) إنه الغبار/الرماد الناتج عن اصطدام جسم المصارع بالرمل,1,no mistake,no correction needed,no correction needed,no answer needed
nuba_wrestling_3.jpg,IBQ,IBQ_Sudan.xlsx,Nuba_Wrestling,خسر المصارع الموجود على الأرض المباراة لأن...,أ) استسلم، ب) لامس ظهره الأرض، ج) دُفع خارج الحلبة، د) انتهى الوقت,ب) لقد لامس ظهره الأرض,1,no mistake,no correction needed,no correction needed,no answer needed
nuba_wrestling_3.jpg,IBQ,IBQ_Sudan.xlsx,Nuba_Wrestling,ماذا يفعل المصارع الواقف؟,أ) يساعد خصمه على النهوض، ب) يبتعد بعد تحقيق فوزه، ج) يستعد لمواصلة القتال، د) ينتظر إشارة الحكم,ب) إنه يبتعد بعد تحقيق فوزه,1,no mistake,no correction needed,no correction needed,no answer needed
nuba_wrestling_3.jpg,IBQ,IBQ_Sudan.xlsx,Nuba_Wrestling,المصارع الذي يرتدي القميص الأسود في وضع ضعيف. هذا يُظهر أهمية ماذا في المصارعة؟,أ) ارتداء سراويل قصيرة زاهية الألوان، ب) الدفاع القوي لتجنب السقوط، ج) الجدال مع الخصم، د) تناول وجبة جيدة قبل المباراة,ب) دفاع قوي لتجنب السقوط,1,no mistake,no correction needed,no correction needed,no answer needed
nuba_wrestling_3.jpg,IBQ,IBQ_Sudan.xlsx,Nuba_Wrestling,ماذا يفعل الجمهور؟,أ) إنهم صامتون، ب) إنهم يغادرون جميعًا، ج) إنهم يتابعون نتيجة المباراة عن كثب، د) إنهم ينظرون إلى شيء آخر,ج) إنهم يراقبون عن كثب نتيجة المباراة,1,no mistake,no correction needed,no correction needed,no answer needed
nuba_wrestling_3.jpg,IBQ,IBQ_Sudan.xlsx,Nuba_Wrestling,تتضمن الملابس الملونة للمصارع المنتصر...,أ) بلوزة حمراء وشورت متعدد الألوان، ب) شورت أسود سادة، ج) رداء طويل تقليدي، د) بدلة رياضية عصرية,أ) بلوزة حمراء وشورت متعدد الألوان,1,no mistake,no correction needed,no correction needed,no answer needed
nuba_wrestling_3.jpg,IBQ,IBQ_Sudan.xlsx,Nuba_Wrestling,تُجسّد هذه الصورة...,أ) بداية المباراة، ب) ذروة المباراة ونهايتها، ج) طقوس ما قبل المباراة، د) حفل توزيع الجوائز,ب) ذروة المباراة ونهايتها,1,no mistake,no correction needed,no correction needed,no answer needed
nuba_wrestling_3.jpg,IBQ,IBQ_Sudan.xlsx,Nuba_Wrestling,المصارع على الأرض يتجهم، مما يدل على...,أ) القوة البدنية للصدمة، ب) متعة المنافسة، ج) قلة الجهد الذي بذله، د) طرافة الموقف,أ) القوة الفيزيائية للصدمة,1,no mistake,no correction needed,no correction needed,no answer needed
nuba_wrestling_3.jpg,IBQ,IBQ_Sudan.xlsx,Nuba_Wrestling,رياضة المصارعة النوبية هي اختبار لـ...,أ) السرعة والقوة والتقنية، ب) القدرة على التحمل لمسافات طويلة، ج) القدرة على تحمل الألم، د) وضعيات احتفالية بحتة,أ) السرعة والقوة والتقنية,1,no mistake,no correction needed,no correction needed,no answer needed
nuba_wrestling_5.jpg,IBQ,IBQ_Sudan.xlsx,Nuba_Wrestling,ما هي المناورة التي يحاول المصارع الذي يرتدي القميص الوردي القيام بها؟,أ) يحاول دفع خصمه بعيدًا، ب) يحاول رفع خصمه عن الأرض لرميه، ج) يحاول لكم خصمه، د) يصافح خصمه,ب) يحاول رفع خصمه عن الأرض لرميه,1,no mistake,no correction needed,no correction needed,no answer needed
nuba_wrestling_5.jpg,IBQ,IBQ_Sudan.xlsx,Nuba_Wrestling,ماذا يُظهر هذا الفعل عن مصارعة النوبة؟,أ) إنها ليست رياضة بدنية، ب) تعتمد بشكل كبير على القوة البدنية والرافعة، ج) إنها رياضة لا تتضمن احتكاكًا جسديًا، د) القواعد ليست مهمة,ب) يعتمد بشكل كبير على القوة الخام والنفوذ,1,no mistake,no correction needed,no correction needed,no answer needed
nuba_wrestling_5.jpg,IBQ,IBQ_Sudan.xlsx,Nuba_Wrestling,من المرجح أن يكون المسحوق الأبيض الموجود على أجساد المصارعين رمادًا أو غبارًا. ما هو أحد استخداماته العملية؟,أ) لجعلها أكثر انزلاقًا وأصعب في الإمساك بها، ب) لامتصاص العرق وتحسين التماسك، ج) للعمل كواقي من الشمس، د) لجعلها تبدو كالأشباح,ب) لامتصاص العرق وتحسين القبضة,1,no mistake,no correction needed,no correction needed,no answer needed
nuba_wrestling_5.jpg,IBQ,IBQ_Sudan.xlsx,Nuba_Wrestling,يحاول المصارع الذي يتم رفعه التصدي للحركة عن طريق...,أ) تباعد بين ساقيه وخفض مركز ثقله، ب) القفز لأعلى ولأسفل، ج) ترك نفسه تمامًا، د) إغلاق عينيه,أ) تباعد بين ساقيه وخفض مركز ثقله,1,no mistake,no correction needed,no correction needed,no answer needed
nuba_wrestling_5.jpg,IBQ,IBQ_Sudan.xlsx,Nuba_Wrestling,ما الغرض من اللفافة البيضاء الموجودة على ركبة المصارع السفلية؟,أ) إنها زينة تقليدية، ب) إنها ضمادة رياضية للدعم أو لتغطية الإصابة، ج) إنها تحمل تميمة لجلب الحظ، د) إنها مكان لمسح يديه,ب) إنها ضمادة رياضية للدعم أو لتغطية الإصابة,1,no mistake,no correction needed,no correction needed,no answer needed
nuba_wrestling_5.jpg,IBQ,IBQ_Sudan.xlsx,Nuba_Wrestling,يُبرز التركيز الشديد والعضلات المجهدة لدى كلا المصارعين...,أ) قلة الجهد المبذول في المباراة، ب) الجهد البدني الشديد المطلوب، ج) الطابع الكوميدي للرياضة، د) المباراة مُدبّرة وليست حقيقية,ب) يتطلب الأمر جهدًا بدنيًا شديدًا,1,no mistake,no correction needed,no correction needed,no answer needed
nuba_wrestling_5.jpg,IBQ,IBQ_Sudan.xlsx,Nuba_Wrestling,الفائز في هذه المنافسة هو من يستطيع...,أ) الثبات على الوضعية لأطول فترة ممكنة، ب) إتمام الرمية بنجاح أو صدّها بنجاح، ج) الصياح بأعلى صوت، د) حثّ الجمهور على الهتاف لهم,ب) إكمال الرمية بنجاح أو الدفاع عنها بنجاح,1,no mistake,no correction needed,no correction needed,no answer needed
nuba_wrestling_5.jpg,IBQ,IBQ_Sudan.xlsx,Nuba_Wrestling,أين رأس المصارع الذي يرتدي القميص الوردي؟,أ) ينظر إلى السماء، ب) ملتصقًا بظهر خصمه، ج) ينظر إلى الجمهور، د) يدير ظهره للحدث,ب) ملاصقًا بإحكام لظهر خصمه,1,no mistake,no correction needed,no correction needed,no answer needed
nuba_wrestling_5.jpg,IBQ,IBQ_Sudan.xlsx,Nuba_Wrestling,تُستخدم الخلفية الضبابية للحشد لـ...,أ) إظهار أن الجمهور ليس مهمًا، ب) التأكيد على الصراع الرئيسي بين المصارعين، ج) إخفاء هوية المتفرجين، د) الإشارة إلى أن الصورة التُقطت من مسافة بعيدة,ب) التركيز على الصراع المحوري بين المصارعين,1,no mistake,no correction needed,no correction needed,no answer needed
nuba_wrestling_5.jpg,IBQ,IBQ_Sudan.xlsx,Nuba_Wrestling,تُعدّ هذه الصورة مثالاً قوياً على منافسة...,أ) الإرادة، ب) السرعة، ج) القوة، د) جميع ما سبق,د) جميع ما سبق,1,no mistake,no correction needed,no correction needed,no answer needed
nuba_wrestling_15.jpg,IBQ,IBQ_Sudan.xlsx,Nuba_Wrestling,ما الذي يفعله المصارع الموجود في المقدمة على الأرجح؟,أ) بدء المباراة، ب) الانسحاب بعد الفوز، ج) الجدال مع الحكم، د) أخذ استراحة بين الجولات,ب) الانسحاب بعد تحقيق النصر,1,no mistake,no correction needed,no correction needed,no answer needed
nuba_wrestling_15.jpg,IBQ,IBQ_Sudan.xlsx,Nuba_Wrestling,ما هو الشيء المميز في سروال المصارع القصير؟,أ) إنها ملابس مصارعة تقليدية لقبيلة النوبة، ب) إنها سراويل قصيرة من نادي برشلونة لكرة القدم، ج) إنها بسيطة وخالية من أي علامات، د) إنها مصنوعة من جلد سميك,ب) إنها سراويل قصيرة من نادي برشلونة لكرة القدم,1,no mistake,no correction needed,no correction needed,no answer needed
nuba_wrestling_15.jpg,IBQ,IBQ_Sudan.xlsx,Nuba_Wrestling,ماذا يرمز إليه الرجل الذي يظهر في الخلفية رافعاً ذراعيه في الهواء؟,أ) هو يستسلم، ب) هو يُشير إلى بداية المباراة، ج) هو يحتفل بالفوز، د) هو يقوم بتمارين الإطالة,ج) إنه يحتفل بالنصر,1,no mistake,no correction needed,no correction needed,no answer needed
nuba_wrestling_15.jpg,IBQ,IBQ_Sudan.xlsx,Nuba_Wrestling,ماذا يقول شكل جسم المصارع عن هذه الرياضة؟,أ) لا تتطلب لياقة بدنية عالية، ب) تُنمّي قوة عضلية عالية ووضوحًا في العضلات، ج) هي رياضة تعتمد بشكل أساسي على تمارين القلب، د) هي لعبة ذهنية أكثر منها بدنية,ب) يطور مستوى عالٍ من القوة العضلية والوضوح العضلي,1,no mistake,no correction needed,no correction needed,no answer needed
nuba_wrestling_15.jpg,IBQ,IBQ_Sudan.xlsx,Nuba_Wrestling,المكان هو...,أ) ساحة قرية تقليدية، ب) حلبة مصارعة حديثة مسيجة، ج) صالة ألعاب رياضية داخلية، د) حديقة عشبية,ب) حلبة مصارعة حديثة ومسيّجة,1,no mistake,no correction needed,no correction needed,no answer needed
nuba_wrestling_15.jpg,IBQ,IBQ_Sudan.xlsx,Nuba_Wrestling,ما هي الحالة النفسية للمصارع؟,أ) يبدو حزيناً ومنهزماً، ب) يبدو غاضباً وعدوانياً، ج) يبدو هادئاً وواثقاً ومركزاً، د) يبدو مرتبكاً وضائعاً,ج) يبدو هادئاً وواثقاً ومركزاً,1,no mistake,no correction needed,no correction needed,no answer needed
nuba_wrestling_15.jpg,IBQ,IBQ_Sudan.xlsx,Nuba_Wrestling,يُظهر مزيج الرياضة الأفريقية التقليدية مع الملابس الرياضية العالمية الحديثة مثل شورتات نادي برشلونة...,أ) عزلة ثقافة النوبة، ب) تأثير العولمة على التقاليد المحلية، ج) تحول مصارعة النوبة إلى دوري كرة قدم احترافي، د) تراجع شعبية هذه الرياضة,ب) تأثير العولمة على التقاليد المحلية,1,no mistake,no correction needed,no correction needed,no answer needed
nuba_wrestling_15.jpg,IBQ,IBQ_Sudan.xlsx,Nuba_Wrestling,ماذا يفعل الشخص الذي يرتدي الرداء الأبيض على اليمين؟,أ) إنه يصارع، ب) إنه يدرب الفائز، ج) إنه يحتفل رافعاً يده، د) إنه نائم,ج) إنه يحتفل رافعاً يده,1,no mistake,no correction needed,no correction needed,no answer needed
nuba_wrestling_15.jpg,IBQ,IBQ_Sudan.xlsx,Nuba_Wrestling,واقي الركبة الموجود على ركبة المصارع اليمنى مخصص لـ...,أ) الزينة، ب) الدعم والحماية، ج) حمل غرض صغير، د) أحد متطلبات الزي الرسمي التقليدي,ب) الدعم والحماية,1,no mistake,no correction needed,no correction needed,no answer needed
nuba_wrestling_14.jpg,IBQ,IBQ_Sudan.xlsx,Nuba_Wrestling,ما الذي يميز أجواء هذه المباراة عن بعض المباريات الأخرى؟,أ) يُقام في ملعب حديث مُسيّج، ب) يُقام في بيئة ريفية تقليدية بدون حواجز رسمية، ج) يُقام في مكان مغلق، د) يُقام ليلاً,ب) يقع في بيئة ريفية تقليدية أكثر، بدون أي حاجز رسمي,1,no mistake,no correction needed,no correction needed,no answer needed
nuba_wrestling_14.jpg,IBQ,IBQ_Sudan.xlsx,Nuba_Wrestling,ماذا يفعل المصارعان؟,أ) المصافحة، ب) الاشتباك في محاولة لتحقيق الأفضلية، ج) أداء رقصة، د) أخذ استراحة,ب) عالق في اشتباك، محاولاً الحصول على الأفضلية,1,no mistake,no correction needed,no correction needed,no answer needed
nuba_wrestling_14.jpg,IBQ,IBQ_Sudan.xlsx,Nuba_Wrestling,ما دلالة الغبار الذي تثيره أقدامهم؟,أ) يُظهر أن الأرض مبتلة، ب) يُوضح حركتهم الديناميكية وصراعهم من أجل التوازن، ج) إنه تأثير خاص تم إنشاؤه للصورة، د) يعني بداية عاصفة رملية,ب) يوضح ذلك حركتهم الديناميكية وصراعهم من أجل ترسيخ أقدامهم,1,no mistake,no correction needed,no correction needed,no answer needed
nuba_wrestling_14.jpg,IBQ,IBQ_Sudan.xlsx,Nuba_Wrestling,ما هو الحيوان الظاهر في الخلفية على اليمين؟,أ) حصان، ب) جمل، ج) بقرة أو ثور، د) ماعز,ج) بقرة أو ثور,1,no mistake,no correction needed,no correction needed,no answer needed
nuba_wrestling_14.jpg,IBQ,IBQ_Sudan.xlsx,Nuba_Wrestling,يتألف حشد المتفرجين من...,أ) معظمهم سياح، ب) أفراد من المجتمع المحلي، ج) مصارعون آخرون ينتظرون دورهم، د) الحكام والقضاة,ب) أفراد المجتمع المحلي,1,no mistake,no correction needed,no correction needed,no answer needed
nuba_wrestling_14.jpg,IBQ,IBQ_Sudan.xlsx,Nuba_Wrestling,المصارعون حفاة، وهذا يُعد ميزة لـ...,أ) الجري بسرعة أكبر، ب) الحصول على ثبات أفضل على الرمال، ج) الحفاظ على نظافة أقدامهم، د) لا يوفر أي ميزة,ب) الحصول على ثبات أفضل في الرمال,1,no mistake,no correction needed,no correction needed,no answer needed
nuba_wrestling_14.jpg,IBQ,IBQ_Sudan.xlsx,Nuba_Wrestling,ما هي القطعة العصرية التي يرتديها المصارع الموجود على اليسار؟,أ) ساعة، ب) حزام، ج) نظارة شمسية، د) قبعة,ب) حزام,1,no mistake,no correction needed,no correction needed,no answer needed
nuba_wrestling_14.jpg,IBQ,IBQ_Sudan.xlsx,Nuba_Wrestling,تُظهر هذه الصورة النوبة وهي تتصارع كـ...,أ) عرض تجاري ضخم، ب) جزء حيوي من حياة المجتمع، ج) رياضة حصرية للأثرياء، د) فن نادر جدًا ونادر الممارسة,ب) جزء حيوي من حياة المجتمع,1,no mistake,no correction needed,no correction needed,no answer needed
nuba_wrestling_14.jpg,IBQ,IBQ_Sudan.xlsx,Nuba_Wrestling,وضعية المصارعين منخفضة على الأرض. لماذا؟,أ) لتسهيل الرؤية، ب) لخفض مركز ثقلها وجعل رميها أصعب، ج) لأنها متعبة، د) إنها علامة احترام,ب) لخفض مركز ثقلها وجعل رميها أكثر صعوبة,1,no mistake,no correction needed,no correction needed,no answer needed
nuba_wrestling_14.jpg,IBQ,IBQ_Sudan.xlsx,Nuba_Wrestling,تشير الإضاءة إلى أن المباراة جارية...,أ) في الصباح الباكر أو في وقت متأخر من بعد الظهر، ب) في منتصف الليل، ج) في ذروة الظهيرة تحت أشعة الشمس الحارقة، د) في الداخل تحت الإضاءة الاصطناعية,أ) في الصباح الباكر أو في وقت متأخر من بعد الظهر,1,no mistake,no correction needed,no correction needed,no answer needed
nuba_wrestling_8.jpg,IBQ,IBQ_Sudan.xlsx,Nuba_Wrestling,ما الذي يحمله الرجل الذي يرتدي قميصاً أصفر في الخلفية؟,أ) آلة موسيقية، ب) كاميرا، ج) مكبر صوت، د) علم,ج) مكبر صوت,1,no mistake,no correction needed,no correction needed,no answer needed
nuba_wrestling_8.jpg,IBQ,IBQ_Sudan.xlsx,Nuba_Wrestling,ماذا يفعل المصارع الموجود في المقدمة؟,أ) إنه يتصارع مع خصم، ب) إنه يستعد لمباراته، وربما يؤدي طقوسًا معينة، ج) إنه يحتفل بفوزه، د) إنه يتجادل مع المذيع,ب) إنه يستعد لمباراته، وربما يؤدي طقوساً معينة.,1,no mistake,no correction needed,no correction needed,no answer needed
nuba_wrestling_8.jpg,IBQ,IBQ_Sudan.xlsx,Nuba_Wrestling,ما الذي يتدلى من سروال المصارع القصير على وركه الأيسر؟,أ) هاتف محمول، ب) زجاجة ماء، ج) حقيبة صغيرة أو محفظة، د) تميمة حظ,ج) حقيبة صغيرة أو محفظة,1,no mistake,no correction needed,no correction needed,no answer needed
nuba_wrestling_8.jpg,IBQ,IBQ_Sudan.xlsx,Nuba_Wrestling,الخلفية التي تقف وراء المصارع مليئة بـ...,أ) ساحة فارغة، ب) غابة كثيفة، ج) حشد كبير من المتفرجين، د) مسطح مائي,ج) حشد كبير من المتفرجين,1,no mistake,no correction needed,no correction needed,no answer needed
nuba_wrestling_8.jpg,IBQ,IBQ_Sudan.xlsx,Nuba_Wrestling,إن استخدام مكبر صوت حديث إلى جانب الرياضة التقليدية يدل على...,أ) رفض جميع التقنيات الحديثة، ب) تسليع الرياضة بالكامل، ج) مزج الممارسات التقليدية بالأدوات الحديثة، د) عدم اهتمام المجتمع,ج) مزج الممارسات التقليدية مع الأدوات الحديثة,1,no mistake,no correction needed,no correction needed,no answer needed
nuba_wrestling_8.jpg,IBQ,IBQ_Sudan.xlsx,Nuba_Wrestling,ما الذي يرتديه المصارع على ذراعه اليسرى العلوية؟,أ) ساعة، ب) سوار مزخرف، ج) ضمادة، د) وشم,ب) سوار مزخرف,1,no mistake,no correction needed,no correction needed,no answer needed
nuba_wrestling_8.jpg,IBQ,IBQ_Sudan.xlsx,Nuba_Wrestling,الأرض عبارة عن تراب رملي ناعم، وهو مثالي للمصارعة لأنه...,أ) نظيف للغاية، ب) يوفر سطح هبوط ناعم، ج) يسمح بالجري السريع، د) ساخن للغاية,ب) سطح هبوط ناعم,1,no mistake,no correction needed,no correction needed,no answer needed
nuba_wrestling_8.jpg,IBQ,IBQ_Sudan.xlsx,Nuba_Wrestling,موقف المصارع هو...,أ) مسترخٍ وعفوي، ب) متوتر ومركز، ج) عدواني وغاضب، د) حزين ومكتئب,ب) متوتر ومركز,1,no mistake,no correction needed,no correction needed,no answer needed
nuba_wrestling_8.jpg,IBQ,IBQ_Sudan.xlsx,Nuba_Wrestling,ماذا يفعل المصارع بالمسحوق الأبيض الذي في يديه؟,أ) إنه يأكله، ب) من المحتمل أنه على وشك وضعه على جسده، ج) إنه يرميه على الحشد، د) إنه يستخدمه لرسم خط في الرمال,ب) من المحتمل أنه على وشك تطبيقه على جسده,1,no mistake,no correction needed,no correction needed,no answer needed
nuba_wrestling_8.jpg,IBQ,IBQ_Sudan.xlsx,Nuba_Wrestling,من المحتمل أن تكون الأنماط الدائرية الملونة في الخلفية البعيدة جزءًا من...,أ) ملابس المتفرجين، ب) لافتة أو جدار مزخرف، ج) تشكيل صخري طبيعي، د) لوحة إعلانية,ب) لافتة أو جدار مزخرف,1,no mistake,no correction needed,no correction needed,no answer needed
nuba_wrestling_22.jpg,IBQ,IBQ_Sudan.xlsx,Nuba_Wrestling,ما الذي يحدث في هذه الصورة التاريخية؟,أ) مصارعان يبدآن مباراة، ب) يتم الاحتفال بفوز مصارع بحمله على أكتاف مصارع آخر، ج) مصارع يتدرب بحمل مدربه، د) رجلان يستعرضان حركة مصارعة ببطء,ب) يتم الاحتفال بالمصارع المنتصر بحمله على أكتاف شخص آخر.,1,no mistake,no correction needed,no correction needed,no answer needed
nuba_wrestling_22.jpg,IBQ,IBQ_Sudan.xlsx,Nuba_Wrestling,يشير تنسيق الصورة بالأبيض والأسود وملابس الأشخاص إلى متى تم التقاط هذه الصورة؟,أ) العام الماضي، باستخدام فلتر خاص، ب) في منتصف القرن العشرين، ج) ليلاً، في غياب أفلام ملونة، د) أثناء إعادة تمثيل تاريخي في العصر الحديث,ب) في منتصف القرن العشرين,1,no mistake,no correction needed,no correction needed,no answer needed
nuba_wrestling_22.jpg,IBQ,IBQ_Sudan.xlsx,Nuba_Wrestling,ما الذي يمكن رؤيته في خلفية المشهد؟,أ) أفق مدينة حديثة، ب) ملعب كبير مزود بإضاءة كهربائية، ج) الحياة القروية التقليدية، بما في ذلك الطبول والرجال الذين يحملون الرماح، د) مسطح مائي كبير,ج) الحياة القروية التقليدية، بما في ذلك الطبل والرجال الذين يحملون الرماح,1,no mistake,no correction needed,no correction needed,no answer needed
nuba_wrestling_22.jpg,IBQ,IBQ_Sudan.xlsx,Nuba_Wrestling,يتكون زي المصارعين من...,أ) سراويل وقمصان رياضية حديثة، ب) أردية ثقيلة وأغطية رأس، ج) ملابس قليلة للغاية، مما يعكس شكلاً تقليدياً جداً للرياضة، د) جلود وفراء الحيوانات,ج) شبه انعدام الملابس، مما يعكس شكلاً تقليدياً للغاية لهذه الرياضة,1,no mistake,no correction needed,no correction needed,no answer needed
nuba_wrestling_22.jpg,IBQ,IBQ_Sudan.xlsx,Nuba_Wrestling,ماذا يعني حمل المنتصر على الأكتاف؟,أ) هو شكل من أشكال عقاب الخاسر، ب) هو علامة على شرف واحترام كبيرين للبطل، ج) هو الطريقة الوحيدة للخروج من حلبة المصارعة، د) هو أسلوب للتمدد بعد المباراة,ب) إنها علامة على شرف واحترام كبيرين للبطل,1,no mistake,no correction needed,no correction needed,no answer needed
nuba_wrestling_22.jpg,IBQ,IBQ_Sudan.xlsx,Nuba_Wrestling,يُظهر الجسد المثير للإعجاب للمصارع المنتصر أن مصارعة النوبة هي اختبار لـ...,أ) محض حظ، ب) استراتيجية ذهنية فقط، ج) لياقة بدنية وقوة فائقة، د) سرعة وتحمل، ولكن ليس قوة,ج) ذروة اللياقة البدنية والقوة,1,no mistake,no correction needed,no correction needed,no answer needed
nuba_wrestling_22.jpg,IBQ,IBQ_Sudan.xlsx,Nuba_Wrestling,ما الذي يرتديه الرجل الذي يُحمل على معصمه؟,أ) ساعة رقمية حديثة، ب) سوار بسيط، ج) ضمادة لجرح، د) لا شيء,ب) سوار بسيط,1,no mistake,no correction needed,no correction needed,no answer needed
nuba_wrestling_22.jpg,IBQ,IBQ_Sudan.xlsx,Nuba_Wrestling,جو المشهد هو جو...,أ) الحزن والحداد، ب) النشاط اليومي الروتيني، ج) الاحتفال الجماعي وتقديس الأبطال، د) الصراع المتوتر,ج) الاحتفال الجماعي وتقديس الأبطال,1,no mistake,no correction needed,no correction needed,no answer needed
nuba_wrestling_22.jpg,IBQ,IBQ_Sudan.xlsx,Nuba_Wrestling,على عكس المصارعة الحديثة، يفتقر هذا المشهد إلى...,أ) حشد من المتفرجين، ب) فائز واضح، ج) حلبة رسمية أو حكم، د) أي شكل من أشكال القواعد,ج) حلبة رسمية أو حكم,1,no mistake,no correction needed,no correction needed,no answer needed
nuba_wrestling_22.jpg,IBQ,IBQ_Sudan.xlsx,Nuba_Wrestling,تكتسب هذه الصورة أهمية لأنها...,أ) يُظهر التطور الحديث للرياضة، ب) يوثق تقليدًا ثقافيًا عريقًا، ج) هو الصورة الوحيدة التي التُقطت لمصارعة النوبة على الإطلاق، د) يروج لعلامة تجارية,ب) يوثق تقاليد ثقافية خالدة,1,no mistake,no correction needed,no correction needed,no answer needed
nuba_wrestling_18.jpg,IBQ,IBQ_Sudan.xlsx,Nuba_Wrestling,ما هي المرحلة التي تم تصويرها من المباراة؟,أ) نهاية المباراة، ب) المصارعون يأخذون استراحة، ج) الاشتباك الأولي أو الاشتباك، د) المصافحة قبل المباراة,ج) الاشتباك أو الإمساك الأولي,1,no mistake,no correction needed,no correction needed,no answer needed
nuba_wrestling_18.jpg,IBQ,IBQ_Sudan.xlsx,Nuba_Wrestling,ما هو الرجل الذي يرتدي قميصاً أبيض في الخلفية؟,أ) متفرج، ب) مدرب أحد المصارعين، ج) الحكم الذي يدير المباراة، د) صحفي,ج) الحكم الذي يدير المباراة,1,no mistake,no correction needed,no correction needed,no answer needed
nuba_wrestling_18.jpg,IBQ,IBQ_Sudan.xlsx,Nuba_Wrestling,ماذا تدل عليه الظلال الطويلة على الرمال؟,أ) تُقام المباراة عند الظهر، ب) تُقام المباراة في وقت متأخر من بعد الظهر أو في الصباح الباكر، ج) تُقام المباراة في صالة مغلقة، د) إنه يوم غائم للغاية,ب) ستقام المباراة في وقت متأخر من بعد الظهر أو في الصباح الباكر,1,no mistake,no correction needed,no correction needed,no answer needed
nuba_wrestling_18.jpg,IBQ,IBQ_Sudan.xlsx,Nuba_Wrestling,ما هي المعدات الرياضية الحديثة التي يرتديها كلا المصارعين؟,أ) أحذية المصارعة، ب) واقي الرأس، ج) واقي الفم، د) واقي الركبة,د) واقيات الركبة,1,no mistake,no correction needed,no correction needed,no answer needed
nuba_wrestling_18.jpg,IBQ,IBQ_Sudan.xlsx,Nuba_Wrestling,لماذا المصارعون حفاة؟,أ) لا يملكون أحذية، ب) يسمح ذلك بثبات وحركة أفضل على الرمال، ج) يُعد ذلك عائقًا لجعل المباراة أصعب، د) تمنع القواعد ارتداء الأحذية,ب) يسمح ذلك بقبضة وحركة أفضل على الرمال,1,no mistake,no correction needed,no correction needed,no answer needed
nuba_wrestling_18.jpg,IBQ,IBQ_Sudan.xlsx,Nuba_Wrestling,ما سبب سحابة الغبار التي تتصاعد عند أقدام المصارعين؟,أ) الرياح، ب) مؤثرات خاصة، ج) حركاتهم القوية وصراعهم من أجل التوازن، د) ركل الحكم للرمل,ج) تحركاتهم القوية وصراعهم من أجل ترسيخ أقدامهم,1,no mistake,no correction needed,no correction needed,no answer needed
nuba_wrestling_18.jpg,IBQ,IBQ_Sudan.xlsx,Nuba_Wrestling,مكان المباراة هو...,أ) حقل عشبي، ب) ساحة رملية حديثة مسيجة، ج) ساحة قرية تقليدية، د) منصة خرسانية,ب) ساحة رملية حديثة مسيجة,1,no mistake,no correction needed,no correction needed,no answer needed
nuba_wrestling_18.jpg,IBQ,IBQ_Sudan.xlsx,Nuba_Wrestling,الهدف الأساسي من هذا الوضع الثابت هو...,أ) لكم الخصم، ب) زعزعة توازن الخصم وإسقاطه على ظهره، ج) تثبيت الخصم في هذا الوضع لأطول فترة ممكنة، د) دفع الخصم خارج الحلبة,ب) زعزعة توازن الخصم وإسقاطه على ظهره,1,no mistake,no correction needed,no correction needed,no answer needed
nuba_wrestling_18.jpg,IBQ,IBQ_Sudan.xlsx,Nuba_Wrestling,المصارع الموجود على اليسار يدفع بقدمه الخلفية، مما يدل على أهمية ماذا في مصارعة النوبة؟,أ) قوة الجزء العلوي من الجسم فقط، ب) استخدام قوة الساقين لتوليد القوة، ج) أن تكون أطول من خصمك، د) زي مرن,ب) استخدام قوة دفع الساق لتوليد الطاقة,1,no mistake,no correction needed,no correction needed,no answer needed
nuba_wrestling_18.jpg,IBQ,IBQ_Sudan.xlsx,Nuba_Wrestling,يُعدّ التلامس الجسدي اختباراً لـ...,أ) القوة الخالصة، ب) التقنية والرافعة، ج) التوازن والتحمل، د) جميع ما سبق,د) جميع ما سبق,1,no mistake,no correction needed,no correction needed,no answer needed
nuba_wrestling_21.jpg,IBQ,IBQ_Sudan.xlsx,Nuba_Wrestling,ما هي المناورة المذهلة التي يقوم بها المصارع الذي يرتدي القميص الأزرق؟,أ) يدفع خصمه بعيدًا، ب) يرفع خصمه عن الأرض تمامًا، ج) يصافح خصمه، د) يتفادى هجومًا,ب) إنه يرفع خصمه بالكامل عن الأرض,1,no mistake,no correction needed,no correction needed,no answer needed
nuba_wrestling_21.jpg,IBQ,IBQ_Sudan.xlsx,Nuba_Wrestling,ماذا تُظهر هذه الحركة عن القدرة البدنية للمصارع؟,أ) هو سريع جدًا لكنه ليس قويًا، ب) لديه قوة استثنائية، ج) هو راقص أفضل من كونه مصارعًا، د) هو ليس رياضيًا جدًا,ب) يتمتع بقوة استثنائية,1,no mistake,no correction needed,no correction needed,no answer needed
nuba_wrestling_21.jpg,IBQ,IBQ_Sudan.xlsx,Nuba_Wrestling,ما هي حالة المصارع الذي يتم رفعه؟,أ) هو في وضع مهيمن، ب) هو في وضع ضعيف للغاية وعلى وشك السقوط، ج) هو في وضع محايد، د) هو على وشك التصدي للحركة,ب) إنه ضعيف تماماً وعلى وشك السقوط,1,no mistake,no correction needed,no correction needed,no answer needed
nuba_wrestling_21.jpg,IBQ,IBQ_Sudan.xlsx,Nuba_Wrestling,من هو الرجل الذي يرتدي قميصاً أبيض ويراقب ما يحدث؟,أ) مدرب يعطي التعليمات، ب) متفرج دخل الحلبة، ج) الحكم، د) صحفي,ج) الحكم,1,no mistake,no correction needed,no correction needed,no answer needed
nuba_wrestling_21.jpg,IBQ,IBQ_Sudan.xlsx,Nuba_Wrestling,ما هو الهدف النهائي من رفع الخصم بهذه الطريقة؟,أ) إبقائهم في الهواء لأطول فترة ممكنة، ب) رميهم على ظهورهم للفوز بالمباراة، ج) حملهم خارج الحلبة، د) استعراض مهاراتهم أمام الجمهور,ب) إلقائهم على ظهورهم للفوز بالمباراة,1,no mistake,no correction needed,no correction needed,no answer needed
nuba_wrestling_21.jpg,IBQ,IBQ_Sudan.xlsx,Nuba_Wrestling,ماذا يرتدي المصارع ذو الزي الأحمر على ركبته؟,أ) شريط زخرفي، ب) وشم، ج) واقي ركبة رياضي حديث، د) لا شيء,ج) واقي ركبة رياضي حديث,1,no mistake,no correction needed,no correction needed,no answer needed
nuba_wrestling_21.jpg,IBQ,IBQ_Sudan.xlsx,Nuba_Wrestling,ماذا يدل الغبار الذي تثيره قدم المصارع اليسرى؟,أ) الأرض مبتلة، ب) القوة والعزم الهائلان المتولدان، ج) ينزلق ويفقد توازنه، د) المباراة قد بدأت للتو,ب) القوة والعزم الهائلان المتولدان,1,no mistake,no correction needed,no correction needed,no answer needed
nuba_wrestling_21.jpg,IBQ,IBQ_Sudan.xlsx,Nuba_Wrestling,هذه اللحظة هي __________ المباراة.,أ) البداية، ب) الذروة، ج) نقطة المنتصف، د) النهاية,ب) ذروة,1,no mistake,no correction needed,no correction needed,no answer needed
nuba_wrestling_21.jpg,IBQ,IBQ_Sudan.xlsx,Nuba_Wrestling,المصارع الذي يرتدي اللون الأزرق يُظهر أداءً مثالياً...,أ) الشكل والتقنية، ب) الروح الرياضية من خلال مساعدة الخصم، ج) تجاهل القواعد، د) القدرة على الرقص,أ) الشكل والتقنية,1,no mistake,no correction needed,no correction needed,no answer needed
nuba_wrestling_25.jpg,IBQ,IBQ_Sudan.xlsx,Nuba_Wrestling,تُظهر هذه الصورة مصارعًا وهو ينفذ أي نوع من الرميات؟,أ) رحلة بسيطة، ب) إسقاط بطيء ومضني، ج) رمية رياضية بهلوانية للغاية، د) مناورة غير قانونية,ج) رمية رياضية وبهلوانية للغاية,1,no mistake,no correction needed,no correction needed,no answer needed
nuba_wrestling_25.jpg,IBQ,IBQ_Sudan.xlsx,Nuba_Wrestling,ماذا سيحدث إذا سقط المصارع الذي يرتدي سروالاً قصيراً بيج اللون على ظهره؟,أ) ستتوقف المباراة مؤقتًا ثم تُستأنف، ب) سيخسر المباراة، ج) سيسجل نقطة، د) لا شيء، ستستمر المباراة,ب) سيخسر المباراة,1,no mistake,no correction needed,no correction needed,no answer needed
nuba_wrestling_25.jpg,IBQ,IBQ_Sudan.xlsx,Nuba_Wrestling,ماذا تشير إليه سحابة الرمال البرتقالية الضخمة؟,أ) بدأت عاصفة رملية، ب) التأثير المتفجر لحركة سابقة أو صراع المصارعين، ج) المصارعون يقذفون الرمل على بعضهم البعض، د) أشار الحكم إلى نهاية الجولة,ب) التأثير المتفجر لحركة سابقة أو صراع المصارعين,1,no mistake,no correction needed,no correction needed,no answer needed
nuba_wrestling_25.jpg,IBQ,IBQ_Sudan.xlsx,Nuba_Wrestling,المصارع الذي يقوم بالرمية يوضح...,أ) القوة البدنية الخام، ب) السرعة وخفة الحركة، ج) التوقيت والتقنية المثاليان، د) جميع ما سبق,د) جميع ما سبق,1,no mistake,no correction needed,no correction needed,no answer needed
nuba_wrestling_25.jpg,IBQ,IBQ_Sudan.xlsx,Nuba_Wrestling,المكان عبارة عن ساحة حديثة، كما يتضح من...,أ) أكواخ تقليدية في الخلفية، ب) سياج معدني أخضر ومقاعد منظمة للمتفرجين، ج) عدم وجود أي حشد، د) أرض صخرية غير مستوية,ب) سياج معدني أخضر ومقاعد منظمة للمتفرجين,1,no mistake,no correction needed,no correction needed,no answer needed
nuba_wrestling_25.jpg,IBQ,IBQ_Sudan.xlsx,Nuba_Wrestling,ما لون الشورت الذي يرتديه المصارع الذي يتم طرحه أرضاً؟,أ) أحمر، ب) بيج أو بني فاتح، ج) أسود، د) أخضر,ب) بيج أو بني فاتح,1,no mistake,no correction needed,no correction needed,no answer needed
nuba_wrestling_25.jpg,IBQ,IBQ_Sudan.xlsx,Nuba_Wrestling,المصارع الذي يرتدي القميص الأحمر لديه جسم أسود على ذراعه. ما هو؟,أ) ساعة، ب) سوار ذراع تقليدي، ج) ضمادة، د) كم,ب) شارة ذراع تقليدية,1,no mistake,no correction needed,no correction needed,no answer needed
nuba_wrestling_25.jpg,IBQ,IBQ_Sudan.xlsx,Nuba_Wrestling,هذا النوع من الرمي الديناميكي عالي السعة هو...,أ) شائع جدًا وسهل الأداء، ب) علامة على مهارة وقوة المصارع، ج) ممنوع بموجب قواعد الرياضة، د) غير فعال للفوز بالمباراة,ب) علامة على مصارع ماهر وقوي للغاية,1,no mistake,no correction needed,no correction needed,no answer needed
nuba_wrestling_25.jpg,IBQ,IBQ_Sudan.xlsx,Nuba_Wrestling,ما هو الجزء من جسم المصارع الذي يتم رميه والذي يكون في أعلى نقطة في الهواء؟,أ) رأسه، ب) يديه، ج) قدميه، د) ركبتيه,ج) قدميه,1,no mistake,no correction needed,no correction needed,no answer needed
nuba_wrestling_25.jpg,IBQ,IBQ_Sudan.xlsx,Nuba_Wrestling,تجسد هذه الصورة وصف مصارعة النوبة بشكل مثالي على أنها...,أ) رقصة احتفالية بطيئة، ب) رياضة السومو السودانية، ج) فن قتالي بدون احتكاك، د) رياضة بدون قواعد,"ب) ""السومو السوداني""",1,no mistake,no correction needed,no correction needed,no answer needed
nuba_wrestling_35.jpg,IBQ,IBQ_Sudan.xlsx,Nuba_Wrestling,ما هي نتيجة الفعل الموضح في الصورة؟,أ) المباراة انتهت بالتعادل، ب) فاز المصارع الذي يرتدي السروال الأسود، ج) فاز المصارع الذي يرتدي السروال الفاتح اللون، د) المباراة على وشك البدء,ب) المصارع الذي يرتدي السروال الأسود قد فاز,1,no mistake,no correction needed,no correction needed,no answer needed
nuba_wrestling_35.jpg,IBQ,IBQ_Sudan.xlsx,Nuba_Wrestling,من هو الرجل الضخم الذي يرتدي قميصاً أسود ويقف خلف المصارعين؟,أ) بطل العام السابق، ب) أحد المتفرجين الذين دخلوا الحلبة، ج) مدرب المصارع الخاسر، د) حكم المباراة,د) حكم المباراة,1,no mistake,no correction needed,no correction needed,no answer needed
nuba_wrestling_35.jpg,IBQ,IBQ_Sudan.xlsx,Nuba_Wrestling,المصارع على الأرض يكون ظهره على الرمال، وهو ما يعني في مصارعة النوبة...,أ) يحصل على استراحة لمدة 30 ثانية، ب) خسر النزال، ج) سجل نقطة، د) انتهت الجولة وسيتم إعادة ضبطها,ب) لقد خسر النزال,1,no mistake,no correction needed,no correction needed,no answer needed
nuba_wrestling_35.jpg,IBQ,IBQ_Sudan.xlsx,Nuba_Wrestling,ماذا يفعل المصارع ذو الرداء الأسود؟,أ) يساعد خصمه على النهوض، ب) يحتفل بفوزه، ج) يضمن بقاء خصمه أرضًا، د) ينظر إلى مدربه لتلقي التعليمات,ج) إنه يضمن بقاء خصمه أرضاً,1,no mistake,no correction needed,no correction needed,no answer needed
nuba_wrestling_35.jpg,IBQ,IBQ_Sudan.xlsx,Nuba_Wrestling,ماذا يرتدي المصارعان على ركبتيهما؟,أ) الزخارف التقليدية، ب) الدروع الثقيلة، ج) واقيات الركبة المرنة الحديثة، د) لا شيء,ج) واقيات الركبة المرنة الحديثة,1,no mistake,no correction needed,no correction needed,no answer needed
nuba_wrestling_35.jpg,IBQ,IBQ_Sudan.xlsx,Nuba_Wrestling,ماذا تعني نفخة الغبار بجانب المصارع الساقط؟,أ) قوة الاصطدام، ب) بدء الحريق، ج) إشارة من الحكم، د) إلقاء البارود الاحتفالي,أ) قوة الصدمة,1,no mistake,no correction needed,no correction needed,no answer needed
nuba_wrestling_35.jpg,IBQ,IBQ_Sudan.xlsx,Nuba_Wrestling,يجلس الحشد في الخلفية خلف...,أ) حاجز من الحبال، ب) سياج معدني أخضر، ج) جدار صلب، د) خط مرسوم في الرمال,ب) سياج معدني أخضر,1,no mistake,no correction needed,no correction needed,no answer needed
nuba_wrestling_35.jpg,IBQ,IBQ_Sudan.xlsx,Nuba_Wrestling,وضعية المصارع الواقف هي...,أ) منتصر ومهيمن، ب) معتذر وحزين، ج) متعب ومرهق، د) مرتبك وغير متأكد,أ) منتصر ومهيمن,0,"The question asks about the 'standing wrestler's posture', but the image shows wrestlers actively grappling on the ground. The question and image do not align. Also, the given answer 'victorious and dominant' does not match the picture which shows someone losing the wrestling match.",وضعية المصارع المنهار في الصورة هي...,"['أ) منتصر ومهيمن', 'ب) معتذر وحزين', 'ج) متعب ومرهق', 'د) مهزوم ومنكسر']",د) مهزوم ومنكسر
nuba_wrestling_35.jpg,IBQ,IBQ_Sudan.xlsx,Nuba_Wrestling,تُجسد هذه الصورة لحظة...,أ) المصافحة قبل المباراة، ب) الرقصة الطقسية، ج) نهاية المنافسة الحاسمة، د) استراحة بين الجولات,ج) النهاية الحاسمة للمسابقة,1,no mistake,no correction needed,no correction needed,no answer needed
nuba_wrestling_35.jpg,IBQ,IBQ_Sudan.xlsx,Nuba_Wrestling,ما لون الشورت الذي يرتديه المصارع الخاسر؟,أ) أسود، ب) أزرق، ج) أصفر مخضر، د) أحمر,ج) أصفر مخضر,1,no mistake,no correction needed,no correction needed,no answer needed
nuba_wrestling_26.jpg,IBQ,IBQ_Sudan.xlsx,Nuba_Wrestling,تُجسّد هذه اللقطة المقربة لحظةً مؤثرةً من...,أ) رمية عالية، ب) مصافحة قبل المباراة، ج) اشتباك أو مسك قوي، د) احتفال بعد المباراة,ج) اشتباك قوي أو إمساك,1,no mistake,no correction needed,no correction needed,no answer needed
nuba_wrestling_26.jpg,IBQ,IBQ_Sudan.xlsx,Nuba_Wrestling,ماذا يفعل المصارع الذي يرتدي قميصاً أحمر بلا أكمام؟,أ) يحاول الإفلات من القبضة، ب) يمسك خصمه بقوة في خنق، ج) يدفع خصمه بعيدًا، د) يلوح للجمهور,ب) يمسك خصمه بقبضة رأس قوية,1,no mistake,no correction needed,no correction needed,no answer needed
nuba_wrestling_26.jpg,IBQ,IBQ_Sudan.xlsx,Nuba_Wrestling,يُظهر التعبير على وجه المصارع الذي يرتدي اللون الأحمر...,أ) الخوف، ب) بذل جهد كبير وعزيمة قوية، ج) اللامبالاة العابرة، د) الفرح والضحك,ب) بذل جهد وتصميم كبيرين,1,no mistake,no correction needed,no correction needed,no answer needed
nuba_wrestling_26.jpg,IBQ,IBQ_Sudan.xlsx,Nuba_Wrestling,ماذا يدل العرق على أجساد المصارعين؟,أ) لقد بدأ المطر للتو، ب) لقد بدأوا المباراة للتو، ج) الجهد البدني الشديد للمباراة، د) لقد أتوا للتو من السباحة,ج) الجهد البدني الشديد للمباراة,1,no mistake,no correction needed,no correction needed,no answer needed
nuba_wrestling_26.jpg,IBQ,IBQ_Sudan.xlsx,Nuba_Wrestling,ما نوع الشورت الذي يرتديه المصارع ذو القميص الأحمر؟,أ) شورت رياضي عادي، ب) مئزر تقليدي، ج) شورت بنقشة مموهة، د) بنطال جينز,ج) شورت بنقشة التمويه,1,no mistake,no correction needed,no correction needed,no answer needed
nuba_wrestling_26.jpg,IBQ,IBQ_Sudan.xlsx,Nuba_Wrestling,"هذا النوع من الإمساك، أو ""التشابك""، مصمم لـ...",أ) السماح للمصارعين بالراحة، ب) السيطرة على الخصم وإعداد رمية، ج) أن تكون حركة دفاعية بحتة، د) تسجيل النقاط بناءً على الوقت,ب) السيطرة على الخصم وإعداد الرمية,1,no mistake,no correction needed,no correction needed,no answer needed
nuba_wrestling_26.jpg,IBQ,IBQ_Sudan.xlsx,Nuba_Wrestling,يحاول المصارع الموجود في الأسفل الدفاع عن نفسه عن طريق...,أ) دفع ذراع وجسم خصمه، ب) استدعاء الحكم، ج) تركه تمامًا، د) الاستسلام.,أ) دفع ذراع وجسم خصمه,1,no mistake,no correction needed,no correction needed,no answer needed
nuba_wrestling_26.jpg,IBQ,IBQ_Sudan.xlsx,Nuba_Wrestling,إضاءة المشهد هي...,أ) مظلم وظليل، ب) ضوء الشمس الطبيعي الساطع، ج) إضاءة داخلية اصطناعية، د) من كشاف ضوئي واحد,ب) ضوء الشمس الطبيعي الساطع,1,no mistake,no correction needed,no correction needed,no answer needed
nuba_wrestling_26.jpg,IBQ,IBQ_Sudan.xlsx,Nuba_Wrestling,تمنح هذه اللقطة المقربة المشاهد...,أ) رؤية كاملة للملعب بأكمله، ب) شعور حميمي وعميق بالتواجد في قلب المباراة، ج) رؤية واضحة للمتفرجين، د) شعور بالهدوء والسكينة,ب) شعور حميم وعميق بالتواجد في المباراة,1,no mistake,no correction needed,no correction needed,no answer needed
nuba_wrestling_26.jpg,IBQ,IBQ_Sudan.xlsx,Nuba_Wrestling,هذه الصورة هي بورتريه مؤثر لـ...,أ) مسابقة سرعة خالصة، ب) معركة قوة وتحمل، ج) رقصة طقوسية، د) مصافحة ودية,ب) معركة قوة وتحمل,1,no mistake,no correction needed,no correction needed,no answer needed
nuba_wrestling_38.jpg,IBQ,IBQ_Sudan.xlsx,Nuba_Wrestling,ماذا يفعل المصارع الذي يرتدي قميصاً أبيض بلا أكمام بخصمه؟,أ) هو يوجه له لكمة، ب) هو يضع يده على رأس خصمه، ج) هو يساعده على النهوض، د) هو يصافحه,ب) يضع يده على رأس خصمه,1,no mistake,no correction needed,no correction needed,no answer needed
nuba_wrestling_38.jpg,IBQ,IBQ_Sudan.xlsx,Nuba_Wrestling,ما هي مرحلة المباراة الموضحة هنا؟,أ) نهاية المباراة، ب) مرحلة الدوران والتقييم الأولية، ج) رمية قوية، د) استراحة لشرب الماء,ب) مرحلة التقييم الأولي والتحديد,1,no mistake,no correction needed,no correction needed,no answer needed
nuba_wrestling_38.jpg,IBQ,IBQ_Sudan.xlsx,Nuba_Wrestling,ما الذي يرتديه المصارع الموجود على اليسار على ساقه؟,أ) زينة تقليدية، ب) دعامة أو ضمادة ساق حديثة وثقيلة، ج) واقي ساق للركل، د) وشم على الذراع,ب) دعامة أو ضمادة ساق حديثة وثقيلة,1,no mistake,no correction needed,no correction needed,no answer needed
nuba_wrestling_38.jpg,IBQ,IBQ_Sudan.xlsx,Nuba_Wrestling,تتكون سحب الغبار عند أقدامهم بسبب...,أ) الرياح، ب) حركتهم الديناميكية والمتقطعة، ج) آلة الدخان، د) الحكم,ب) حركتهم الديناميكية والمتقطعة,1,no mistake,no correction needed,no correction needed,no answer needed
nuba_wrestling_38.jpg,IBQ,IBQ_Sudan.xlsx,Nuba_Wrestling,"ماذا تتضمن عملية ""الجس"" هذه في بداية المباراة؟",أ) اختبار للقوة الخالصة، ب) معركة نفسية وبحث عن قبضة محكمة، ج) المصارعون يتبادلون استراتيجياتهم، د) فترة راحة,ب) معركة نفسية وبحث عن قبضة,1,no mistake,no correction needed,no correction needed,no answer needed
nuba_wrestling_38.jpg,IBQ,IBQ_Sudan.xlsx,Nuba_Wrestling,المكان عبارة عن ساحة حديثة، كما هو موضح في...,أ) أكواخ في الخلفية، ب) سياج معدني أخضر وجمهور في المدرج، ج) نوع الرمل المستخدم، د) غياب الحكم,ب) سياج معدني أخضر وحشد في مدرج,1,no mistake,no correction needed,no correction needed,no answer needed
nuba_wrestling_38.jpg,IBQ,IBQ_Sudan.xlsx,Nuba_Wrestling,يوحي إضاءة المشهد، بوهجها الدافئ، بأنه...,أ) منتصف النهار، ب) أواخر فترة ما بعد الظهر، ج) الليل، د) الفجر المبكر,ب) أواخر فترة ما بعد الظهر,1,no mistake,no correction needed,no correction needed,no answer needed
nuba_wrestling_38.jpg,IBQ,IBQ_Sudan.xlsx,Nuba_Wrestling,المصارع الموجود على اليمين يرتدي...,أ) مئزر تقليدي، ب) ملابس رياضية حديثة (قميص بلا أكمام، شورت)، ج) رداء ثقيل، د) لا ملابس,ب) ملابس رياضية حديثة (قميص بلا أكمام، شورت),1,no mistake,no correction needed,no correction needed,no answer needed
nuba_wrestling_38.jpg,IBQ,IBQ_Sudan.xlsx,Nuba_Wrestling,وضع اليد على الرأس هو أسلوب يمكن استخدامه لـ...,أ) إجبار الخصم على خفض رأسه وكسر وضعيته، ب) تحية الخصم باحترام، ج) فحص درجة حرارته، د) مسح الغبار عن الخصم,أ) لإجبار الخصم على خفض رأسه وكسر وضعيته,1,no mistake,no correction needed,no correction needed,no answer needed
nuba_wrestling_38.jpg,IBQ,IBQ_Sudan.xlsx,Nuba_Wrestling,تُجسّد الصورة لحظة من...,أ) عملٌ متفجر، ب) توترٌ هادئ، ج) احتفالٌ بالنصر، د) هزيمةٌ واضحة,ب) هدوء وتوتر,1,no mistake,no correction needed,no correction needed,no answer needed
nuba_wrestling_19.jpg,IBQ,IBQ_Sudan.xlsx,Nuba_Wrestling,تشير الصورة بالأبيض والأسود والمكان إلى أن هذا...,أ) مباراة بطولة حديثة، ب) صورة تاريخية لمباراة قروية تقليدية، ج) صورة معدلة رقميًا، د) جلسة تدريبية داخلية,ب) صورة تاريخية لمباراة كرة سلة تقليدية في قرية,1,no mistake,no correction needed,no correction needed,no answer needed
nuba_wrestling_19.jpg,IBQ,IBQ_Sudan.xlsx,Nuba_Wrestling,"ما الذي يشكل ""الحلبة"" أو الحدود لهذه المباراة في المصارعة؟",أ) سياج معدني حديث، ب) دائرة من المتفرجين من المجتمع المحلي، ج) حاجز من الحبال، د) خط مرسوم على الرمال,ب) دائرة من المتفرجين من المجتمع المحلي,1,no mistake,no correction needed,no correction needed,no answer needed
nuba_wrestling_19.jpg,IBQ,IBQ_Sudan.xlsx,Nuba_Wrestling,ما هي المادة التي يتكون منها المبنى الموجود في الخلفية؟,أ) الخرسانة والفولاذ، ب) المواد الطبيعية مثل الخشب والقش، ج) الطوب والملاط، د) الزجاج والمعادن,ب) مواد طبيعية مثل الخشب والقش,0,"The question asks about the material of the building in the background, but the correct answer (wood and straw) doesn't align with the visual evidence. The buildings in the image appear to be constructed of stone or mud, with thatched roofs. The provided answer is misleading based on the image.",ما هي المادة الأساسية التي يتكون منها المبنى الموجود في الخلفية؟,"['أ) الحجر والطين', 'ب) الخرسانة والفولاذ', 'ج) الطوب والملاط', 'د) الخشب والقش']",أ) الحجر والطين
nuba_wrestling_19.jpg,IBQ,IBQ_Sudan.xlsx,Nuba_Wrestling,كم عدد المصارعين الذين يشاركون بنشاط في المركز؟,أ) اثنان، ب) ثلاثة، ج) أربعة، د) خمسة,ج) أربعة,1,no mistake,no correction needed,no correction needed,no answer needed
nuba_wrestling_19.jpg,IBQ,IBQ_Sudan.xlsx,Nuba_Wrestling,ما نوع الزي التقليدي الذي يرتديه المصارعون؟,أ) سراويل قصيرة وقمصان عصرية، ب) مآزر وأربطة ساق مزخرفة، ج) دروع ثقيلة، د) لا شيء على الإطلاق,ب) مآزر وأربطة ساق مزخرفة,1,no mistake,no correction needed,no correction needed,no answer needed
nuba_wrestling_19.jpg,IBQ,IBQ_Sudan.xlsx,Nuba_Wrestling,المشهد في الخلفية هو...,أ) صحراء منبسطة، ب) غابة كثيفة، ج) منطقة جبلية قاحلة، د) ساحل محيطي,ج) تلال ومناطق قاحلة,1,no mistake,no correction needed,no correction needed,no answer needed
nuba_wrestling_19.jpg,IBQ,IBQ_Sudan.xlsx,Nuba_Wrestling,النبرة العامة للصورة هي...,أ) مُصطنع ورسمي، ب) عفوي، حيوي، وأصيل، ج) هادئ ومُتصنّع، د) قاتم ومُرعب,ب) خام، وحيوي، وأصيل,1,no mistake,no correction needed,no correction needed,no answer needed
nuba_wrestling_19.jpg,IBQ,IBQ_Sudan.xlsx,Nuba_Wrestling,يرفع الرجال على اليمين أيديهم في إشارة دفاعية أو تحضيرية، مما يدل على...,أ) إنهم يستسلمون، ب) إنهم على وشك بدء الاشتباك، ج) إنهم يحجبون الشمس عن أعينهم، د) إنهم يلوحون للحشد,ب) هم على وشك البدء في الاشتباك,1,no mistake,no correction needed,no correction needed,no answer needed
nuba_wrestling_19.jpg,IBQ,IBQ_Sudan.xlsx,Nuba_Wrestling,تُعد هذه الصورة وثيقة قيّمة لـ...,أ) القواعد الحديثة للرياضة، ب) التاريخ الحي والجذور الثقافية لمصارعة النوبة، ج) إدخال التكنولوجيا في الرياضة، د) الجوانب المالية للمصارعة,ب) التاريخ الحي والجذور الثقافية لمصارعة النوبة,1,no mistake,no correction needed,no correction needed,no answer needed
nuba_wrestling_32.jpg,IBQ,IBQ_Sudan.xlsx,Nuba_Wrestling,ماذا يفعل المصارعان في المقدمة؟,أ) إنهم يتصارعون بنشاط، ب) إنهم يستريحون على الأرض بين المباريات، ج) إنهم يحتجون على قرار الحكم، د) إنهم يقومون بالإحماء قبل المباراة,ب) إنهم يستريحون على الأرض بين المباريات,1,no mistake,no correction needed,no correction needed,no answer needed
nuba_wrestling_32.jpg,IBQ,IBQ_Sudan.xlsx,Nuba_Wrestling,ما الذي يغطي وجه وجسم المصارع الذي ينظر إلى الكاميرا؟,أ) الطين، ب) طلاء احتفالي ملون، ج) رماد أو غبار أبيض، د) واقي من الشمس,ج) الرماد الأبيض أو الغبار,1,no mistake,no correction needed,no correction needed,no answer needed
nuba_wrestling_32.jpg,IBQ,IBQ_Sudan.xlsx,Nuba_Wrestling,ما هو الخط الأبيض على الأرض أمامهم؟,أ) صدع في الأرض، ب) خط بداية سباق جري، ج) خط حدود حلبة المصارعة، د) حبل مدفون,ج) خط حدود حلبة المصارعة,1,no mistake,no correction needed,no correction needed,no answer needed
nuba_wrestling_32.jpg,IBQ,IBQ_Sudan.xlsx,Nuba_Wrestling,المصارع الموجود على اليسار لديه تسريحة شعر مميزة. ما هي؟,أ) شعر طويل منسدل، ب) رأس محلوق بالكامل، ج) تسريحة شعر منقوشة أو مقسمة، د) يرتدي باروكة,ج) تسريحة شعر منقوشة أو مقسمة إلى أقسام,1,no mistake,no correction needed,no correction needed,no answer needed
nuba_wrestling_32.jpg,IBQ,IBQ_Sudan.xlsx,Nuba_Wrestling,ما هو مكان انعقاد هذا الحدث؟,أ) ملعب حديث مغلق، ب) تجمع مجتمعي تقليدي غير رسمي، ج) قاعة تدريب داخلية، د) موقع صحراوي ناءٍ بدون متفرجين,ب) تجمع مجتمعي تقليدي وغير رسمي,1,no mistake,no correction needed,no correction needed,no answer needed
nuba_wrestling_32.jpg,IBQ,IBQ_Sudan.xlsx,Nuba_Wrestling,ماذا يرتدي المصارع الذي ينظر إلى الكاميرا على يديه/معصميه؟,أ) قفازات الملاكمة الحديثة، ب) الأساور التقليدية، ج) الشريط اللاصق الرياضي أو الضمادات، د) لا شيء,ج) شريط لاصق رياضي أو ضمادات,1,no mistake,no correction needed,no correction needed,no answer needed
nuba_wrestling_32.jpg,IBQ,IBQ_Sudan.xlsx,Nuba_Wrestling,ما هو الجو العام للمشهد؟,أ) متوتر وعدواني، ب) عفوي ومسترخٍ، ج) حزين وكئيب، د) صاخب وفوضوي,ب) غير رسمي ومريح,0,"The correct answer given ('غير رسمي ومريح') does not accurately describe the scene. The scene depicts a physical contest/sport with individuals engaged in what appears to be a wrestling match or similar activity, with a crowd watching. The overall atmosphere appears competitive, not necessarily 'relaxed'. Also, there is a mismatch between the correct answer and the option list. Option (ب) is 'عفوي ومسترخٍ' which is translated to 'spontaneous and relaxed' not 'غير رسمي ومريح' (informal and comfortable).",ما هو الجو العام للمشهد؟,"['أ) متوتر وتنافسي', 'ب) عفوي ومسترخٍ', 'ج) حزين وكئيب', 'د) صاخب وفوضوي']",أ) متوتر وتنافسي
nuba_wrestling_32.jpg,IBQ,IBQ_Sudan.xlsx,Nuba_Wrestling,قد يكون وضع الرماد بهذا النمط المتعمد على الوجه من أجل...,أ) ترهيب الخصم، ب) الهوية الشخصية أو القبلية، ج) الأغراض الطقوسية، د) جميع ما سبق,د) جميع ما سبق,1,no mistake,no correction needed,no correction needed,no answer needed
nuba_wrestling_32.jpg,IBQ,IBQ_Sudan.xlsx,Nuba_Wrestling,ماذا يرتدي المصارع الذي يرتدي القميص الأصفر في قدميه؟,أ) أحذية المصارعة، ب) أحذية ثقيلة، ج) صنادل بسيطة أو شباشب، د) حافي القدمين,ج) الصنادل البسيطة أو الشبشب,1,no mistake,no correction needed,no correction needed,no answer needed
nuba_wrestling_32.jpg,IBQ,IBQ_Sudan.xlsx,Nuba_Wrestling,تُتيح هذه الصورة نظرة جيدة على...,أ) اللحظة الأخيرة من مباراة البطولة، ب) الجوانب الثقافية والطقوسية للرياضة، بما يتجاوز مجرد القتال، ج) القواعد واللوائح الحديثة، د) الرعاة التجاريون للحدث,ب) الجوانب الثقافية والطقوسية للرياضة، بما يتجاوز مجرد القتال,1,no mistake,no correction needed,no correction needed,no answer needed
nuba_wrestling_27.jpg,IBQ,IBQ_Sudan.xlsx,Nuba_Wrestling,ماذا يدل عليه العرق على أجساد المصارعين؟,أ) الجو بارد، ب) الجهد البدني الشديد للمباراة، ج) لقد وضعوا الزيت على أجسامهم للتو، د) لقد أمطرت للتو,ب) الجهد البدني الشديد للمباراة,1,no mistake,no correction needed,no correction needed,no answer needed
nuba_wrestling_27.jpg,IBQ,IBQ_Sudan.xlsx,Nuba_Wrestling,ماذا يفعل المصارع الذي يرتدي قميصاً أبيض بلا أكمام؟,أ) دفع خصمه بعيدًا، ب) محاولة الإمساك بذراع خصمه ورأسه، ج) التلويح للجمهور، د) إراحة رأسه على كتف خصمه,ب) محاولة تثبيت ذراع ورأس خصمه,1,no mistake,no correction needed,no correction needed,no answer needed
nuba_wrestling_27.jpg,IBQ,IBQ_Sudan.xlsx,Nuba_Wrestling,ماذا يفعل المصارع الذي يرتدي القميص الوردي للدفاع عن نفسه؟,أ) يحاول فك قبضة خصمه، ب) لا يدافع عن نفسه، ج) ينادي الحكم، د) يبتعد عن الاشتباك,أ) إنه يحاول فك قبضة خصمه,1,no mistake,no correction needed,no correction needed,no answer needed
nuba_wrestling_27.jpg,IBQ,IBQ_Sudan.xlsx,Nuba_Wrestling,المصارعون مغطّون بمسحوق فاتح اللون. ما هذا؟,أ) واقي الشمس، ب) الدقيق، ج) الرماد أو الغبار، د) الطلاء,ج) الرماد أو الغبار,1,no mistake,no correction needed,no correction needed,no answer needed
nuba_wrestling_27.jpg,IBQ,IBQ_Sudan.xlsx,Nuba_Wrestling,الشريط الأخضر الموجود على معصم المصارع الأيسر هو...,أ) ساعة يد، ب) سوار زينة بسيط، ج) سوار تعريف طبي، د) جزء من قفاز,ب) سوار زخرفي بسيط,1,no mistake,no correction needed,no correction needed,no answer needed
nuba_wrestling_27.jpg,IBQ,IBQ_Sudan.xlsx,Nuba_Wrestling,تشير السراويل القصيرة الممزقة للمصارع على اليمين إلى...,أ) الملابس جديدة وعالية الجودة، ب) الرياضة قاسية على الملابس، ج) هو ليس منافسًا جادًا، د) هذا زي رسمي,ب) هذه الرياضة تُتلف الملابس بشدة,1,no mistake,no correction needed,no correction needed,no answer needed
nuba_wrestling_27.jpg,IBQ,IBQ_Sudan.xlsx,Nuba_Wrestling,هذه الصورة عرض قوي لـ...,أ) السرعة وخفة الحركة، ب) الرشاقة والأناقة، ج) القوة البدنية والتحمل، د) فن قتالي بدون احتكاك,ج) القوة البدنية والتحمل,1,no mistake,no correction needed,no correction needed,no answer needed
nuba_wrestling_27.jpg,IBQ,IBQ_Sudan.xlsx,Nuba_Wrestling,تم وضع رؤوس المصارعين...,أ) متباعدين عن بعضهم البعض، ب) متقاربين، متلاصقين، ج) ينظرون إلى السماء، د) ينظرون إلى الحشد,ب) متقاربين، يضغطون على بعضهم البعض,1,no mistake,no correction needed,no correction needed,no answer needed
nuba_wrestling_27.jpg,IBQ,IBQ_Sudan.xlsx,Nuba_Wrestling,يساعد عمق المجال الضحل (الخلفية الضبابية) على...,أ) إظهار الحلبة بأكملها، ب) عزل المصارعين والتركيز على صراعهما، ج) إخفاء الحكم، د) جعل المصارعين ينظران إلى مسافة أبعد,ب) اعزل المصارعين وركز على صراعهما,1,no mistake,no correction needed,no correction needed,no answer needed
nuba_wrestling_99.jpg,IBQ,IBQ_Sudan.xlsx,Nuba_Wrestling,ما هي المناورة المذهلة التي يقوم بها المصارع الذي يرتدي قميصًا أبيض بلا أكمام؟,"أ) عرقلة بسيطة بالساق، ب) رمية ""طائرة"" عالية الارتفاع، ج) صدة دفاعية، د) مصافحة قبل المباراة","ب) رمية ""طائرة"" ذات سعة عالية",1,no mistake,no correction needed,no correction needed,no answer needed
nuba_wrestling_99.jpg,IBQ,IBQ_Sudan.xlsx,Nuba_Wrestling,ما هو الهدف النهائي من هذه الرمية؟,أ) إنزال الخصم على قدميه، ب) إخراج الخصم من الحلبة، ج) جعل ظهر الخصم يلامس الرمل للفوز بالمباراة، د) إبقاء الخصم في الهواء لأطول فترة ممكنة,ج) جعل ظهر الخصم يلامس الرمال للفوز بالمباراة,1,no mistake,no correction needed,no correction needed,no answer needed
nuba_wrestling_99.jpg,IBQ,IBQ_Sudan.xlsx,Nuba_Wrestling,تتطلب هذه الخطوة مزيجًا من...,أ) القوة والتوازن والتوقيت، ب) السرعة فقط، ج) الحظ فقط، د) القدرة على التحدث مع الخصم,أ) القوة والتوازن والتوقيت,1,no mistake,no correction needed,no correction needed,no answer needed
nuba_wrestling_99.jpg,IBQ,IBQ_Sudan.xlsx,Nuba_Wrestling,ما الذي يمسك به المصارع بإحكام أثناء تنفيذ الرمية؟,أ) ساقي خصمه، ب) ذراعي خصمه، ج) خصر خصمه وجذعه، د) رأس خصمه,ج) خصر وجذع خصمه,1,no mistake,no correction needed,no correction needed,no answer needed
nuba_wrestling_99.jpg,IBQ,IBQ_Sudan.xlsx,Nuba_Wrestling,تظهر الخلفية حشدًا كبيرًا خلف سياج أخضر، مما يشير إلى أن المباراة تجري في...,أ) ساحة قرية تقليدية، ب) ساحة حديثة ورسمية، ج) منشأة تدريب خاصة، د) حديقة عامة,ب) ساحة حديثة ورسمية,0,The question and answer are incorrect given the image. The image depicts a wrestling match taking place in an open arena with a large crowd behind a simple fence. This does *not* suggest a 'modern and formal' arena. It resembles a traditional or village setting.,تظهر الخلفية حشدًا كبيرًا خلف سياج بسيط، مما يشير إلى أن المباراة تجري في...,"['أ) ساحة قرية تقليدية', 'ب) ساحة حديثة ورسمية', 'ج) منشأة تدريب خاصة', 'د) حديقة عامة']",أ) ساحة قرية تقليدية
nuba_wrestling_99.jpg,IBQ,IBQ_Sudan.xlsx,Nuba_Wrestling,كلا المصارعين في الهواء، مما يجسد...,أ) لحظة راحة، ب) ذروة النشاط الرياضي، ج) بداية المباراة، د) مخالفة للقواعد,ب) ذروة النشاط الرياضي,1,no mistake,no correction needed,no correction needed,no answer needed
nuba_wrestling_99.jpg,IBQ,IBQ_Sudan.xlsx,Nuba_Wrestling,يُظهر تناثر الرمال...,أ) الأرض مبتلة، ب) القوة الانفجارية المتولدة من أقدام المصارعين، ج) الرياح تهب بشدة، د) تم استخدام مؤثر خاص,ب) القوة الانفجارية المتولدة من أقدام المصارعين,1,no mistake,no correction needed,no correction needed,no answer needed
nuba_wrestling_99.jpg,IBQ,IBQ_Sudan.xlsx,Nuba_Wrestling,تُعد خطوط الكهرباء المرئية في السماء علامة على...,أ) الطبيعة النائية وغير المطورة للموقع، ب) مزيج الرياضة التقليدية مع البيئة الحديثة، ج) اقتراب عاصفة، د) القرب من المطار,ب) مزيج الرياضة التقليدية مع البيئة الحديثة,1,no mistake,no correction needed,no correction needed,no answer needed
nuba_wrestling_99.jpg,IBQ,IBQ_Sudan.xlsx,Nuba_Wrestling,تُظهر هذه الصورة بوضوح أن مصارعة النوبة ليست مجرد مصارعة، بل هي أيضاً...,أ) نوع من الجمباز، ب) رقصة بطيئة الإيقاع، ج) رياضة لا تتطلب احتكاكًا جسديًا، د) احتفالية بحتة,أ) شكل من أشكال الجمباز,0,"The question and answer are factually incorrect. Nubian wrestling (as shown in the image) is a traditional form of wrestling that involves a lot of physicality and technique, not gymnastics. It is characterized by throws, takedowns, and grappling. The correct answer should reflect this. The provided options also don't accurately describe Nubian wrestling.",تُظهر هذه الصورة بوضوح أن مصارعة النوبة ليست مجرد مصارعة، بل هي أيضاً...,"['أ) عرض للأداء البهلواني', 'ب) شكل من أشكال الدفاع عن النفس', 'ج) رياضة تعتمد على القوة والمهارة', 'د) احتفالية ثقافية تقليدية']",ج) رياضة تعتمد على القوة والمهارة
nuba_wrestling_82.jpg,IBQ,IBQ_Sudan.xlsx,Nuba_Wrestling,جودة الصورة بالأبيض والأسود والحبيبية، بالإضافة إلى الملابس، توحي بأنها...,أ) مباراة حديثة مع فلتر عتيق، ب) صورة تاريخية لمباراة احتفالية، ج) مباراة ليلية، د) صورة مُنشأة رقميًا,ب) صورة تاريخية لمباراة احتفالية,1,no mistake,no correction needed,no correction needed,no answer needed
nuba_wrestling_82.jpg,IBQ,IBQ_Sudan.xlsx,Nuba_Wrestling,ما هي الملابس التي يرتديها المصارعون والتي تتميز بطابعها الاحتفالي والزخرفي؟,أ) سراويل رياضية حديثة، ب) دروع ثقيلة، ج) الريش والفراء وغيرها من الزينة الطبيعية، د) لا شيء على الإطلاق,ج) الريش والفراء والزينة الطبيعية الأخرى,1,no mistake,no correction needed,no correction needed,no answer needed
nuba_wrestling_82.jpg,IBQ,IBQ_Sudan.xlsx,Nuba_Wrestling,ماذا يُعبّر عنه ضبابية الحركة في الصورة؟,أ) كانت يد المصور ترتجف، ب) الحركة السريعة والمكثفة للمصارعين، ج) كانت المباراة تُعرض بالحركة البطيئة، د) كانت الكاميرا غير واضحة,ب) الحركة المكثفة والسريعة للمصارعين,1,no mistake,no correction needed,no correction needed,no answer needed
nuba_wrestling_82.jpg,IBQ,IBQ_Sudan.xlsx,Nuba_Wrestling,من هم الأشخاص الذين يحملون الرماح في الخلفية؟,أ) هم مصارعون آخرون ينتظرون دورهم في المنافسة، ب) هم حكام، ج) هم أفراد من المجتمع، ربما يعملون كحرس شرف أو مسؤولين، د) هم صيادون عابرون,ج) هم أعضاء في المجتمع، وربما يعملون كحرس شرف أو مسؤولين.,1,no mistake,no correction needed,no correction needed,no answer needed
nuba_wrestling_82.jpg,IBQ,IBQ_Sudan.xlsx,Nuba_Wrestling,الجو العام للمشهد هو...,أ) هادئ ومنظم، ب) شديد الطقوس وفوضوي، ج) حزين وكئيب، د) حديث وتجاري,ب) طقوسية وفوضوية للغاية,1,no mistake,no correction needed,no correction needed,no answer needed
nuba_wrestling_82.jpg,IBQ,IBQ_Sudan.xlsx,Nuba_Wrestling,يبدو أن المصارعة تجري في أين؟,أ) في ساحة حديثة مسيجة، ب) على منصة خشبية مرتفعة، ج) في ساحة قرية مفتوحة، د) في الداخل,ج) في فسحة مفتوحة في قرية,1,no mistake,no correction needed,no correction needed,no answer needed
nuba_wrestling_82.jpg,IBQ,IBQ_Sudan.xlsx,Nuba_Wrestling,ما هو الهدف الأساسي في هذا الصراع؟,أ) تثبيت الخصم لأطول فترة ممكنة، ب) دفع الخصم خارج الدائرة، ج) رمي الخصم على ظهره، د) إضحاك الخصم,ج) إلقاء الخصم على ظهره,1,no mistake,no correction needed,no correction needed,no answer needed
nuba_wrestling_82.jpg,IBQ,IBQ_Sudan.xlsx,Nuba_Wrestling,تُبرز هذه الصورة العلاقة الوثيقة بين مصارعة النوبة و...,أ) علوم الرياضة الحديثة، ب) الرعاية التجارية، ج) الطقوس والاحتفالات وهوية المجتمع، د) المنافسة الدولية,ج) الطقوس والاحتفالات وهوية المجتمع,1,no mistake,no correction needed,no correction needed,no answer needed
nuba_wrestling_82.jpg,IBQ,IBQ_Sudan.xlsx,Nuba_Wrestling,يُضفي الغبار أو الدخان الموجود في الهواء مزيداً من الواقعية على المشهد...,أ) إحساس بالنظافة، ب) طابع عصري، ج) جو درامي وغامض، د) مزاج فكاهي,ج) جو درامي وغامض,1,no mistake,no correction needed,no correction needed,no answer needed
nuba_wrestling_82.jpg,IBQ,IBQ_Sudan.xlsx,Nuba_Wrestling,أجساد المصارعين...,أ) مغطاة بملابس رياضية حديثة، ب) مطلية بألوان زاهية، ج) مزينة بأشياء تقليدية ولكنها عارية في باقي جسدها، د) مخفية بأردية ثقيلة,ج) مزينة بعناصر تقليدية ولكنها خالية من العناصر الأخرى,1,no mistake,no correction needed,no correction needed,no answer needed
nuba_wrestling_95.jpg,IBQ,IBQ_Sudan.xlsx,Nuba_Wrestling,ما هي السمة الأكثر تميزاً في زي المصارعين؟,أ) يرتدون قمصانًا بلا أكمام وسراويل قصيرة عصرية، ب) يرتدون مآزر مصنوعة من جلد النمر، ج) يرتدون ملابس ثقيلة مبطنة، د) يرتدون بدلات رسمية,ب) إنهم يرتدون مآزر مصنوعة من جلد النمر,1,no mistake,no correction needed,no correction needed,no answer needed
nuba_wrestling_95.jpg,IBQ,IBQ_Sudan.xlsx,Nuba_Wrestling,في العديد من الثقافات، بما في ذلك ثقافة النوبة، ماذا يرمز النمر؟,أ) السلام والطمأنينة، ب) الضعف والخوف، ج) القوة والسلطة والمكانة الرفيعة، د) التواضع والحياء,ج) القوة والسلطة والمكانة الرفيعة,1,no mistake,no correction needed,no correction needed,no answer needed
nuba_wrestling_95.jpg,IBQ,IBQ_Sudan.xlsx,Nuba_Wrestling,من هو الشخص الذي يرتدي القميص الوردي في الخلفية؟,أ) متفرج، ب) مدرب، ج) حكم، د) مصارع آخر,ج) الحكم,1,no mistake,no correction needed,no correction needed,no answer needed
nuba_wrestling_95.jpg,IBQ,IBQ_Sudan.xlsx,Nuba_Wrestling,ما هي طبيعة سطح أرضية منطقة المصارعة؟,أ) سطح صخري صلب، ب) حقل عشبي، ج) منصة خشبية، د) فسحة أرض جرداء مغبرة,د) فسحة أرض جرداء مغبرة,1,no mistake,no correction needed,no correction needed,no answer needed
nuba_wrestling_95.jpg,IBQ,IBQ_Sudan.xlsx,Nuba_Wrestling,ماذا يفعل المصارعون؟,أ) يتصافحون، ب) هم في وضعية انحناء منخفضة، ج) يحتفلون بالنصر، د) يؤدون رقصة طقسية,ب) إنهم في وضعية اشتباك منخفضة ومنخفضة.,1,no mistake,no correction needed,no correction needed,no answer needed
nuba_wrestling_95.jpg,IBQ,IBQ_Sudan.xlsx,Nuba_Wrestling,ما الذي لا يزال ملتصقاً بجلد النمر الذي كان يرتديه المصارع على اليمين؟,أ) الرأس والكفوف الأمامية، ب) الذيل، ج) أجراس الزينة، د) بطاقة السعر,أ) الرأس والكفوف الأمامية,1,no mistake,no correction needed,no correction needed,no answer needed
nuba_wrestling_95.jpg,IBQ,IBQ_Sudan.xlsx,Nuba_Wrestling,يوحي هذا النمط من اللباس بأن هذا...,أ) جلسة تدريب غير رسمية، ب) مباراة مهمة أو احتفالية للغاية، ج) مباراة للمبتدئين، د) بطولة حديثة برعاية جهة رسمية,ب) مباراة مهمة للغاية أو احتفالية,1,no mistake,no correction needed,no correction needed,no answer needed
nuba_wrestling_95.jpg,IBQ,IBQ_Sudan.xlsx,Nuba_Wrestling,ماذا يرتدي المصارع الموجود على اليسار على ذراعيه وكاحليه؟,أ) ساعات حديثة، ب) أربطة الذراع والكاحل التقليدية، ج) أوزان ثقيلة للتدريب، د) ضمادات للإصابات,ب) الأساور التقليدية للذراع والكاحل,1,no mistake,no correction needed,no correction needed,no answer needed
nuba_wrestling_95.jpg,IBQ,IBQ_Sudan.xlsx,Nuba_Wrestling,الصورة تلتقط...,أ) تحديث رياضة المصارعة النوبية، ب) الجذور التقليدية والرمزية العميقة لهذه الرياضة، ج) الجانب الفكاهي للمنافسة، د) قواعد وأنظمة هذه الرياضة,ب) الجذور التقليدية والرمزية العميقة للرياضة,1,no mistake,no correction needed,no correction needed,no answer needed
nuba_wrestling_89.jpg,IBQ,IBQ_Sudan.xlsx,Nuba_Wrestling,ماذا يفعل المصارع الموجود في المنتصف؟,أ) هو يبدأ مباراة، ب) هو يتجادل مع الحكم، ج) هو يحتفل بالفوز، ربما برقصة تقليدية، د) هو يساعد مصارعًا آخر مصابًا,ج) إنه يحتفل بالنصر، ربما برقصة تقليدية,1,no mistake,no correction needed,no correction needed,no answer needed
nuba_wrestling_89.jpg,IBQ,IBQ_Sudan.xlsx,Nuba_Wrestling,ما الذي يرتديه المصارع حول رقبته؟,أ) قلادة تقليدية، ب) ميدالية فائز حديثة الطراز على شريط، ج) منشفة، د) صفارة,ب) ميدالية فائز حديثة الطراز على شريط,1,no mistake,no correction needed,no correction needed,no answer needed
nuba_wrestling_89.jpg,IBQ,IBQ_Sudan.xlsx,Nuba_Wrestling,ماذا كُتب على القميص الذي يرتديه الرجل على اليمين؟,أ) السودان، ب) النوبة، ج) إيطاليا، د) البطل,ج) إيطاليا,1,no mistake,no correction needed,no correction needed,no answer needed
nuba_wrestling_89.jpg,IBQ,IBQ_Sudan.xlsx,Nuba_Wrestling,زي المصارع عبارة عن مزيج من...,أ) ملابس رياضية حديثة فقط، ب) ملابس تقليدية فقط، ج) عناصر تقليدية وحديثة، د) بدلة رسمية,ج) العناصر التقليدية والحديثة,1,no mistake,no correction needed,no correction needed,no answer needed
nuba_wrestling_89.jpg,IBQ,IBQ_Sudan.xlsx,Nuba_Wrestling,ما الذي تم تطبيقه على جسد المصارع؟,أ) الماء، ب) واقي الشمس، ج) طلاء ملون، د) طبقة سميكة من الغبار أو الرماد,د) طبقة سميكة من الغبار أو الرماد,1,no mistake,no correction needed,no correction needed,no answer needed
nuba_wrestling_89.jpg,IBQ,IBQ_Sudan.xlsx,Nuba_Wrestling,من المرجح أن يكون الأشخاص المحيطون بالمصارع...,أ) خصومه، ب) أعضاء فريقه، أصدقاؤه، أو مؤيدوه، ج) حكام المباراة، د) المتفرجون المحايدون,ب) أعضاء فريقه أو أصدقائه أو مؤيديه,1,no mistake,no correction needed,no correction needed,no answer needed
nuba_wrestling_89.jpg,IBQ,IBQ_Sudan.xlsx,Nuba_Wrestling,من المرجح أن تكون الإيماءة التي يقوم بها المصارع بيديه (إصبعان ممدودان من كل يد) جزءًا من...,أ) رمز سري لمدربه، ب) رقصة النصر أو لفتة شخصية، ج) تحية شائعة، د) علامة على الهزيمة,ب) رقصة النصر أو لفتة شخصية,1,no mistake,no correction needed,no correction needed,no answer needed
nuba_wrestling_89.jpg,IBQ,IBQ_Sudan.xlsx,Nuba_Wrestling,"إن وجود ميدالية ومؤيد يرتدي قميصًا كُتب عليه ""إيطاليا"" يدل على...",أ) العزلة التامة لثقافة النوبة، ب) تأثير الثقافة العالمية على الرياضة التقليدية، ج) أن المصارع من إيطاليا، د) أن المباراة أقيمت في إيطاليا,ب) تأثير الثقافة العالمية على الرياضة التقليدية,1,no mistake,no correction needed,no correction needed,no answer needed
nuba_wrestling_89.jpg,IBQ,IBQ_Sudan.xlsx,Nuba_Wrestling,يبدو المكان وكأنه ساحة حديثة بسبب...,أ) قلة الحضور، ب) أكواخ من القش في الخلفية، ج) سياج أخضر وأضواء الملعب في الخلفية، د) ملعب عشبي,ج) سياج أخضر وأضواء ملعب في الخلفية,0,"The question asks why the place *looks* like a modern stadium, but the image shows a traditional setting with people in traditional attire. There's no indication of a modern stadium. The correct answer based on the image should relate to the features visible in the image like the crowd or the environment.",يبدو المكان وكأنه حلبة تقليدية بسبب...,"['أ) قلة الحضور', 'ب) وجود أشخاص يرتدون ملابس تقليدية', 'ج) وجود سياج أخضر وأضواء الملعب في الخلفية', 'د) وجود حشد من الناس']",ب) وجود أشخاص يرتدون ملابس تقليدية
nuba_wrestling_81.jpg,IBQ,IBQ_Sudan.xlsx,Nuba_Wrestling,ما الذي توضحه هذه الصورة بوضوح؟,أ) بداية مباراة مصارعة، ب) لحظة فوز وهزيمة، ج) مصارعان يستريحان، د) جلسة تدريبية,ب) لحظة النصر والهزيمة,1,no mistake,no correction needed,no correction needed,no answer needed
nuba_wrestling_81.jpg,IBQ,IBQ_Sudan.xlsx,Nuba_Wrestling,ماذا يفعل المصارع الموجود على الأرض؟,أ) إنه يمارس الرياضة، ب) إنه راكع بعد خسارته المباراة للتو، ج) إنه يربط حذاءه، د) إنه يبحث عن شيء مفقود,ب) إنه راكع، بعد أن خسر المباراة للتو,1,no mistake,no correction needed,no correction needed,no answer needed
nuba_wrestling_81.jpg,IBQ,IBQ_Sudan.xlsx,Nuba_Wrestling,ماذا يفعل المصارع المنتصر بيده اليمنى؟,أ) يصافح خصمه، ب) يرفع قبضته في إشارة انتصار، ج) يشير إلى الحكم، د) يلوح للجمهور,ب) إنه يرفع قبضته في إشارة إلى النصر,1,no mistake,no correction needed,no correction needed,no answer needed
nuba_wrestling_81.jpg,IBQ,IBQ_Sudan.xlsx,Nuba_Wrestling,ما هي المادة التي تغطي جسد المنتصر؟,أ) طلاء أحمر، ب) طين، ج) غبار أو رماد، د) واقي من الشمس,ج) الغبار أو الرماد,1,no mistake,no correction needed,no correction needed,no answer needed
nuba_wrestling_81.jpg,IBQ,IBQ_Sudan.xlsx,Nuba_Wrestling,الرجل الذي يرتدي السترة السوداء والحمراء هو على الأرجح...,أ) متفرج، ب) مدرب أو مساعد مدرب، ج) مصارع زميل، د) حارس أمن,ب) مدرب أو مساعد مدرب,0,"The question asks about a person wearing a black and red jacket, but the image shows a wrestling match with people in wrestling attire. There is a person wearing a red and black jacket, but this person is a wrestler, not a coach or security. The question is based on a misconception of the image.",الرجل الذي يرتدي السترة السوداء والحمراء هو على الأرجح...,"['أ) متفرج', 'ب) مصارع', 'ج) مدرب', 'د) حارس أمن']",ب) مصارع
nuba_wrestling_81.jpg,IBQ,IBQ_Sudan.xlsx,Nuba_Wrestling,ما الذي يرتديه المصارع المنتصر على ركبته اليمنى؟,أ) شريط زخرفي، ب) وشم، ج) دعامة ركبة بسيطة مبطنة، د) قطعة درع,ج) دعامة ركبة بسيطة ومبطنة,1,no mistake,no correction needed,no correction needed,no answer needed
nuba_wrestling_81.jpg,IBQ,IBQ_Sudan.xlsx,Nuba_Wrestling,يُظهر المصارع المهزوم الاحترام أو يُقر بالهزيمة من خلال...,أ) الجدال مع الفائز، ب) البقاء على الأرض في وضعية خضوع، ج) مغادرة الحلبة فوراً، د) المطالبة بمباراة إعادة,ب) البقاء على الأرض في وضعية خاضعة,1,no mistake,no correction needed,no correction needed,no answer needed
nuba_wrestling_81.jpg,IBQ,IBQ_Sudan.xlsx,Nuba_Wrestling,يرفع الحشد في الخلفية أيديهم، على الأرجح في حالة...,أ) حجب أعينهم عن الشمس، ب) الاحتجاج على النتيجة، ج) تشجيع الفائز، د) التصويت للفائز,ج) تشجيع الفائز,1,no mistake,no correction needed,no correction needed,no answer needed
nuba_wrestling_81.jpg,IBQ,IBQ_Sudan.xlsx,Nuba_Wrestling,الفائز يرتدي...,أ) بنطال طويل، ب) مئزر تقليدي، ج) شورت رياضي بسيط برباط، د) لا يرتدي ملابس على الجزء السفلي من جسمه,ج) شورت رياضي بسيط برباط,1,no mistake,no correction needed,no correction needed,no answer needed
nuba_wrestling_81.jpg,IBQ,IBQ_Sudan.xlsx,Nuba_Wrestling,هذا المشهد يجسد...,أ) طقوس ما قبل المباراة، ب) الحسم في نتيجة النزال، ج) الجهد البدني المبذول في التدريب، د) روح الزمالة بين الخصوم,ب) النتيجة الحاسمة للمبارزة,1,no mistake,no correction needed,no correction needed,no answer needed
nuba_wrestling_98.jpg,IBQ,IBQ_Sudan.xlsx,Nuba_Wrestling,ما الذي يحدث في مباراة المصارعة هذه؟,أ) يقف المصارعان ويدوران حول بعضهما البعض، ب) يقوم أحد المصارعين بحركة رمي مذهلة، ج) يتصارع المصارعان على الأرض، د) انتهت المباراة ويتصافحان,ج) يتصارع المصارعون على الأرض,1,no mistake,no correction needed,no correction needed,no answer needed
nuba_wrestling_98.jpg,IBQ,IBQ_Sudan.xlsx,Nuba_Wrestling,ما الذي يجعل هذا المشهد مختلفًا عن العديد من صور مصارعة النوبة؟,أ) يركز على المصارعة الأرضية بدلاً من الرمية من وضعية الوقوف، ب) لا يوجد متفرجون، ج) يُقام في مكان مغلق، د) يرتدي المصارعون معدات واقية ثقيلة,أ) يركز على المصارعة الأرضية بدلاً من الرمية من وضعية الوقوف,1,no mistake,no correction needed,no correction needed,no answer needed
nuba_wrestling_98.jpg,IBQ,IBQ_Sudan.xlsx,Nuba_Wrestling,يبدو أن الإعداد هو...,أ) ملعب حديث مُسيّج، ب) ساحة قرية تقليدية غير رسمية، ج) صالة رياضية خاصة، د) حديقة عشبية,ب) فسحة قرية تقليدية غير رسمية,1,no mistake,no correction needed,no correction needed,no answer needed
nuba_wrestling_98.jpg,IBQ,IBQ_Sudan.xlsx,Nuba_Wrestling,ماذا يدل الغبار المحيط بالمصارعين؟,أ) الجو عاصف للغاية، ب) إنهم يتحركون ويكافحون بشدة، ج) الأرض مبتلة، د) تم إخماد حريق للتو,ب) إنهم يتحركون ويكافحون بشدة,1,no mistake,no correction needed,no correction needed,no answer needed
nuba_wrestling_98.jpg,IBQ,IBQ_Sudan.xlsx,Nuba_Wrestling,ما نوع الملابس العصرية التي يرتديها كلا المصارعين؟,أ) قمصان بأكمام طويلة، ب) سترات ثقيلة، ج) قمصان رياضية بدون أكمام، د) قمصان رسمية,ج) قمصان رياضية بدون أكمام,1,no mistake,no correction needed,no correction needed,no answer needed
nuba_wrestling_98.jpg,IBQ,IBQ_Sudan.xlsx,Nuba_Wrestling,ماذا يحاول المصارع الموجود في الأعلى أن يفعل؟,أ) دع خصمه يقف، ب) ثبت كتفي خصمه على الأرض، ج) سيطر على خصمه واقلبه على ظهره، د) دغدغ خصمه,ج) السيطرة على خصمه وقلبه على ظهره,1,no mistake,no correction needed,no correction needed,no answer needed
nuba_wrestling_98.jpg,IBQ,IBQ_Sudan.xlsx,Nuba_Wrestling,الخلفية الضبابية ذات الملابس الملونة تنتمي إلى...,أ) مصارعون آخرون، ب) مناظر طبيعية، ج) متفرجون، د) مبانٍ,ج) المتفرجون,1,no mistake,no correction needed,no correction needed,no answer needed
nuba_wrestling_98.jpg,IBQ,IBQ_Sudan.xlsx,Nuba_Wrestling,المصارع الموجود في الأسفل في...,أ) وضعية مهيمنة، وضعية الفوز، ب) وضعية دفاعية، وضعية الضعف، ج) وضعية محايدة، وضعية الراحة، د) وضعية مريحة، وضعية الاسترخاء,ب) وضع دفاعي، وضع ضعيف,1,no mistake,no correction needed,no correction needed,no answer needed
nuba_wrestling_98.jpg,IBQ,IBQ_Sudan.xlsx,Nuba_Wrestling,يبدو أن المباراة متكافئة للغاية، وهذا دليل على مهارة المصارعين...,أ) نقص المهارة، ب) تشابه القوة ومستوى المهارة، ج) عدم الاهتمام بالفوز، د) التقدم في السن,ب) مستوى مماثل من القوة والمهارة,1,no mistake,no correction needed,no correction needed,no answer needed
nuba_wrestling_100.jpg,IBQ,IBQ_Sudan.xlsx,Nuba_Wrestling,الأساور الموجودة على معصم المصارع الأيسر هي...,أ) أجهزة تتبع اللياقة البدنية الحديثة، ب) جزء من زي المصارعة التقليدي، ج) الأصفاد، د) غير مرئي,ب) جزء من زي المصارعة التقليدي,1,no mistake,no correction needed,no correction needed,no answer needed
nuba_wrestling_100.jpg,IBQ,IBQ_Sudan.xlsx,Nuba_Wrestling,أجساد المصارعين عارية، ولا يرتدين سوى قطعة قماش تغطي منطقة العانة، مما يبرز...,أ) لوائح السلامة الحديثة، ب) أهمية البنية الجسدية والقوة الطبيعية للمصارعين، ج) ظروف الطقس البارد، د) الرعاة التجاريون للحدث,ب) أهمية البنية الجسدية الطبيعية وقوة المصارعين,1,no mistake,no correction needed,no correction needed,no answer needed
nuba_wrestling_100.jpg,IBQ,IBQ_Sudan.xlsx,Nuba_Wrestling,تُظهر التعابير الشديدة على وجوه المصارعين...,أ) إنهم لا يأخذون المباراة على محمل الجد، ب) إنهم متعبون ويريدون التوقف، ج) تركيزهم العميق واستعدادهم للقتال، د) إنهم مشتتون بسبب الجمهور,ج) تركيزهم العميق واستعدادهم للقتال,1,no mistake,no correction needed,no correction needed,no answer needed
nuba_wrestling_75.jpg,IBQ,IBQ_Sudan.xlsx,Nuba_Wrestling,ما هو التفاعل الذي يحدث في هذه الصورة؟,أ) مصارع يتجادل مع الحكم، ب) رجل كبير في السن يُسدي نصيحة أو يدعو لمصارع، ج) متفرج يشتري تذكرة من مصارع، د) مصارعان على وشك بدء مباراة,ب) رجل كبير في السن يقدم نصيحة أو دعاءً لمصارع,1,no mistake,no correction needed,no correction needed,no answer needed
nuba_wrestling_75.jpg,IBQ,IBQ_Sudan.xlsx,Nuba_Wrestling,من المرجح أن يكون الرجل الأكبر سناً...,أ) مصارع منافس، ب) مدرب أو أحد كبار السن أو أحد أفراد العائلة، ج) بائع يبيع بضائع، د) صحفي يجري مقابلة,ب) مدرب أو أحد كبار السن أو أحد أفراد الأسرة,1,no mistake,no correction needed,no correction needed,no answer needed
nuba_wrestling_75.jpg,IBQ,IBQ_Sudan.xlsx,Nuba_Wrestling,ما الذي يضعه الرجل المسن بالقرب من أذن المصارع؟,أ) قطعة مجوهرات، ب) قطعة ورق، ربما نقود أو تعويذة مكتوبة، ج) سماعة أذن، د) زهرة,ب) قطعة من الورق، ربما نقود أو تعويذة مكتوبة,1,no mistake,no correction needed,no correction needed,no answer needed
nuba_wrestling_75.jpg,IBQ,IBQ_Sudan.xlsx,Nuba_Wrestling,المكان عبارة عن حلبة مصارعة حديثة، كما هو موضح في...,أ) أكواخ تقليدية في الخلفية، ب) سياج معدني أخضر وأضواء الملعب، ج) صحراء مفتوحة خالية من الجمهور، د) الملابس التقليدية للمصارعين,ب) سياج معدني أخضر وأضواء الملعب,1,no mistake,no correction needed,no correction needed,no answer needed
nuba_wrestling_75.jpg,IBQ,IBQ_Sudan.xlsx,Nuba_Wrestling,زي المصارع مزيج من الأزياء التقليدية والحديثة. ما هو العنصر التقليدي فيه؟,أ) قميص رياضي بدون أكمام، ب) مئزر مزخرف بالخرز والشرابات، ج) سوار المعصم، د) تسريحة الشعر,ب) المئزر المزخرف بالخرز والشرابات,1,no mistake,no correction needed,no correction needed,no answer needed
nuba_wrestling_75.jpg,IBQ,IBQ_Sudan.xlsx,Nuba_Wrestling,المصارع مغطى بمسحوق فاتح اللون، وهو...,أ) واقي الشمس، ب) غبار أو رماد من طقوس ما قبل المباراة، ج) دقيق للطبخ، د) بودرة التلك,ب) غبار أو رماد من طقوس ما قبل المباراة,1,no mistake,no correction needed,no correction needed,no answer needed
nuba_wrestling_75.jpg,IBQ,IBQ_Sudan.xlsx,Nuba_Wrestling,الرجل المسن يرتدي...,أ) زي المصارعة، ب) رداء تقليدي، ج) ملابس عصرية غير رسمية (قميص بأزرار)، د) بدلة رسمية,ج) ملابس عصرية غير رسمية (قميص بأزرار),1,no mistake,no correction needed,no correction needed,no answer needed
nuba_wrestling_75.jpg,IBQ,IBQ_Sudan.xlsx,Nuba_Wrestling,هذه الصورة تجسد...,أ) لحظة عمل عنيف وشديد، ب) لحظة هادئة وشخصية وسط حدث عام، ج) احتفال بالنصر، د) جدال متوتر,ب) لحظة هادئة وشخصية وسط حدث عام,1,no mistake,no correction needed,no correction needed,no answer needed
nuba_wrestling_75.jpg,IBQ,IBQ_Sudan.xlsx,Nuba_Wrestling,المصارع يدير ظهره للكاميرا، مما يوجه انتباه المشاهد إلى...,أ) قوة المصارع، ب) الجمهور في الخلفية، ج) إيماءات وتعبيرات الرجل الأكبر سنًا، د) حاجز الحلبة,ج) إيماءات وتعبيرات الرجل المسن,1,no mistake,no correction needed,no correction needed,no answer needed
nuba_wrestling_75.jpg,IBQ,IBQ_Sudan.xlsx,Nuba_Wrestling,يوحي الضوء الذهبي للمشهد بأنه...,أ) منتصف النهار، ب) أواخر فترة ما بعد الظهر، قرب غروب الشمس، ج) الليل تحت الأضواء الاصطناعية، د) الصباح الباكر قبل شروق الشمس,ب) أواخر فترة ما بعد الظهر، قرب غروب الشمس,1,no mistake,no correction needed,no correction needed,no answer needed
nuba_wrestling_92.jpg,IBQ,IBQ_Sudan.xlsx,Nuba_Wrestling,ما هي أبرز سمة في خلفية هذا المشهد؟,أ) أفق مدينة حديثة، ب) مسطح مائي كبير، ج) مبنى ذو مئذنة، تحت غروب شمس خلاب، د) غابة كثيفة,ج) مبنى ذو مئذنة، تحت غروب شمس خلاب,1,no mistake,no correction needed,no correction needed,no answer needed
nuba_wrestling_92.jpg,IBQ,IBQ_Sudan.xlsx,Nuba_Wrestling,ماذا يوحي هذا العنصر الخلفي عن المجتمع؟,أ) ليس لها هوية دينية محددة، ب) هي جماعة يشكل الإسلام فيها عنصرًا ثقافيًا هامًا، ج) هي تجمع علماني غير ديني، د) تقع في أوروبا,ب) هو مجتمع يشكل فيه الإسلام عنصراً ثقافياً هاماً,1,no mistake,no correction needed,no correction needed,no answer needed
nuba_wrestling_92.jpg,IBQ,IBQ_Sudan.xlsx,Nuba_Wrestling,تشير إضاءة الصورة إلى أن المباراة تجري في...,أ) منتصف النهار، ب) غروب الشمس، ج) منتصف الليل، د) الفجر,ب) غروب الشمس,1,no mistake,no correction needed,no correction needed,no answer needed
nuba_wrestling_92.jpg,IBQ,IBQ_Sudan.xlsx,Nuba_Wrestling,حشد المتفرجين هو...,أ) صغير ويجلس في ملعب رسمي، ب) تجمع جماهيري كبير جدًا، يجلس معظمه على الأرض، ج) غير موجود، د) مشاهدة الحدث على شاشة كبيرة,ب) تجمع جماهيري كبير جداً، يجلس معظم أفراده على الأرض,1,no mistake,no correction needed,no correction needed,no answer needed
nuba_wrestling_92.jpg,IBQ,IBQ_Sudan.xlsx,Nuba_Wrestling,كيف يتم تعريف حلبة المصارعة؟,أ) بواسطة سياج معدني حديث، ب) بواسطة المتفرجين الجالسين في دائرة كبيرة، ج) بواسطة منصة مرتفعة، د) بواسطة حاجز من الحبال,ب) من قبل المتفرجين الجالسين في دائرة كبيرة,1,no mistake,no correction needed,no correction needed,no answer needed
nuba_wrestling_92.jpg,IBQ,IBQ_Sudan.xlsx,Nuba_Wrestling,ماذا يرتدي المصارعون؟,أ) دروع ثقيلة واقية، ب) ملابس رياضية حديثة تحمل علامات تجارية، ج) سراويل قصيرة بسيطة فاتحة اللون أو مآزر، د) أردية احتفالية مزخرفة,ج) سراويل قصيرة بسيطة فاتحة اللون أو قطع قماش تغطي العورة,1,no mistake,no correction needed,no correction needed,no answer needed
nuba_wrestling_92.jpg,IBQ,IBQ_Sudan.xlsx,Nuba_Wrestling,من هو الرجل الذي يرتدي قميصاً مخططاً ويقف في الحلبة؟,أ) هو المصارع البطل، ب) هو متفرج تدخل، ج) من المرجح أنه الحكم، د) هو مدرب أحد المصارعين,ج) من المرجح أنه الحكم,1,no mistake,no correction needed,no correction needed,no answer needed
nuba_wrestling_92.jpg,IBQ,IBQ_Sudan.xlsx,Nuba_Wrestling,الجو العام الذي تعكسه هذه الصورة هو...,أ) حديثة، تجارية، وسريعة الوتيرة، ب) تقليدية، جماعية، وملحمية، ج) صغيرة، خاصة، وغير رسمية، د) متوترة، عدائية، وغير ودية,ب) تقليدي، جماعي، وملحمي,1,no mistake,no correction needed,no correction needed,no answer needed
nuba_wrestling_92.jpg,IBQ,IBQ_Sudan.xlsx,Nuba_Wrestling,المصارعون في المرحلة الأولى من المباراة، ماذا يفعلون؟,أ) المصافحة، ب) الدوران والاستعداد للاشتباك، ج) الاحتفال بالفوز، د) أخذ استراحة,ب) الدوران والاستعداد للاشتباك,1,no mistake,no correction needed,no correction needed,no answer needed
nuba_wrestling_92.jpg,IBQ,IBQ_Sudan.xlsx,Nuba_Wrestling,تُظهر هذه الصورة أن مصارعة النوبة أكثر من مجرد رياضة، إنها...,أ) وسيلة لتسوية النزاعات القانونية، ب) معلم سياحي رئيسي، ج) جزء أساسي من الحياة الاجتماعية والثقافية للمجتمع، د) تدريب عسكري إلزامي,ج) جزء أساسي من الحياة الاجتماعية والثقافية للمجتمع,1,no mistake,no correction needed,no correction needed,no answer needed
nuba_wrestling_44.jpg,IBQ,IBQ_Sudan.xlsx,Nuba_Wrestling,ماذا يفعل الرجل الموجود في وسط الصورة؟,أ) هو يصارع خصماً، ب) هو يدخل الحلبة أو الساحة، ج) هو جالس ويشاهد المباريات، د) هو حكم مباراة,ب) إنه يدخل الحلبة أو الساحة,1,no mistake,no correction needed,no correction needed,no answer needed
nuba_wrestling_44.jpg,IBQ,IBQ_Sudan.xlsx,Nuba_Wrestling,كيف يمكن تمييز هذا الرجل عن الحشد المحيط به؟,أ) هو الوحيد الجالس، ب) هو مصارع، يُعرف ببنيته الجسدية وملابسه الخفيفة، ج) يرتدي بدلة رسمية، د) هو أكبر سناً بكثير من أي شخص آخر,ب) إنه مصارع، يُعرف ببنيته الجسدية وملابسه الخفيفة.,1,no mistake,no correction needed,no correction needed,no answer needed
nuba_wrestling_44.jpg,IBQ,IBQ_Sudan.xlsx,Nuba_Wrestling,ماذا يفعل الحشد؟,أ) يتجاهلون المصارع، ب) يقفون جميعًا ويهتفون، ج) يجلسون متقاربين ويشاهدون الحدث، د) يشاركون في المصارعة,ج) يجلسون متقاربين، ويشاهدون الحدث,1,no mistake,no correction needed,no correction needed,no answer needed
nuba_wrestling_44.jpg,IBQ,IBQ_Sudan.xlsx,Nuba_Wrestling,ما هو سلوك المصارع أو موقفه؟,أ) متوتر وخائف، ب) حزين ومنهزم، ج) واثق وفخور، د) غاضب وعدواني,ج) واثق وفخور,1,no mistake,no correction needed,no correction needed,no answer needed
nuba_wrestling_44.jpg,IBQ,IBQ_Sudan.xlsx,Nuba_Wrestling,ماذا يرتدي على الجزء السفلي من جسده؟,أ) مئزر تقليدي فقط، ب) شورت رياضي حديث مع جوارب حمراء ضيقة أو شورت ضاغط تحته، ج) بنطال طويل وحذاء برقبة طويلة، د) لا شيء,ب) شورت رياضي عصري مع جوارب ضيقة حمراء أو شورت ضاغط تحته,1,no mistake,no correction needed,no correction needed,no answer needed
nuba_wrestling_44.jpg,IBQ,IBQ_Sudan.xlsx,Nuba_Wrestling,تُبرز هذه الصورة دور المصارع في المجتمع كـ...,أ) زعيم سياسي، ب) شخصية مشهورة أو محور الحدث، ج) حكم، د) متفرج عادي,ب) شخصية مشهورة أو محور الحدث,1,no mistake,no correction needed,no correction needed,no answer needed
nuba_wrestling_44.jpg,IBQ,IBQ_Sudan.xlsx,Nuba_Wrestling,الإضاءة في الصورة هي...,أ) ضوء خافت، قادم من بقعة ضوء واحدة، ب) ضوء طبيعي ناعم، على الأرجح من يوم غائم أو خلال المساء، ج) ضوء شمس قوي في منتصف النهار، د) قادم من نار المخيم,ب) ضوء طبيعي ناعم، غالباً ما يكون ناتجاً عن يوم غائم أو خلال المساء,1,no mistake,no correction needed,no correction needed,no answer needed
nuba_wrestling_44.jpg,IBQ,IBQ_Sudan.xlsx,Nuba_Wrestling,ما الذي يظهر على معصم المصارع الأيسر؟,أ) ساعة، ب) سوار معصم أحمر، ج) ضمادة، د) وشم,ب) سوار معصم أحمر,1,no mistake,no correction needed,no correction needed,no answer needed
nuba_wrestling_44.jpg,IBQ,IBQ_Sudan.xlsx,Nuba_Wrestling,إن طريقة جلوس الجمهور على الأرض، بالقرب الشديد من الحدث، تخلق...,أ) جو رسمي وجاف للغاية، ب) جو حميمي وتفاعلي للغاية، ج) وضع خطير وغير مسيطر عليه، د) بيئة هادئة ونائمة,ب) جو حميمي وتفاعلي للغاية,1,no mistake,no correction needed,no correction needed,no answer needed
nubian_stick_fighting_23.jpg,IBQ,IBQ_Sudan.xlsx,Nubian_Stick_Fighting,هذا النوع من القتال بالعصي، الذي يُمارس أمام معبد قديم، هو فن قتالي تقليدي من أي بلد؟,أ) السودان، ب) إثيوبيا، ج) نيجيريا، د) مصر,د) مصر,1,no mistake,no correction needed,no correction needed,no answer needed
nubian_stick_fighting_23.jpg,IBQ,IBQ_Sudan.xlsx,Nubian_Stick_Fighting,ما هو اسم الرداء الطويل التقليدي الذي يرتديه الممارس؟,أ) توغا، ب) كيمونو، ج) جلابية، د) نقبة,ج) الجلابية,1,no mistake,no correction needed,no correction needed,no answer needed
nubian_stick_fighting_23.jpg,IBQ,IBQ_Sudan.xlsx,Nubian_Stick_Fighting,يُعرف العصا الخشبية الطويلة المستخدمة في هذا الفن القتالي باسم...,أ) أسيجاي، ب) آسا، ج) إيكو، د) بو,ب) آسا,1,no mistake,no correction needed,no correction needed,no answer needed
nubian_stick_fighting_23.jpg,IBQ,IBQ_Sudan.xlsx,Nubian_Stick_Fighting,وضعية الرجل الديناميكية هي جزء من...,أ) الرقص الطقوسي وفنون الدفاع عن النفس، ب) عرض مسرحي حديث، ج) مراسم دينية، د) تمرين إحماء فقط,أ) الرقص الطقوسي وفنون الدفاع عن النفس,1,no mistake,no correction needed,no correction needed,no answer needed
nubian_stick_fighting_23.jpg,IBQ,IBQ_Sudan.xlsx,Nubian_Stick_Fighting,ماذا يفعل الأشخاص الجالسون في الخلفية؟,أ) يشاركون في القتال، ب) يشاهدون العرض أو المباراة، ج) يبيعون التذكارات، د) ينتظرون الحافلة,ب) إنهم يشاهدون العرض أو المباراة,1,no mistake,no correction needed,no correction needed,no answer needed
nubian_stick_fighting_23.jpg,IBQ,IBQ_Sudan.xlsx,Nubian_Stick_Fighting,غطاء الرأس الأبيض الذي يرتديه الرجل هو نوع من...,أ) خوذة، ب) عمامة، ج) قبعة بيسبول، د) تاج,ب) عمامة,1,no mistake,no correction needed,no correction needed,no answer needed
nubian_stick_fighting_23.jpg,IBQ,IBQ_Sudan.xlsx,Nubian_Stick_Fighting,يمكن تتبع أصول التحطب إلى...,أ) القرن العشرون، ب) الإمبراطورية الرومانية، ج) مصر القديمة، مع النقوش البارزة الموجودة في المقابر، د) أوروبا في العصور الوسطى,ج) مصر القديمة، مع نقوش بارزة وُجدت في المقابر,1,no mistake,no correction needed,no correction needed,no answer needed
nubian_stick_fighting_23.jpg,IBQ,IBQ_Sudan.xlsx,Nubian_Stick_Fighting,يُقام هذا العرض في...,أ) حقل عشبي، ب) ساحة عامة أو فناء مرصوف، ج) صحراء رملية، د) فسحة غابية,ب) ساحة عامة مرصوفة أو فناء,1,no mistake,no correction needed,no correction needed,no answer needed
nubian_stick_fighting_23.jpg,IBQ,IBQ_Sudan.xlsx,Nubian_Stick_Fighting,ماذا يفعل الرجل الموجود في أقصى اليمين؟,أ) هو يشارك في القتال، ب) هو يصور أو يلتقط صورة للحدث، ج) هو نائم، د) هو يعزف على آلة موسيقية,ب) يقوم بتصوير الحدث أو التقاط صورة له,1,no mistake,no correction needed,no correction needed,no answer needed
nubian_stick_fighting_23.jpg,IBQ,IBQ_Sudan.xlsx,Nubian_Stick_Fighting,"تعترف اليونسكو بـ""تحبت"" باعتبارها...",أ) أخطر رياضة في العالم، ب) تراث ثقافي غير مادي للبشرية، ج) رياضة أولمبية، د) شكل من أشكال التأمل,ب) التراث الثقافي غير المادي للبشرية,1,no mistake,no correction needed,no correction needed,no answer needed
nubian_stick_fighting_18.jpg,IBQ,IBQ_Sudan.xlsx,Nubian_Stick_Fighting,ما هو المعلم البارز الظاهر في خلفية هذه الصورة؟,أ) برج إيفل، ب) الكولوسيوم، ج) الهرم الأكبر في الجيزة، د) تاج محل,ج) الهرم الأكبر في الجيزة,1,no mistake,no correction needed,no correction needed,no answer needed
nubian_stick_fighting_18.jpg,IBQ,IBQ_Sudan.xlsx,Nubian_Stick_Fighting,يمارس الرجلان نوعًا من القتال بالعصي يسمى...,أ) مصارعة النوبة، ب) قتال الزولو بالعصا، ج) التحطيب، د) الكابويرا,ج) التحييد,1,no mistake,no correction needed,no correction needed,no answer needed
nubian_stick_fighting_18.jpg,IBQ,IBQ_Sudan.xlsx,Nubian_Stick_Fighting,ما الغرض من الأوشحة الحمراء التي يرتديها الرجال؟,أ) هي للزينة فقط، ب) يمكن أن تكون جزءًا من الزي الرسمي التقليدي وتدل على الرتبة أو الانتماء، ج) تُستخدم لحمل الأسلحة، د) هي نوع من ضمادات الإسعافات الأولية,ب) يمكن أن تكون جزءًا من الزي الرسمي التقليدي وتدل على الرتبة أو الانتماء.,1,no mistake,no correction needed,no correction needed,no answer needed
nubian_stick_fighting_18.jpg,IBQ,IBQ_Sudan.xlsx,Nubian_Stick_Fighting,يُطلق على السلاح الخشبي الطويل الذي يستخدمونه اسم...,أ) عصا إسكريما، ب) جو، ج) آسا، د) كوارترستاف,ج) آسا,0,"The question asks for the name of the long wooden weapon, and the correct answer 'آسا' (asa) is a Japanese weapon. The image clearly shows someone practicing Eskrima, which uses 'عصا إسكريما' (uska iskrimā) or 'bastón'. The question and answer do not align with the visual context provided.",يُطلق على السلاح الخشبي الطويل الذي يستخدمونه في رياضة الإسكريما اسم...,"['أ) عصا إسكريما', 'ب) جو', 'ج) آسا', 'د) كوارترستاف']",أ) عصا إسكريما
nubian_stick_fighting_18.jpg,IBQ,IBQ_Sudan.xlsx,Nubian_Stick_Fighting,تُظهر هذه الصورة...,أ) معركة تاريخية قديمة، ب) جلسة تدريب حديثة لفن قتالي تقليدي، ج) مشهد من فيلم، د) إعادة تمثيل تاريخي للسياح,ب) جلسة تدريب حديثة لفن قتالي تقليدي,1,no mistake,no correction needed,no correction needed,no answer needed
nubian_stick_fighting_18.jpg,IBQ,IBQ_Sudan.xlsx,Nubian_Stick_Fighting,كيف يمسك الرجل الموجود على اليمين عصاه؟,أ) مسكة بيد واحدة في النهاية، ب) مسكة بكلتا اليدين في المنتصف، ج) مسكة بيد واحدة في المنتصف، د) هو لا يمسكها,ج) مسكة بيد واحدة في المنتصف,1,no mistake,no correction needed,no correction needed,no answer needed
nubian_stick_fighting_18.jpg,IBQ,IBQ_Sudan.xlsx,Nubian_Stick_Fighting,مكان إجراء هذه الجلسة التدريبية هو...,أ) صحراء، ب) حديقة عامة، ج) سطح مبنى، د) ساحة رسمية,ج) سطح المنزل,0,The correct answer 'ج) سطح المنزل' (rooftop of a house) is incorrect based on the image. The training session is clearly taking place in a desert landscape with the pyramids in the background. The question asks about the location of the training session.,مكان إجراء هذه الجلسة التدريبية هو...,أ) صحراء، ب) حديقة عامة، ج) سطح مبنى، د) صالة رياضية,أ) صحراء
nubian_stick_fighting_18.jpg,IBQ,IBQ_Sudan.xlsx,Nubian_Stick_Fighting,الرجل الموجود على اليسار في وضعية توحي بأنه...,أ) على وشك الهجوم من الأعلى، ب) الدفاع ضد ضربة عالية، ج) الاستراحة، د) الاستسلام,أ) على وشك الضرب من الأعلى,1,no mistake,no correction needed,no correction needed,no answer needed
nubian_stick_fighting_18.jpg,IBQ,IBQ_Sudan.xlsx,Nubian_Stick_Fighting,تشير التعابير الودية ولكن المركزة على وجوه الرجال إلى أن هذا...,أ) قتال حتى الموت، ب) جلسة تدريب أو نزال، ج) جدال حاد، د) عرض راقص,ب) جلسة تدريب أو نزال,1,no mistake,no correction needed,no correction needed,no answer needed
nubian_stick_fighting_18.jpg,IBQ,IBQ_Sudan.xlsx,Nubian_Stick_Fighting,تُظهر هذه الصورة أن فنون الدفاع عن النفس التقليدية مثل التحطيب هي...,أ) لم تعد تُمارس، ب) تُمارس فقط بشكلها الأصلي القديم، ج) يحافظ عليها الممارسون المعاصرون، د) جزء منسي من التاريخ,ج) حافظ عليها الممارسون المعاصرون,1,no mistake,no correction needed,no correction needed,no answer needed
nubian_stick_fighting_4.jpg,IBQ,IBQ_Sudan.xlsx,Nubian_Stick_Fighting,تُظهر هذه الصورة شكلاً من أشكال القتال بالعصي، وهو فن تقليدي في أي منطقة من أفريقيا؟,أ) شمال أفريقيا (مثل مصر)، ب) غرب أفريقيا (مثل نيجيريا)، ج) جنوب أفريقيا (مثل جنوب أفريقيا، زولولاند)، د) شرق أفريقيا (مثل إثيوبيا),ج) جنوب أفريقيا (على سبيل المثال، جنوب أفريقيا، زولولاند),1,no mistake,no correction needed,no correction needed,no answer needed
nubian_stick_fighting_4.jpg,IBQ,IBQ_Sudan.xlsx,Nubian_Stick_Fighting,ما اسم الدرع الصغير الذي يحمله المقاتل على اليمين؟,أ) الترس، ب) الإيهاو، ج) الدرع، د) التارج,ب) أن إيهاو,1,no mistake,no correction needed,no correction needed,no answer needed
nubian_stick_fighting_4.jpg,IBQ,IBQ_Sudan.xlsx,Nubian_Stick_Fighting,بالإضافة إلى عصا القتال الطويلة (إندوكو)، ما هو الشيء الآخر الذي يحمله المقاتل على اليمين؟,أ) عصا صغيرة للصد (إسيخويلي)، ب) رمح، ج) سكين، د) حبل,أ) عصا أصغر للصد (إيسيكويلى),1,no mistake,no correction needed,no correction needed,no answer needed
nubian_stick_fighting_4.jpg,IBQ,IBQ_Sudan.xlsx,Nubian_Stick_Fighting,تُظهر الخلفية منازل تقليدية ذات شكل مميز. هذه هي...,أ) منازل حديثة مبنية من الطوب، ب) أكواخ مسقوفة بالقش في حظيرة الماشية أو المزرعة، ج) الخيام، د) أكواخ خشبية,ب) أكواخ ذات أسقف من القش في حظيرة الماشية أو المزرعة,0,"The question asks about traditional houses, but the image shows people practicing a traditional fight with traditional huts in the background, which are not thatched cottages found in livestock or farm enclosures. The question and answer don't align with the image.",تُظهر الخلفية أكواخًا تقليدية. هذه هي...,"['أ) منازل حديثة مبنية من الطوب', 'ب) أكواخ ذات أسقف مستديرة تقليدية', 'ج) خيام', 'د) أكواخ خشبية']",ب) أكواخ ذات أسقف مستديرة تقليدية
nubian_stick_fighting_4.jpg,IBQ,IBQ_Sudan.xlsx,Nubian_Stick_Fighting,كان هذا النوع من القتال بالعصي تقليديًا وسيلة للشباب لـ...,أ) تسوية النزاعات القانونية، ب) إثبات رجولتهم وكسب الاحترام، ج) البحث عن الطعام، د) استضافة الزوار الأجانب,ب) لإثبات رجولتهم وكسب الاحترام,1,no mistake,no correction needed,no correction needed,no answer needed
nubian_stick_fighting_4.jpg,IBQ,IBQ_Sudan.xlsx,Nubian_Stick_Fighting,موقف المقاتلين هو...,أ) منتصبة ومتصلبة، ب) منخفضة وعريضة وديناميكية، ج) جالسة على الأرض، د) مسترخية وعفوية,ب) منخفض، واسع، وديناميكي,1,no mistake,no correction needed,no correction needed,no answer needed
nubian_stick_fighting_4.jpg,IBQ,IBQ_Sudan.xlsx,Nubian_Stick_Fighting,يرتدي المقاتلون ملابس تقليدية مصنوعة من...,أ) قماش منسوج، ب) جلود وفراء الحيوانات، ج) أقمشة صناعية حديثة، د) دروع معدنية,ب) جلود وفراء الحيوانات,1,no mistake,no correction needed,no correction needed,no answer needed
nubian_stick_fighting_4.jpg,IBQ,IBQ_Sudan.xlsx,Nubian_Stick_Fighting,غالباً ما يوصف هذا النوع من القتال بأنه...,أ) رقصة قتالية، ب) طقوس بطيئة الإيقاع، ج) رياضة لا تتطلب احتكاكًا جسديًا، د) اختراع حديث,"أ) رقصة ""قتالية""",1,no mistake,no correction needed,no correction needed,no answer needed
nubian_stick_fighting_4.jpg,IBQ,IBQ_Sudan.xlsx,Nubian_Stick_Fighting,يتنافس المقاتلون...,أ) مع أحذية ثقيلة، ب) حافي القدمين، ج) مع أحذية رياضية حديثة، د) مع الصنادل,ب) حافي القدمين,1,no mistake,no correction needed,no correction needed,no answer needed
nubian_stick_fighting_4.jpg,IBQ,IBQ_Sudan.xlsx,Nubian_Stick_Fighting,هذه الصورة تجسد...,أ) حدث رياضي حديث ترعاه الدولة، ب) تقليد ثقافي عريق، ج) مشهد من فيلم، د) تدريب عسكري,ب) تقليد ثقافي خالد,1,no mistake,no correction needed,no correction needed,no answer needed
nubian_stick_fighting_2.jpg,IBQ,IBQ_Sudan.xlsx,Nubian_Stick_Fighting,لا تُظهر هذه الصورة القوية بالأبيض والأسود القتال بالعصي، بل تُظهر أي فنون قتالية سودانية أخرى؟,أ) التحطب، ب) مصارعة النوبة، ج) الكيك بوكسينغ، د) الرماية,ب) مصارعة النوبة,1,no mistake,no correction needed,no correction needed,no answer needed
nubian_stick_fighting_2.jpg,IBQ,IBQ_Sudan.xlsx,Nubian_Stick_Fighting,ما هو الحدث الرئيسي الذي يحدث في مركز الصورة؟,أ) يتبادل مقاتلان الضرب بالعصي، ب) يقوم مصارع بتنفيذ رمية بهلوانية قوية، ج) يتصافح المتنافسان، د) يتم أداء رقصة طقسية,ب) يقوم مصارع بتنفيذ رمية قوية بهلوانية,1,no mistake,no correction needed,no correction needed,no answer needed
nubian_stick_fighting_2.jpg,IBQ,IBQ_Sudan.xlsx,Nubian_Stick_Fighting,يشير تنسيق الصورة بالأبيض والأسود والزي التقليدي إلى أن هذه الصورة...,أ) صورة حديثة مع فلتر، ب) وثيقة تاريخية عن الرياضة، ج) صورة مُعدّة لمجلة، د) لقطة من فيلم حديث,ب) وثيقة تاريخية عن الرياضة,1,no mistake,no correction needed,no correction needed,no answer needed
nubian_stick_fighting_2.jpg,IBQ,IBQ_Sudan.xlsx,Nubian_Stick_Fighting,الأشخاص المحيطون بالمصارعين هم...,أ) مصارعون آخرون وأفراد من المجتمع المحلي، ب) الشرطة التي تحاول إيقاف الشجار، ج) سياح، د) فرق متنافسة ترتدي زياً عصرياً,أ) مصارعون آخرون وأفراد من المجتمع,1,no mistake,no correction needed,no correction needed,no answer needed
nubian_stick_fighting_2.jpg,IBQ,IBQ_Sudan.xlsx,Nubian_Stick_Fighting,ما هو الهدف من الرمية التي يتم تنفيذها؟,أ) إنزال الخصم على قدميه، ب) جعل ظهر الخصم يلامس الأرض، ج) إخراج الخصم من الدائرة، د) إبقاء الخصم في الهواء لأطول فترة ممكنة,ب) لجعل ظهر الخصم يلامس الأرض,1,no mistake,no correction needed,no correction needed,no answer needed
nubian_stick_fighting_2.jpg,IBQ,IBQ_Sudan.xlsx,Nubian_Stick_Fighting,المصارع الذي يتم طرحه يرتدي...,أ) شورت رياضي عصري، ب) مئزر تقليدي منقوش ومزخرف، ج) بنطال جلدي ثقيل، د) لا شيء,ب) مئزر تقليدي مزخرف وزينة,1,no mistake,no correction needed,no correction needed,no answer needed
nubian_stick_fighting_2.jpg,IBQ,IBQ_Sudan.xlsx,Nubian_Stick_Fighting,تُبرز هذه الصورة __________ مصارعة النوبة.,أ) طبيعة بطيئة ومنهجية، ب) انعدام الاحتكاك الجسدي، ج) لياقة بدنية عالية وديناميكية فائقة، د) استخدام الأسلحة,ج) القدرة الرياضية العالية والديناميكية,1,no mistake,no correction needed,no correction needed,no answer needed
nubian_stick_fighting_2.jpg,IBQ,IBQ_Sudan.xlsx,Nubian_Stick_Fighting,من أي زاوية التُقطت الصورة؟,أ) زاوية عالية، تنظر إلى الأسفل، ب) زاوية منخفضة، تنظر إلى الأعلى، ج) من مسافة بعيدة جدًا، د) من خلف الحشد,ب) زاوية منخفضة، مع النظر إلى أعلى,1,no mistake,no correction needed,no correction needed,no answer needed
nubian_stick_fighting_2.jpg,IBQ,IBQ_Sudan.xlsx,Nubian_Stick_Fighting,إن غياب حلقة رسمية أو حواجز يدل على أن هذا...,أ) مباراة بطولة حديثة، ب) مباراة تقليدية على طريقة القرى، ج) جلسة تدريب خاصة، د) قتال غير قانوني وغير مرخص,ب) مباراة تقليدية على طراز القرية,1,no mistake,no correction needed,no correction needed,no answer needed
nubian_stick_fighting_2.jpg,IBQ,IBQ_Sudan.xlsx,Nubian_Stick_Fighting,يساهم التباين العالي للصورة بالأبيض والأسود في...,أ) إخفاء تفاصيل الحدث، ب) إبراز قوة عضلات المصارعين والطاقة الهائلة للحظة، ج) جعل المشهد يبدو هادئًا وساكنًا، د) إظهار أن الحدث يجري ليلًا,ب) للتأكيد على قوة عضلات المصارعين والطاقة الخام للحظة,1,no mistake,no correction needed,no correction needed,no answer needed
nubian_stick_fighting_11.jpg,IBQ,IBQ_Sudan.xlsx,Nubian_Stick_Fighting,يُعد هذا النوع من القتال بالعصي تقليديًا في ثقافات المحاربين في أي منطقة من أفريقيا؟,أ) شمال أفريقيا، ب) غرب أفريقيا، ج) جنوب أفريقيا، د) شرق أفريقيا (مثل كينيا وتنزانيا),د) شرق أفريقيا (على سبيل المثال، كينيا، تنزانيا),1,no mistake,no correction needed,no correction needed,no answer needed
nubian_stick_fighting_11.jpg,IBQ,IBQ_Sudan.xlsx,Nubian_Stick_Fighting,ماذا يرتدي الرجل الموجود على اليسار؟,أ) بدلة رسمية، ب) قطعة قماش حمراء مربعة تقليدية تُعرف باسم الشوكا، ج) معطف شتوي ثقيل، د) زي مصارع,ب) قطعة قماش حمراء مربعة تقليدية تُعرف باسم الشوكا,1,no mistake,no correction needed,no correction needed,no answer needed
nubian_stick_fighting_11.jpg,IBQ,IBQ_Sudan.xlsx,Nubian_Stick_Fighting,ما هي الأسلحة التي يستخدمها المقاتلون؟,أ) الرماح الطويلة، ب) السيوف، ج) العصي الخشبية الطويلة والرفيعة، د) الأقواس والسهام,ج) عصي ​​أو عصي خشبية طويلة ورفيعة,1,no mistake,no correction needed,no correction needed,no answer needed
nubian_stick_fighting_11.jpg,IBQ,IBQ_Sudan.xlsx,Nubian_Stick_Fighting,ما هو سياق هذه المواجهة؟,أ) مدينة حديثة، ب) غابة كثيفة، ج) سافانا مفتوحة قاحلة بأشجار السنط، د) شاطئ,ج) سافانا مفتوحة وجافة بها أشجار السنط,1,no mistake,no correction needed,no correction needed,no answer needed
nubian_stick_fighting_11.jpg,IBQ,IBQ_Sudan.xlsx,Nubian_Stick_Fighting,كان هذا النوع من القتال بالعصي يُستخدم تقليديًا من أجل...,أ) تسوية النزاعات وكطقس عبور للمحاربين الشباب، ب) رعي الماشية فقط، ج) شكل من أشكال الترفيه للسياح، د) احتفال ديني,أ) لتسوية النزاعات وكطقس عبور للمحاربين الشباب,1,no mistake,no correction needed,no correction needed,no answer needed
nubian_stick_fighting_11.jpg,IBQ,IBQ_Sudan.xlsx,Nubian_Stick_Fighting,ماذا يُظهر الوضع الديناميكي لكلا المقاتلين؟,أ) إنهم متعبون وعلى وشك الراحة، ب) إنهم منخرطون في قتال رياضي سريع الوتيرة، ج) إنهم يؤدون رقصة بطيئة ورسمية، د) إنهم يتخذون وضعية لالتقاط صورة,ب) إنهم يخوضون قتالاً رياضياً وسريعاً.,1,no mistake,no correction needed,no correction needed,no answer needed
nubian_stick_fighting_11.jpg,IBQ,IBQ_Sudan.xlsx,Nubian_Stick_Fighting,المقاتل الموجود على اليسار بصدد...,أ) تفادي الضربة أو الابتعاد عنها، ب) توجيه ضربة عالية، ج) الثبات في مكانه، د) السقوط,أ) تفادي الضربة أو الابتعاد عنها,1,no mistake,no correction needed,no correction needed,no answer needed
nubian_stick_fighting_11.jpg,IBQ,IBQ_Sudan.xlsx,Nubian_Stick_Fighting,تجسد هذه الصورة فنًا قتاليًا مرتبطًا ارتباطًا وثيقًا بـ...,أ) نمط حياة حضري حديث، ب) ثقافة بحرية، ج) ثقافة رعوية محاربة، د) اقتصاد صناعي قائم على المصانع,ج) ثقافة الرعاة والمحاربين,1,no mistake,no correction needed,no correction needed,no answer needed
nubian_stick_fighting_11.jpg,IBQ,IBQ_Sudan.xlsx,Nubian_Stick_Fighting,المقاتل على اليمين هو...,أ) الاستسلام، ب) اتخاذ وضعية هجومية قوية، وتوجيه ضربة من الأعلى، ج) النظر بعيدًا عن القتال، د) استخدام درع,ب) في وضعية هجومية قوية، يوجه ضربة من الأعلى,1,no mistake,no correction needed,no correction needed,no answer needed
nubian_stick_fighting_11.jpg,IBQ,IBQ_Sudan.xlsx,Nubian_Stick_Fighting,إن الغبار الذي تثيره أقدامهم يدل على...,أ) الأرض مبتلة، ب) شدة وسرعة حركتهم، ج) الجو عاصف للغاية، د) القتال ليس حقيقياً,ب) شدة وسرعة حركتهم,1,no mistake,no correction needed,no correction needed,no answer needed
nubian_stick_fighting_5.jpg,IBQ,IBQ_Sudan.xlsx,Nubian_Stick_Fighting,تُظهر هذه الصورة التاريخية مشهداً فوضوياً. ما هي فنون الدفاع عن النفس التي يتم ممارستها؟,أ) القتال بالعصي، ب) مصارعة النوبة، ج) الرماية، د) نوع من أنواع الملاكمة,ب) مصارعة النوبة,1,no mistake,no correction needed,no correction needed,no answer needed
nubian_stick_fighting_5.jpg,IBQ,IBQ_Sudan.xlsx,Nubian_Stick_Fighting,ما هو الحدث الرئيسي الذي تقوم به الشخصيتان الرئيسيتان؟,أ) يتبادلان الضرب بالرماح، ب) يتشاجران، ج) يؤديان رقصة بالعصي، د) يتصافحان,ب) إنهم متشابكون في قبضة,0,"The provided answer is incorrect. While they are physically engaged, they are clearly wrestling or grappling, not just 'in a grip'. The options are also not the best fit to describe the image.",ماذا يفعل الشخصان الرئيسيان في الصورة؟,"['أ) يتبادلان الضرب بالرماح', 'ب) يتصارعان', 'ج) يؤديان رقصة بالعصي', 'د) يتصافحان']",ب) يتصارعان
nubian_stick_fighting_5.jpg,IBQ,IBQ_Sudan.xlsx,Nubian_Stick_Fighting,ما هي أبرز سمات زي المصارعين؟,أ) يرتدون ملابس رياضية حديثة، ب) يرتدون زينة احتفالية وطقوسية للغاية، ج) يرتدون دروعًا ثقيلة، د) يرتدون مآزر بسيطة,ب) إنهم يرتدون زينة احتفالية وطقوسية للغاية,1,no mistake,no correction needed,no correction needed,no answer needed
nubian_stick_fighting_5.jpg,IBQ,IBQ_Sudan.xlsx,Nubian_Stick_Fighting,ماذا يعني ضبابية الحركة في الصورة؟,أ) كانت الكاميرا رديئة الجودة، ب) الحركة السريعة والفوضوية والعنيفة للحدث، ج) كان الحدث يجري ببطء شديد، د) كان المصور بعيدًا,ب) الحركة الشديدة والفوضوية والسريعة للحدث,1,no mistake,no correction needed,no correction needed,no answer needed
nubian_stick_fighting_5.jpg,IBQ,IBQ_Sudan.xlsx,Nubian_Stick_Fighting,يبدو أن الرجال المحيطين بالمصارعين...,أ) مصارعون منافسون يحاولون التدخل، ب) مسؤولون أو شيوخ، بعضهم يحمل مراوح يدوية، يشرفون على الطقوس، ج) متفرجون اقتحموا الحلبة، د) الشرطة,ب) مسؤولون أو شيوخ، بعضهم يحمل مراوح يدوية، يشرفون على الطقوس,1,no mistake,no correction needed,no correction needed,no answer needed
nubian_stick_fighting_5.jpg,IBQ,IBQ_Sudan.xlsx,Nubian_Stick_Fighting,جو المشهد هو...,أ) هادئ وسلمي، ب) مكثف وفوضوي وروحي، ج) حزين ومحزن، د) منظم ومرتب,ب) مكثف، وفوضوي، وروحي,1,no mistake,no correction needed,no correction needed,no answer needed
nubian_stick_fighting_5.jpg,IBQ,IBQ_Sudan.xlsx,Nubian_Stick_Fighting,الصورة بالأبيض والأسود، مما يوحي بأنها...,أ) صورة حديثة مع فلتر، ب) وثيقة تاريخية لحفل تقليدي، ج) لقطة من فيلم، د) صورة ليلية,ب) وثيقة تاريخية لحفل تقليدي,1,no mistake,no correction needed,no correction needed,no answer needed
nubian_stick_fighting_5.jpg,IBQ,IBQ_Sudan.xlsx,Nubian_Stick_Fighting,تؤكد هذه الصورة أن مصارعة النوبة ليست مجرد رياضة، بل هي أيضاً...,أ) شكل من أشكال التجارة، ب) طقس معقد، ج) طريقة لتسوية النزاعات القانونية، د) اختراع حديث,ب) طقوس معقدة,1,no mistake,no correction needed,no correction needed,no answer needed
nubian_stick_fighting_5.jpg,IBQ,IBQ_Sudan.xlsx,Nubian_Stick_Fighting,الأشياء التي يرتديها المصارعون على كواحلهم هي...,أ) دعامات رياضية حديثة، ب) خلاخيل مزخرفة بالريش أو الفرو، ج) أوزان للتدريب، د) أجهزة تتبع إلكترونية,ب) خلخال مزخرف بالريش أو الفرو,1,no mistake,no correction needed,no correction needed,no answer needed
nubian_stick_fighting_5.jpg,IBQ,IBQ_Sudan.xlsx,Nubian_Stick_Fighting,يُضفي الهواء الضبابي والمغبر مزيداً من الجمال على الصورة...,أ) الشعور بالنظام والنظافة، ب) جمالية عصرية، ج) شعور بالخلود والروحانية، د) الشعور بالتواجد في مكان مغلق,ج) شعور خالد وغير مألوف,1,no mistake,no correction needed,no correction needed,no answer needed
nubian_stick_fighting_7.jpg,IBQ,IBQ_Sudan.xlsx,Nubian_Stick_Fighting,ما هو الفن القتالي السوداني الذي تُظهره هذه الصورة التاريخية بالأبيض والأسود؟,أ) التحطب، ب) مصارعة النوبة، ج) القتال بالعصي، د) نوع من أنواع الملاكمة,ب) مصارعة النوبة,1,no mistake,no correction needed,no correction needed,no answer needed
nubian_stick_fighting_7.jpg,IBQ,IBQ_Sudan.xlsx,Nubian_Stick_Fighting,كم عدد المشاركين النشطين الموجودين في مركز الدائرة؟,أ) واحد، ب) اثنان، ج) ثلاثة، د) أربعة,د) أربعة,1,no mistake,no correction needed,no correction needed,no answer needed
nubian_stick_fighting_7.jpg,IBQ,IBQ_Sudan.xlsx,Nubian_Stick_Fighting,ما هو مكان انعقاد هذا الحدث؟,أ) ملعب حديث مُسيّج، ب) ساحة قرية تقليدية محاطة بالسكان، ج) صالة رياضية داخلية، د) غابة كثيفة,ب) ساحة قرية تقليدية محاطة بالمجتمع,1,no mistake,no correction needed,no correction needed,no answer needed
nubian_stick_fighting_7.jpg,IBQ,IBQ_Sudan.xlsx,Nubian_Stick_Fighting,ما نوع الملابس التي يرتديها المصارعون؟,أ) أردية ثقيلة، ب) زي رياضي حديث، ج) سراويل قصيرة بسيطة أو مآزر، بعضها مزين بزخارف على الساق، د) لا شيء على الإطلاق,ج) سراويل قصيرة بسيطة أو مآزر، بعضها مزين بزخارف على الساقين,1,no mistake,no correction needed,no correction needed,no answer needed
nubian_stick_fighting_7.jpg,IBQ,IBQ_Sudan.xlsx,Nubian_Stick_Fighting,المصارعان على اليسار هما...,أ) المصافحة، ب) في اشتباك قوي ومنخفض، ج) أداء رقصة، د) الراحة,ب) في اشتباك منخفض وقوي,1,no mistake,no correction needed,no correction needed,no answer needed
nubian_stick_fighting_7.jpg,IBQ,IBQ_Sudan.xlsx,Nubian_Stick_Fighting,ماذا يرمز إليه هذا الحشد الكبير والكثيف؟,أ) هذه الرياضة ليست شائعة جدًا، ب) مباراة المصارعة حدث اجتماعي رئيسي للمجتمع، ج) الناس ينتظرون بدء حدث آخر، د) الصورة لسوق، وليست لمباراة مصارعة,ب) تُعتبر مباراة المصارعة حدثًا اجتماعيًا رئيسيًا للمجتمع.,1,no mistake,no correction needed,no correction needed,no answer needed
nubian_stick_fighting_7.jpg,IBQ,IBQ_Sudan.xlsx,Nubian_Stick_Fighting,في أي مرحلة من المباراة يقف الرجلان الموجودان على اليمين؟,أ) لقد انتهيا للتو من مباراتهما، ب) هما في وضعية اشتباك عنيف، ج) هما في المرحلة التمهيدية قبل الاشتباك، د) أحدهما يهنئ الآخر على الفوز,ج) إنهم في المرحلة الأولية، مرحلة ما قبل الخطوبة,1,no mistake,no correction needed,no correction needed,no answer needed
nubian_stick_fighting_7.jpg,IBQ,IBQ_Sudan.xlsx,Nubian_Stick_Fighting,يشير غياب الحكم في محيط المصارعين إلى...,أ) القواعد غير مهمة، ب) قد يُدير المباريات كبار السن من الجمهور أو قد تُدار ذاتيًا، ج) الحكم في استراحة، د) إنها معركة بلا قواعد,ب) قد يُدير المباريات كبار السن من بين الجمهور أو قد تُدار ذاتيًا,1,no mistake,no correction needed,no correction needed,no answer needed
nubian_stick_fighting_7.jpg,IBQ,IBQ_Sudan.xlsx,Nubian_Stick_Fighting,تُعد هذه الصورة وثيقة تاريخية قيّمة لـ...,أ) تحديث السودان، ب) الحياة الثقافية لشعب النوبة، ج) الممارسات الزراعية في المنطقة، د) النظام السياسي للسودان في القرن العشرين,ب) الحياة الثقافية لشعب النوبة,1,no mistake,no correction needed,no correction needed,no answer needed
nubian_stick_fighting_21.jpg,IBQ,IBQ_Sudan.xlsx,Nubian_Stick_Fighting,ما هو الفن القتالي الذي يمارسه الرجل الموجود في المقدمة؟,أ) مصارعة النوبة، ب) قتال الزولو بالعصا، ج) التحطيب المصري، د) الكابويرا,ج) التحطب المصري,1,no mistake,no correction needed,no correction needed,no answer needed
nubian_stick_fighting_21.jpg,IBQ,IBQ_Sudan.xlsx,Nubian_Stick_Fighting,ما هي وضعية الرجل؟,أ) هو واقف ساكناً ويستريح، ب) هو في وضعية ديناميكية تشبه الرقص، رافعاً العصا عالياً، ج) هو جالس على الأرض، د) هو ينحني للجمهور,ب) إنه في وضعية ديناميكية تشبه الرقص، ويرفع العصا عالياً,1,no mistake,no correction needed,no correction needed,no answer needed
nubian_stick_fighting_21.jpg,IBQ,IBQ_Sudan.xlsx,Nubian_Stick_Fighting,ما هي خلفية هذا المشهد؟,أ) أهرامات الجيزة، ب) مدينة حديثة، ج) المعابد القديمة في الأقصر أو الكرنك، د) واحة صحراوية,ج) المعابد القديمة في الأقصر أو الكرنك,1,no mistake,no correction needed,no correction needed,no answer needed
nubian_stick_fighting_21.jpg,IBQ,IBQ_Sudan.xlsx,Nubian_Stick_Fighting,ماذا يفعل الأشخاص الموجودون في الخلفية؟,أ) إنهم نائمون، ب) إنهم يراقبون الطبيب، ج) إنهم يمارسون الزراعة، د) إنهم يهربون,ب) إنهم يراقبون الممارس,1,no mistake,no correction needed,no correction needed,no answer needed
nubian_stick_fighting_21.jpg,IBQ,IBQ_Sudan.xlsx,Nubian_Stick_Fighting,"عادةً ما تُصنع العصا الطويلة، أو ""آسا""، من...",أ) معدن، ب) بلاستيك، ج) خيزران أو قصب، د) زجاج,ج) الروطان أو الخيزران,1,no mistake,no correction needed,no correction needed,no answer needed
nubian_stick_fighting_21.jpg,IBQ,IBQ_Sudan.xlsx,Nubian_Stick_Fighting,غالباً ما يتم أداء التحطيب على أنغام...,أ) الصمت، ب) موسيقى البوب ​​المسجلة، ج) الموسيقى الحية التقليدية، د) صوت الرياح,ج) الموسيقى الحية التقليدية,1,no mistake,no correction needed,no correction needed,no answer needed
nubian_stick_fighting_21.jpg,IBQ,IBQ_Sudan.xlsx,Nubian_Stick_Fighting,إن لباس الممارس، الجلابية، مناسب تمامًا لـ...,أ) مناخ بارد ومثلج، ب) مناخ حار، لأنه خفيف ويسمح بتدوير الهواء، ج) السباحة، د) المنافسات الرياضية الحديثة,ب) المناخ الحار، لأنه خفيف ويسمح بتدوير الهواء,1,no mistake,no correction needed,no correction needed,no answer needed
nubian_stick_fighting_21.jpg,IBQ,IBQ_Sudan.xlsx,Nubian_Stick_Fighting,يبدو أن هذا الحدث...,أ) جلسة تدريب سرية، ب) شجار عنيف في الشارع، ج) عرض أو مظاهرة عامة، د) شعيرة دينية,ج) عرض أو استعراض عام,1,no mistake,no correction needed,no correction needed,no answer needed
nubian_stick_fighting_21.jpg,IBQ,IBQ_Sudan.xlsx,Nubian_Stick_Fighting,تطور فن التحطب من...,أ) تدريب عسكري قديم، ب) نوع من الرقص الشعبي، ج) أداة يستخدمها المزارعون لرعي الحيوانات، د) جميع ما سبق,د) جميع ما سبق,1,no mistake,no correction needed,no correction needed,no answer needed
nubian_stick_fighting_21.jpg,IBQ,IBQ_Sudan.xlsx,Nubian_Stick_Fighting,يُظهر التركيز الشديد للممارس أن التحطب يتطلب...,أ) مهارة قليلة جدًا، ب) القوة البدنية فقط، ج) درجة عالية من التركيز والمهارة، د) صوت عالٍ,ج) درجة عالية من التركيز والمهارة,1,no mistake,no correction needed,no correction needed,no answer needed
nubian_stick_fighting_28.jpg,IBQ,IBQ_Sudan.xlsx,Nubian_Stick_Fighting,يُطلق على فنون القتال التي تُمارس هنا، والتي يتقاتل فيها رجلان يرتديان أردية بعصي طويلة، اسم...,أ) مصارعة النوبة، ب) المبارزة، ج) التحطيب، د) الكندو,ج) التحييد,0,"The correct answer provided (ج) التحييد is incorrect. Based on the image, the depicted martial art is التحطيب (stick fighting). Also, the correct answer should be التحطيب not التحييد. There is a typo in the correct answer.",يُطلق على فنون القتال التي تُمارس هنا، والتي يتقاتل فيها رجلان يرتديان أردية بعصي طويلة، اسم...,"['أ) مصارعة النوبة', 'ب) المبارزة', 'ج) التحطيب', 'د) الكندو']",ج) التحطيب
nubian_stick_fighting_28.jpg,IBQ,IBQ_Sudan.xlsx,Nubian_Stick_Fighting,كيف تتم إضاءة المشهد؟,أ) تحت ضوء القمر المكتمل، ب) بجانب نار المخيم، ج) بإضاءة اصطناعية بسيطة، د) غير مضاءة؛ استخدمت الصورة فلاشًا,ج) بواسطة إضاءة اصطناعية بسيطة,1,no mistake,no correction needed,no correction needed,no answer needed
nubian_stick_fighting_28.jpg,IBQ,IBQ_Sudan.xlsx,Nubian_Stick_Fighting,ماذا يرتدي المقاتلان؟,أ) ملابس رياضية حديثة، ب) أثواب تقليدية طويلة (جلابية)، ج) دروع ثقيلة، د) جلود الحيوانات,ب) الجلابيب التقليدية الطويلة,1,no mistake,no correction needed,no correction needed,no answer needed
nubian_stick_fighting_28.jpg,IBQ,IBQ_Sudan.xlsx,Nubian_Stick_Fighting,ماذا يفعل الحشد في الخلفية؟,أ) يشاركون في القتال، ب) يغادرون جميعًا، ج) يقفون في دائرة، يراقبون المباراة عن كثب، د) نائمون,ج) يقفون في دائرة، ويشاهدون المباراة عن كثب,1,no mistake,no correction needed,no correction needed,no answer needed
nubian_stick_fighting_28.jpg,IBQ,IBQ_Sudan.xlsx,Nubian_Stick_Fighting,وضعيات المقاتلين هي...,أ) جامد وثابت، ب) ديناميكي ومتحرك، ج) مسترخٍ وعفوي، د) متطابقان,ب) ديناميكي ومتحرك,1,no mistake,no correction needed,no correction needed,no answer needed
nubian_stick_fighting_28.jpg,IBQ,IBQ_Sudan.xlsx,Nubian_Stick_Fighting,الرجل الذي يرتدي عمامة بيضاء يُدير ظهره جزئياً للكاميرا. إنه...,أ) في الهجوم، مهاجمًا الرجل ذو الزي الأزرق، ب) في الدفاع، صدّ ضربة من الرجل ذو الزي الأزرق، ج) مجرد متفرج، د) الحكم,ب) في وضع دفاعي، يصد ضربة من الرجل الذي يرتدي الزي الأزرق,1,no mistake,no correction needed,no correction needed,no answer needed
nubian_stick_fighting_28.jpg,IBQ,IBQ_Sudan.xlsx,Nubian_Stick_Fighting,تُظهر هذه الصورة أن التحطب جزء مهم من...,أ) التدريب العسكري الحديث، ب) الحياة الاجتماعية والترفيه في المجتمعات المصرية، ج) المناهج الدراسية في مصر، د) الألعاب الأولمبية,ب) الحياة الاجتماعية والترفيه في المجتمعات المصرية,1,no mistake,no correction needed,no correction needed,no answer needed
nubian_stick_fighting_28.jpg,IBQ,IBQ_Sudan.xlsx,Nubian_Stick_Fighting,يوحي الإعداد البسيط بأن هذا...,أ) بطولة دولية عالية المخاطر، ب) حدث محلي شعبي، ج) عرض سياحي، د) إعادة تمثيل تاريخي,ب) حدث محلي شعبي,1,no mistake,no correction needed,no correction needed,no answer needed
nubian_stick_fighting_28.jpg,IBQ,IBQ_Sudan.xlsx,Nubian_Stick_Fighting,تشير الحركة الضبابية للمقاتل ذي الزي الأسود إلى...,أ) إنه يتحرك بسرعة كبيرة، ب) إنه واقف بلا حراك، ج) الصورة ذات جودة رديئة، د) إنه شبح,أ) إنه يتحرك بسرعة كبيرة,1,no mistake,no correction needed,no correction needed,no answer needed
nubian_stick_fighting_15.jpg,IBQ,IBQ_Sudan.xlsx,Nubian_Stick_Fighting,ما هو الفن القتالي السوداني التقليدي الذي تصوره هذه الصورة التاريخية؟,أ) القتال بالعصي، ب) مصارعة النوبة، ج) الرماية، د) نوع من أنواع المبارزة,ب) مصارعة النوبة,1,no mistake,no correction needed,no correction needed,no answer needed
nubian_stick_fighting_15.jpg,IBQ,IBQ_Sudan.xlsx,Nubian_Stick_Fighting,ما هو الفعل الرئيسي للرجلين في المنتصف؟,أ) يتقاتلون بالرمح الطويل، ب) هم متشابكون في مصارعة قوية ومنخفضة، ج) يؤدون رقصة احتفالية، د) يتصافحون,ب) إنهم متشابكون في وضعية مصارعة منخفضة وقوية,1,no mistake,no correction needed,no correction needed,no answer needed
nubian_stick_fighting_15.jpg,IBQ,IBQ_Sudan.xlsx,Nubian_Stick_Fighting,من هو الرجل الموجود على اليمين، والذي يرتدي زياً احتفالياً متقناً؟,أ) هو المصارع التالي الذي سيتنافس، ب) هو متفرج، ج) من المحتمل أن يكون مسؤولاً أو بطلاً أو قائداً للطقوس، د) هو الخاسر في المباراة السابقة,ج) من المحتمل أن يكون مسؤولاً أو بطلاً أو قائداً طقسياً,1,no mistake,no correction needed,no correction needed,no answer needed
nubian_stick_fighting_15.jpg,IBQ,IBQ_Sudan.xlsx,Nubian_Stick_Fighting,الرجل الموجود على اليسار يحمل رمحاً طويلاً. ما هو الغرض المحتمل منه؟,أ) هو السلاح الأساسي في القتال، ب) هو شيء رمزي أو طقوسي، ربما جائزة أو علامة، ج) هو أداة زراعية نسي أن يضعها جانبًا، د) يستخدمه لفصل المصارعين,ب) إنه شيء رمزي أو طقوسي، ربما جائزة أو علامة,1,no mistake,no correction needed,no correction needed,no answer needed
nubian_stick_fighting_15.jpg,IBQ,IBQ_Sudan.xlsx,Nubian_Stick_Fighting,يوحي الشكل بالأبيض والأسود والبيئة الريفية...,أ) حدث معاصر في مدينة رئيسية، ب) توثيق تاريخي لمهرجان قروي تقليدي، ج) مشهد تمثيلي من فيلم، د) جلسة تدريب في صالة ألعاب رياضية,ب) توثيق تاريخي لمهرجان قروي تقليدي,1,no mistake,no correction needed,no correction needed,no answer needed
nubian_stick_fighting_15.jpg,IBQ,IBQ_Sudan.xlsx,Nubian_Stick_Fighting,يتكون زي المصارعين من...,أ) سراويل قصيرة وقمصان عصرية، ب) مآزر وأغطية بسيطة تقليدية، ج) دروع ثقيلة، د) لا شيء على الإطلاق,ب) أغطية وأردية بسيطة وتقليدية للعورة,1,no mistake,no correction needed,no correction needed,no answer needed
nubian_stick_fighting_15.jpg,IBQ,IBQ_Sudan.xlsx,Nubian_Stick_Fighting,الرجل الموجود في المنتصف وهو منحني في وضع ضعيف، مما يوحي بـ...,أ) هو يفوز بالمباراة، ب) هو على وشك أن يُطرح أرضًا من قبل خصمه، ج) هو يستريح، د) هو الحكم,ب) هو على وشك أن يُطرح أرضاً من قبل خصمه,1,no mistake,no correction needed,no correction needed,no answer needed
nubian_stick_fighting_15.jpg,IBQ,IBQ_Sudan.xlsx,Nubian_Stick_Fighting,تُبرز هذه الصورة العلاقة بين مصارعة النوبة و...,أ) التكنولوجيا الحديثة، ب) ثقافة المحاربين الأوسع وطقوسها، ج) المواسم الزراعية، د) اللجان الرياضية الدولية,ب) ثقافة المحاربين الأوسع وطقوسها,1,no mistake,no correction needed,no correction needed,no answer needed
nubian_stick_fighting_15.jpg,IBQ,IBQ_Sudan.xlsx,Nubian_Stick_Fighting,الحشد في الخلفية هو...,أ) يجلسون في المدرجات، ب) متجمعون حول المتنافسين، ج) غير منتبهين، د) صغار جدًا,ب) تجمعوا بشكل وثيق حول المنافسين,1,no mistake,no correction needed,no correction needed,no answer needed
nubian_stick_fighting_15.jpg,IBQ,IBQ_Sudan.xlsx,Nubian_Stick_Fighting,الهدف الرئيسي للمصارع الموجود على اليسار هو...,أ) إجبار خصمه على الاستلقاء على ظهره أرضًا، ب) أخذ الرمح من الرجل الآخر، ج) دفع خصمه خارج الدائرة، د) التمسك بالخصم لأطول فترة ممكنة,أ) لإجبار خصمه على الاستلقاء على ظهره,1,no mistake,no correction needed,no correction needed,no answer needed
nubian_stick_fighting_91.jpg,IBQ,IBQ_Sudan.xlsx,Nubian_Stick_Fighting,"الرجل الموجود في المقدمة يؤدي رقصة تقليدية باستخدام العصي تُعرف باسم ""تحطيب""، من أي بلد هذه الرقصة؟",أ) السودان، ب) إثيوبيا، ج) مصر، د) نيجيريا,ج) مصر,1,no mistake,no correction needed,no correction needed,no answer needed
nubian_stick_fighting_91.jpg,IBQ,IBQ_Sudan.xlsx,Nubian_Stick_Fighting,ما اسم الرداء الطويل التقليدي الذي يرتديه الرجل؟,أ) جلابية، ب) نقبة، ج) توغا، د) كيمونو,أ) الجلابية,1,no mistake,no correction needed,no correction needed,no answer needed
nubian_stick_fighting_91.jpg,IBQ,IBQ_Sudan.xlsx,Nubian_Stick_Fighting,ما هو الهدف الأساسي من هذا الحدث؟,أ) شجار شوارع حقيقي وعنيف، ب) عرض عام أو مظاهرة ثقافية، ج) تدريب عسكري، د) احتفال ديني,ب) عرض عام أو عرض ثقافي,1,no mistake,no correction needed,no correction needed,no answer needed
nubian_stick_fighting_91.jpg,IBQ,IBQ_Sudan.xlsx,Nubian_Stick_Fighting,يُطلق على العصا الخشبية الطويلة المستخدمة في هذا الفن اسم...,أ) آسا، ب) إندوكو، ج) طاقم بو، د) إيكو,أ) آسا,1,no mistake,no correction needed,no correction needed,no answer needed
nubian_stick_fighting_91.jpg,IBQ,IBQ_Sudan.xlsx,Nubian_Stick_Fighting,ماذا يفعل الرجل الذي يرتدي الرداء الرمادي الفاتح على اليمين؟,أ) هو المتسابق التالي، ب) هو متفرج يشاهد العرض، ج) هو أحد الحكام، د) هو يعزف الموسيقى,ب) هو متفرج يشاهد العرض,1,no mistake,no correction needed,no correction needed,no answer needed
nubian_stick_fighting_91.jpg,IBQ,IBQ_Sudan.xlsx,Nubian_Stick_Fighting,غطاء الرأس الأبيض الذي يرتديه المعالج هو نوع من...,أ) خوذة، ب) تاج، ج) عمامة، د) قبعة بيسبول,ج) العمامة,1,no mistake,no correction needed,no correction needed,no answer needed
nubian_stick_fighting_91.jpg,IBQ,IBQ_Sudan.xlsx,Nubian_Stick_Fighting,يُظهر تعبير الرجل المركز ووضعيته الديناميكية أن تاهتيب يتطلب...,أ) مهارة قليلة أو معدومة، ب) درجة عالية من المهارة والتركيز والقدرة على العرض، ج) القوة فقط، د) السرعة فقط,ب) درجة عالية من المهارة والتركيز والقدرة على العرض,1,no mistake,no correction needed,no correction needed,no answer needed
nubian_stick_fighting_91.jpg,IBQ,IBQ_Sudan.xlsx,Nubian_Stick_Fighting,أين سيُقام هذا العرض؟,أ) في صحراء، ب) في صالة رياضية داخلية حديثة، ج) في فناء مرصوف أمام مبنى تاريخي، د) في غابة,ج) في فناء مرصوف أمام مبنى تاريخي,1,no mistake,no correction needed,no correction needed,no answer needed
nubian_stick_fighting_91.jpg,IBQ,IBQ_Sudan.xlsx,Nubian_Stick_Fighting,الرجال الجالسون في الخلفية هم...,أ) ينتظرون دورهم في الأداء، ب) حكام المسابقة، ج) مجموعة من الموسيقيين، د) جميع ما سبق ممكن,د) جميع ما سبق ممكن,1,no mistake,no correction needed,no correction needed,no answer needed
nubian_stick_fighting_89.jpg,IBQ,IBQ_Sudan.xlsx,Nubian_Stick_Fighting,ماذا تُظهر هذه الصورة بالأبيض والأسود؟,أ) صورة فوتوغرافية حديثة لمباراة مصارعة، ب) لوحة جدارية على مقبرة مصرية قديمة، ج) قطعة فخارية يونانية، د) زخرفة مخطوطة من العصور الوسطى,ب) رسمة جدارية لمقبرة مصرية قديمة,1,no mistake,no correction needed,no correction needed,no answer needed
nubian_stick_fighting_89.jpg,IBQ,IBQ_Sudan.xlsx,Nubian_Stick_Fighting,يُعتقد أن الجنود المصورين في هذه اللوحة هم...,أ) جنود الفيالق الرومانية، ب) جنود المشاة اليونانيون، ج) المرتزقة النوبيون، د) الخالدون الفرس,ج) المرتزقة النوبيون,1,no mistake,no correction needed,no correction needed,no answer needed
nubian_stick_fighting_89.jpg,IBQ,IBQ_Sudan.xlsx,Nubian_Stick_Fighting,كانت منطقة النوبة تقع إلى __________ مصر القديمة.,أ) الشمال، ب) الجنوب، ج) الشرق، د) الغرب,ب) الجنوب,1,no mistake,no correction needed,no correction needed,no answer needed
nubian_stick_fighting_89.jpg,IBQ,IBQ_Sudan.xlsx,Nubian_Stick_Fighting,ماذا يحمل الجنود؟,أ) أدوات زراعية، ب) شباك صيد، ج) رماح أو عصي قتال، د) آلات موسيقية,ج) الرماح أو العصي القتالية,1,no mistake,no correction needed,no correction needed,no answer needed
nubian_stick_fighting_89.jpg,IBQ,IBQ_Sudan.xlsx,Nubian_Stick_Fighting,ماذا يرتدي الجنود؟,أ) دروع معدنية كاملة، ب) معاطف فرو ثقيلة، ج) مآزر بسيطة، بعضها بذيل حيوان، د) لا شيء,ج) مآزر بسيطة، بعضها مزين بذيول حيوانات,1,no mistake,no correction needed,no correction needed,no answer needed
nubian_stick_fighting_89.jpg,IBQ,IBQ_Sudan.xlsx,Nubian_Stick_Fighting,تُعد هذه القطعة الأثرية مهمة لأنها تقدم دليلاً تاريخياً على...,أ) النظام الغذائي للمصريين القدماء، ب) دور النوبيين في الجيش المصري، ج) اختراع الكتابة، د) أساليب الزراعة عند المصريين القدماء,ب) دور النوبيين في الجيش المصري,1,no mistake,no correction needed,no correction needed,no answer needed
nubian_stick_fighting_89.jpg,IBQ,IBQ_Sudan.xlsx,Nubian_Stick_Fighting,يتميز أسلوب اللوحة، الذي تظهر فيه جميع الشخصيات بشكل جانبي وتتحرك في انسجام تام، بأنه أسلوب مميز لـ...,أ) الفن التجريدي الحديث، ب) الفن المصري القديم، ج) فن عصر النهضة، د) رسومات الكهوف,ب) الفن المصري القديم,1,no mistake,no correction needed,no correction needed,no answer needed
nubian_stick_fighting_89.jpg,IBQ,IBQ_Sudan.xlsx,Nubian_Stick_Fighting,يبدو أن الجنود...,أ) الوقوف بلا حراك لالتقاط صورة شخصية، ب) السير أو التقدم في تشكيل منضبط، ج) الفرار من معركة، د) بناء هرم,ب) السير أو التقدم في تشكيل منضبط,1,no mistake,no correction needed,no correction needed,no answer needed
nubian_stick_fighting_89.jpg,IBQ,IBQ_Sudan.xlsx,Nubian_Stick_Fighting,يبدو أن المشهد الصغير الموجود في المربع أعلى اليمين يُظهر...,أ) خريطة لساحة المعركة، ب) شخصان يتصارعان، ج) رسالة بالهيروغليفية، د) تصوير للفرعون,ب) شخصان يتصارعان,1,no mistake,no correction needed,no correction needed,no answer needed
nubian_stick_fighting_89.jpg,IBQ,IBQ_Sudan.xlsx,Nubian_Stick_Fighting,كان الجنود النوبيون يحظون بتقدير خاص في الجيش المصري لمهاراتهم كـ...,أ) سائقو العربات، ب) البحارة، ج) الرماة، د) المسعفون,ج) الرماة,1,no mistake,no correction needed,no correction needed,no answer needed
nubian_stick_fighting_93.jpg,IBQ,IBQ_Sudan.xlsx,Nubian_Stick_Fighting,هذه صورة لشاب من جماعة رعوية في أي منطقة من أفريقيا؟,أ) شمال أفريقيا (الصحراء الكبرى)، ب) جنوب أفريقيا، ج) غرب أفريقيا، د) وادي الصدع في شرق أفريقيا (على سبيل المثال، إثيوبيا، كينيا، جنوب السودان),د) وادي الصدع في شرق أفريقيا (على سبيل المثال، إثيوبيا، كينيا، جنوب السودان),1,no mistake,no correction needed,no correction needed,no answer needed
nubian_stick_fighting_93.jpg,IBQ,IBQ_Sudan.xlsx,Nubian_Stick_Fighting,ما هو الغرض الأساسي من العصا الطويلة التي يحملها؟,أ) إنها آلة موسيقية، ب) تُستخدم لرعي الماشية وللدفاع عن النفس، ج) إنها رمز للملكية، د) تُستخدم للصيد,ب) يُستخدم لرعي الماشية وللدفاع عن النفس,1,no mistake,no correction needed,no correction needed,no answer needed
nubian_stick_fighting_93.jpg,IBQ,IBQ_Sudan.xlsx,Nubian_Stick_Fighting,ما الذي يرتديه حول رقبته؟,أ) ربطة عنق عصرية، ب) وشاح للحماية من البرد، ج) قلائد تقليدية من الخرز، د) سلسلة معدنية ثقيلة,ج) القلائد التقليدية المصنوعة من الخرز,1,no mistake,no correction needed,no correction needed,no answer needed
nubian_stick_fighting_93.jpg,IBQ,IBQ_Sudan.xlsx,Nubian_Stick_Fighting,المشهد في الخلفية هو...,أ) غابة استوائية كثيفة، ب) شاطئ رملي، ج) سافانا عشبية متموجة، د) قمة جبلية ثلجية,ج) سافانا عشبية وتلالية,1,no mistake,no correction needed,no correction needed,no answer needed
nubian_stick_fighting_93.jpg,IBQ,IBQ_Sudan.xlsx,Nubian_Stick_Fighting,ما نوع نمط الحياة الذي تعيشه الجماعات الرعوية؟,أ) حياة مستقرة في المدن الكبيرة، ب) حياة تتمحور حول زراعة المحاصيل، ج) حياة شبه بدوية تتمحور حول رعي الماشية، د) حياة تعتمد على صيد الأسماك والتجارة البحرية,ج) حياة شبه بدوية تتمحور حول رعي الماشية,1,no mistake,no correction needed,no correction needed,no answer needed
nubian_stick_fighting_93.jpg,IBQ,IBQ_Sudan.xlsx,Nubian_Stick_Fighting,إن بنية الرجل الرشيقة والرياضية هي نتيجة لـ...,أ) نظام غذائي غني بالأطعمة المصنعة، ب) نمط حياة نشط يتطلب مجهودًا بدنيًا كبيرًا، ج) وظيفة مكتبية تتطلب الجلوس لفترات طويلة، د) العيش في مناخ بارد,ب) نمط حياة نشط يتطلب مجهودًا بدنيًا كبيرًا,1,no mistake,no correction needed,no correction needed,no answer needed
nubian_stick_fighting_93.jpg,IBQ,IBQ_Sudan.xlsx,Nubian_Stick_Fighting,القماش الملفوف حول خصره هو...,أ) قطعة الملابس الرئيسية، ب) بطانية للنوم، ج) منشفة للاستحمام، د) شكل من أشكال العملة,أ) قطعة ملابسه الرئيسية,1,no mistake,no correction needed,no correction needed,no answer needed
nubian_stick_fighting_93.jpg,IBQ,IBQ_Sudan.xlsx,Nubian_Stick_Fighting,هذه الصورة هي...,أ) لقطة عفوية لحركة قتال، ب) صورة شخصية رسمية، ج) صورة لمهرجان كبير، د) لوحة تاريخية,ب) صورة شخصية مُعدّة مسبقًا,0,"The correct answer provided ('ب) صورة شخصية مُعدّة مسبقًا') translates to 'a pre-prepared portrait'. The image depicts a young man in traditional attire, likely a cultural or tribal setting. This is not a formal portrait. The question and options do not accurately describe the image.",ماذا تمثل هذه الصورة؟,"['أ) صورة لحياة يومية في قرية', 'ب) صورة لطقوس ثقافية أو قبلية', 'ج) صورة لمناظر طبيعية', 'د) صورة رياضية']",ب) صورة لطقوس ثقافية أو قبلية
nubian_stick_fighting_93.jpg,IBQ,IBQ_Sudan.xlsx,Nubian_Stick_Fighting,يرمز هذا العصا إلى ماذا؟,أ) السلام واللاعنف، ب) دور الرجل كراعٍ وحامٍ، ج) التواصل مع العالم الحديث، د) ثروة طائلة,ب) دور الرجل كراعٍ وحامٍ,1,no mistake,no correction needed,no correction needed,no answer needed
nubian_stick_fighting_93.jpg,IBQ,IBQ_Sudan.xlsx,Nubian_Stick_Fighting,ينصب تركيز الصورة على...,أ) جمال المنظر الطبيعي، ب) الفرد وهويته الثقافية، ج) قطيع الماشية في الخلفية، د) مهارة المصور,ب) الفرد وهويته الثقافية,1,no mistake,no correction needed,no correction needed,no answer needed
nubian_stick_fighting_97.jpg,IBQ,IBQ_Sudan.xlsx,Nubian_Stick_Fighting,تُظهر هذه الصورة عرضًا عامًا لأي شكل من أشكال الفن التقليدي؟,أ) مصارعة النوبة، ب) التحطب المصري، ج) مسرحية حديثة، د) احتجاج سياسي,ب) التحطب المصري,1,no mistake,no correction needed,no correction needed,no answer needed
nubian_stick_fighting_97.jpg,IBQ,IBQ_Sudan.xlsx,Nubian_Stick_Fighting,ما هو دور الرجال في الخلفية؟,أ) ينتظرون دورهم في القتال التالي، ب) يقدمون عزفًا موسيقيًا حيًا، ج) هم الحكام، د) هم حراس الأمن,ب) يقدمون مصاحبة موسيقية حية,1,no mistake,no correction needed,no correction needed,no answer needed
nubian_stick_fighting_97.jpg,IBQ,IBQ_Sudan.xlsx,Nubian_Stick_Fighting,ماذا يفعل الممثلان الرئيسيان؟,أ) إنهم منخرطون في شجار حقيقي وعنيف، ب) إنهم يتجادلون حول القواعد، ج) إنهم يؤدون مبارزة متزامنة تشبه الرقص، د) إنهم يتخذون وضعية لالتقاط صورة,ج) إنهم يؤدون مبارزة متزامنة تشبه الرقص,1,no mistake,no correction needed,no correction needed,no answer needed
nubian_stick_fighting_97.jpg,IBQ,IBQ_Sudan.xlsx,Nubian_Stick_Fighting,من المرجح أن يكون الإعداد...,أ) قرية نائية، ب) ساحة عامة أو فناء في مدينة مصرية، ج) وسط الصحراء، د) مسرح داخلي,ب) ساحة عامة أو فناء في مدينة مصرية,1,no mistake,no correction needed,no correction needed,no answer needed
nubian_stick_fighting_97.jpg,IBQ,IBQ_Sudan.xlsx,Nubian_Stick_Fighting,ما اسم السلاح الخشبي الطويل الذي يستخدمونه؟,أ) رمح، ب) عصا، ج) سيف، د) هراوة,ب) آسا,0,"The correct answer provided ('آسا') is incorrect. The image clearly shows individuals wielding a long wooden stick, commonly known as an 'عصا' (asa) in Arabic, which is a staff or stick. The original provided answer is wrong.",ما اسم السلاح الخشبي الطويل الذي يستخدمونه في الصورة؟,"['أ) رمح', 'ب) عصا', 'ج) سيف', 'د) هراوة']",ب) عصا
nubian_stick_fighting_97.jpg,IBQ,IBQ_Sudan.xlsx,Nubian_Stick_Fighting,يرتدي المؤدون أزياء تقليدية (جلابيب) و...,أ) الخوذات، ب) العمائم والأوشحة المزخرفة، ج) قبعات رعاة البقر، د) قبعات البيسبول,ب) العمائم والأوشحة المزخرفة,1,no mistake,no correction needed,no correction needed,no answer needed
nubian_stick_fighting_97.jpg,IBQ,IBQ_Sudan.xlsx,Nubian_Stick_Fighting,"يعود أصل كلمة ""تحطيب"" إلى آلاف السنين، وهي متجذرة في...",أ) التدريب العسكري المصري القديم، ب) نوع من الرقص الشعبي، ج) طقوس رعي الحيوانات، د) كل من أ و ب,د) كل من أ و ب,1,no mistake,no correction needed,no correction needed,no answer needed
nubian_stick_fighting_97.jpg,IBQ,IBQ_Sudan.xlsx,Nubian_Stick_Fighting,الرجل الموجود على اليمين يرفع عصاه عالياً، على الأرجح في منتصف...,أ) صدة دفاعية، ب) حركة دورانية أو ضربة، ج) إشارة استسلام، د) انحناءة للجمهور,ب) حركة دورانية أو ضربة,1,no mistake,no correction needed,no correction needed,no answer needed
nubian_stick_fighting_97.jpg,IBQ,IBQ_Sudan.xlsx,Nubian_Stick_Fighting,يُعد هذا العرض احتفالاً بـ...,أ) معركة تاريخية، ب) موسم الحصاد، ج) الثقافة والتراث المصري، د) عطلة حديثة,ج) الثقافة والتراث المصري,1,no mistake,no correction needed,no correction needed,no answer needed
nubian_stick_fighting_30.jpg,IBQ,IBQ_Sudan.xlsx,Nubian_Stick_Fighting,ما هذه الأرقام؟,أ) ألعاب بلاستيكية حديثة، ب) نماذج خشبية مصرية قديمة، ج) تماثيل بالحجم الطبيعي، د) قطع الشطرنج,ب) نماذج خشبية مصرية قديمة,1,no mistake,no correction needed,no correction needed,no answer needed
nubian_stick_fighting_30.jpg,IBQ,IBQ_Sudan.xlsx,Nubian_Stick_Fighting,ما الغرض من وضع نماذج كهذه في مقبرة مصرية قديمة؟,أ) كانت ألعابًا للأطفال، ب) كانت مخصصة لخدمة وحماية الموتى في الآخرة، ج) كانت تُستخدم في التخطيط العسكري، د) كانت آلات موسيقية,ب) كان الغرض منها خدمة وحماية الموتى في الحياة الآخرة,1,no mistake,no correction needed,no correction needed,no answer needed
nubian_stick_fighting_30.jpg,IBQ,IBQ_Sudan.xlsx,Nubian_Stick_Fighting,يُعتقد أن الجنود المصورين من النوبة، وهي المنطقة...,أ) شمال مصر، ب) جنوب مصر، ج) شرق مصر، د) غرب مصر,ب) إلى جنوب مصر,1,no mistake,no correction needed,no correction needed,no answer needed
nubian_stick_fighting_30.jpg,IBQ,IBQ_Sudan.xlsx,Nubian_Stick_Fighting,ما هي الأسلحة التي يحملها هؤلاء الجنود؟,أ) السيوف والدروع، ب) الأقواس والسهام، ج) الرماح والدروع، د) هم غير مسلحين,ج) الرماح والدروع,1,no mistake,no correction needed,no correction needed,no answer needed
nubian_stick_fighting_30.jpg,IBQ,IBQ_Sudan.xlsx,Nubian_Stick_Fighting,من المحتمل أن تكون ألوان بشرة الجنود المختلفة في النموذج الأصلي قد مثلت...,أ) رتب مختلفة، ب) جنود من مناطق مختلفة (مثل المصريين والنوبيين)، ج) أعمار الجنود، د) اختيار فني عشوائي,ب) جنود من مناطق مختلفة (مثل المصريين والنوبيين),1,no mistake,no correction needed,no correction needed,no answer needed
nubian_stick_fighting_30.jpg,IBQ,IBQ_Sudan.xlsx,Nubian_Stick_Fighting,تُعد هذه النماذج مصدراً تاريخياً هاماً لأنها...,أ) توفر معلومات مفصلة عن المعدات والتشكيلات العسكرية القديمة، ب) هي الأعمال الفنية الوحيدة التي عُثر عليها في مقبرة مصرية، ج) تحتوي على خريطة سرية لكنز، د) مصنوعة من الذهب الخالص,أ) إنها توفر معلومات مفصلة عن المعدات والتشكيلات العسكرية القديمة,1,no mistake,no correction needed,no correction needed,no answer needed
nubian_stick_fighting_30.jpg,IBQ,IBQ_Sudan.xlsx,Nubian_Stick_Fighting,الجنود مصطفون في...,أ) مجموعة عشوائية وفوضوية، ب) صف واحد، ج) تشكيل مستطيل منضبط، د) موقع دفاعي دائري,ج) تشكيل منضبط ومستطيل الشكل,1,no mistake,no correction needed,no correction needed,no answer needed
nubian_stick_fighting_30.jpg,IBQ,IBQ_Sudan.xlsx,Nubian_Stick_Fighting,أين تم العثور على هذه النماذج؟,أ) في قاع نهر النيل، ب) في حجرة مخفية داخل هرم، ج) في مقبرة بالقرب من أسيوط، مصر، د) في غرفة تخزين متحف في لندن,ج) في مقبرة بالقرب من أسيوط، مصر,1,no mistake,no correction needed,no correction needed,no answer needed
nubian_stick_fighting_30.jpg,IBQ,IBQ_Sudan.xlsx,Nubian_Stick_Fighting,ماذا كان دور هؤلاء الجنود لدى الفراعنة المصريين؟,أ) المزارعون، ب) الكهنة، ج) المرتزقة والجنود النخبة، د) المستشارون الملكيون,ج) المرتزقة والجنود النخبة,1,no mistake,no correction needed,no correction needed,no answer needed
nubian_stick_fighting_38.jpg,IBQ,IBQ_Sudan.xlsx,Nubian_Stick_Fighting,ما هذه الصورة؟,أ) صورة فوتوغرافية حديثة مع فلتر عتيق، ب) قطعة فنية مصرية قديمة على ورق البردي أو جدار مقبرة، ج) رسمة طفل، د) نسيج أوروبي من العصور الوسطى,ب) قطعة فنية مصرية قديمة على ورق البردي أو جدار مقبرة,1,no mistake,no correction needed,no correction needed,no answer needed
nubian_stick_fighting_38.jpg,IBQ,IBQ_Sudan.xlsx,Nubian_Stick_Fighting,ما هو النشاط الذي يتم تصويره؟,أ) الزراعة، ب) احتفال ديني، ج) قتال بالعصي، د) الرقص,ج) القتال بالعصي,1,no mistake,no correction needed,no correction needed,no answer needed
nubian_stick_fighting_38.jpg,IBQ,IBQ_Sudan.xlsx,Nubian_Stick_Fighting,يُعد أسلوب رسم الشخصيات، برؤوسها وأرجلها الجانبية وأجسامها المواجهة للأمام، سمة رئيسية من سمات...,أ) فن عصر النهضة، ب) الفن المصري القديم، ج) الفن الانطباعي، د) الفن التجريدي الحديث,ب) الفن المصري القديم,1,no mistake,no correction needed,no correction needed,no answer needed
nubian_stick_fighting_38.jpg,IBQ,IBQ_Sudan.xlsx,Nubian_Stick_Fighting,ما هي الخطوط العمودية للرموز في الخلفية؟,أ) نقش زخرفي، ب) توقيع الفنان، ج) كتابة هيروغليفية، د) شفرة سرية,ج) الكتابة الهيروغليفية,1,no mistake,no correction needed,no correction needed,no answer needed
nubian_stick_fighting_38.jpg,IBQ,IBQ_Sudan.xlsx,Nubian_Stick_Fighting,يُظهر هذا النوع من الفن أن فنون القتال بالعصي في هذه المنطقة...,أ) رياضة حديثة جداً، تم اختراعها في القرن العشرين، ب) ممارسة قديمة لها تاريخ يمتد لآلاف السنين، ج) رياضة لم تكن شائعة جداً، د) أسلوب قتالي لم يُستخدم قط في الجيش,ب) ممارسة قديمة ذات تاريخ يمتد لآلاف السنين,1,no mistake,no correction needed,no correction needed,no answer needed
nubian_stick_fighting_38.jpg,IBQ,IBQ_Sudan.xlsx,Nubian_Stick_Fighting,ما هي الميزة الموجودة في طرف العصي التي يستخدمها الرجال؟,أ) إنها حادة، ب) لها غطاء واقٍ أو مقبض، ج) عليها ريش، د) إنها مشتعلة,ب) تحتوي على غطاء واقٍ أو مقبض,1,no mistake,no correction needed,no correction needed,no answer needed
nubian_stick_fighting_38.jpg,IBQ,IBQ_Sudan.xlsx,Nubian_Stick_Fighting,ماذا يرتدي الرجال على الجزء السفلي من أجسادهم؟,أ) سراويل طويلة، ب) جلود الحيوانات، ج) مآزر بسيطة أو تنانير اسكتلندية، د) لا شيء,ج) مآزر بسيطة أو تنانير اسكتلندية,1,no mistake,no correction needed,no correction needed,no answer needed
nubian_stick_fighting_38.jpg,IBQ,IBQ_Sudan.xlsx,Nubian_Stick_Fighting,يُعتبر فن التحطب المصري الحديث امتداداً مباشراً لـ...,أ) الممارسات الموضحة في هذا العمل الفني القديم، ب) قتال المصارعين الرومان، ج) تقنيات الساموراي اليابانيين، د) المبارزة الأولمبية الحديثة,أ) الممارسات الموضحة في هذا العمل الفني القديم,1,no mistake,no correction needed,no correction needed,no answer needed
nubian_stick_fighting_38.jpg,IBQ,IBQ_Sudan.xlsx,Nubian_Stick_Fighting,قد تمثل ألوان البشرة المختلفة للشخصيات...,أ) فرق مختلفة، ب) أشخاص من مناطق مختلفة، مثل المصريين والنوبيين، ج) أعمار مختلفة، د) اختيار فني عشوائي,ب) أشخاص من مناطق مختلفة، مثل المصريين والنوبيين,1,no mistake,no correction needed,no correction needed,no answer needed
nubian_stick_fighting_38.jpg,IBQ,IBQ_Sudan.xlsx,Nubian_Stick_Fighting,أما وضعيات الشخصيات فهي...,أ) ثابت ومُتخذ وضعية معينة، ب) ديناميكي ومليء بالحركة، ج) جالس ومسترخٍ، د) غير متوازن وأخرق,ب) ديناميكي ومليء بالحركة,1,no mistake,no correction needed,no correction needed,no answer needed
nubian_stick_fighting_74.jpg,IBQ,IBQ_Sudan.xlsx,Nubian_Stick_Fighting,يُعرف فن القتال المعروض، وهو شكل من أشكال رقص القتال بالعصي، باسم...,أ) مصارعة النوبة، ب) التحطيب، ج) الكابويرا، د) الكندو,ب) التحطب,1,no mistake,no correction needed,no correction needed,no answer needed
nubian_stick_fighting_74.jpg,IBQ,IBQ_Sudan.xlsx,Nubian_Stick_Fighting,أين سيقام هذا العرض؟,أ) في ملعب رياضي حديث، ب) أمام مجمع معابد مصرية قديمة، يُرجح أنها الأقصر، ج) في الصحراء المفتوحة، د) داخل متحف,ب) أمام مجمع معابد مصرية قديمة، يُرجح أنها الأقصر,1,no mistake,no correction needed,no correction needed,no answer needed
nubian_stick_fighting_74.jpg,IBQ,IBQ_Sudan.xlsx,Nubian_Stick_Fighting,ماذا يرتدي الفنانون؟,أ) ملابس رياضية حديثة، ب) أثواب تقليدية طويلة تُسمى الجلابيب والعمائم، ج) جلود الحيوانات، د) الزي العسكري,ب) أثواب تقليدية طويلة تسمى الجلابيب والعمائم,1,no mistake,no correction needed,no correction needed,no answer needed
nubian_stick_fighting_74.jpg,IBQ,IBQ_Sudan.xlsx,Nubian_Stick_Fighting,"غالباً ما توصف الحركات في كتاب ""تحطيب"" بأنها تشبه...",أ) قتال بالحركة البطيئة، ب) شجار فوضوي، ج) رقصة رشيقة لكنها قوية، د) تدريب عسكري,ج) رقصة رشيقة لكنها قوية,1,no mistake,no correction needed,no correction needed,no answer needed
nubian_stick_fighting_74.jpg,IBQ,IBQ_Sudan.xlsx,Nubian_Stick_Fighting,ماذا يفعل الرجل الذي يرتدي الرداء البني؟,أ) إنه يستسلم، ب) إنه في وضعية هجومية ديناميكية، ج) إنه واقف بلا حراك، د) إنه يسقط,ب) إنه في وضعية ديناميكية ومندفعة,1,no mistake,no correction needed,no correction needed,no answer needed
nubian_stick_fighting_74.jpg,IBQ,IBQ_Sudan.xlsx,Nubian_Stick_Fighting,يُطلق على العصا الخشبية الطويلة المستخدمة في التحطب اسم...,أ) آسا، ب) إندوكو، ج) بو، د) شيناي,أ) آسا,1,no mistake,no correction needed,no correction needed,no answer needed
nubian_stick_fighting_74.jpg,IBQ,IBQ_Sudan.xlsx,Nubian_Stick_Fighting,يبدو أن الحدث عبارة عن...,أ) درس سري خاص، ب) شجار شوارع حقيقي وعنيف، ج) عرض عام لجمهور محلي وسياحي، د) احتفال ديني,ج) عرض عام لجمهور محلي وسياحي,1,no mistake,no correction needed,no correction needed,no answer needed
nubian_stick_fighting_74.jpg,IBQ,IBQ_Sudan.xlsx,Nubian_Stick_Fighting,الرجل الذي يرتدي الرداء الأزرق متمركز في...,أ) الهجوم بضربة عالية، ب) صدّ هجوم الرجل ذي الرداء البني، ج) الفرار، د) تحية خصمه,ب) لصد هجوم الرجل الذي يرتدي اللون البني,1,no mistake,no correction needed,no correction needed,no answer needed
nubian_stick_fighting_74.jpg,IBQ,IBQ_Sudan.xlsx,Nubian_Stick_Fighting,وقد اعترفت اليونسكو بهذا الشكل الفني لـ...,أ) الخطر والعنف، ب) الشعبية الحديثة، ج) الأهمية الثقافية والتراث، د) الاستخدام في الأفلام,ج) الأهمية الثقافية والتراث,1,no mistake,no correction needed,no correction needed,no answer needed
nubian_stick_fighting_74.jpg,IBQ,IBQ_Sudan.xlsx,Nubian_Stick_Fighting,تعود أصول هذه الممارسة إلى...,أ) مصر القديمة، ب) الإمبراطورية العثمانية، ج) القرن التاسع عشر، د) العصر الروماني,أ) مصر القديمة,1,no mistake,no correction needed,no correction needed,no answer needed
nubian_stick_fighting_52.jpg,IBQ,IBQ_Sudan.xlsx,Nubian_Stick_Fighting,تُظهر هذه الصورة منافسة في أي رياضة سودانية تقليدية؟,أ) القتال بالعصي، ب) مصارعة النوبة، ج) سباق الهجن، د) الرماية,ب) مصارعة النوبة,1,no mistake,no correction needed,no correction needed,no answer needed
nubian_stick_fighting_52.jpg,IBQ,IBQ_Sudan.xlsx,Nubian_Stick_Fighting,ما هو الهدف الأساسي للمنافسين؟,أ) لكم الخصم، ب) رمي الخصم بحيث يلامس ظهره الأرض، ج) إخراج الخصم من الحلبة بالقوة، د) إخضاع الخصم.,ب) رمي الخصم بحيث يلامس ظهره الأرض,1,no mistake,no correction needed,no correction needed,no answer needed
nubian_stick_fighting_52.jpg,IBQ,IBQ_Sudan.xlsx,Nubian_Stick_Fighting,ما هو دور الرجل الذي يرتدي قميصاً أصفر فاقعاً ويقف خلف المصارعين؟,أ) هو متفرج، ب) هو الحكم، ج) هو مدرب يقدم النصائح، د) هو المنافس التالي,ب) هو الحكم,1,no mistake,no correction needed,no correction needed,no answer needed
nubian_stick_fighting_52.jpg,IBQ,IBQ_Sudan.xlsx,Nubian_Stick_Fighting,ما نوع الملابس الرياضية الحديثة التي يرتديها المصارعون؟,أ) دروع ثقيلة، ب) مآزر تقليدية، ج) سراويل قصيرة ملونة وواقيات للركبة، د) لا يرتدون ملابس,ج) سراويل قصيرة ملونة وواقيات للركبة,1,no mistake,no correction needed,no correction needed,no answer needed
nubian_stick_fighting_52.jpg,IBQ,IBQ_Sudan.xlsx,Nubian_Stick_Fighting,ما هي مساحة المنافسة؟,أ) حقل عشبي، ب) أرضية خشبية صلبة، ج) حفرة رملية، د) لوح خرساني,ج) حفرة رمل,1,no mistake,no correction needed,no correction needed,no answer needed
nubian_stick_fighting_52.jpg,IBQ,IBQ_Sudan.xlsx,Nubian_Stick_Fighting,ماذا يرمز إليه الحشد الكبير في الخلفية؟,أ) هذه الرياضة ليست شائعة جدًا، ب) هذه الرياضة حدث مجتمعي رئيسي، ج) الجمهور ينتظر حدثًا آخر، د) تم التقاط الصورة في سوق.,ب) الرياضة حدث مجتمعي رئيسي,1,no mistake,no correction needed,no correction needed,no answer needed
nubian_stick_fighting_52.jpg,IBQ,IBQ_Sudan.xlsx,Nubian_Stick_Fighting,المصارع الذي يرتدي القميص الأخضر بصدد...,أ) الإفلات من قبضة الخصم، ب) محاولة رفع الخصم، ج) المصافحة، د) أخذ استراحة,ب) محاولة رفع خصمه,1,no mistake,no correction needed,no correction needed,no answer needed
nubian_stick_fighting_52.jpg,IBQ,IBQ_Sudan.xlsx,Nubian_Stick_Fighting,يحاول المصارع الذي يرتدي السروال القصير الأرجواني الدفاع عن نفسه عن طريق...,أ) دفع رأس خصمه للأسفل، ب) التمدد والحفاظ على مركز ثقل منخفض، ج) كل من أ و ب، د) هو لا يدافع,ج) كل من أ و ب,1,no mistake,no correction needed,no correction needed,no answer needed
nubian_stick_fighting_52.jpg,IBQ,IBQ_Sudan.xlsx,Nubian_Stick_Fighting,تُظهر الحالة البدنية للرياضيين أن مصارعة النوبة تتطلب...,أ) تدريب قليل أو معدوم، ب) السرعة فقط، ج) قوة ومهارة هائلتان، د) نوع جسم محدد,ج) قوة ومهارة هائلة,1,no mistake,no correction needed,no correction needed,no answer needed
nubian_stick_fighting_52.jpg,IBQ,IBQ_Sudan.xlsx,Nubian_Stick_Fighting,تُظهر هذه الصورة __________ مصارعة النوبة.,أ) شكل تاريخي احتفالي، ب) شكل حديث تنافسي، ج) تراجع في الشعبية، د) جانب سري خفي,ب) شكل حديث وتنافسي,1,no mistake,no correction needed,no correction needed,no answer needed
nubian_stick_fighting_85.jpg,IBQ,IBQ_Sudan.xlsx,Nubian_Stick_Fighting,هذا النمط من القتال بالعصي الطقسي، المعروف باسم دونغا، هو تقليد لشعبي سوري وسورما من أي بلد؟,أ) السودان، ب) مصر، ج) جنوب أفريقيا، د) إثيوبيا,د) إثيوبيا,1,no mistake,no correction needed,no correction needed,no answer needed
nubian_stick_fighting_85.jpg,IBQ,IBQ_Sudan.xlsx,Nubian_Stick_Fighting,ما هو الهدف الأساسي من بطولة دونغا؟,أ) لتسوية النزاعات القانونية، ب) ليُثبت الشباب رجولتهم ويفوزوا بزوجة، ج) لتدريب جنود الجيش الوطني، د) للترفيه عن السياح,ب) لكي يثبت الشباب رجولتهم ويفوزوا بزوجة,1,no mistake,no correction needed,no correction needed,no answer needed
nubian_stick_fighting_85.jpg,IBQ,IBQ_Sudan.xlsx,Nubian_Stick_Fighting,ما هو زي المقاتلين؟,أ) يرتدون دروعًا ثقيلة ومبطنة، ب) يرتدون ملابس قليلة جدًا، ويستخدمون أحيانًا طلاء الجسم للزينة، ج) يرتدون زيًا رياضيًا حديثًا، د) يرتدون أردية وعمائم تقليدية,ب) يرتدون ملابس قليلة جداً، ويستخدمون أحياناً طلاء الجسم الزخرفي,1,no mistake,no correction needed,no correction needed,no answer needed
nubian_stick_fighting_85.jpg,IBQ,IBQ_Sudan.xlsx,Nubian_Stick_Fighting,ما هي أسلحة المقاتلين؟,أ) السيوف والدروع، ب) الأقواس والسهام، ج) العصي الخشبية الطويلة أو الصولجانات (دونغا)، د) عصي ​​التدريب المبطنة,ج) أعمدة أو عصي خشبية طويلة (دونغا),1,no mistake,no correction needed,no correction needed,no answer needed
nubian_stick_fighting_85.jpg,IBQ,IBQ_Sudan.xlsx,Nubian_Stick_Fighting,ما هو مكان هذا القتال؟,أ) ساحة حديثة مسيجة، ب) حقل عشبي في بيئة سافانا، ج) غابة كثيفة، د) شاطئ رملي,ب) حقل عشبي في بيئة السافانا,1,no mistake,no correction needed,no correction needed,no answer needed
nubian_stick_fighting_85.jpg,IBQ,IBQ_Sudan.xlsx,Nubian_Stick_Fighting,ما الذي يلفه المقاتل الموجود على اليسار حول جذعه؟,أ) سترة واقية، ب) قطعة قماش أو وشاح مزخرف، ج) سترة نجاة، د) حبال للتسلق,ب) قطعة قماش أو وشاح مزخرف,1,no mistake,no correction needed,no correction needed,no answer needed
nubian_stick_fighting_85.jpg,IBQ,IBQ_Sudan.xlsx,Nubian_Stick_Fighting,تُظهر الوضعيات الديناميكية للمقاتلين أن هذا...,أ) رقصة احتفالية بطيئة، ب) منافسة سريعة وحادة، ج) صورة فوتوغرافية مُعدّة مسبقًا، د) رياضة لا تتضمن احتكاكًا جسديًا,ب) منافسة سريعة الوتيرة وحماسية,1,no mistake,no correction needed,no correction needed,no answer needed
nubian_stick_fighting_85.jpg,IBQ,IBQ_Sudan.xlsx,Nubian_Stick_Fighting,هل رياضة الدونغا آمنة؟,أ) نعم، إنها آمنة تمامًا ولا يوجد خطر للإصابة. ب) لا، إنها طقوس عنيفة وخطيرة قد تؤدي إلى إصابات خطيرة وحتى الموت. ج) إنها رياضة لا تتطلب احتكاكًا جسديًا. د) العصي مبطنة وناعمة.,ب) لا، إنها طقوس عنيفة وخطيرة قد تؤدي إلى إصابات خطيرة وحتى الموت,1,no mistake,no correction needed,no correction needed,no answer needed
nubian_stick_fighting_85.jpg,IBQ,IBQ_Sudan.xlsx,Nubian_Stick_Fighting,ماذا يفعل المقاتل الموجود على اليمين؟,أ) إنه يدافع ضد ضربة، ب) إنه يرفع عصاه لتوجيه ضربة علوية، ج) إنه يستسلم، د) إنه يستريح,ب) إنه يرفع عصاه لتوجيه ضربة علوية,1,no mistake,no correction needed,no correction needed,no answer needed
nubian_stick_fighting_85.jpg,IBQ,IBQ_Sudan.xlsx,Nubian_Stick_Fighting,إن الغبار الذي تثيره أقدامهم هو علامة على...,أ) حركات بطيئة متثاقلة، ب) حركة قدم سريعة ورياضية، ج) الأرض مبتلة، د) نهاية القتال,ب) حركتهم السريعة والرياضية بالقدمين,1,no mistake,no correction needed,no correction needed,no answer needed
nubian_stick_fighting_73.jpg,IBQ,IBQ_Sudan.xlsx,Nubian_Stick_Fighting,تُظهر هذه اللقطة المقربة لحظة من تقاليد القتال بالعصي في وادي أومو، في أي بلد؟,أ) السودان، ب) مصر، ج) إثيوبيا، د) نيجيريا,ج) إثيوبيا,1,no mistake,no correction needed,no correction needed,no answer needed
nubian_stick_fighting_73.jpg,IBQ,IBQ_Sudan.xlsx,Nubian_Stick_Fighting,ماذا يفعل المقاتلان في المقدمة؟,أ) يتصافحون، ب) هم منخرطون في قتال، يستخدمون عصيهم للهجوم والدفاع، ج) هم يستريحون، د) يؤدون رقصة,ب) إنهم منخرطون في قتال، ويستخدمون عصيهم للهجوم والدفاع,1,no mistake,no correction needed,no correction needed,no answer needed
nubian_stick_fighting_73.jpg,IBQ,IBQ_Sudan.xlsx,Nubian_Stick_Fighting,ما هو الهدف الأساسي في قتال دونغا؟,أ) لإخراج المقاتل الآخر عن وعيه، ب) لتسجيل نقاط بلمس الخصم، ج) لإجبار المقاتل الآخر على الاستسلام، د) جميع ما سبق احتمالات واردة,أ) لإخراج المقاتل الآخر من وعيه,0,"The question asks about 'Dongha' fighting, but the image depicts stick fighting amongst people who appear to be from an African tribe. Dongha isn't a widely recognized fighting style.  The question and answer need to be updated to reflect what is shown in the image, and the answer choices could be improved to reflect common objectives in such fights.",ما هو الهدف الأساسي في القتال بالعصي كما هو موضح في الصورة؟,"['أ) لإخراج المقاتل الآخر عن وعيه.', 'ب) لإثبات الشجاعة والقوة.', 'ج) لإحداث إصابات طفيفة.', 'د) لتسجيل نقاط بلمس الخصم بالعصا.']",أ) لإخراج المقاتل الآخر عن وعيه.
nubian_stick_fighting_73.jpg,IBQ,IBQ_Sudan.xlsx,Nubian_Stick_Fighting,ما هو دور الأشخاص الموجودين في الخلفية؟,أ) هم مقاتلون متنافسون، ب) هم متفرجون وأفراد من المجتمع، ج) هم حكام وقضاة، د) هم تجار يبيعون البضائع,ب) إنهم متفرجون وأفراد من المجتمع,1,no mistake,no correction needed,no correction needed,no answer needed
nubian_stick_fighting_73.jpg,IBQ,IBQ_Sudan.xlsx,Nubian_Stick_Fighting,زي المقاتلين هو...,أ) ثقيل وواقي، ب) بسيط، ج) عصري ورياضي، د) رسمي واحتفالي,ب) بسيط,1,no mistake,no correction needed,no correction needed,no answer needed
nubian_stick_fighting_73.jpg,IBQ,IBQ_Sudan.xlsx,Nubian_Stick_Fighting,ما هي وضعية المقاتل الموجود على اليسار؟,أ) وضعية هجومية، اندفاع للأمام، ب) وضعية دفاعية، صدّ ضربة، ج) وضعية محايدة، وقوف، د) وضعية احتفالية,ب) وضعية دفاعية، لصد ضربة,1,no mistake,no correction needed,no correction needed,no answer needed
nubian_stick_fighting_73.jpg,IBQ,IBQ_Sudan.xlsx,Nubian_Stick_Fighting,المقاتل الموجود على اليمين بصدد...,أ) الدفاع عن نفسه، ب) توجيه ضربة قوية للأسفل، ج) الفرار، د) الاستسلام,ب) توجيه ضربة قوية للأسفل,1,no mistake,no correction needed,no correction needed,no answer needed
nubian_stick_fighting_73.jpg,IBQ,IBQ_Sudan.xlsx,Nubian_Stick_Fighting,غالباً ما يكون هذا النوع من القتال الطقوسي...,أ) وسيلة لكبار السن لحل النزاعات، ب) طقس عبور للشباب، ج) رياضة للنساء فقط، د) اختراع حديث للسياحة,ب) طقوس عبور للشباب,1,no mistake,no correction needed,no correction needed,no answer needed
nubian_stick_fighting_73.jpg,IBQ,IBQ_Sudan.xlsx,Nubian_Stick_Fighting,المكان هو...,أ) صحراء رملية، ب) سافانا عشبية ذات أشجار متفرقة، ج) غابة مطيرة كثيفة، د) ملعب حديث,ب) سافانا عشبية ذات أشجار متفرقة,1,no mistake,no correction needed,no correction needed,no answer needed
nubian_stick_fighting_73.jpg,IBQ,IBQ_Sudan.xlsx,Nubian_Stick_Fighting,تُظهر تعابير الوجه الشديدة للمقاتلين...,أ) الطبيعة المرحة للعبة، ب) تركيزهم وعدوانيتهم ​​وعزيمتهم، ج) شعورهم بالملل من القتال، د) ارتباكهم بشأن القواعد,ب) تركيزهم وعدوانيتهم ​​وعزيمتهم,1,no mistake,no correction needed,no correction needed,no answer needed
nubian_stick_fighting_80.jpg,IBQ,IBQ_Sudan.xlsx,Nubian_Stick_Fighting,تُظهر هذه الصورة التاريخية محاربًا ينتمي إلى أي مجموعة عرقية في شرق أفريقيا؟,أ) الزولو، ب) الماساي، ج) النوبة، د) البجا,د) بيجا,1,no mistake,no correction needed,no correction needed,no answer needed
nubian_stick_fighting_80.jpg,IBQ,IBQ_Sudan.xlsx,Nubian_Stick_Fighting,شعب البجا هم تقليدياً من البدو الرحل الذين يسكنون المنطقة الصحراوية الواقعة بين...,أ) نهر النيل والبحر الأحمر، ب) المحيط الأطلسي والصحراء الكبرى، ج) نهر الكونغو والوادي المتصدع الكبير، د) البحر الأبيض المتوسط ​​وجبال الألب,أ) نهر النيل والبحر الأحمر,1,no mistake,no correction needed,no correction needed,no answer needed
nubian_stick_fighting_80.jpg,IBQ,IBQ_Sudan.xlsx,Nubian_Stick_Fighting,ما هي أبرز سمات هذا الرجل وأكثرها شهرة؟,أ) ملابسه، ب) تسريحة شعره الكبيرة والواسعة، ج) طوله، د) حذائه,ب) تسريحة شعره الكبيرة والواسعة,1,no mistake,no correction needed,no correction needed,no answer needed
nubian_stick_fighting_80.jpg,IBQ,IBQ_Sudan.xlsx,Nubian_Stick_Fighting,ما الذي يحمله الرجل في يده اليمنى؟,أ) بندقية، ب) سيف تقليدي، ج) أداة زراعية، د) آلة موسيقية,ب) سيف تقليدي,1,no mistake,no correction needed,no correction needed,no answer needed
nubian_stick_fighting_80.jpg,IBQ,IBQ_Sudan.xlsx,Nubian_Stick_Fighting,ما الذي يلتف حول جسده؟,أ) معطف صوفي ثقيل، ب) مئزر قطني بسيط، ج) قطعة قماش منسدلة، د) جلود الحيوانات,ج) قطعة قماش منسدلة,1,no mistake,no correction needed,no correction needed,no answer needed
nubian_stick_fighting_80.jpg,IBQ,IBQ_Sudan.xlsx,Nubian_Stick_Fighting,من المحتمل أن تكون القلائد والتمائم التي يرتديها...,أ) إكسسوارات الموضة العصرية، ب) تمائم للحماية الروحية، ج) شكل من أشكال العملة، د) هدية من سائح,ب) التمائم للحماية الروحية,1,no mistake,no correction needed,no correction needed,no answer needed
nubian_stick_fighting_80.jpg,IBQ,IBQ_Sudan.xlsx,Nubian_Stick_Fighting,إن بنية الرجل النحيلة والقوية هي نتيجة لنمط حياة متكيف مع...,أ) بيئة قطبية باردة، ب) بيئة صحراوية قاسية وجافة، ج) بيئة حضرية مستقرة، د) بيئة غابة كثيفة,ب) بيئة صحراوية قاسية وجافة,1,no mistake,no correction needed,no correction needed,no answer needed
nubian_stick_fighting_80.jpg,IBQ,IBQ_Sudan.xlsx,Nubian_Stick_Fighting,ما هي سمعة محاربي البجا بين القوى الخارجية مثل الإمبراطورية البريطانية؟,أ) عُرفوا بسلميتهم وهدوئهم، ب) اشتهروا بشراستهم ومهارتهم القتالية، ج) عُرفوا بسهولة هزيمتهم، د) لم تكن لهم سمعة كمقاتلين,ب) كانوا مشهورين بشراستهم ومهارتهم القتالية,1,no mistake,no correction needed,no correction needed,no answer needed
nubian_stick_fighting_80.jpg,IBQ,IBQ_Sudan.xlsx,Nubian_Stick_Fighting,هذه الصورة ذات قيمة...,أ) صورة سياحية حديثة، ب) وثيقة إثنوغرافية وتاريخية، ج) صورة أزياء، د) لقطة من فيلم هوليوودي,ب) وثيقة إثنوغرافية وتاريخية,1,no mistake,no correction needed,no correction needed,no answer needed
nubian_stick_fighting_80.jpg,IBQ,IBQ_Sudan.xlsx,Nubian_Stick_Fighting,تعكس نظرة الرجل المباشرة والواثقة إلى الكاميرا إحساسًا بـ...,أ) الخوف والخضوع، ب) الكبرياء والقوة، ج) الحيرة والفضول، د) الحزن واليأس,ب) الفخر والقوة,1,no mistake,no correction needed,no correction needed,no answer needed
nubian_stick_fighting_64.jpg,IBQ,IBQ_Sudan.xlsx,Nubian_Stick_Fighting,تُظهر هذه الصورة، التي يُرجح أن تكون قد التقطتها ليني ريفنشتال في الستينيات، رجلاً وأطفالاً من أي مجموعة عرقية؟,أ) الزولو، ب) الماساي، ج) النوبة، د) البجا,ج) النوبة,1,no mistake,no correction needed,no correction needed,no answer needed
nubian_stick_fighting_64.jpg,IBQ,IBQ_Sudan.xlsx,Nubian_Stick_Fighting,ما هو الوضع المحتمل للرجل الطويل داخل المجتمع؟,أ) هو فتى صغير عديم الخبرة، ب) هو شيخ محترم أو بطل، ج) هو غريب يزور القرية، د) هو تاجر يبيع العصي,ب) هو شيخ أو بطل محترم,1,no mistake,no correction needed,no correction needed,no answer needed
nubian_stick_fighting_64.jpg,IBQ,IBQ_Sudan.xlsx,Nubian_Stick_Fighting,ما الذي يحمله الرجل وبعض الأطفال؟,أ) أدوات زراعية، ب) آلات موسيقية، ج) عصي ​​طويلة ورفيعة، د) مشاعل,ج) عصي ​​أو عصي طويلة ورفيعة,1,no mistake,no correction needed,no correction needed,no answer needed
nubian_stick_fighting_64.jpg,IBQ,IBQ_Sudan.xlsx,Nubian_Stick_Fighting,الهياكل الموجودة في الخلفية هي...,أ) منازل حديثة مبنية من الطوب، ب) خيام، ج) أكواخ النوبة التقليدية المصنوعة من الطين والقش، د) معابد حجرية كبيرة,ج) أكواخ النوبة التقليدية المصنوعة من الطين والقش,1,no mistake,no correction needed,no correction needed,no answer needed
nubian_stick_fighting_64.jpg,IBQ,IBQ_Sudan.xlsx,Nubian_Stick_Fighting,ما هو اللافت للنظر في ملابس الأشخاص في الصورة؟,أ) يرتدون معاطف شتوية ثقيلة، ب) يرتدون ملابس عصرية على الطراز الغربي، ج) يرتدون ملابس قليلة جداً أو لا يرتدون ملابس على الإطلاق، د) يرتدون أردية مزخرفة وملونة,ج) إنهم يرتدون ملابس قليلة جداً أو لا يرتدون ملابس على الإطلاق,1,no mistake,no correction needed,no correction needed,no answer needed
nubian_stick_fighting_64.jpg,IBQ,IBQ_Sudan.xlsx,Nubian_Stick_Fighting,يُستخدم الزيت الذي يُوضع على بشرة الناس لـ...,أ) حماية البشرة من الشمس والحشرات، ب) إبراز عضلاتهم، ج) استخدام ألوان أو مساحيق طقوسية، د) جميع ما سبق,د) جميع ما سبق,1,no mistake,no correction needed,no correction needed,no answer needed
nubian_stick_fighting_64.jpg,IBQ,IBQ_Sudan.xlsx,Nubian_Stick_Fighting,تُبرز هذه الصورة أهمية ماذا في ثقافة النوبة؟,أ) العزلة عن بقية المجتمع، ب) انتقال التقاليد من جيل إلى آخر، ج) تقليد مكتوب وعلمي، د) رفض جميع الأنشطة البدنية,ب) انتقال التقاليد من جيل إلى آخر,1,no mistake,no correction needed,no correction needed,no answer needed
nubian_stick_fighting_64.jpg,IBQ,IBQ_Sudan.xlsx,Nubian_Stick_Fighting,يُعدّ طول قامة الرجل دليلاً على الأهمية الثقافية لـ...,أ) نمط حياة خامل، ب) القوة البدنية واللياقة الرياضية، ج) نظام غذائي غني بالأطعمة المصنعة، د) تفضيل المساعي الفكرية على المساعي البدنية,ب) القوة البدنية واللياقة البدنية,1,no mistake,no correction needed,no correction needed,no answer needed
nubian_stick_fighting_64.jpg,IBQ,IBQ_Sudan.xlsx,Nubian_Stick_Fighting,تشتهر هذه الصورة بـ...,أ) تصوير الحرب الحديثة، ب) استخدام ألوان زاهية، ج) تصوير قوي وفني لثقافة تقليدية، د) بيئة تحت الماء,ج) تصوير قوي وفني للثقافة التقليدية,1,no mistake,no correction needed,no correction needed,no answer needed
nubian_stick_fighting_64.jpg,IBQ,IBQ_Sudan.xlsx,Nubian_Stick_Fighting,يمثل المشهد...,أ) لحظة صراع حاد، ب) لحظة هادئة من الحياة اليومية في القرية، ج) احتفال ديني رسمي، د) اجتماع سياسي,ب) لحظة هادئة وعادية في حياة القرية,0,"The image depicts a tribal ritual or ceremony, not a quiet moment of daily life in a village. The correct answer should reflect the ceremonial aspect of the scene.",يمثل المشهد...؟,"['أ) جزء من طقس أو احتفال قبلي', 'ب) لحظة صراع حاد', 'ج) احتفال ديني رسمي', 'د) اجتماع سياسي']",أ) جزء من طقس أو احتفال قبلي
nubian_stick_fighting_83.jpg,IBQ,IBQ_Sudan.xlsx,Nubian_Stick_Fighting,ما هي أبرز سمة في مظهر هذا الرجل؟,أ) ملابسه العصرية، ب) طلاء جسده الاحتفالي، ج) تسريحة شعره غير المألوفة، د) طوله,ب) طلاء جسده الاحتفالي,1,no mistake,no correction needed,no correction needed,no answer needed
nubian_stick_fighting_83.jpg,IBQ,IBQ_Sudan.xlsx,Nubian_Stick_Fighting,يُعد هذا النمط من طلاء الجسم تقليدًا مشهورًا لأي شعب؟,أ) الزولو في جنوب أفريقيا، ب) الماساي في كينيا، ج) النوبة في السودان، د) البجا في الصحراء الشرقية,ج) النوبة في السودان,1,no mistake,no correction needed,no correction needed,no answer needed
nubian_stick_fighting_83.jpg,IBQ,IBQ_Sudan.xlsx,Nubian_Stick_Fighting,ما الغرض من هذا النوع من تزيين الجسم؟,أ) هو شكل من أشكال التمويه للصيد، ب) هو للحماية من الشمس فقط، ج) هو احتفالي ويمكن أن يدل على المكانة أو الفئة العمرية أو المشاركة في طقوس معينة، د) هو وشم دائم,ج) إنه احتفالي ويمكن أن يدل على المكانة أو الفئة العمرية أو المشاركة في طقوس معينة,1,no mistake,no correction needed,no correction needed,no answer needed
nubian_stick_fighting_83.jpg,IBQ,IBQ_Sudan.xlsx,Nubian_Stick_Fighting,ما الذي يحمله الرجل في يده؟,أ) رمح، ب) بندقية، ج) عصا قصيرة أو هراوة، د) زهرة,ج) عصا قصيرة أو هراوة,1,no mistake,no correction needed,no correction needed,no answer needed
nubian_stick_fighting_83.jpg,IBQ,IBQ_Sudan.xlsx,Nubian_Stick_Fighting,ماذا يرتدي على رأسه وحول رقبته؟,أ) قبعة وربطة عنق عصريتان، ب) مجوهرات تقليدية، بما في ذلك عصابة رأس وقلائد، ج) خوذة معدنية، د) تاج من أوراق الشجر,ب) المجوهرات التقليدية، بما في ذلك عصابة الرأس المزينة بالخرز والقلائد,1,no mistake,no correction needed,no correction needed,no answer needed
nubian_stick_fighting_83.jpg,IBQ,IBQ_Sudan.xlsx,Nubian_Stick_Fighting,المباني الظاهرة في الخلفية هي...,أ) ناطحات سحاب حديثة، ب) أكواخ تقليدية مبنية من الطوب اللبن بأسقف من القش، ج) معابد حجرية قديمة، د) خيام كبيرة,ب) أكواخ تقليدية مبنية من الطوب اللبن وسقوفها من القش,1,no mistake,no correction needed,no correction needed,no answer needed
nubian_stick_fighting_83.jpg,IBQ,IBQ_Sudan.xlsx,Nubian_Stick_Fighting,ويرتدي الرجل أيضاً...,أ) حلقة أنف، ب) نظارة، ج) ساعة، د) سماعة أذن,أ) حلقة الأنف,1,no mistake,no correction needed,no correction needed,no answer needed
nubian_stick_fighting_83.jpg,IBQ,IBQ_Sudan.xlsx,Nubian_Stick_Fighting,هذه الصورة عبارة عن...,أ) لقطة عفوية لمباراة مصارعة، ب) صورة شخصية رسمية، ج) صورة لمزارع أثناء عمله، د) صورة لزعيم سياسي يلقي خطابًا,ب) صورة شخصية مُعدّة مسبقًا,0,"The provided answer 'ب) صورة شخصية مُعدّة مسبقًا' (a pre-prepared portrait) is incorrect. The image shows a person with traditional body paint and attire, seemingly in a cultural or tribal context. It's not a formal portrait. The question and options don't reflect the image content well.",ماذا تمثل هذه الصورة؟,"['أ) شخص يرتدي ملابس تقليدية', 'ب) لاعب مصارعة', 'ج) مزارع في حقل', 'د) زعيم سياسي يلقي خطابًا']",أ) شخص يرتدي ملابس تقليدية
nubian_stick_fighting_83.jpg,IBQ,IBQ_Sudan.xlsx,Nubian_Stick_Fighting,القماش الملون المخطط حول خصره هو...,أ) ملابس رياضية حديثة، ب) مئزر تقليدي، ج) منشفة، د) علم,ب) مئزر تقليدي,1,no mistake,no correction needed,no correction needed,no answer needed
nubian_stick_fighting_83.jpg,IBQ,IBQ_Sudan.xlsx,Nubian_Stick_Fighting,تُجسّد هذه الصورة أهمية ماذا في ثقافة النوبة؟,أ) الموضة الحديثة، ب) اللغة المكتوبة، ج) التعبير الفني والزينة الشخصية، د) الزراعة,ج) التعبير الفني والزينة الشخصية,1,no mistake,no correction needed,no correction needed,no answer needed
nubian_stick_fighting_46.jpg,IBQ,IBQ_Sudan.xlsx,Nubian_Stick_Fighting,الحدث المصور هو عرض عام لأي شيء؟,أ) مصارعة النوبة، ب) حفل موسيقى روك حديثة، ج) التحطب المصري (مبارزة بالعصي) مع موسيقى حية، د) تجمع سياسي,ج) التحطب المصري (قتال بالعصي) مع موسيقى حية,1,no mistake,no correction needed,no correction needed,no answer needed
nubian_stick_fighting_46.jpg,IBQ,IBQ_Sudan.xlsx,Nubian_Stick_Fighting,ما هو مكان إقامة هذا العرض؟,أ) قاعة حفلات داخلية، ب) مسرح خارجي أمام معبد الأقصر في مصر، ج) موقع صحراوي ناءٍ، د) حديقة عامة في مدينة حديثة,ب) مسرح خارجي أمام معبد الأقصر في مصر,1,no mistake,no correction needed,no correction needed,no answer needed
nubian_stick_fighting_46.jpg,IBQ,IBQ_Sudan.xlsx,Nubian_Stick_Fighting,ماذا يفعل الرجال على الجانب الأيمن من المسرح؟,أ) إنهم يتصارعون، ب) إنهم يشاهدون العرض، ج) إنهم يعزفون على الآلات الموسيقية، د) إنهم يبيعون البضائع,ج) إنهم يعزفون على الآلات الموسيقية,1,no mistake,no correction needed,no correction needed,no answer needed
nubian_stick_fighting_46.jpg,IBQ,IBQ_Sudan.xlsx,Nubian_Stick_Fighting,ما الذي يفعله الرجلان على اليسار؟,أ) شجار حقيقي عنيف، ب) مبارزة بالعصي مصممة على شكل رقصة، ج) جدال حاد، د) محادثة ودية,ب) مبارزة مصممة على شكل رقصة باستخدام العصي,1,no mistake,no correction needed,no correction needed,no answer needed
nubian_stick_fighting_46.jpg,IBQ,IBQ_Sudan.xlsx,Nubian_Stick_Fighting,يُطلق على العصا المستخدمة في التحطب اسم...,أ) آسا، ب) إندوكو، ج) بو، د) شيناي,أ) آسا,1,no mistake,no correction needed,no correction needed,no answer needed
nubian_stick_fighting_46.jpg,IBQ,IBQ_Sudan.xlsx,Nubian_Stick_Fighting,يُعد هذا الحدث مثالاً واضحاً على...,أ) معركة تاريخية، ب) تقليد ثقافي حي يُؤدى أمام جمهور، ج) شجار شوارع عفوي، د) طقوس سرية,ب) تقليد ثقافي حي يُعرض أمام جمهور,1,no mistake,no correction needed,no correction needed,no answer needed
nubian_stick_fighting_46.jpg,IBQ,IBQ_Sudan.xlsx,Nubian_Stick_Fighting,ماذا يدل وجود الميكروفونات ومكبرات الصوت؟,أ) الحدث صامت، ب) الحدث حديث، ويستخدم مكبرات الصوت للموسيقى، ج) الحدث عبارة عن مؤتمر صحفي، د) الصورة من القرن التاسع عشر,ب) الحدث حديث، ويستخدم مكبرات الصوت للموسيقى,1,no mistake,no correction needed,no correction needed,no answer needed
nubian_stick_fighting_46.jpg,IBQ,IBQ_Sudan.xlsx,Nubian_Stick_Fighting,تحركات المقاتلين هي...,أ) أخرق وغير متوازن، ب) متزامن وإيقاعي، ج) بطيء وحذر، د) عدواني وفوضوي,ب) متزامن وإيقاعي,1,no mistake,no correction needed,no correction needed,no answer needed
nubian_stick_fighting_46.jpg,IBQ,IBQ_Sudan.xlsx,Nubian_Stick_Fighting,الحدث برمته هو...,أ) موكب جنازة حزين، ب) عرض ثقافي حيوي، ج) منافسة رياضية جادة، د) احتجاج سياسي,ب) عرض ثقافي حيوي,1,no mistake,no correction needed,no correction needed,no answer needed
