country,file,sheet,question,option,answer,score,What's wrong in Question,How can I improve the question,How can I improve the Options,Correct Answer
SBQ,SBQ_Germany.xlsx,Rowing (Rudern),"Ein Ruderer bemerkt, dass sein Ruderblatt immer wieder zu tief ins Wasser taucht. Was sollten sie anpassen?",A. Leistung B. Fangposition C. Griffwinkel D. Timing,Griffwinkel,0,"The question is factually incorrect because the depth of the oar blade in the water is primarily controlled by the 'Fangposition' (catch position), not the 'Griffwinkel' (grip angle). The grip angle affects the orientation of the oar handle and blade in the horizontal plane, not the vertical depth. The correct adjustment for a blade diving too deep is modifying the catch position — how high or low the rower places the blade at the start of the stroke.","Ein Ruderer bemerkt, dass sein Ruderblatt immer wieder zu tief ins Wasser taucht. Was sollten sie anpassen?","['A. Leistung', 'B. Fangposition', 'C. Griffwinkel', 'D. Timing']",Fangposition
SBQ,SBQ_Germany.xlsx,Rowing (Rudern),Während einer Regatta kommt das Boot plötzlich vom Kurs ab. Was ist wahrscheinlich die Ursache dafür?,A. Schlechte Balance B. Ungleichmäßige Striche C. Defekte Ausrüstung D. Starke Strömung,Ungleichmäßige Striche,0,"The question is factually misleading. In rowing regattas, boats deviating from course is most commonly caused by external factors like strong currents or wind, not 'ungleichmäßige Striche' (uneven strokes), which would cause inefficiency or slowing, not necessarily course deviation. Additionally, 'Striche' is ambiguous — it could mean strokes (rower's motion) or strokes (as in hits), but in rowing context, uneven strokes typically cause imbalance, not directional drift. The correct cause should be 'Starke Strömung' (strong current), which is already option D. The answer provided is incorrect.",Während einer Regatta kommt das Boot plötzlich vom Kurs ab. Was ist wahrscheinlich die äußere Ursache dafür?,"['A. Schlechte Balance', 'B. Ungleichmäßige Striche', 'C. Defekte Ausrüstung', 'D. Starke Strömung']",Starke Strömung
SBQ,SBQ_Germany.xlsx,Rowing (Rudern),Der Steuermann fordert eine „Stärke 10“. Was bedeutet das?,A. Machen Sie 10 Ruderschläge mit voller Anstrengung B. 10 Sekunden ruhen lassen C. Technik anpassen D. Hören Sie auf zu rudern,Machen Sie 10 Ruderschläge mit voller Anstrengung,0,"The question is factually incorrect. In rowing, 'Stärke 10' (Strength 10) is not a standard command for '10 strokes with full effort'. The term 'Stärke' in rowing typically refers to the intensity level on a scale (e.g., 1–10), where 'Stärke 10' means maximum effort sustained, not a count of strokes. The correct interpretation is 'row at maximum intensity', not '10 strokes'. The provided answer misrepresents the terminology used in rowing commands.",Der Steuermann fordert eine „Stärke 10“. Was bedeutet das?,"['A. Führen Sie 10 Ruderschläge mit voller Anstrengung aus', 'B. 10 Sekunden ruhen lassen', 'C. Die Technik anpassen', 'D. Mit voller Kraft rudern']",D. Mit voller Kraft rudern
SBQ,SBQ_Germany.xlsx,Rowing (Rudern),"Was passiert, wenn die Hand eines Ruderers mitten im Ruderschlag abrutscht?",A. Das Boot hält an B. Der Ruderer verliert das Gleichgewicht C. Das Boot kentert D. Der Ruderer erholt sich schnell,Der Ruderer verliert das Gleichgewicht,0,"The question is factually incorrect. In rowing, if a rower's hand slips mid-stroke, the boat does not typically lose balance due to a single rower's slip — the oar may exit the water or the rower may lose control of the oar, but the boat continuing its motion and the rower potentially losing balance is not the most accurate or primary consequence. The correct physical consequence is that the oar may 'catch a crab' (oar gets stuck in water), causing disruption, but the rower losing balance is not the direct or most precise outcome. Also, 'Der Ruderer verliert das Gleichgewicht' (the rower loses balance) is misleading — it's the oar movement that causes instability, not necessarily the rower's personal balance. The question implies a direct physical consequence that is not technically accurate in rowing terminology.","Was passiert, wenn der Ruderer während des Ruderschlags die Ruderblattkontrolle verliert?","['A. Das Boot hält an', 'B. Der Ruderer verliert das Gleichgewicht', 'C. Das Boot kentert', ""D. Es kommt zu einem 'Crab' (Ruder bleibt im Wasser stecken)""]",D. Es kommt zu einem 'Crab' (Ruder bleibt im Wasser stecken)
SBQ,SBQ_Germany.xlsx,Rowing (Rudern),"Ein Ruderer hat das Gefühl, dass sein Sitz nicht reibungslos gleitet. Was sollten sie überprüfen?",A. Ruderschlösser B. Bootsausrichtung C. Schienenschmierung D. Trittbretter,Schienenschmierung,1,no mistake,no correction needed,no correction needed,Schienenschmierung
SBQ,SBQ_Germany.xlsx,Rowing (Rudern),Wie hoch ist die Strafe für das Überqueren einer anderen Fahrspur während eines Rennens?,A. Zeitstrafe B. Disqualifikation C. Starten Sie das Rennen neu D. Warnung,Disqualifikation,0,"The question is factually incorrect because it refers to 'crossing another lane during a race' in a context that is ambiguous and not standard for motorsport or athletic racing. In motorsport (e.g., Formula 1, NASCAR), crossing a boundary or lane illegally typically results in a time penalty or drive-through, not automatic disqualification unless it's a severe or repeated offense. The term 'Fahrspur' (lane) is more typical of road traffic, not racing circuits. The question lacks specificity about the sport and misrepresents standard penalties. Also, 'Disqualifikation' is too severe as a default penalty for this action.",Wie hoch ist die übliche Strafe für das unerlaubte Wechseln der Fahrspur während eines Formel-1-Rennens?,"['A. Zeitstrafe', 'B. Disqualifikation', 'C. Starten Sie das Rennen neu', 'D. Warnung']",A. Zeitstrafe
SBQ,SBQ_Germany.xlsx,Rowing (Rudern),Wie sollten sich Ruderer nach einem Langstrecken-Ruderrennen erholen?,A. Wasser trinken B. Muskeln dehnen C. Sowohl A als auch B D. Nichts des oben Genannten,Sowohl A als auch B,1,no mistake,no correction needed,no correction needed,Sowohl A als auch B
SBQ,SBQ_Germany.xlsx,Rowing (Rudern),Welche Rolle spielt der „Bugsitz“ beim Rudern?,A. Geben Sie das Tempo vor B. Balancieren Sie das Boot C. Folgen Sie dem Hubsitz D. Steuern Sie das Boot,Balancieren Sie das Boot,0,"The term 'Bugsitz' is not a recognized rowing position; the correct term is 'Bugsi' or more accurately 'Steuermann' (coxswain) for steering, but the intended position is likely 'Steuermann' or 'Hubsitz'. The term 'Bugsitz' is a common misnomer or typo for 'Bugsi', which refers to the coxswain's seat at the bow, but in rowing, the coxswain sits at the stern, not the bow. The provided answer 'Balancieren Sie das Boot' is incorrect because the coxswain steers and coordinates power, not primarily balances. The actual role of the person in the stern (Steuermann) is to steer the boat. The question contains a factual error in terminology and incorrect answer.",Welche Rolle spielt der „Steuermann“ beim Rudern?,"['Geben Sie das Tempo vor', 'Balancieren Sie das Boot', 'Folgen Sie dem Hubsitz', 'Steueren Sie das Boot']",Steueren Sie das Boot
SBQ,SBQ_Germany.xlsx,Rowing (Rudern),Welche Technik sollten Ruderer bei starkem Gegenwind anpassen?,A. Striche verkürzen B. Erhöhen Sie den Auslaufwinkel C. Leistung verringern D. Zurücklehnen,Erhöhen Sie den Auslaufwinkel,0,"The question asks about technique adjustment in strong headwind, but the correct answer 'Erhöhen Sie den Auslaufwinkel' (Increase the release angle) is not standard rowing terminology and is logically inconsistent. In rowing, during strong headwinds, rowers typically shorten their strokes (reduce stroke length) to maintain rhythm and power efficiency, not increase the release angle. The term 'Auslaufwinkel' is ambiguous and not commonly used in rowing coaching literature. Also, the answer option is written in imperative form while others are in infinitive or base form, creating inconsistency.",Welche Technik sollten Ruderer bei starkem Gegenwind anpassen?,"['A. Striche verkürzen', 'B. Den Auslaufwinkel erhöhen', 'C. Die Leistung verringern', 'D. Sich zurücklehnen']",A. Striche verkürzen
SBQ,SBQ_Germany.xlsx,Rowing (Rudern),Ein Ruderer verspürt während der Erholungsphase einen erheblichen Widerstand. Was könnte das Problem sein?,A. Falsche Federung B. Überwältigende Schläge C. Ungleichmäßiger Bootstrimm D. Ruder zu tief,Falsche Federung,0,"The question is factually incorrect. During the recovery phase in rowing, the oar is out of the water and there should be minimal resistance. Significant resistance during recovery is not typical and does not logically point to 'falsche Federung' (incorrect feathering). Feathering affects the oar's orientation in the air, not resistance during recovery. The real issue causing resistance during recovery is likely the oar being too deep in the water (i.e., not properly lifted or feathered), which contradicts the given answer.",Ein Ruderer verspürt während der Schlagphase einen erheblichen Widerstand. Was könnte das Problem sein?,"['Falsche Federung', 'Überwältigende Schläge', 'Ungleichmäßiger Bootstrimm', 'Ruder zu tief']",Ruder zu tief
SBQ,SBQ_Germany.xlsx,Rowing (Rudern),Welchen Zweck hat eine „Tarifobergrenze“ während der Praxis?,A. Schlagzahl begrenzen B. Erhöhen Sie die Bootsgeschwindigkeit C. Sorgen Sie für Ausdauer D. Vermeiden Sie Muskelermüdung,Schlagzahl begrenzen,0,"The term 'Tarifobergrenze' is not a recognized concept in sports practice; it is an economic term (price cap) and does not apply to rowing or athletic training. The question is factually incorrect and misleading. The intended concept is likely 'Schlagzahlobergrenze' (stroke rate limit), which is relevant in rowing or endurance training to prevent overexertion.",Welchen Zweck hat eine „Schlagzahlobergrenze“ während der Praxis?,"['A. Schlagzahl begrenzen', 'B. Erhöhen Sie die Bootsgeschwindigkeit', 'C. Sorgen Sie für Ausdauer', 'D. Vermeiden Sie Muskelermüdung']",A. Schlagzahl begrenzen
SBQ,SBQ_Germany.xlsx,Rowing (Rudern),Während des Trainings bilden sich an den Händen eines Ruderers Blasen. Wie kann dies verhindert werden?,A. Tragen Sie Handschuhe B. Verwenden Sie die richtige Grifftechnik C. Intensität reduzieren D. Tragen Sie Lotion auf,Verwenden Sie die richtige Grifftechnik,0,"The question is factually misleading because while proper grip technique can reduce blisters, the most direct and commonly recommended prevention method in rowing is wearing gloves. The provided answer 'Verwenden Sie die richtige Grifftechnik' is not the best or most universally accepted solution; gloves are the standard preventive measure. The question implies only one correct answer, but the best answer is not accurately represented.",Während des Trainings bilden sich an den Händen eines Ruderers Blasen. Was ist die effektivste direkte Maßnahme zur Verhinderung von Blasen?,"['A. Tragen Sie Handschuhe', 'B. Verwenden Sie die richtige Grifftechnik', 'C. Intensität reduzieren', 'D. Tragen Sie Lotion auf']",A. Tragen Sie Handschuhe
SBQ,SBQ_Germany.xlsx,Rowing (Rudern),"Während eines Sprintrennens hat ein Ruderer das Gefühl, nicht im Einklang mit dem Team zu sein. Worauf sollten sie sich konzentrieren?",A. Leistung B. Timing C. Stärke D. Ausdauer,Timing,0,"The question mentions 'ein Ruderer' (a rower) during a 'Sprintrennen' (sprint race), which is factually inconsistent. Rowing is not a sprint race in the context of track and field; sprint races typically refer to running events. A rower would be part of a rowing race, not a sprint race. This creates a logical error in the scenario.","Während eines Ruderrennens hat ein Ruderer das Gefühl, nicht im Einklang mit dem Team zu sein. Worauf sollten sie sich konzentrieren?","['A. Leistung', 'B. Timing', 'C. Stärke', 'D. Ausdauer']",B. Timing
SBQ,SBQ_Germany.xlsx,Rowing (Rudern),Was ist der entscheidende Faktor bei der Ermittlung des Siegers eines Ruderrennens?,A. Schlagzahl B. Zurückgelegte Strecke C. Zeitaufwand D. Bootsbalance,Zeitaufwand,1,no mistake,no correction needed,no correction needed,Zeitaufwand
SBQ,SBQ_Germany.xlsx,Rowing (Rudern),Worauf bezieht sich der Begriff „Fangen“ in einem Ruderboot?,A. Beginn des Schlaganfalls B. Ende des Schlaganfalls C. Mittelpunkt des Strichs D. Erholungsphase,Beginn des Schlaganfalls,0,"The term 'Fangen' in rowing refers to the moment when the oar blade enters the water at the start of the stroke, not the 'Schlaganfall' (which means 'stroke' in rowing context but 'stroke' as in medical 'stroke' is a dangerous misinterpretation). 'Schlaganfall' is a medical term in German and should not be used in rowing. The correct term is 'Schlag' or 'Stich'. The question contains a critical terminology error that misleads the entire context.",Worauf bezieht sich der Begriff „Fangen“ in einem Ruderboot?,"['A. Beginn des Schlags', 'B. Ende des Schlags', 'C. Mittelpunkt des Stichs', 'D. Erholungsphase']",A. Beginn des Schlags
SBQ,SBQ_Germany.xlsx,Rowing (Rudern),"Ein Ruderer hat Mühe, das Gleichgewicht zu halten. Worauf sollten sie sich konzentrieren?",A. Bootsausrichtung B. Kernstärke C. Klingenhöhe D. Teamsynchronisation,Kernstärke,0,"The question is factually misleading. While core strength (Kernstärke) is important for stability in rowing, the immediate cause of balance difficulty is typically related to boat alignment or technique, not core strength alone. The option 'Bootsausrichtung' (boat alignment) is more directly relevant to balance issues during rowing. The provided answer 'Kernstärke' is not the best or most precise choice for this specific scenario.","Ein Ruderer hat Mühe, das Gleichgewicht zu halten. Was ist die wichtigste technische Anpassung, um das Gleichgewicht sofort zu verbessern?","['A. Bootsausrichtung', 'B. Kernstärke', 'C. Klingenhöhe', 'D. Teamsynchronisation']",Bootsausrichtung
SBQ,SBQ_Germany.xlsx,Rowing (Rudern),Welche Bedeutung hat der Rudersitz im Ruderboot?,A. Lenkung B. Legt das Tempo fest C. Hält das Gleichgewicht D. Passt den Bootstrimm an,Legt das Tempo fest,0,"The question asks about the meaning of the 'Rudersitz' (rowing seat), but the provided correct answer 'Legt das Tempo fest' (sets the pace) is incorrect. The rowing seat (Rudersitz) is not responsible for setting the pace — that is the role of the coxswain or the rowers' synchronization. The primary function of the rowing seat is to allow the rower to slide back and forth to generate power and to adjust the boat's trim (balance and angle in water). Option D 'Passt den Bootstrimm an' (adjusts the boat's trim) is the most accurate. The correct answer provided in the question is factually wrong.",Welche Bedeutung hat der Rudersitz im Ruderboot?,"['A. Lenkung', 'B. Legt das Tempo fest', 'C. Hält das Gleichgewicht', 'D. Passt den Bootstrimm an']",Passt den Bootstrimm an
SBQ,SBQ_Germany.xlsx,Rowing (Rudern),Wie viele Ruder benutzt jeder Ruderer beim Skullen?,A. Eins B. Zwei C. Drei D. Vier,Zwei,1,no mistake,no correction needed,no correction needed,Zwei
SBQ,SBQ_Germany.xlsx,Rowing (Rudern),"Was sollten Ruderer tun, wenn ihr Boot während einer Trainingseinheit kentert?",A. Schwimmen Sie zum Ufer B. Halten Sie das Boot fest C. Panik D. Rufen Sie um Hilfe,Halten Sie das Boot fest,0,"The question asks what rowers should do when their boat capsizes during training, and the provided correct answer 'Halten Sie das Boot fest' (Hold onto the boat) is partially correct in real-world safety practice, but it is incomplete and potentially misleading without context. In standard rowing safety protocols, the primary action after capsizing is to stay with the boat for visibility and flotation, but the option 'Schwimmen Sie zum Ufer' (Swim to shore) could be dangerous in open water or cold conditions, and 'Panik' (Panic) is clearly wrong. However, the question lacks clarity on whether it's asking for the immediate safety priority or a sequence of actions. Moreover, 'Halten Sie das Boot fest' is not the full standard instruction — the correct protocol is typically 'bleiben Sie beim Boot' (stay with the boat), which is more precise. The current answer phrasing is ambiguous and could be interpreted as physically gripping the boat while submerged, which is unsafe.","Was sollten Ruderer tun, wenn ihr Boot während einer Trainingseinheit kentert?","['Schwimmen Sie zum Ufer', 'Bleiben Sie beim Boot', 'Panik', 'Rufen Sie um Hilfe']",Bleiben Sie beim Boot
SBQ,SBQ_Germany.xlsx,Rowing (Rudern),Wie schaffen Ruderer einen reibungslosen Übergang während der Erholungsphase?,A. Entspannen Sie die Arme B. Halten Sie das Gleichgewicht des Bootes aufrecht C. Federn Sie die Klinge D. Verlangsamen Sie die Schläge,Federn Sie die Klinge,0,"The question asks how rowers achieve a smooth transition during the recovery phase, but the correct answer 'Federn Sie die Klinge' (Feather the blade) refers to rotating the oar blade parallel to the water during recovery — which is correct technique. However, the phrasing 'schaffen einen reibungslosen Übergang' is vague and could be misinterpreted. The answer option is technically correct, but the question does not clearly link the action (feathering) to the recovery phase's smooth transition. Also, 'Federn Sie die Klinge' is in imperative form, while other options are in imperative or infinitive inconsistently. The options should be grammatically parallel.",Wie führen Ruderer während der Erholungsphase einen reibungslosen Übergang aus?,"['Die Arme entspannen', 'Das Gleichgewicht des Bootes aufrechterhalten', 'Die Klinge federn', 'Die Schläge verlangsamen']",Die Klinge federn
SBQ,SBQ_Germany.xlsx,Rowing (Rudern),"Während eines Rennens bemerkt der Steuermann, dass das Wasser übermäßig spritzt. Was ist wahrscheinlich die Ursache?",A. Ungleichmäßige Striche B. Hoher Federwinkel C. Tiefer Klingenfang D. Falsches Timing,Tiefer Klingenfang,0,"The question is factually incorrect. 'Tiefer Klingenfang' (deep blade entry) does not cause excessive water spray; rather, it is 'zu hoher Federwinkel' (too high feather angle) or 'ungleichmäßige Striche' (uneven strokes) that can cause splashing. A deep blade entry typically reduces spray by ensuring smooth water displacement. The correct cause of excessive spray is likely an incorrect oar angle or timing, not deep blade entry.","Während eines Rennens bemerkt der Steuermann, dass das Wasser übermäßig spritzt. Was ist wahrscheinlich die Ursache?","['A. Ungleichmäßige Striche', 'B. Hoher Federwinkel', 'C. Tiefer Klingenfang', 'D. Falsches Timing']",Hoher Federwinkel
SBQ,SBQ_Germany.xlsx,Rowing (Rudern),"Ein unerfahrener Ruderer ist nicht in der Lage, Langstreckenrudern zu absolvieren. Was sollten sie verbessern?",A. Technik B. Leistung C. Ausdauer D. Timing,Ausdauer,0,"The question implies that an inexperienced rower cannot complete long-distance rowing, and suggests improving 'Ausdauer' (endurance) as the answer. However, inexperience primarily relates to lack of technique, not necessarily endurance. While endurance is important for long-distance rowing, the root issue for an inexperienced rower is more likely poor technique, which affects efficiency and energy use. The question misattributes the primary cause and thus the correct answer is misleading. The logic is flawed because endurance can be trained regardless of experience, but technique is the foundational skill lacking in beginners.",Ein unerfahrener Ruderer verliert bei Langstreckenrudern schnell die Kraft und kann die Technik nicht konstant halten. Was sollten sie zuerst verbessern?,"['A. Technik', 'B. Leistung', 'C. Ausdauer', 'D. Timing']",Technik
SBQ,SBQ_Germany.xlsx,Rowing (Rudern),Worauf bezieht sich der Begriff „Check“ beim Rudern?,A. Bootskollision B. Plötzlicher Bewegungsstopp C. Gestörter Schwung D. Schlaganfallkorrektur,Gestörter Schwung,0,"The term 'Check' in rowing does not refer to 'Gestörter Schwung' (disturbed stroke). In rowing, 'Check' refers to a sudden deceleration or disruption in the boat's forward motion, typically caused by poor technique, such as a late release or improper timing, which is best described as 'Plötzlicher Bewegungsstopp' (sudden stop in movement). The provided correct answer is factually incorrect.",Worauf bezieht sich der Begriff „Check“ beim Rudern?,"['A. Bootskollision', 'B. Plötzlicher Bewegungsstopp', 'C. Gestörter Schwung', 'D. Schlaganfallkorrektur']",Plötzlicher Bewegungsstopp
SBQ,SBQ_Germany.xlsx,Rowing (Rudern),Was ist die richtige Körperposition beim „Ende“ eines Ruderschlags?,A. Lehnen Sie sich leicht zurück B. Lehne dich nach vorne C. Sitzen Sie aufrecht D. Zur Seite drehen,Lehnen Sie sich leicht zurück,1,no mistake,no correction needed,no correction needed,Lehnen Sie sich leicht zurück
SBQ,SBQ_Germany.xlsx,Rowing (Rudern),Ein Rudertrainer verlangt „quadratische Ruderblätter“. Was bedeutet das?,A. Federn der Klingen B. Halten Sie die Klingen vertikal C. Kurze Striche D. Schnelle Genesung,Halten Sie die Klingen vertikal,0,"The term 'quadratische Ruderblätter' (square oars/blades) is not a standard or technically accurate term in rowing coaching. Rowing coaches do not request 'square blades' to mean holding blades vertically. The correct term for a technique involving vertical blade positioning is 'vertical blade entry' or 'square blade' in the sense of blade orientation at catch, but 'quadratische Ruderblätter' is misleading and not idiomatic German rowing terminology. The provided answer is factually incorrect in context of the question's phrasing.","Ein Rudertrainer verlangt, dass die Ruderblätter bei der Eintauchphase senkrecht gehalten werden. Was bedeutet das?","['A. Federn der Klingen', 'B. Halten Sie die Klingen vertikal', 'C. Kurze Striche', 'D. Schnelle Genesung']",Halten Sie die Klingen vertikal
SBQ,SBQ_Germany.xlsx,Rowing (Rudern),Welcher Umweltfaktor beeinflusst die Geschwindigkeit eines Ruderboots am meisten?,A. Temperatur B. Wind C. Luftfeuchtigkeit D. Lärm,Wind,1,no mistake,no correction needed,no correction needed,Wind
SBQ,SBQ_Germany.xlsx,Rowing (Rudern),Welchen Zweck hat ein „Widerstandsfaktor“ bei Indoor-Rudergeräten?,A. Widerstand anpassen B. Bootsgewicht messen C. Renntempo simulieren D. Schlaganstrengung reduzieren,Widerstand anpassen,1,no mistake,no correction needed,no correction needed,Widerstand anpassen
SBQ,SBQ_Germany.xlsx,Rowing (Rudern),"Während eines Ruderrennens bemerkt eine Crew, dass ihr Boot ungleichmäßig im Wasser liegt. Was sollen sie tun?",A. Balance anpassen B. Hören Sie auf zu rudern C. Schlagzahl reduzieren D. Erhöhen Sie die Leistung,Balance anpassen,1,no mistake,no correction needed,no correction needed,Balance anpassen
SBQ,SBQ_Germany.xlsx,Rowing (Rudern),Welche Sicherheitsausrüstung ist beim Rudern im offenen Wasser obligatorisch?,A. Rettungsweste B. Helm C. Ruderriemen D. Notfallpfeife,Rettungsweste,1,no mistake,no correction needed,no correction needed,Rettungsweste
SBQ,SBQ_Germany.xlsx,Rowing (Rudern),Ein Ruderer verspürt nach dem Training Schmerzen im unteren Rücken. Was ist die wahrscheinlichste Ursache?,A. Schlechte Technik B. Übertraining C. Schwache Kernkraft D. Schwere Ruder,Schlechte Technik,1,no mistake,no correction needed,no correction needed,Schlechte Technik
SBQ,SBQ_Germany.xlsx,Rowing (Rudern),Wie sollte sich ein Ruderer auf einen Wettkampf in großer Höhe vorbereiten?,A. Üben Sie unter sauerstoffarmen Bedingungen B. Schlagfrequenz erhöhen C. Konzentrieren Sie sich auf das Gleichgewicht D. Benutzen Sie leichtere Ruder,Üben Sie unter sauerstoffarmen Bedingungen,1,no mistake,no correction needed,no correction needed,Üben Sie unter sauerstoffarmen Bedingungen
SBQ,SBQ_Germany.xlsx,Rowing (Rudern),Was bedeutet „Layback“ beim Rudern?,A. Ruhen Sie sich zwischen den Schlägen aus B. Zurücklehnen im Ziel C. Stoppen des Schlaganfalls D. Das Gleichgewicht wiederherstellen,Zurücklehnen im Ziel,0,"The term 'Layback' in rowing does not mean 'Zurücklehnen im Ziel' (leaning back at the finish). In rowing, 'layback' refers to the backward lean of the torso during the drive phase, typically at the end of the stroke, but it is not a standalone instruction or action at the 'target' (Ziel). The phrasing 'Zurücklehnen im Ziel' is misleading and imprecise. Additionally, option B is ambiguous — 'Ziel' could be misinterpreted as the finish line rather than the finish of the stroke. The correct technical meaning is the backward lean at the completion of the drive phase, not 'im Ziel'.",Was bedeutet „Layback“ beim Rudern?,"['A. Ruhen Sie sich zwischen den Schlägen aus', 'B. Sich nach hinten neigen am Ende des Zuges', 'C. Stoppen des Schlaganfalls', 'D. Das Gleichgewicht wiederherstellen']",B. Sich nach hinten neigen am Ende des Zuges
SBQ,SBQ_Germany.xlsx,Rowing (Rudern),Was ist die ideale Schlagfrequenz für ein Langstrecken-Ruderrennen?,A. 20–22 Hübe pro Minute B. 24–26 Hübe pro Minute C. 28–30 Hübe pro Minute D. 32–34 Hübe pro Minute,20–22 Hübe pro Minute,0,"The question asks for the 'ideale Schlagfrequenz' (ideal stroke rate) for a long-distance rowing race, but the provided correct answer (20–22 Hübe pro Minute) is factually incorrect for elite long-distance rowing. In reality, elite men's eight or single sculls in long-distance (2000m) rowing typically use stroke rates of 30–38 per minute, with 32–34 being common in races. 20–22 is typical for endurance training or master's rowing, not elite competition. The question implies an elite context, so the answer is misleading.",Was ist die typische Schlagfrequenz für ein elite Langstrecken-Ruderrennen (2000 m)?,"['A. 20–22 Hübe pro Minute', 'B. 24–26 Hübe pro Minute', 'C. 28–30 Hübe pro Minute', 'D. 32–34 Hübe pro Minute']",D. 32–34 Hübe pro Minute
SBQ,SBQ_Germany.xlsx,Rowing (Rudern),"Ein Ruderer bemerkt, dass seine Griffbewegung inkonsistent ist. Worauf sollten sie sich konzentrieren?",A. Kernstärke B. Griffdruck C. Schlagfolge D. Wiederherstellungsgeschwindigkeit,Schlagfolge,0,"The question asks about inconsistent grip movement, but the correct answer provided is 'Schlagfolge' (stroke rate), which is unrelated to grip consistency. Grip inconsistency is primarily about hand pressure and control, not stroke timing. The correct answer should be 'Griffdruck'.","Ein Ruderer bemerkt, dass seine Griffbewegung inkonsistent ist. Worauf sollten sie sich konzentrieren?","['A. Kernstärke', 'B. Griffdruck', 'C. Schlagfolge', 'D. Wiederherstellungsgeschwindigkeit']",Griffdruck
SBQ,SBQ_Germany.xlsx,Rowing (Rudern),Welchen Zweck haben „Fangübungen“ während des Trainings?,A. Verbessern Sie das Timing B. Verbessern Sie die Leistungsabgabe C. Griff stärken D. Technik entwickeln,Verbessern Sie das Timing,0,"The question asks about the purpose of 'Fangübungen' (catching drills), which are primarily intended to improve catching technique and hand-eye coordination, not timing. While timing may be indirectly involved, the most accurate and direct purpose is 'Technik entwickeln' (develop technique). The provided correct answer 'Verbessern Sie das Timing' is misleading and factually incorrect in this context. Also, the options are written in imperative form (e.g., 'Verbessern Sie...'), which is inconsistent with standard MCQ option formatting (should be noun phrases).",Welchen Zweck haben „Fangübungen“ während des Trainings?,"['Verbesserung des Timings', 'Verbesserung der Leistungsabgabe', 'Stärkung des Griffes', 'Entwicklung der Technik']",Entwicklung der Technik
SBQ,SBQ_Germany.xlsx,Rowing (Rudern),"Was passiert beim Rudern, wenn ein Ruder tiefer ins Wasser eindringt als das andere?",A. Ungleichmäßige Lenkung B. Erhöhte Geschwindigkeit C. Ungleichgewicht des Bootes D. Verbesserte Balance,Ungleichgewicht des Bootes,1,no mistake,no correction needed,no correction needed,Ungleichgewicht des Bootes
SBQ,SBQ_Germany.xlsx,Rowing (Rudern),Worauf bezieht sich der Begriff „Leichtgewichtsrudern“?,A. Rudern mit leichteren Rudern B. Gewichtsbeschränkungen für Ruderer C. Kürzere Rennen D. Geringere Schlagfrequenz,Gewichtsbeschränkungen für Ruderer,1,no mistake,no correction needed,no correction needed,Gewichtsbeschränkungen für Ruderer
SBQ,SBQ_Germany.xlsx,Rowing (Rudern),Während einer Trainingseinheit verspürt die Besatzung während der Erholung einen starken Widerstand. Warum?,A. Falsch ausgerichtetes Boot B. Falsche Federung C. Starker Gegenwind D. Schwacher Halt,Falsche Federung,0,"The question is factually incorrect because 'Besatzung' (crew) does not 'spüren einen starken Widerstand während der Erholung' (feel strong resistance during recovery) in rowing training — resistance is felt during the stroke, not recovery. Also, 'Falsche Federung' (wrong feathering) is not a standard term for resistance; feathering refers to blade rotation, not resistance. The correct term should be 'falsche Ruderlage' or 'falscher Ruderwinkel'. The question confuses terminology and physics of rowing.",Während einer Trainingseinheit verspürt die Besatzung während des Zuges einen starken Widerstand. Warum?,"['A. Falsch ausgerichtetes Boot', 'B. Falsche Federung', 'C. Starker Gegenwind', 'D. Schwacher Halt']",B. Falsche Federung
SBQ,SBQ_Germany.xlsx,Rowing (Rudern),Worauf sollten sich Ruderer während einer Trainingseinheit in unruhigem Wasser konzentrieren?,A. Technik B. Leistung C. Geschwindigkeit D. Timing,Technik,1,no mistake,no correction needed,no correction needed,Technik
SBQ,SBQ_Germany.xlsx,Rowing (Rudern),Ein Ruderer hat nach dem Training Schmerzen im Handgelenk. Was ist eine wahrscheinliche Ursache?,A. Den Griff zu weit greifen B. Schwache Handgelenksmuskulatur C. Falsche Wiederherstellung D. Übermäßiger Waffengebrauch,Den Griff zu weit greifen,0,"The question is factually misleading. While 'Den Griff zu weit greifen' (gripping the oar handle too far out) can contribute to wrist strain, it is not the most direct or commonly accepted cause of wrist pain in rowing. The primary cause is typically improper oar handle grip technique or excessive wrist flexion/extension during the stroke, not the distance of the grip on the handle. Additionally, option D ('Übermäßiger Waffengebrauch') is nonsensical in this context ('weapon use' is irrelevant to rowing).",Ein Ruderer hat nach dem Training Schmerzen im Handgelenk. Was ist eine wahrscheinliche Ursache?,"['A. Den Rudergriff zu weit außen greifen', 'B. Schwache Handgelenksmuskulatur', 'C. Falsche Wiederherstellung', 'D. Übermäßige Handgelenkbewegung während des Ruderschlags']",D. Übermäßige Handgelenkbewegung während des Ruderschlags
SBQ,SBQ_Germany.xlsx,Rowing (Rudern),"Ein Ruderer bemerkt, dass bei rauen Bedingungen Wasser über den Bug des Bootes spritzt. Was sollen sie tun?",A. Schlagfrequenz reduzieren B. Bootstrimm anpassen C. Erhöhen Sie die Leistung D. Hören Sie auf zu rudern,Bootstrimm anpassen,0,"The question is factually incorrect because 'Bootstrimm anpassen' (adjusting boat trim) is not the primary or most logical response to water splashing over the bow in rough conditions. In rowing, water over the bow is typically addressed by adjusting stroke rate, technique, or boat speed — not trim, which refers to longitudinal balance and is more relevant to stability or speed optimization in calm conditions. The correct action is to reduce stroke frequency to maintain control and prevent taking on water. Option A is the technically accurate answer, not B.","Ein Ruderer bemerkt, dass bei rauen Bedingungen Wasser über den Bug des Bootes spritzt. Was sollen sie tun?","['A. Schlagfrequenz reduzieren', 'B. Bootstrimm anpassen', 'C. Erhöhen Sie die Leistung', 'D. Hören Sie auf zu rudern']",A. Schlagfrequenz reduzieren
SBQ,SBQ_Germany.xlsx,Rowing (Rudern),"Während eines Ruderrennens hat eine Mannschaft das Gefühl, an Geschwindigkeit zu verlieren. Was könnte der Grund sein?",A. Kurze Striche B. Schlechte Synchronisierung C. Niedrige Schlagfrequenz D. Ungleichmäßiges Gewicht,Schlechte Synchronisierung,1,no mistake,no correction needed,no correction needed,Schlechte Synchronisierung
SBQ,SBQ_Germany.xlsx,Rowing (Rudern),"Was sollte ein Steuermann tun, wenn seine Mannschaft vom Kurs abkommt?",A. Schlagfrequenz erhöhen B. Richtig mit Ruder C. Ruf nach Macht 10 D. Signalisieren Sie einen Halt,Richtig mit Ruder,0,"The question is in German and refers to rowing (Steuermann = coxswain), but the correct answer 'Richtig mit Ruder' is grammatically incorrect and nonsensical in German. It appears to be a mistranslation or malformed phrase. The intended meaning is likely 'correct the stroke' or 'steer back on course', but the phrasing is not valid German. Additionally, option C 'Ruf nach Macht 10' is unclear and likely a mistranslation of a rowing command. The question does not make sense as a valid MCQ in its current form due to language errors.","Was sollte ein Steuermann tun, wenn seine Mannschaft vom Kurs abkommt?","['A. Schlagfrequenz erhöhen', 'B. Den Kurs korrigieren', 'C. Ruf nach Macht 10', 'D. Signalisieren Sie einen Halt']",B. Den Kurs korrigieren
SBQ,SBQ_Germany.xlsx,Rowing (Rudern),"Ein Ruderer hat Probleme mit dem Timing beim Fangen. Welche Übung könnte helfen, dies zu verbessern?",A. Federungsübungen B. Bohrer mit quadratischer Klinge C. Catch-Placement-Übung D. Kraftschlagbohrer,Catch-Placement-Übung,1,no mistake,no correction needed,no correction needed,Catch-Placement-Übung
SBQ,SBQ_Germany.xlsx,Rowing (Rudern),Worauf liegt der Schwerpunkt während der „Antriebs“-Phase eines Ruderschlags?,A. Gleichgewicht B. Kraftanwendung C. Erholung D. Lenkung,Kraftanwendung,1,no mistake,no correction needed,no correction needed,Kraftanwendung
SBQ,SBQ_Germany.xlsx,Rowing (Rudern),Welche Herausforderung stellt sich in einer gemischten Crew oft?,A. Gewichtsverteilung B. Timing-Probleme C. Ungleiche Leistungsabgabe D. Bootstrimm,Ungleiche Leistungsabgabe,1,no mistake,no correction needed,no correction needed,Ungleiche Leistungsabgabe
SBQ,SBQ_Germany.xlsx,Rowing (Rudern),Was ist die ideale Körperposition beim „Fangen“?,"A. Arme ausgestreckt, Beine angewinkelt B. Arme angewinkelt, Beine gerade C. Aufrecht, Arme ausgestreckt D. Lehnen Sie sich leicht zurück","Arme ausgestreckt, Beine angewinkelt",0,"The correct answer provided ('Arme ausgestreckt, Beine angewinkelt') is listed as a text string outside the options, while the options themselves do not match this exact phrasing. Option A is the only one that matches, but the 'Correct Answer' field is incorrectly formatted as free text instead of being tied to an option label. Additionally, the question asks for the 'ideale Körperposition beim „Fangen“' but does not specify the sport or context (e.g., handball, basketball), making it ambiguous. The options are also inconsistently phrased — Option D is a sentence ('Lehnen Sie sich leicht zurück'), while others are noun phrases.",Was ist die ideale Körperposition beim Fangen eines Balles im Handball?,"['A. Arme ausgestreckt, Beine angewinkelt', 'B. Arme angewinkelt, Beine gerade', 'C. Aufrecht, Arme ausgestreckt', 'D. Lehnen Sie sich leicht zurück']","A. Arme ausgestreckt, Beine angewinkelt"
SBQ,SBQ_Germany.xlsx,Rowing (Rudern),"Was passiert, wenn das Ruderblatt während der Bergung das Wasser nicht vollständig freigibt?",A. Erhöhter Luftwiderstand B. Schnellere Geschwindigkeit C. Bessere Stabilität D. Sanfterer Strich,Erhöhter Luftwiderstand,0,"The question uses 'Bergung', which means 'recovery' or 'rescue' in rowing context, but the scenario described — a blade not fully releasing from the water — occurs during the 'finish' or 'exit' of the stroke, not during recovery. 'Bergung' is misleading and incorrect terminology here. The question implies a physical action during recovery, but the actual issue is about blade release at the end of the stroke.","Was passiert, wenn das Ruderblatt während des Ausstiegs das Wasser nicht vollständig freigibt?","['A. Erhöhter Luftwiderstand', 'B. Schnellere Geschwindigkeit', 'C. Bessere Stabilität', 'D. Sanfterer Strich']",A. Erhöhter Luftwiderstand
SBQ,SBQ_Germany.xlsx,Rowing (Rudern),Wie kann ein Ruderer während des gesamten Ruderzugs eine gleichmäßige Griffhöhe gewährleisten?,A. Konzentrieren Sie sich auf Ruderschlösser B. Benutze einen Spiegel C. Üben Sie Kernübungen D. Behalten Sie einen starken Halt bei,Üben Sie Kernübungen,0,"The question asks how a rower can maintain a consistent grip height during the entire rowing stroke, but the correct answer 'Üben Sie Kernübungen' (Do core exercises) is too general and indirect. While core strength contributes to stability, it does not directly ensure consistent grip height during the stroke. The most direct and technically accurate method is using a mirror (Spiegel) to visually monitor grip height in real time. The current answer is factually misleading for the specific question asked.",Wie kann ein Ruderer während des gesamten Ruderzugs eine gleichmäßige Griffhöhe visuell überwachen?,"['A. Konzentrieren Sie sich auf Ruderschlösser', 'B. Benutze einen Spiegel', 'C. Üben Sie Kernübungen', 'D. Behalten Sie einen starken Halt bei']",B. Benutze einen Spiegel
SBQ,SBQ_Germany.xlsx,Rowing (Rudern),Ein Ruderer verspürt nach dem Rudertraining eine Schulterbelastung. Was könnte die Ursache sein?,A. Übergriff beim Fang B. Falsche Grifftechnik C. Schwache Schultermuskulatur D. Lange Übungsdauer,Übergriff beim Fang,0,"The question asks about shoulder strain after rowing training, and the provided correct answer 'Übergriff beim Fang' (overreach at the catch) is not the most direct or accurate cause of shoulder strain. Overreach at the catch typically causes back or wrist issues, not primarily shoulder strain. The most likely direct cause among the options is 'Falsche Grifftechnik' (incorrect grip technique), which can lead to improper force distribution and shoulder stress. The question and answer do not align logically.",Ein Ruderer verspürt nach dem Rudertraining eine Schulterbelastung. Was ist die wahrscheinlichste technische Ursache dafür?,"['A. Übergriff beim Fang', 'B. Falsche Grifftechnik', 'C. Schwache Schultermuskulatur', 'D. Lange Übungsdauer']",Falsche Grifftechnik
SBQ,SBQ_Germany.xlsx,Rowing (Rudern),"Was ist die Hauptfunktion der „Steuerbox“, die von Steuermännern verwendet wird?",A. Überwachen Sie die Schlagfrequenz B. Verstärken Sie Sprachbefehle C. Rennzeit anzeigen D. Steuerruder,Verstärken Sie Sprachbefehle,0,"The question contains a factual error: 'Steuerbox' is not a term used by 'Steuermänner' (coaches in rowing) to amplify voice commands. In rowing, the 'Steuerbox' (or steering box) is a mechanical device used to control the rudder, not to amplify speech. The correct answer provided ('Verstärken Sie Sprachbefehle') is therefore incorrect. The question misrepresents rowing equipment and confuses terminology.","Was ist die Hauptfunktion der „Steuerbox“, die von Ruderern verwendet wird?","['A. Überwachen Sie die Schlagfrequenz', 'B. Verstärken Sie Sprachbefehle', 'C. Rennzeit anzeigen', 'D. Steuerruder']",D. Steuerruder
SBQ,SBQ_Germany.xlsx,Rowing (Rudern),Wie kann eine Crew während eines Rennens ihre Leistung bei starkem Rückenwind optimieren?,A. Schlagfrequenz erhöhen B. Reduzieren Sie das Auslaufen C. Striche verkürzen D. Konzentrieren Sie sich auf das Gleichgewicht,Schlagfrequenz erhöhen,0,"The question asks about optimizing performance with strong tailwind (Rückenwind), but the provided correct answer 'Schlagfrequenz erhöhen' (increase stroke rate) is logically incorrect. In rowing, a tailwind reduces resistance, so crews typically reduce stroke rate and focus on longer, more efficient strokes to avoid over-exertion and maintain rhythm. Increasing stroke rate in tailwind can lead to inefficiency and loss of control. The correct optimization is to reduce stroke length or effort, not increase frequency.",Wie kann eine Crew während eines Rennens ihre Leistung bei starkem Rückenwind optimieren?,"['A. Schlagfrequenz erhöhen', 'B. Reduzieren Sie das Auslaufen', 'C. Striche verkürzen', 'D. Konzentrieren Sie sich auf das Gleichgewicht']",C. Striche verkürzen
SBQ,SBQ_Germany.xlsx,Rowing (Rudern),Bei welcher Art des Ruderns benutzt jeder Ruderer ein Ruder?,A. Skullen B. Sweep-Rudern C. Ergometer-Rudern D. Adaptives Rudern,Sweep-Rudern,0,"The question asks 'Bei welcher Art des Ruderns benutzt jeder Ruderer ein Ruder?' which translates to 'In which type of rowing does each rower use one oar?' The correct answer should be 'Skullen' (sculling), where each rower uses two oars (one in each hand), but the question implies one oar per rower, which is actually 'Sweep-Rudern' (sweep rowing), where each rower uses one oar. However, the provided correct answer is 'Sweep-Rudern', which is factually correct for the question as phrased. But the question is misleading because it's worded as if expecting the answer to be the one with one oar per rower — which is sweep — so the logic is correct, but the answer given in the question is correct. However, the mistake is that the correct answer is labeled as 'Sweep-Rudern', which is actually correct for the question. Wait — let's double-check: In sweep rowing, each rower uses ONE oar. In sculling, each rower uses TWO oars. So if the question is 'who uses one oar?', the answer is Sweep-Rudern. The provided answer is correct. But the question says 'benutzt jeder Ruderer ein Ruder?' — which is exactly sweep rowing. So why is the score 0? Because the user says the correct answer is Sweep-Rudern, and that is factually correct. So the mistake is: the user claims the correct answer is Sweep-Rudern — which is correct — but in the note, it says 'Correct Answer: Sweep-Rudern' — so everything seems correct. But wait — the system is evaluating if the question and answer are correctly matched. They are. So why score 0? Let me re-read: The question is: 'Who uses one oar?' Answer: Sweep-Rudern — correct. Skullen uses two. So the answer is correct. But the user says: 'Correct Answer: Sweep-Rudern' — and that is right. So why is this flagged? The problem is: the user has provided the correct answer as Sweep-Rudern, which is accurate. So there is NO mistake. But the instruction says: evaluate. So if everything is correct, score = 1. But the initial instruction says: 'Correct Answer: Sweep-Rudern' — and that is factually correct. So why did I think it was wrong? I didn't. The answer is correct. Therefore, the mistake is in my own reasoning: the question is correctly answered by Sweep-Rudern. So score should be 1. But wait — let me check option A: Skullen — that’s sculling, two oars per rower. B: Sweep-Rudern — one oar per rower. C: Ergometer — not a rowing style, it's a machine. D: Adaptives Rudern — adaptive rowing can be either. So the question is valid. Answer is correct. So why did I initially think to score 0? I confused myself. The answer provided is correct. So the mistake is: none. Therefore, score = 1. But the user says: 'Correct Answer: Sweep-Rudern' — and that is right. So I must correct my own error. Final decision: everything is correct. Score = 1.",no correction needed,no correction needed,no answer needed
SBQ,SBQ_Germany.xlsx,Rowing (Rudern),"Warum ist es wichtig, beim Rudern den Bootstrimm beizubehalten?",A. Ästhetik verbessern B. Luftwiderstand minimieren C. Geschwindigkeit erhöhen D. Balancieren Sie die Crew aus,Luftwiderstand minimieren,0,"The question asks why it is important to maintain boat trim in rowing, and the provided correct answer 'Luftwiderstand minimieren' (minimize air resistance) is factually incorrect. Boat trim in rowing primarily affects hydrodynamic efficiency, stability, and propulsion alignment in water — not air resistance. The correct reason is related to optimizing the boat's balance and reducing drag in water, which directly impacts speed and crew efficiency. The best option should be 'Balancieren Sie die Crew aus' (balance the crew), as proper trim ensures the boat sits level in the water for maximum speed and minimal resistance.","Warum ist es wichtig, beim Rudern den Bootstrimm beizubehalten?","['A. Ästhetik verbessern', 'B. Luftwiderstand minimieren', 'C. Geschwindigkeit erhöhen', 'D. Balancieren Sie die Crew aus']",D. Balancieren Sie die Crew aus
SBQ,SBQ_Germany.xlsx,Rowing (Rudern),"Ein unerfahrener Ruderer hat Schwierigkeiten, beim langen Rudern seine Haltung beizubehalten. Woran sollten sie arbeiten?",A. Grifftechnik B. Kernstärke C. Kraftanwendung D. Timing,Kernstärke,1,no mistake,no correction needed,no correction needed,Kernstärke
SBQ,SBQ_Germany.xlsx,Rowing (Rudern),Was bedeutet „Auswaschen“ beim Rudern?,A. Wasser aus dem Ruder verschütten B. Leistungsverlust während der Fahrt C. Blatt verlässt das Wasser früh D. Wasser überschwemmt das Boot,Blatt verlässt das Wasser früh,1,no mistake,no correction needed,no correction needed,Blatt verlässt das Wasser früh
SBQ,SBQ_Germany.xlsx,Rowing (Rudern),Welche Rolle spielt der „Bugball“ auf einem Ruderboot?,A. Schützen Sie das Boot B. Reduzieren Sie den Luftwiderstand C. Spurposition markieren D. Sicherheit bei Kollisionen,Sicherheit bei Kollisionen,0,"The term 'Bugball' does not exist in rowing or boating terminology. It is likely a fabricated or mistranslated term. The question is factually incorrect because there is no such component as a 'Bugball' on a rowing boat. The correct term is likely 'bump ball' or 'bow ball', which is a small spherical device on the bow of a boat to reduce damage in collisions — hence the provided answer 'Sicherheit bei Kollisionen' is contextually correct for the intended concept, but the term 'Bugball' is invalid.",Welche Rolle spielt das 'Bugball' (Bowball) auf einem Ruderboot?,"['A. Schützen Sie das Boot', 'B. Reduzieren Sie den Luftwiderstand', 'C. Spurposition markieren', 'D. Sicherheit bei Kollisionen']",D. Sicherheit bei Kollisionen
SBQ,SBQ_Germany.xlsx,Rowing (Rudern),Eine Crew bereitet sich auf eine Regatta mit engen Bahnen vor. Was sollten sie üben?,A. Lenkpräzision B. Schnelle Starts C. Hohe Schlagzahlen D. Klingenfederung,Lenkpräzision,1,no mistake,no correction needed,no correction needed,Lenkpräzision
SBQ,SBQ_Germany.xlsx,Rowing (Rudern),Was ist das Hauptziel während einer „Paddelübungssitzung“?,A. Bauen Sie Ausdauer auf B. Konzentrieren Sie sich auf die Technik C. Stärke entwickeln D. Geschwindigkeit erhöhen,Konzentrieren Sie sich auf die Technik,1,no mistake,no correction needed,no correction needed,Konzentrieren Sie sich auf die Technik
SBQ,SBQ_Germany.xlsx,Rowing (Rudern),Wie wirkt sich die Art des Wassers (flach oder turbulent) auf die Ruderstrategie aus?,A. Schlagfrequenz anpassen B. Klingentiefe ändern C. Bootstrimm ändern D. Wiederherstellungsphase ändern,Schlagfrequenz anpassen,0,"The question is factually incorrect because the type of water (flat vs. turbulent) does not primarily affect rowing strategy through 'Schlagfrequenz anpassen' (adjusting stroke rate). In turbulent water, rowers adjust blade depth (Klingentiefe) and boat trim (Bootstrimm) to maintain stability and efficiency, not primarily stroke rate. Stroke rate is more related to race pace and fitness, not water conditions. The provided answer is misleading.",Wie wirkt sich die Art des Wassers (flach oder turbulent) auf die Ruderstrategie aus?,"['A. Schlagfrequenz anpassen', 'B. Klingentiefe ändern', 'C. Bootstrimm ändern', 'D. Wiederherstellungsphase ändern']",B. Klingentiefe ändern
SBQ,SBQ_Germany.xlsx,Rowing (Rudern),Worauf sollten Ruderer beim Rudern gegen Gegenwind achten?,A. Erhöhen Sie die Leistung B. Striche verkürzen C. Niedrigere Schlagfrequenz D. Behalten Sie den Rhythmus bei,Behalten Sie den Rhythmus bei,0,"The question is factually misleading. When rowing against headwind, athletes typically shorten their strokes (Striche verkürzen) to maintain efficiency and control, not just 'behalten Sie den Rhythmus bei'. While maintaining rhythm is important, it is not the primary technical adjustment for headwind. The correct answer should reflect the established rowing technique for headwinds.",Worauf sollten Ruderer beim Rudern gegen Gegenwind besonders achten?,"['A. Erhöhen Sie die Leistung', 'B. Striche verkürzen', 'C. Niedrigere Schlagfrequenz', 'D. Behalten Sie den Rhythmus bei']",B. Striche verkürzen
SBQ,SBQ_Germany.xlsx,Rowing (Rudern),"Welche Technik hilft bei einem Sprintrennen, die Geschwindigkeit zu maximieren?",A. Hohe Schlagzahl B. Längere Striche C. Minimales Auslaufen D. Leichte Klingen,Hohe Schlagzahl,0,"The question asks about sprinting technique, but the correct answer 'Hohe Schlagzahl' (high stroke rate) is a term used in rowing or swimming, not sprinting. Sprinting involves stride length and frequency, not 'Schlagzahl'. The options are mismatched with the context of the question.","Welche Technik hilft bei einem Sprintrennen, die Geschwindigkeit zu maximieren?","['Hohe Schrittfrequenz', 'Längere Schritte', 'Minimales Auslaufen', 'Leichte Schuhe']",Hohe Schrittfrequenz
SBQ,SBQ_Germany.xlsx,Rowing (Rudern),Was führt zu einer „Überreichweite“ beim Fang?,A. Bessere Reichweite B. Reduziertes Gleichgewicht C. Erhöhte Geschwindigkeit D. Reduzierte Schlagkraft,Reduziertes Gleichgewicht,0,"The question 'Was führt zu einer „Überreichweite“ beim Fang?' is factually incorrect because 'Überreichweite' is not a standard or recognized term in sports terminology (especially in contexts like catching or handball). It appears to be a fabricated or mistranslated term. The concept of 'reduced balance' leading to 'over-reach' is logically plausible, but the term 'Überreichweite' itself is invalid, making the question nonsensical as a valid MCQ.",Was führt zu einer übermäßigen Ausdehnung der Arme beim Fang?,"['A. Bessere Reichweite', 'B. Reduziertes Gleichgewicht', 'C. Erhöhte Geschwindigkeit', 'D. Reduzierte Schlagkraft']",B. Reduziertes Gleichgewicht
SBQ,SBQ_Germany.xlsx,Rowing (Rudern),"Eine Besatzung bemerkt, dass sich ihr Boot während des Ruderns zur Seite neigt. Was könnte die Ursache sein?",A. Ungleichmäßige Ruderlängen B. Falscher Bootstrimm C. Asymmetrisches Rudern D. Schlechte Synchronisierung,Schlechte Synchronisierung,0,"The correct answer 'Schlechte Synchronisierung' is not the most direct or primary cause of a boat tilting to one side during rowing. The most accurate and direct cause is 'Asymmetrisches Rudern' (asymmetric rowing), which directly leads to unequal force distribution and tilting. 'Schlechte Synchronisierung' affects boat speed and efficiency but is less directly responsible for lateral tilt compared to asymmetric stroke technique. The question implies a physical tilt, which is best explained by asymmetry in rowing force, not timing.","Eine Besatzung bemerkt, dass sich ihr Boot während des Ruderns zur Seite neigt. Was ist die wahrscheinlichste direkte Ursache?","['A. Ungleichmäßige Ruderlängen', 'B. Falscher Bootstrimm', 'C. Asymmetrisches Rudern', 'D. Schlechte Synchronisierung']",C. Asymmetrisches Rudern
SBQ,SBQ_Germany.xlsx,Rowing (Rudern),Was sollte ein Steuermann während eines Power-10-Anrufs tun?,A. Behalten Sie den Rhythmus bei B. Ermutigen Sie zu maximalem Einsatz C. Konzentrieren Sie sich auf die Lenkung D. Verlangsamen Sie die Schlagfrequenz,Ermutigen Sie zu maximalem Einsatz,0,"The question is factually incorrect because a 'Power-10' in rowing is a 10-stroke sprint where the coxswain's primary role is to motivate and encourage the crew to maximize effort, not to focus on steering. However, the option 'Konzentrieren Sie sich auf die Lenkung' (Focus on steering) is misleadingly plausible and could confuse test-takers, as steering is normally the coxswain's job — but not during a Power-10. The question does not clearly reflect this nuance, and the correct answer is buried among options that mix general coxswain duties with context-specific actions. The question needs to be rephrased to emphasize the specific context of a Power-10.",Was sollte ein Steuermann während eines Power-10 tun?,"['A. Behalten Sie den Rhythmus bei', 'B. Ermutigen Sie zu maximalem Einsatz', 'C. Konzentrieren Sie sich auf die Lenkung', 'D. Verlangsamen Sie die Schlagfrequenz']",Ermutigen Sie zu maximalem Einsatz
SBQ,SBQ_Germany.xlsx,Rowing (Rudern),Wie können Ruderer den Widerstand während der Erholungsphase reduzieren?,"A. Erhöhen Sie den Auslaufwinkel B. Striche verkürzen C. Verlangsamen Sie die Genesung D. Vermeiden Sie es, sich zurückzulehnen",Erhöhen Sie den Auslaufwinkel,0,"The question asks how rowers can reduce resistance during the recovery phase, but the provided correct answer ('Erhöhen Sie den Auslaufwinkel') refers to increasing the finish angle, which relates to the drive phase, not the recovery phase. Increasing the finish angle does not reduce resistance during recovery; instead, it may increase it. The correct way to reduce resistance during recovery is to feather the oars and keep them close to the water (minimizing air resistance) and to move the oars smoothly and efficiently — not by increasing the finish angle. The answer is factually incorrect and logically misaligned with the question.",Wie können Ruderer den Widerstand während der Erholungsphase reduzieren?,"['A. Die Ruderblätter fächern und nahe am Wasser führen', 'B. Die Stroke-Länge verkürzen', 'C. Die Erholungsphase verlangsamen', 'D. Sich nicht zurücklehnen']",A. Die Ruderblätter fächern und nahe am Wasser führen
SBQ,SBQ_Germany.xlsx,Rowing (Rudern),Was sollten Ruderer in einem gemischten 4-Personen-Skullboot priorisieren?,A. Blade-Synchronisation B. Lenksteuerung C. Hohe Leistungsabgabe D. Schlagzahl,Blade-Synchronisation,0,"The question asks what rowers should prioritize in a mixed 4-person 'skullboot' (which is incorrect terminology). In rowing, a 'skullboot' does not exist; the correct term is 'four with coxswain' (4+) or 'four without coxswain' (4-), and 'sculling' refers to boats where each rower has two oars (e.g., 4x). A mixed 4-person scull is correctly called a 'mixed quadruple scull' (4x). Moreover, in a scull (4x), steering is done by one rower using a foot-controlled rudder, so blade synchronization is indeed critical, but the term 'Skullboot' is a linguistic error that makes the question invalid. The question must use correct rowing terminology.",Was sollten Ruderer in einem gemischten 4er-Scull priorisieren?,"['A. Blade-Synchronisation', 'B. Lenksteuerung', 'C. Hohe Leistungsabgabe', 'D. Schlagzahl']",A. Blade-Synchronisation
SBQ,SBQ_Germany.xlsx,Rowing (Rudern),"Während des Trainings fällt es einem Ruderer schwer, den Griff festzuhalten. Was könnte helfen?",A. Tragen Sie Handschuhe B. Verwenden Sie einen stärkeren Griff C. Griffhöhe anpassen D. Verbessern Sie die Handkraft,Tragen Sie Handschuhe,1,no mistake,no correction needed,no correction needed,Tragen Sie Handschuhe
SBQ,SBQ_Germany.xlsx,Rowing (Rudern),Was bedeutet „Hot Seating“ beim Rudern?,A. Plötzlicher Anstieg der Schlagfrequenz B. Wechsel der Ruderer zwischen den Rennen C. Kurze Rennen D. Rudern unter Hitze,Wechsel der Ruderer zwischen den Rennen,0,"The term 'Hot Seating' in rowing does not mean 'Wechsel der Ruderer zwischen den Rennen'. In rowing, 'hot seating' refers to a technique where a rower quickly takes over a seat in a boat during a race or training, often to replace a fatigued or injured rower without stopping the boat — not between races. The provided answer is factually incorrect. The question also misleads by implying a common term in rowing that doesn't match the given option.",Was bedeutet „Hot Seating“ beim Rudern?,"['A. Plötzlicher Anstieg der Schlagfrequenz', 'B. Austausch eines Ruderers während des Rennens ohne Anhalten des Bootes', 'C. Kurze Rennen', 'D. Rudern unter Hitze']",B. Austausch eines Ruderers während des Rennens ohne Anhalten des Bootes
SBQ,SBQ_Germany.xlsx,Skat,"Wenn Sie beim Skat der Solospieler sind und den Stich mit der höchsten Karte einer Farbe gewinnen, was passiert dann als nächstes?",A. Du beginnst mit dem nächsten Trick B. Ihr Gegner führt als nächstes C. Die Runde ist vorbei D. Sie müssen zu Ihrem Gegner passen,Du beginnst mit dem nächsten Trick,1,no mistake,no correction needed,no correction needed,Du beginnst mit dem nächsten Trick
SBQ,SBQ_Germany.xlsx,Skat,"Welche Art von Spiel sollten Sie in Betracht ziehen, wenn Sie eine Hand ohne Bildkarten erhalten?",A. Großartig B. Null C. Anzugspiel D. Skat,Null,0,"The question is factually incorrect and logically flawed. 'Null' is not a type of game in Skat; it is a bid or contract in Skat where the declarer aims to win zero tricks. The question wrongly implies 'Null' is a 'type of game' to consider when holding a hand without picture cards, which misrepresents Skat rules. Additionally, 'Skat' as an option is confusing since it's the name of the game, not a type of bid or play. The options are not mutually exclusive or properly categorized.","Welche Art von Gebot sollten Sie in Betracht ziehen, wenn Sie eine Hand ohne Bildkarten erhalten?","['A. Großartig', 'B. Null', 'C. Anzugspiel', 'D. Skat']",B. Null
SBQ,SBQ_Germany.xlsx,Skat,"Was solltest du tun, wenn deine Gegner die ersten beiden Stiche gewonnen haben und du im Skat im Rückstand bist?",A. Rufen Sie ein großes Spiel an B. Übergeben Sie die Kurve C. Ändern Sie die Trumpffarbe D. Erhöhen Sie Ihre Gebote,Rufen Sie ein großes Spiel an,0,"The question asks what you should do when behind in Skat after losing the first two tricks, but the correct answer 'Rufen Sie ein großes Spiel an' (Call a large game) is not a valid in-game action in Skat. In Skat, players bid during the bidding phase before play begins; you cannot 'call a large game' during play. The correct strategic response when behind is typically to play defensively or consider passing, not to change the game type mid-hand. The provided answer is factually incorrect.","Was solltest du tun, wenn du im Skat im Gebotsverfahren bist und deine Gegner hohe Gebote abgegeben haben, während du eine schwache Hand hast?","['A. Rufen Sie ein großes Spiel an', 'B. Übergeben Sie die Kurve', 'C. Ändern Sie die Trumpffarbe', 'D. Erhöhen Sie Ihre Gebote']",B. Übergeben Sie die Kurve
SBQ,SBQ_Germany.xlsx,Skat,Wann sollte man beim Skat ein „Null“-Spiel ansagen?,A. Wenn Sie hohe Karten haben B. Wenn Sie eine schlechte Hand haben C. Wenn Sie keine Trumpfkarten haben D. Wenn Sie nur Bildkarten haben,Wenn Sie eine schlechte Hand haben,1,no mistake,no correction needed,no correction needed,Wenn Sie eine schlechte Hand haben
SBQ,SBQ_Germany.xlsx,Skat,"Was passiert, wenn Sie ein „Farben“-Spiel ansagen, aber die meisten Stiche nicht gewinnen?",A. Du verlierst das Spiel B. Sie sammeln Punkte C. Sie können es in der nächsten Runde noch einmal versuchen D. Sie ziehen das Spiel,Du verlierst das Spiel,0,"The question is factually incorrect and logically flawed. 'Farben' is not a recognized card game term in German-speaking regions; it appears to be a mistranslation or misuse. The phrase 'ein Farben-Spiel ansagen' does not correspond to any standard rule in games like Skat, Schafkopf, or Doppelkopf. Additionally, the concept of 'Stiche gewinnen' (winning tricks) is relevant in trick-taking games, but 'Farben' alone is not a valid bid or contract. The options also contain non-standard phrasing (e.g., 'Sie ziehen das Spiel') which is not idiomatic German. The correct answer 'Du verlierst das Spiel' is plausible only if the context were a real game, but the premise is invalid.","Was passiert, wenn Sie in einem Kartenspiel wie Skat 'Farbe' ansagen, aber die meisten Stiche nicht gewinnen?","['A. Du verlierst das Spiel', 'B. Sie sammeln Punkte', 'C. Sie können es in der nächsten Runde noch einmal versuchen', 'D. Sie ziehen das Spiel']",A. Du verlierst das Spiel
SBQ,SBQ_Germany.xlsx,Skat,"Welchen Vorteil hat es, beim Skat eine „große“ Partie anzusagen?","A. Es garantiert einen Sieg B. Es ermöglicht Ihnen, eine Trumpfkarte zu verwenden C. Sie spielen ohne Trumpffarbe D. Es bietet einen höheren Punktwert",Es bietet einen höheren Punktwert,1,no mistake,no correction needed,no correction needed,Es bietet einen höheren Punktwert
SBQ,SBQ_Germany.xlsx,Skat,"Was sollten Sie beim Spielen eines Farbspiels tun, wenn Ihr Gegner mit der höchsten Karte der Trumpffarbe führt?",A. Spielen Sie einen höheren Trumpf aus B. Spielen Sie Ihre niedrigste Karte C. Übergeben Sie die Kurve D. Rufen Sie ein Nullspiel auf,Spielen Sie einen höheren Trumpf aus,0,"The question refers to 'Farbspiel', which is ambiguous and not a standard term in German card games. It likely intends to refer to 'Farbspiel' as a generic term for trick-taking games with trumps (like Schafkopf or Skat), but the phrasing is unclear and misleading. Additionally, 'Übergeben Sie die Kurve' is not standard terminology — it should be 'Spielen Sie keine Trumpfkarte' or 'Legen Sie eine Nicht-Trumpf-Karte ab'. The term 'Nullspiel' is a specific contract in Skat, not a move during play, making option D misleading. The correct strategy when an opponent leads the highest trump is indeed to play a higher trump if possible, but the question and options need precise, game-standard terminology.","Was sollten Sie tun, wenn Ihr Gegner mit der höchsten Trumpfkarte führt und Sie selbst eine höhere Trumpfkarte besitzen?","['Spielen Sie einen höheren Trumpf aus', 'Spielen Sie Ihre niedrigste Nicht-Trumpf-Karte', 'Legen Sie keine Trumpfkarte ab', 'Rufen Sie ein Nullspiel auf']",Spielen Sie einen höheren Trumpf aus
SBQ,SBQ_Germany.xlsx,Skat,"Was ist beim Skat das Hauptziel, wenn man ein „Null“-Spiel spielt?",A. Um alle Tricks zu gewinnen B. Um keine Stiche zu gewinnen C. Um die Trumpffarbe zu kontrollieren D. Mit einer starken Hand spielen,Um keine Stiche zu gewinnen,1,no mistake,no correction needed,no correction needed,Um keine Stiche zu gewinnen
SBQ,SBQ_Germany.xlsx,Skat,"Was tun, wenn Sie ein „Farben“-Spiel spielen und keine Karte in der Hauptfarbe haben?",A. Spielen Sie eine Trumpfkarte aus B. Übergeben Sie die Kurve C. Spielen Sie eine niedrige Karte einer anderen Farbe D. Rufen Sie ein großes Spiel an,Spielen Sie eine Trumpfkarte aus,0,"The question refers to a 'Farben-Spiel' (color game), which is ambiguous and not a standard term in card games. The correct context is likely 'Skat' or similar German trick-taking games where 'Farbe' means suit and 'Trumpf' means trump. The term 'Farben-Spiel' is misleading; it should specify the game or use standard terminology. Also, option B 'Übergeben Sie die Kurve' is nonsensical in German card game context. The answer 'Spielen Sie eine Trumpfkarte aus' is correct for trick-taking games when unable to follow suit, but the question needs clarification.","Was tun Sie, wenn Sie bei einem Stich in einem Kartenspiel wie Skat keine Karte der geforderten Farbe haben?","['A. Spielen Sie eine Trumpfkarte aus', 'B. Übergeben Sie den Stich', 'C. Spielen Sie eine niedrige Karte einer anderen Farbe', 'D. Rufen Sie ein großes Spiel an']",A. Spielen Sie eine Trumpfkarte aus
SBQ,SBQ_Germany.xlsx,Skat,Wie wird der Gewinner in einem „Grand“-Spiel ermittelt?,"A. Der erste Spieler, der 10 Stiche gewinnt B. Der Solospieler gewinnt alle Stiche C. Der Spieler, der die meisten Stiche gewinnt D. Der Spieler, der den letzten Stich gewinnt",Der Solospieler gewinnt alle Stiche,0,"The question is factually incorrect because 'Grand' in card games like Skat or Doppelkopf does not refer to a game where the soloist must win all tricks to win. In Skat, a 'Grand' game means the soloist plays with only trumps (Jack cards), and they must win at least 61 of the 120 card points, not necessarily all tricks. The provided answer is therefore misleading and not accurate for the term 'Grand' in standard card game rules. The question also does not clearly specify the game context, making it ambiguous.",Wie wird der Gewinner in einem 'Grand'-Spiel im Skat ermittelt?,"['A. Der erste Spieler, der 10 Stiche gewinnt', 'B. Der Solospieler muss mindestens 61 Punkte sammeln', 'C. Der Spieler, der die meisten Stiche gewinnt', 'D. Der Spieler, der den letzten Stich gewinnt']",B. Der Solospieler muss mindestens 61 Punkte sammeln
SBQ,SBQ_Germany.xlsx,Skat,Wie viele Punkte kann man beim Skat in einem „Null“-Spiel maximal erzielen?,A. 100 B. 66 C. 1000 D. 157,100,0,"The question asks for the maximum points achievable in a 'Null' game in Skat, but the provided correct answer (100) is incorrect. In Skat, a 'Null' game (Nullspiel) is won by the declarer if they take no tricks; the fixed point value for a successful Null game is 20 points, not 100. The value 100 likely confuses it with the minimum bid or another variant. Additionally, none of the options (100, 66, 1000, 157) are correct for a Null game. The correct maximum points for a Null game is 20, but since it's not listed, the question is factually wrong and the options are misleading.",Wie viele Punkte erhält der Spieler beim erfolgreichen 'Null'-Spiel im Skat?,"['A. 20', 'B. 66', 'C. 100', 'D. 157']",A. 20
SBQ,SBQ_Germany.xlsx,Skat,Was bedeutet „Schneider“ im Skat?,A. Gewinnen mit allen Bildkarten B. Mit einer kleinen Hand gewinnen C. Mit weniger als zwei Stichen verlieren D. Der Solospieler gewinnt alle Stiche,Mit weniger als zwei Stichen verlieren,0,"The question asks 'Was bedeutet „Schneider“ im Skat?' but the provided correct answer 'Mit weniger als zwei Stichen verlieren' describes the condition for the defender to achieve Schneider, not the meaning of the term 'Schneider' itself. In Skat, 'Schneider' means that the declarer (Solospieler) wins with at least 90 points, or equivalently, the opponents take fewer than 30 points (i.e., 2 or fewer tricks). However, the answer is phrased from the perspective of the loser, which is misleading. The term 'Schneider' refers to the state of the game where the opponents are Schneider (i.e., take 0–2 tricks), so the correct definition should be phrased from the perspective of the opponents' performance. The current answer is factually incorrect as a definition of 'Schneider' — it should state that the opponents take fewer than 3 tricks (i.e., 0, 1, or 2 tricks), not that the player loses with fewer than 2 tricks. Also, option D is correct for 'Schwarz', not 'Schneider'.",Was bedeutet „Schneider“ im Skat?,"['A. Der Solospieler gewinnt mit allen Bildkarten', 'B. Der Solospieler gewinnt mit einer kleinen Hand', 'C. Die Gegner nehmen weniger als 3 Stiche', 'D. Der Solospieler gewinnt alle Stiche']",Die Gegner nehmen weniger als 3 Stiche
SBQ,SBQ_Germany.xlsx,Skat,"Welche Spielart würden Sie vermeiden, wenn Sie eine Hand ohne Karten der Trumpffarbe erhalten würden?",A. Großartig B. Null C. Anzugspiel D. Skat,Anzugspiel,0,"The question is factually incorrect because 'Anzugspiel' is not a Spielart (game variant) in Skat that one would avoid when holding no trump cards. In Skat, 'Anzugspiel' refers to playing without trumps (i.e., suit game), which is exactly what a player with no trumps would choose — not avoid. The correct game variant to avoid when holding no trumps is 'Grand' (Groß), because it requires trumps (only the four Jacks). 'Null' is a no-trump contract and is suitable. The options also contain non-standard or incorrect terms like 'Großartig' (not a Skat term) and 'Skat' (the game itself, not a variant).","Welche Spielart würden Sie vermeiden, wenn Sie keine Trumpfkarten in Ihrer Hand haben?","['Groß', 'Null', 'Farbspiel', 'Skat']",Groß
SBQ,SBQ_Germany.xlsx,Skat,"Was passiert in einem „Farben“-Spiel, wenn der Alleinspieler alle Stiche gewinnt?",A. Sie verdienen Extrapunkte B. Sie verlieren das Spiel C. Sie erzielen einen „Schneider“ D. Sie gewinnen automatisch,Sie verdienen Extrapunkte,0,"The question refers to a 'Farben'-Spiel, which is not a standard term in German card games. In German trick-taking games like Schafkopf or Skat, the correct term is 'Farbspiel' (color game) or 'Spielart' (game type). Additionally, the provided answer 'Sie verdienen Extrapunkte' is incorrect: in Schafkopf, if the soloist wins all tricks, it is called 'Schneider' or 'Schwarz', and this results in a higher game value or bonus, not just 'Extrapunkte'. The correct outcome is winning with a 'Schwarz' (all tricks), which is option C, but the question mislabels the term and the answer is misleading.","Was passiert in einem Farbspiel, wenn der Alleinspieler alle Stiche gewinnt?","['A. Sie verdienen Extrapunkte', 'B. Sie verlieren das Spiel', 'C. Sie erzielen einen ""Schwarz""', 'D. Sie gewinnen automatisch']","C. Sie erzielen einen ""Schwarz"""
SBQ,SBQ_Germany.xlsx,Skat,"Welche Konsequenz hat es, ein Spiel für „Null“ zu erklären und einen Stich zu gewinnen?",A. Du verlierst Punkte B. Du erhältst doppelte Punkte C. Sie sammeln zusätzliche Bonuspunkte D. Du spielst weiter,Du verlierst Punkte,0,"The question is unclear and factually incorrect in the context of German card games (like Skat or Schafkopf). 'Ein Spiel für Null erklären' (declaring a null game) and 'einen Stich gewinnen' (winning a trick) are contradictory: in a null game, the goal is to win NO tricks, not any. Winning a trick in a null game means losing the game, not gaining bonus points. The answer 'Du verlierst Punkte' is contextually plausible but the question phrasing is logically flawed because you cannot both declare a null game and win a trick as a positive action — it's a failure condition. The question needs to be rephrased to reflect the actual game rule.","Welche Konsequenz hat es, ein Spiel für „Null“ zu erklären und dabei trotzdem einen Stich zu gewinnen?","['A. Du verlierst Punkte', 'B. Du erhältst doppelte Punkte', 'C. Sie sammeln zusätzliche Bonuspunkte', 'D. Du spielst weiter']",A. Du verlierst Punkte
SBQ,SBQ_Germany.xlsx,Skat,Wie erhöhen Sie Ihre Gewinnchancen in einem „Suit“-Spiel mit einer schwachen Hand?,"A. Erkläre ein „Null“-Spiel B. Spielen Sie aggressiv C. Versuchen Sie, mit Trumpfkarten zu gewinnen D. Versuchen Sie, einen „Schneider“ einzurichten","Versuchen Sie, mit Trumpfkarten zu gewinnen",0,"The question is factually incorrect and logically flawed. In a 'Suit' game (e.g., Skat or similar trick-taking card games), a 'Suit' game typically means no trumps are declared — the suit is the only trump, and there are no additional trump cards. Therefore, 'Versuchen Sie, mit Trumpfkarten zu gewinnen' (Try to win with trump cards) is nonsensical in a Suit game, since trump cards do not exist in a Suit game. The correct strategy for a weak hand in a Suit game is often to avoid taking tricks (e.g., by aiming for a 'Null' game), not to try to win with trumps. The provided answer contradicts the premise of the question.",Wie erhöhen Sie Ihre Gewinnchancen in einem Farbspiel mit einer schwachen Hand?,"[""A. Erklären Sie ein 'Null'-Spiel"", 'B. Spielen Sie aggressiv', 'C. Versuchen Sie, mit Trumpfkarten zu gewinnen', ""D. Versuchen Sie, einen 'Schneider' einzurichten""]",A. Erklären Sie ein 'Null'-Spiel
SBQ,SBQ_Germany.xlsx,Skat,"Was sollten Sie tun, wenn Sie der Solospieler sind und Ihre Gegner eine sehr starke Hand haben?",A. Spielen Sie ein Null-Spiel B. Rufen Sie nach einem Schneider C. Erhöhen Sie Ihr Gebot D. Probieren Sie ein Grand-Spiel aus,Erhöhen Sie Ihr Gebot,0,"The question is about a German card game (likely Skat), but the correct answer 'Erhöhen Sie Ihr Gebot' (Raise your bid) is logically inconsistent with the scenario. If opponents have a very strong hand, the solo player should avoid risking a high bid and instead play defensively, e.g., choose a Null-Spiel (null game) to avoid losing points. The given correct answer is factually wrong. The question also lacks context — it assumes knowledge of Skat rules without specifying the game.","Was sollten Sie tun, wenn Sie der Solospieler sind und Ihre Gegner eine sehr starke Hand haben, um Punkteverlust zu vermeiden?","['A. Spielen Sie ein Null-Spiel', 'B. Rufen Sie nach einem Schneider', 'C. Erhöhen Sie Ihr Gebot', 'D. Probieren Sie ein Grand-Spiel aus']",A. Spielen Sie ein Null-Spiel
SBQ,SBQ_Germany.xlsx,Skat,Zu welchem ​​Zweck werden die Skatkarten vor Spielbeginn weitergegeben?,A. Um eine bessere Hand zu zeichnen B. Um unerwünschte Karten abzuwerfen C. Um die Trumpffarbe zu ändern D. Um die Gegner zu verwirren,Um unerwünschte Karten abzuwerfen,0,"The question is factually incorrect. In Skat, cards are not 'weitergegeben' (passed on) before play begins in the way described. Instead, the 'Bietphase' (bidding phase) occurs first, and then the declarer picks up the two Skat cards and may discard two cards from their hand. The act of discarding is not passing cards to others, and the options misrepresent the actual mechanics. The correct purpose is for the declarer to discard two unwanted cards after picking up the Skat, not to pass cards to others.",Zu welchem Zweck legt der Spieler nach dem Aufnehmen der Skatkarten zwei Karten ab?,"['A. Um eine bessere Hand zu erhalten', 'B. Um unerwünschte Karten abzuwerfen', 'C. Um die Trumpffarbe zu ändern', 'D. Um die Gegner zu verwirren']",B. Um unerwünschte Karten abzuwerfen
SBQ,SBQ_Germany.xlsx,Skat,"Was sollten Sie tun, wenn Ihre Gegner mit einer niedrigen Karte führen und Sie eine höhere Karte derselben Farbe haben?",A. Spielen Sie Ihre höhere Karte B. Übergeben Sie die Kurve C. Spielen Sie eine Trumpfkarte aus D. Rufen Sie ein großes Spiel an,Spielen Sie Ihre höhere Karte,0,"The question is about card game strategy, but it uses ambiguous terminology ('niedrige Karte', 'höhere Karte', 'Kurve', 'Trumpfkarte') without specifying the game. In most trick-taking games (like Skat, Bridge, or Hearts), playing a higher card of the same suit when leading is not always optimal — especially if the opponent led low, it may be better to hold back or use trump. The term 'Kurve' (curve) is not a standard card game term in German and appears to be a mistranslation or error. Also, 'ein großes Spiel anrufen' is not standard terminology. The question is misleading and lacks context.","Was sollten Sie tun, wenn Ihr Gegner mit einer niedrigen Karte einer Farbe anlegt und Sie eine höhere Karte derselben Farbe halten?","['A. Spielen Sie Ihre höhere Karte', 'B. Legen Sie eine niedrigere Karte derselben Farbe an', 'C. Spielen Sie eine Trumpfkarte', 'D. Halten Sie Ihre Karte zurück']",A. Spielen Sie Ihre höhere Karte
SBQ,SBQ_Germany.xlsx,Skat,"Was bedeutet es, ein „Skat“-Spiel zu spielen?","A. Das Spiel wird mit nur zwei Farben gespielt B. Ein Spiel, bei dem Sie auf jede Hand bieten C. Ein Spiel, das mit einer schwachen Hand gespielt wird D. Ein Spiel, bei dem man den Skat weitergibt","Ein Spiel, das mit einer schwachen Hand gespielt wird",0,"The question 'Was bedeutet es, ein „Skat“-Spiel zu spielen?' is ambiguous and misleading. In Skat, 'ein Skat-Spiel spielen' does not mean playing with a weak hand; rather, it refers to the act of participating in the game of Skat, which is a trick-taking card game played with 32 cards, typically by three players, where the 'Skat' (the two undealt cards) are set aside and can be picked up by the declarer. The provided correct answer is factually wrong. The option 'Ein Spiel, das mit einer schwachen Hand gespielt wird' is not a definition of playing Skat but a misinterpretation. The correct concept relates to the Skat cards and bidding.",Was bedeutet der „Skat“ im Skat-Spiel?,"['A. Das Spiel wird mit nur zwei Farben gespielt', 'B. Ein Spiel, bei dem Sie auf jede Hand bieten', 'C. Die beiden nicht ausgeteilten Karten, die vom Ausspieler aufgenommen werden können', 'D. Ein Spiel, das mit einer schwachen Hand gespielt wird']","C. Die beiden nicht ausgeteilten Karten, die vom Ausspieler aufgenommen werden können"
SBQ,SBQ_Germany.xlsx,Skat,Was ist in einem Grand-Spiel die Hauptstrategie für den Solospieler?,A. Um alle Tricks zu gewinnen B. Um keine Stiche zu gewinnen C. Um die Trumpffarbe zu kontrollieren D. Sich auf starke Anzüge verlassen,Um alle Tricks zu gewinnen,0,"The question asks about the main strategy for the solo player in a Grand Game (Grand-Spiel) in card games like Skat, but the provided correct answer 'Um alle Tricks zu gewinnen' (to win all tricks) is incorrect. In a Grand-Spiel, the solo player plays with only the four jacks as trumps and does not need to win all tricks to win the game — only to reach a minimum of 61 card points. Winning all tricks is a goal in Schieber (a variant) or a 'Schwarz', but not the main strategy for a standard Grand-Spiel. The correct main strategy is controlling the trump suit (jacks) and managing card points efficiently. Option C ('Um die Trumpffarbe zu kontrollieren') is more accurate.","Was ist in einem Grand-Spiel die Hauptstrategie für den Solospieler, um zu gewinnen?","['A. Um alle Tricks zu gewinnen', 'B. Um keine Stiche zu gewinnen', 'C. Um die Trumpffarbe zu kontrollieren', 'D. Sich auf starke Anzüge verlassen']",Um die Trumpffarbe zu kontrollieren
SBQ,SBQ_Germany.xlsx,Skat,Worauf bezieht sich „Schneider“ im Skat?,A. Mit einer perfekten Hand gewinnen B. Mit weniger als zwei Stichen verlieren C. Alle Stiche in einem Farbspiel gewinnen D. Eine Strafe für Überbieten,Mit weniger als zwei Stichen verlieren,1,no mistake,no correction needed,no correction needed,Mit weniger als zwei Stichen verlieren
SBQ,SBQ_Germany.xlsx,Skat,Wie unterscheidet sich ein „Null“-Spiel von anderen Spielarten im Skat?,"A. Der Spieler versucht, alle Stiche zu gewinnen B. Ziel des Spielers ist es, keine Stiche zu gewinnen C. Der Spieler verwendet eine Trumpffarbe D. Der Spieler gewinnt mit hohen Karten","Ziel des Spielers ist es, keine Stiche zu gewinnen",1,no mistake,no correction needed,no correction needed,"Ziel des Spielers ist es, keine Stiche zu gewinnen"
SBQ,SBQ_Germany.xlsx,Skat,"Welche Konsequenz hat es, ein Spiel für „Null“ zu erklären und dann einen Stich zu gewinnen?",A. Der Spieler verliert das Spiel B. Der Spieler erhält eine Strafe C. Der Spieler erhält Punkte D. Das Spiel geht wie gewohnt weiter,Der Spieler verliert das Spiel,0,"The question is factually incorrect in the context of German card games (e.g., Skat or Schafkopf). Declaring a game as 'Null' (a contract where the player aims to take no tricks) and then winning a trick does not automatically mean the player loses the game — it is the defining condition of losing a Null contract. However, the phrasing 'ein Spiel für „Null“ zu erklären und dann einen Stich zu gewinnen' is ambiguous and misleading because 'Spiel' (game) could refer to the entire match or the contract. The correct consequence is losing the Null contract, not necessarily the entire match. The answer 'Der Spieler verliert das Spiel' is too vague and potentially incorrect depending on context. Also, the options do not clearly reflect the mechanics of Null contracts.","Was passiert, wenn ein Spieler einen Null-Spiel erklärt und dabei trotzdem einen Stich gewinnt?","['A. Der Spieler verliert den Null-Spiel', 'B. Der Spieler erhält eine Strafe', 'C. Der Spieler erhält Punkte', 'D. Das Spiel geht wie gewohnt weiter']",A. Der Spieler verliert den Null-Spiel
SBQ,SBQ_Germany.xlsx,Skat,Welche Rolle spielen Trumpfkarten beim Spielen eines „Farben“-Spiels?,A. Mit ihnen kann jeder Stich gewonnen werden B. Sie können nur den ersten Stich gewinnen C. Sie spielen im Spiel keine Rolle D. Mit ihnen können höhere Farben gewonnen werden,Mit ihnen kann jeder Stich gewonnen werden,0,"The question is misleading because 'Farben-Spiel' is not a standard term in card games; it likely refers to 'Farbenspiel' or a trick-taking game with suits (like Skat or Schafkopf), where trumps have specific rules. The term 'Farben' (colors) is ambiguous and incorrectly used. Additionally, the correct answer implies trumps can win every trick, which is only true if no higher trump is played — not universally correct. The phrasing needs precision to reflect standard rules of trick-taking games with trumps.",Welche Rolle spielen Trumpfkarten beim Spielen eines Farbenspiels?,"['A. Mit ihnen kann jeder Stich gewonnen werden, sofern keine höhere Trumpfkarte gespielt wird', 'B. Sie können nur den ersten Stich gewinnen', 'C. Sie spielen im Spiel keine Rolle', 'D. Mit ihnen können höhere Farben gewonnen werden']","A. Mit ihnen kann jeder Stich gewonnen werden, sofern keine höhere Trumpfkarte gespielt wird"
SBQ,SBQ_Germany.xlsx,Skat,"Wie viele Spieler muss man mindestens haben, um ein Standard-Skatspiel zu spielen?",A. Zwei B. Drei C. Vier D. Eins,Drei,0,"The question is factually incorrect because a standard Skat game requires exactly three players, not 'mindestens' (at least). The phrasing 'mindestens' implies the game can be played with fewer than three, which is false. Skat cannot be played with two or one player in its standard form. The correct answer 'Drei' is right, but the question's logic is flawed.","Wie viele Spieler sind nötig, um ein Standard-Skatspiel zu spielen?","['A. Zwei', 'B. Drei', 'C. Vier', 'D. Eins']",Drei
SBQ,SBQ_Germany.xlsx,Skat,"Was passiert beim Skat als nächstes, wenn der Alleinspieler den ersten Stich gewinnt?",A. Der Alleinspieler führt den nächsten Stich aus B. Als nächstes führt der Gegner C. Die Runde ist vorbei D. Der Alleinspieler verliert einen Punkt,Der Alleinspieler führt den nächsten Stich aus,1,no mistake,no correction needed,no correction needed,Der Alleinspieler führt den nächsten Stich aus
SBQ,SBQ_Germany.xlsx,Skat,"Was ist eine Schlüsselstrategie, wenn man mit einer schwachen Hand ein „Suit“-Spiel spielt?","A. Nennen Sie ein „Null“-Spiel B. Versuchen Sie, mit Trumpfkarten zu gewinnen C. Konzentrieren Sie sich auf kleine Anzüge D. Versuchen Sie, mit der höchsten Karte zu gewinnen",Konzentrieren Sie sich auf kleine Anzüge,0,"The question is factually incorrect because 'Suit' game in card games (like Skat or Bridge) does not involve 'kleine Anzüge' (small suits) as a strategy with a weak hand. The term 'Suit' is ambiguous and misused; the intended context is likely 'Farbspiel' (suit game) in Skat, where the correct strategy with a weak hand is to avoid losing tricks by playing low cards in side suits (i.e., 'kleine Karten' in Nebenfarben), not 'kleine Anzüge'. Also, 'Anzug' is not standard terminology for suits in German card game jargon — 'Farbe' is correct. The answer choice 'Konzentrieren Sie sich auf kleine Anzüge' is linguistically and technically flawed.","Was ist eine Schlüsselstrategie, wenn man mit einer schwachen Hand ein Farbspiel spielt?","['Nennen Sie ein Null-Spiel', 'Versuchen Sie, mit Trumpfkarten zu gewinnen', 'Konzentrieren Sie sich auf kleine Karten in Nebenfarben', 'Versuchen Sie, mit der höchsten Karte zu gewinnen']",Konzentrieren Sie sich auf kleine Karten in Nebenfarben
SBQ,SBQ_Germany.xlsx,Skat,Wie unterscheidet sich das Spiel „Grand“ von „Suit“-Spielen?,A. Der Solospieler verwendet nur Buben als Trumpfkarten B. Der Solospieler verwendet keine Trumpfkarten C. Es gibt keine Tricks D. Es gibt keine Strafen für das Verlieren,Der Solospieler verwendet nur Buben als Trumpfkarten,0,"The question is factually incorrect because 'Grand' and 'Suit' are not standard terms in card games like Skat or similar trick-taking games. In Skat, 'Grand' refers to a game where only the Jacks (Buben) are trumps, while 'Suit' games use a normal suit as trump plus the Jacks. However, the question misrepresents 'Suit' as a category and does not clearly contrast the two. Additionally, option B ('keine Trumpfkarten') is factually wrong for Grand, as Grand does use Trumpfkarten (only Buben). The question needs clarification to refer to Skat terminology correctly.",Wie unterscheidet sich das Spiel 'Grand' vom 'Farb'-Spiel im Skat?,"['A. Der Solospieler verwendet nur Buben als Trumpfkarten', 'B. Der Solospieler verwendet keine Trumpfkarten', 'C. Es gibt keine Tricks', 'D. Es gibt keine Strafen für das Verlieren']",A. Der Solospieler verwendet nur Buben als Trumpfkarten
SBQ,SBQ_Germany.xlsx,Skat,"Was bedeutet es, den Skat im Skat zu „bestehen“?",A. Um unerwünschte Karten abzuwerfen B. Um das Spiel vorzeitig zu beenden C. Den Gegnern einen Vorteil verschaffen D. Neue Karten ziehen,Um unerwünschte Karten abzuwerfen,0,"The question is factually incorrect. In Skat, 'den Skat bestehen' does not mean to discard unwanted cards; it refers to the declarer's decision to pick up the Skat (the two face-down cards) and then discard two cards to form their final hand. The phrase 'bestehen' here means to 'take' or 'accept' the Skat, not to discard. The provided answer incorrectly describes the action of discarding, which is a separate step called 'abwerfen'. The question as phrased misrepresents the rules of Skat.","Was bedeutet es, den Skat im Skat zu „bestehen“?","['A. Den Skat aufzunehmen und zwei Karten abzuwerfen', 'B. Das Spiel vorzeitig zu beenden', 'C. Den Gegnern einen Vorteil verschaffen', 'D. Neue Karten zu ziehen']",A. Den Skat aufzunehmen und zwei Karten abzuwerfen
SBQ,SBQ_Germany.xlsx,Skat,"Was ist der beste Zug, wenn Sie ein Farbspiel spielen und Ihr Gegner mit einer hohen Karte führt?",A. Spielen Sie eine höhere Karte B. Spielen Sie eine Trumpfkarte aus C. Übergeben Sie die Kurve D. Spielen Sie eine niedrige Karte einer anderen Farbe,Spielen Sie eine höhere Karte,0,"The question is factually incorrect because in trick-taking card games like Skat or Bridge (where 'Farbspiel' and 'Trumpfkarte' are terms), when an opponent leads a high card in a suit, playing a higher card is not always the best move — especially if you don't have one. The correct strategic play is often to discard a low card (if you can't win) or play a trump card to take control. The given answer 'Spielen Sie eine höhere Karte' assumes you have a higher card, which is not guaranteed. The question also uses ambiguous terminology ('Farbspiel' could mean suit play or a specific game variant). The best move depends on context, and the provided answer is not universally correct.","Was ist der beste Zug, wenn Ihr Gegner in einem Farbspiel mit einer hohen Karte führt und Sie keine höhere Karte dieser Farbe haben?","['A. Spielen Sie eine höhere Karte', 'B. Spielen Sie eine Trumpfkarte aus', 'C. Übergeben Sie die Kurve', 'D. Spielen Sie eine niedrige Karte der geführten Farbe']",D. Spielen Sie eine niedrige Karte der geführten Farbe
SBQ,SBQ_Germany.xlsx,Skat,Was ist der höchstmögliche Punktewert für eine „Grand“-Partie im Skat?,A. 150 B. 200 C. 300 D. 500,200,0,"The question asks for the 'höchstmögliche Punktewert für eine „Grand“-Partie im Skat', but the correct answer provided (200) is incorrect. In Skat, a 'Grand' game has a base value of 24, and the maximum possible score depends on the number of tricks and additional multipliers (like Schneider, Schwarz, etc.). The theoretical maximum for a Grand game is 168 points (24 base × 7 for Schwarz), not 200. Moreover, 200 is not a standard value in Skat scoring. The question is factually wrong and misleading.",Was ist der höchstmögliche Punktewert für eine „Grand“-Partie im Skat mit Schwarz?,"['A. 168', 'B. 200', 'C. 240', 'D. 300']",A. 168
SBQ,SBQ_Germany.xlsx,Skat,Was ist der Zweck des Bietens im Skat?,A. Um Ihre Punktzahl zu erhöhen B. Um die Trumpffarbe zu bestimmen C. Um den Spieleinsatz festzulegen D. Den Gewinner bekannt geben,Um den Spieleinsatz festzulegen,0,"The question asks about the 'Zweck des Bietens' (purpose of bidding) in Skat, but the provided correct answer ('Um den Spieleinsatz festzulegen' — to set the game stake) is misleading. In Skat, bidding is not about setting a monetary stake; it is about determining the declarer, the contract (e.g., suit, grand, null), and the target number of points to be won. The primary purpose of bidding is to establish who will play and under which contract, not to set a financial stake. The correct answer should reflect the determination of the game type and declarer.",Was ist der Zweck des Bietens im Skat?,"['A. Um Ihre Punktzahl zu erhöhen', 'B. Um die Trumpffarbe zu bestimmen', 'C. Um den Spielertyp und die Spielart festzulegen', 'D. Den Gewinner bekannt geben']",C. Um den Spielertyp und die Spielart festzulegen
SBQ,SBQ_Germany.xlsx,Skat,"Wie punktet man beim Skat, wenn man ein „Null“-Spiel spielt?","A. Für jeden Trick gibt es Punkte B. Sie punkten nur, wenn Sie den ersten Stich gewinnen C. Für jeden gewonnenen Stich verlieren Sie Punkte D. Unabhängig von der Leistung erhalten Sie 100 Punkte",Für jeden gewonnenen Stich verlieren Sie Punkte,0,"The question is factually incorrect. In Skat, a 'Null' game means the declarer aims to win NO tricks, and scoring is based on successfully taking zero tricks (not losing points per trick won). The provided answer incorrectly states that you lose points for each trick won, which misrepresents Skat rules. In reality, winning a trick in a Null game means losing the game, and the points are awarded based on the type of Null (e.g., Null 20, Null 35, etc.) if successful, not by deducting points per trick.","Wie punktet man beim Skat, wenn man ein „Null“-Spiel spielt?","['A. Für jeden Trick gibt es Punkte', 'B. Sie punkten nur, wenn Sie keinen Stich gewinnen', 'C. Für jeden gewonnenen Stich verlieren Sie Punkte', 'D. Unabhängig von der Leistung erhalten Sie 100 Punkte']","B. Sie punkten nur, wenn Sie keinen Stich gewinnen"
SBQ,SBQ_Germany.xlsx,Skat,Welche Rolle spielen Bildkarten beim Skat?,A. Sie sind immer Trumpfkarten B. Sie haben in Anzugspielen einen höheren Wert C. Sie werden nur in Null-Spielen verwendet D. Es sind schwache Karten,Sie haben in Anzugspielen einen höheren Wert,0,"The question asks about 'Bildkarten' (picture cards) in Skat, but the provided answer 'Sie haben in Anzugspielen einen höheren Wert' is misleading. In Skat, Bildkarten (King, Queen, Jack) are not inherently higher in value in Anzugspielen (suit games) compared to number cards — their rank is fixed: Jack > Ace > 10 > King > Queen > 9 > 8 > 7. The Jacks are always the highest trumps in suit games, but 'Bildkarten' typically refers to King, Queen, Jack, and only the Jacks have special trump status. The answer incorrectly implies all Bildkarten have higher value in suit games, which is false. The question and answer are factually incorrect.",Welche Rolle spielen die Buben beim Skat in Anzugspielen?,"['A. Sie sind immer Trumpfkarten', 'B. Sie haben in Anzugspielen einen höheren Wert als Ass und 10', 'C. Sie werden nur in Null-Spielen verwendet', 'D. Es sind schwache Karten']",Sie sind immer Trumpfkarten
SBQ,SBQ_Germany.xlsx,Skat,"Was passiert beim Skat, wenn der Alleinspieler alle 10 Stiche in einem Farbspiel gewinnt?",A. Der Alleinspieler erhält Bonuspunkte B. Der Alleinspieler verliert automatisch C. Der Alleinspieler erhält keine Punkte D. Der Alleinspieler verliert das Spiel,Der Alleinspieler erhält Bonuspunkte,0,"The question is factually incorrect. In Skat, if the soloist wins all 10 tricks in a suit game, it is called a 'Schneider' (not just bonus points), and it results in a significant point bonus, but the answer option 'Bonuspunkte' is too vague and not the standard terminology used in official Skat rules. Moreover, winning all 10 tricks is actually called 'Schwarz', not 'Schneider'. Schneider means winning at least 90 points, not necessarily all tricks. Winning all 10 tricks is 'Schwarz', which is a separate game outcome with its own point value. The provided answer incorrectly conflates 'Schwarz' with generic 'Bonuspunkte'.","Was passiert beim Skat, wenn der Alleinspieler alle 10 Stiche in einem Farbspiel gewinnt?","['A. Der Alleinspieler erreicht Schwarz und erhält einen hohen Punktebonus', 'B. Der Alleinspieler verliert automatisch', 'C. Der Alleinspieler erhält keine Punkte', 'D. Der Alleinspieler verliert das Spiel']",A. Der Alleinspieler erreicht Schwarz und erhält einen hohen Punktebonus
SBQ,SBQ_Germany.xlsx,Skat,Was bedeutet „Reizen“ im Zusammenhang mit Skat?,"A. Eine Phase, in der die Spieler Karten weitergeben B. Das Punktesystem des Spiels C. Eine Phase, in der Spieler auf das Spiel bieten D. Eine Trickphase","Eine Phase, in der Spieler auf das Spiel bieten",1,no mistake,no correction needed,no correction needed,no answer needed
SBQ,SBQ_Germany.xlsx,Skat,"Wie gehen Sie in einem „Farben“-Spiel mit einer Situation um, in der Ihr Gegner mit einer Karte der Trumpffarbe ausspielt?","A. Spielen Sie Ihren höchsten Trumpf aus B. Übergeben Sie die Kurve C. Versuchen Sie, zum Anzug zu passen D. Rufen Sie ein Nullspiel auf",Spielen Sie Ihren höchsten Trumpf aus,0,"The question refers to a 'Farben'-Spiel, which is not a standard or widely recognized term in card games. It likely intends to refer to 'Farbspiel' (a type of trick-taking game like Schafkopf or Skat where trump suits exist), but the phrasing is ambiguous and misleading. Additionally, the correct answer 'Spielen Sie Ihren höchsten Trumpf aus' is only contextually valid in some games (e.g., Skat when trying to win the trick), but not universally correct — in many trump games, you may be better off playing a low trump to save high ones. The question lacks specificity about the game rules, making it logically flawed as a multiple-choice item.","Wie gehen Sie in einem Skat-Spiel mit einer Situation um, in der Ihr Gegner mit einer Karte der Trumpffarbe ausspielt?","['Spielen Sie Ihren höchsten Trumpf aus', 'Übergeben Sie die Kurve', 'Versuchen Sie, zum Anzug zu passen', 'Rufen Sie ein Nullspiel auf']",Spielen Sie Ihren höchsten Trumpf aus
SBQ,SBQ_Germany.xlsx,Skat,"Wie können Sie als Einzelspieler in einem „Farben“-Spiel vermeiden, einen Stich zu verlieren?",A. Durch die Verwendung von Karten mit geringem Wert B. Durch das Abwerfen hoher Karten C. Durch die Kontrolle der Trumpffarbe D. Indem man nur Bildkarten spielt,Durch die Kontrolle der Trumpffarbe,1,no mistake,no correction needed,no correction needed,Durch die Kontrolle der Trumpffarbe
SBQ,SBQ_Germany.xlsx,Skat,"Was bedeutet es, wenn ein Spieler im Skat einen „Schneider“ hat?","A. Sie verloren, indem sie weniger als zwei Stiche gewannen B. Sie erzielten die höchste Punktzahl C. Sie hatten eine perfekte Hand D. Sie spielten ein Null-Spiel","Sie verloren, indem sie weniger als zwei Stiche gewannen",0,"The question asks 'Was bedeutet es, wenn ein Spieler im Skat einen „Schneider“ hat?' (What does it mean if a player has a 'Schneider' in Skat?), but the provided answer describes losing by winning fewer than two tricks, which is incorrect. In Skat, 'Schneider' means the opposing team (or the declarer's opponent) has won 90 or more points (i.e., 9 or more tricks), not that the player themselves won fewer than two tricks. The answer confuses 'Schneider' with 'Schwarz'. Additionally, the phrasing 'Sie verloren, indem sie weniger als zwei Stiche gewannen' is grammatically inconsistent with the subject 'ein Spieler' — it switches to plural 'sie'. The question and answer are factually wrong.","Was bedeutet es, wenn ein Spieler im Skat einen „Schneider“ hat?","['A. Der Gegner hat 90 oder mehr Punkte erreicht', 'B. Er erzielte die höchste Punktzahl', 'C. Er hatte eine perfekte Hand', 'D. Er spielte ein Null-Spiel']",A. Der Gegner hat 90 oder mehr Punkte erreicht
SBQ,SBQ_Germany.xlsx,Skat,Was sind die Bedingungen für die Erklärung einer „großen“ Partie im Skat?,A. Sie müssen alle Stiche gewinnen B. Mit Bildkarten haben Sie eine starke Hand C. Sie haben keine Trumpfkarten D. Sie verwenden Buben nur als Trumpf,Sie verwenden Buben nur als Trumpf,0,"The question asks for conditions to declare a 'große' Partie in Skat, but the provided answer 'Sie verwenden Buben nur als Trumpf' is factually incorrect and misleading. In Skat, a 'große Partie' (great game) is declared when the declarer plays with all four Jacks as trumps (i.e., using the Jacks as the only trumps, regardless of suit), not when they 'use Jacks only as trump' — which is ambiguous and not standard terminology. The correct condition is that the declarer declares a 'große Partie' by choosing to play with all four Jacks as trumps (and no other suit as trump). The answer choice is poorly worded and does not reflect the actual rule. Additionally, option A is the correct condition for a 'Grand' (Große Partie), not D.",Was ist die Bedingung für die Erklärung einer „großen“ Partie im Skat?,"['A. Sie müssen alle Stiche gewinnen', 'B. Mit Bildkarten haben Sie eine starke Hand', 'C. Sie haben keine Trumpfkarten', 'D. Sie spielen mit allen vier Buben als Trumpf']",D. Sie spielen mit allen vier Buben als Trumpf
SBQ,SBQ_Germany.xlsx,Skat,Welchen Einfluss hat der Skat auf die Spielstrategie?,"A. Es gibt Spielern die Möglichkeit, ihre Handstärke zu steigern B. Es zwingt die Spieler, mit den gleichen Karten zu spielen C. Es hat keinen Einfluss auf das Gameplay D. Es ändert die Trumpffarbe","Es gibt Spielern die Möglichkeit, ihre Handstärke zu steigern",0,"The question 'Welchen Einfluss hat der Skat auf die Spielstrategie?' is ambiguous and misleading because 'der Skat' refers to the two undealt cards in Skat, not the game itself. The correct interpretation should refer to the impact of the Skat cards (the two face-down cards) on strategy, not the game of Skat. The provided answer is factually correct in context, but the question does not clearly specify what 'der Skat' means, leading to potential confusion.",Welchen Einfluss haben die beiden Skatkarten auf die Spielstrategie?,"['A. Es gibt Spielern die Möglichkeit, ihre Handstärke zu steigern', 'B. Es zwingt die Spieler, mit den gleichen Karten zu spielen', 'C. Es hat keinen Einfluss auf das Gameplay', 'D. Es ändert die Trumpffarbe']","A. Es gibt Spielern die Möglichkeit, ihre Handstärke zu steigern"
SBQ,SBQ_Germany.xlsx,Skat,Wie sollten Sie in einem „Null“-Spiel Ihre Karten ausspielen?,"A. Versuchen Sie, so viele Stiche wie möglich zu gewinnen B. Versuchen Sie, keine Stiche zu gewinnen C. Konzentrieren Sie sich darauf, Bildkarten zu gewinnen D. Versuchen Sie, die Trumpffarbe zu kontrollieren","Versuchen Sie, keine Stiche zu gewinnen",1,no mistake,no correction needed,no correction needed,"Versuchen Sie, keine Stiche zu gewinnen"
SBQ,SBQ_Germany.xlsx,Skat,"Was passiert, wenn der Alleinspieler in einem „Farben“-Spiel nicht die erforderliche Anzahl an Stichen gewinnt?",A. Sie verlieren das Spiel B. Sie erzielen keine Punkte C. Sie erhalten Strafpunkte D. Sie gewinnen mit einer niedrigeren Punktzahl,Sie verlieren das Spiel,0,"The question is factually incorrect. In the German card game 'Schafkopf' (or similar 'Farben' games), if the soloist ('Alleinspieler') fails to win the required number of tricks, they do not simply 'verlieren das Spiel' — they lose points and the opponents score accordingly, but the phrasing 'verlieren das Spiel' is ambiguous and not technically precise. The correct consequence is typically that the soloist receives negative points (Strafpunkte) or the opponents gain points, depending on the variant. Option C ('Sie erhalten Strafpunkte') is more accurate than A. Also, the question lacks specificity about the required number of tricks and the scoring system.","Was passiert, wenn der Alleinspieler in einem 'Farben'-Spiel die erforderliche Anzahl an Stichen nicht erreicht?","['A. Sie verlieren das Spiel', 'B. Sie erzielen keine Punkte', 'C. Sie erhalten Strafpunkte', 'D. Sie gewinnen mit einer niedrigeren Punktzahl']",Sie erhalten Strafpunkte
SBQ,SBQ_Germany.xlsx,Skat,Wie viele Punkte können Sie in einem „Suit“-Spiel maximal verdienen?,A. 100 B. 150 C. 200 D. 250,150,0,"The question is ambiguous and factually incorrect. 'Suit'-Spiel is not a recognized term in sports or games with a standard scoring system of 150 points. It likely intends to refer to 'Skat' (a German card game), where the maximum points in a 'Suit' game (Farbspiel) is 120, not 150. The provided answer (150) is incorrect for any standard interpretation. Additionally, 150 is not a standard maximum in any well-known 'Suit'-based game.",Wie viele Punkte können Sie in einem Farbspiel (Skat) maximal erreichen?,"['A. 100', 'B. 120', 'C. 150', 'D. 200']",B. 120
SBQ,SBQ_Germany.xlsx,Skat,Was ist die erste Aktion nach dem Austeilen der Karten beim Skat?,A. Beginnen Sie mit der Trickphase B. Die Spieler bieten auf das Spiel C. Die Spieler werfen Karten ab D. Der Alleinspieler wählt die Trumpffarbe,Die Spieler bieten auf das Spiel,0,"The question asks for the 'first action' after dealing the cards in Skat, but the correct first action is not 'Die Spieler bieten auf das Spiel' — bidding occurs after the dealer offers the Skat cards to the player on their left, and the player can choose to pick them up or pass. The very first action after dealing is the announcement of the Skat (the two undealt cards) and the option to take them, which precedes bidding. The provided answer is incorrect because bidding is not the first action; the Skat must be offered first.","Was ist die erste Aktion nach dem Austeilen der Karten beim Skat, bevor das Gebot beginnt?","['A. Der Geber zeigt die beiden Skatkarten und bietet sie dem linken Gegner an', 'B. Die Spieler bieten auf das Spiel', 'C. Die Spieler werfen Karten ab', 'D. Der Alleinspieler wählt die Trumpffarbe']",A. Der Geber zeigt die beiden Skatkarten und bietet sie dem linken Gegner an
SBQ,SBQ_Germany.xlsx,Skat,Wie wirkt sich die „Reizen“-Phase auf das Skatspiel aus?,A. Es bestimmt den Gewinner B. Es bestimmt die Trumpffarbe C. Es bestimmt die Art des Spiels D. Es legt die Anzahl der Tricks fest,Es bestimmt die Art des Spiels,0,"The term 'Reizen' in Skat refers to the bidding phase, which determines the declarer and the type of game (e.g., suit, grand, null), not the trump suit directly. However, the question incorrectly uses 'Reizen' as a 'Phase' that 'wirkt sich aus' (has an effect), which is vague and misleading. The correct concept is that 'Reizen' determines the 'Art des Spiels' (type of game), which matches the given answer, but the phrasing of the question is imprecise and not standard in Skat terminology. The term 'Reizen' is not a 'Phase' in the sense of a step like 'Ausspiel' or 'Stich'; it is the bidding process itself. The question should be rephrased to reflect accurate Skat terminology.",Was bestimmt das 'Reizen' im Skatspiel?,"['A. Es bestimmt den Gewinner', 'B. Es bestimmt die Trumpffarbe', 'C. Es bestimmt die Art des Spiels', 'D. Es legt die Anzahl der Tricks fest']",Es bestimmt die Art des Spiels
SBQ,SBQ_Germany.xlsx,Skat,Was beinhaltet ein „Null Ouvert“-Spiel?,A. Der Solospieler spielt mit allen Karten offen B. Der Solospieler muss alle Stiche gewinnen C. Der Spieler verwendet ausschließlich Buben als Trumpf D. Der Solospieler kann keine Stiche gewinnen,Der Solospieler spielt mit allen Karten offen,0,"The question 'Was beinhaltet ein „Null Ouvert“-Spiel?' is factually incorrect because 'Null Ouvert' does not mean the solo player plays with all cards open. In German card games like Schafkopf or Skat, 'Null Ouvert' refers to a contract where the player aims to win no tricks AND plays with open cards (all cards visible). The given correct answer incorrectly states the definition as merely 'playing with all cards open', which describes the 'Ouvert' part but ignores the 'Null' (no tricks won) condition. The question implies the definition of the entire term, not just one component.",Was ist ein „Null Ouvert“-Spiel?,"['Der Solospieler spielt mit allen Karten offen und muss keinen Stich gewinnen', 'Der Solospieler muss alle Stiche gewinnen', 'Der Spieler verwendet ausschließlich Buben als Trumpf', 'Der Solospieler kann keine Stiche gewinnen, aber spielt mit verdeckten Karten']",Der Solospieler spielt mit allen Karten offen und muss keinen Stich gewinnen
SBQ,SBQ_Germany.xlsx,Skat,Was ist ein „Schneider“ im Skat?,"A. Alle Tricks gewinnen B. Verlieren mit weniger als zwei Stichen C. Gewinnen nur mit Buben als Trumpf D. Die Anzahl der Stiche, die Sie gewinnen können",Verlieren mit weniger als zwei Stichen,0,"The question asks 'Was ist ein „Schneider“ im Skat?' (What is a 'Schneider' in Skat?), but the provided correct answer 'Verlieren mit weniger als zwei Stichen' (Losing with less than two tricks) is phrased as a verb phrase, not a definition. In Skat, 'Schneider' is a specific scoring condition where a player loses with 30 or fewer points (i.e., the opponent takes 3 or more tricks), not 'less than two tricks'. The answer is factually incorrect. Additionally, option A is misleading — winning all tricks is 'Schwarz', not 'Schneider'. The options do not correctly define the term.",Was ist ein „Schneider“ im Skat?,"['Der Gegner erhält 30 oder weniger Punkte, während man selbst verliert', 'Alle Tricks gewinnen', 'Gewinnen nur mit Buben als Trumpf', 'Die Anzahl der Stiche, die man gewinnen kann']","Der Gegner erhält 30 oder weniger Punkte, während man selbst verliert"
SBQ,SBQ_Germany.xlsx,Skat,Wann wird das „Grand“-Spiel im Skat gespielt?,A. Wenn der Spieler eine schwache Hand hat B. Wenn der Spieler eine starke Hand mit Bildkarten hat C. Wenn keine Trumpfkarten ausgewählt sind D. Wenn der Spieler nur Buben als Trumpf verwendet,Wenn der Spieler nur Buben als Trumpf verwendet,0,"The question asks 'Wann wird das „Grand“-Spiel im Skat gespielt?' (When is the 'Grand' game played in Skat?), but the provided correct answer ('Wenn der Spieler nur Buben als Trumpf verwendet') is factually incorrect. In Skat, the 'Grand' game is played when the player uses only the Jacks (Buben) as trumps, which is correct, but the question is misleading because it implies 'Grand' is a type of game triggered by a timing condition ('wann'), whereas 'Grand' is a contract type based on trump selection, not timing. Additionally, option D correctly describes Grand, but the other options are poorly worded and do not logically contrast with it. The question should be rephrased to 'Was ist ein „Grand“-Spiel im Skat?' (What is a 'Grand' game in Skat?) to match the answer.",Was ist ein „Grand“-Spiel im Skat?,"['A. Wenn der Spieler eine schwache Hand hat', 'B. Wenn der Spieler eine starke Hand mit Bildkarten hat', 'C. Wenn keine Trumpfkarten ausgewählt sind', 'D. Wenn der Spieler nur Buben als Trumpf verwendet']",Wenn der Spieler nur Buben als Trumpf verwendet
SBQ,SBQ_Germany.xlsx,Skat,Was ist die maximale Punktzahl in einem „Null“-Spiel im Skat?,A. 100 B. 150 C. 200 D. 250,100,0,"The question is factually incorrect. In Skat, a 'Null' game (Nullspiel) is a contract where the declarer aims to take no tricks. The maximum possible points in a Null game are not 100; the base value for a Null game is 23 points (for simple Null), and higher for Null Hand, Null Ouvert, etc. The value 100 is not a standard maximum for any Null game. Moreover, the correct answer provided (100) is misleading and does not reflect Skat scoring rules. The question implies 100 is the maximum, which is false.",Was ist der Basiswert eines einfachen Nullspiels im Skat?,"['A. 23', 'B. 100', 'C. 150', 'D. 200']",A. 23
SBQ,SBQ_Germany.xlsx,Skat,"Was passiert, wenn man in einem Nullspiel im Skat einen Stich gewinnt?",A. Du gewinnst das Spiel B. Du verlierst das Spiel C. Das Spiel geht weiter D. Du bekommst eine Strafe,Du verlierst das Spiel,0,"The question is factually incorrect. In Skat, a 'Nullspiel' (null game) means the declarer aims to win no tricks at all. If the declarer wins even one trick in a Nullspiel, they lose the game. However, the question phrasing 'wenn man in einem Nullspiel im Skat einen Stich gewinnt' is ambiguous—it does not specify who 'man' is. In Skat, only the declarer can play a Nullspiel; the opponents cannot. If an opponent wins a trick in a Nullspiel, that is expected and does not cause them to lose. The question implies any player winning a trick leads to losing, which is misleading. The correct context is: if the declarer wins a trick in a Nullspiel, they lose.","Was passiert, wenn der Spieler, der ein Nullspiel erklärt hat, einen Stich gewinnt?","['A. Du gewinnst das Spiel', 'B. Du verlierst das Spiel', 'C. Das Spiel geht weiter', 'D. Du bekommst eine Strafe']",Du verlierst das Spiel
SBQ,SBQ_Germany.xlsx,Skat,Wie wird beim Skat der Gewinner eines Farbspiels ermittelt?,A. Wer hat die höchsten Trümpfe? B. Wer gewinnt die meisten Stiche? C. Von wem die niedrigsten Punkte erzielt werden D. Wer mit der höchsten Hand gewinnt,Wer gewinnt die meisten Stiche?,0,"The question asks 'Wie wird beim Skat der Gewinner eines Farbspiels ermittelt?' (How is the winner of a suit game in Skat determined?), but the provided correct answer 'Wer gewinnt die meisten Stiche?' (Who wins the most tricks?) is correct in principle. However, the options are inconsistently formatted: the correct answer is written as a full sentence in the answer field, but the options are phrased as fragments or questions. Additionally, option D 'Wer mit der höchsten Hand gewinnt' is ambiguous and not standard Skat terminology. The question itself is factually correct, but the options must be uniformly phrased as complete, grammatically correct choices to be a valid MCQ.",Wie wird beim Skat der Gewinner eines Farbspiels ermittelt?,"['A. Wer die höchsten Trümpfe hat', 'B. Wer die meisten Stiche gewinnt', 'C. Wer die niedrigsten Punkte erzielt', 'D. Wer die höchste Hand hat']",B. Wer die meisten Stiche gewinnt
SBQ,SBQ_Germany.xlsx,Skat,"Was passiert, wenn ein Spieler im Skat „Reizen“ ansagt?",A. Sie erklären die Trumpffarbe B. Sie wählen einen Spieltyp C. Sie bestehen den Skat D. Sie müssen alle Stiche gewinnen,Sie wählen einen Spieltyp,1,no mistake,no correction needed,no correction needed,Sie wählen einen Spieltyp
SBQ,SBQ_Germany.xlsx,Skat,"Welche Rolle spielen Bildkarten (Könige, Damen, Buben) beim Skat?",A. Sie sind immer Trumpfkarten B. Sie spielen im Spiel keine Rolle C. Sie sind mehr Punkte wert D. Sie können jeden Stich gewinnen,Sie sind mehr Punkte wert,0,"The question asks about the role of picture cards (Könige, Damen, Buben) in Skat, and the provided answer 'Sie sind mehr Punkte wert' is misleading. While picture cards do have point values in Skat, so do number cards (e.g., 7, 8, 9), and the question does not specify context (e.g., scoring in tricks or hand evaluation). The answer is factually incomplete and not uniquely correct among the options. Option D ('Sie können jeden Stich gewinnen') is also incorrect because picture cards don't automatically win every trick — trump rules and suit-following apply. The best answer should reflect their point value relative to other cards, but the question is poorly framed. The correct understanding is that picture cards have higher point values than number cards in Skat scoring (König=4, Dame=3, Bube=2, 10=10, 9=0, etc.), so the question should explicitly ask about point values in scoring, not just 'Rolle spielen'.","Wie viele Punkte haben die Bildkarten (Könige, Damen, Buben) im Skat?","['A. Sie sind immer Trumpfkarten', 'B. Sie spielen im Spiel keine Rolle', 'C. Sie sind mehr Punkte wert als Zahlkarten', 'D. Sie können jeden Stich gewinnen']",C. Sie sind mehr Punkte wert als Zahlkarten
SBQ,SBQ_Germany.xlsx,Skat,"Was bedeutet es, wenn ein Spieler ein „Null“-Spiel erklärt und einen Stich gewinnt?",A. Sie verlieren das Spiel B. Sie erzielen zusätzliche Punkte C. Sie gewinnen automatisch das Spiel D. Sie bekommen eine Strafe,Sie verlieren das Spiel,0,"The question is factually incorrect. In German card games like Skat or Schafkopf, a 'Null' (Null-Spiel) is a contract where the player aims to win NO tricks. If they succeed in winning zero tricks, they win the game. The phrase 'einen Stich gewinnt' (wins a trick) contradicts the definition of a Null-Spiel. Winning even one trick means failing the Null contract, which results in losing the game. However, the question is poorly worded because it implies winning a trick while declaring Null is a valid scenario — but in reality, winning a trick while declaring Null means you lose. The answer 'Sie verlieren das Spiel' is correct in context, but the question's logic is flawed because it presents a contradiction: declaring Null and then winning a trick should be a failure condition, not a paradoxical event. The question needs clarification to avoid confusion.","Was bedeutet es, wenn ein Spieler ein „Null“-Spiel erklärt und trotzdem einen Stich gewinnt?","['A. Sie verlieren das Spiel', 'B. Sie erzielen zusätzliche Punkte', 'C. Sie gewinnen automatisch das Spiel', 'D. Sie bekommen eine Strafe']",A. Sie verlieren das Spiel
SBQ,SBQ_Germany.xlsx,Skat,"Wie wird der Skat eingesetzt, um die Hand beim Skat zu verbessern?","A. Es wird verwendet, um niedrige Karten abzuwerfen B. Es wird verwendet, um mehr Punkte zu sammeln C. Es wird verwendet, um schwache Karten zu ersetzen D. Es wird verwendet, um das Spiel zu gewinnen","Es wird verwendet, um schwache Karten zu ersetzen",0,"The question is factually incorrect because Skat is a card game where the 'Skat' (the two undealt cards) are not 'used' by the player to improve their hand in the way described. The Skat is picked up by the declarer and used to replace two cards from their hand, which is a core rule. The phrasing 'Wie wird der Skat eingesetzt, um die Hand beim Skat zu verbessern?' is misleading because it implies the Skat is a tool for improvement rather than a mechanic of card exchange. The correct answer option C is factually accurate, but the question as written is ambiguous and not standardly phrased in German Skat rules literature.","Wie wird der Skat verwendet, nachdem er aufgedeckt wurde?","['A. Es wird verwendet, um niedrige Karten abzuwerfen', 'B. Es wird verwendet, um mehr Punkte zu sammeln', 'C. Es wird verwendet, um zwei Karten aus der Hand auszutauschen', 'D. Es wird verwendet, um das Spiel zu gewinnen']","C. Es wird verwendet, um zwei Karten aus der Hand auszutauschen"
SBQ,SBQ_Germany.xlsx,Skat,"Was passiert, wenn es Ihnen nicht gelingt, die erforderliche Anzahl an Stichen in einem Farbspiel im Skat zu gewinnen?",A. Du verlierst das Spiel B. Du schießt einen Elfmeter C. Du erhältst keine Punkte D. Sie gewinnen mit einer niedrigeren Punktzahl,Du verlierst das Spiel,1,no mistake,no correction needed,no correction needed,Du verlierst das Spiel
SBQ,SBQ_Germany.xlsx,Skat,Wie wirkt sich ein „Schneider“-Elfmeter auf deinen Punktestand im Skat aus?,A. Es verringert Ihre Punktzahl B. Es gibt zusätzliche Punkte C. Es gibt Ihnen einen Bonus D. Es hat keine Wirkung,Es verringert Ihre Punktzahl,0,"The question incorrectly links a 'Schneider-Elfmeter' (a football penalty kick term) to Skat (a German card game), which are unrelated sports/games. There is no such thing as a 'Schneider-Elfmeter' in Skat, and Elfmeter (penalty kick) is a football term. The question is factually nonsensical.",Wie wirkt sich ein „Schneider“ im Skat auf Ihren Punktestand aus?,"['Es verringert Ihre Punktzahl', 'Es gibt zusätzliche Punkte', 'Es gibt Ihnen einen Bonus', 'Es hat keine Wirkung']",Es verringert Ihre Punktzahl
SBQ,SBQ_Germany.xlsx,Skat,Wie viele Punkte kann man in einem „Grand“-Spiel maximal erzielen?,A. 100 B. 150 C. 200 D. 250,200,0,"The term 'Grand-Spiel' is not a standard or recognized term in sports. It appears to be a mistranslation or misinterpretation, possibly intended to refer to 'Grand Slam' in tennis, where the maximum points in a match can be calculated based on sets and games. However, even in tennis, the concept of 'max points in a Grand Slam' is ambiguous without specifying the context (e.g., points in a single match, set, or game). The correct answer '200' suggests a reference to the maximum possible points in a single tennis game under a specific scoring system, but this is not standard. In tennis, a game can theoretically go on indefinitely after deuce, so 200 points is not a meaningful maximum. The question is factually incorrect and misleading.","Wie viele Punkte kann man in einem Tennis-Spiel maximal erzielen, wenn man den Ball bei jedem Punkt gewinnt und das Spiel ohne Deuce endet?","['A. 4', 'B. 12', 'C. 24', 'D. 48']",A. 4
SBQ,SBQ_Germany.xlsx,Skat,Was ist ein „Null“-Spiel im Skat?,"A. Ein Spiel, bei dem keine Stiche gewonnen werden B. Ein Spiel, bei dem alle Stiche gewonnen werden müssen C. Ein Spiel, bei dem der Spieler Gewinnstiche vermeidet D. Ein Spiel, bei dem die höchsten Karten gewinnen","Ein Spiel, bei dem der Spieler Gewinnstiche vermeidet",0,"The question asks 'Was ist ein „Null“-Spiel im Skat?' and the correct answer is 'Ein Spiel, bei dem der Spieler Gewinnstiche vermeidet', which is factually correct. However, option A ('Ein Spiel, bei dem keine Stiche gewonnen werden') is also a valid description of a Null game in Skat, and the phrasing of option C is ambiguous and less precise. The question is misleading because it implies only one correct answer, but option A is actually the standard definition used in official Skat rules. In Skat, a 'Null' game means the player aims to win NO tricks at all, not merely avoid winning tricks — which makes option A the precise and correct answer, not C. The provided correct answer in the query is wrong.",Was ist ein „Null“-Spiel im Skat?,"['Ein Spiel, bei dem keine Stiche gewonnen werden', 'Ein Spiel, bei dem alle Stiche gewonnen werden müssen', 'Ein Spiel, bei dem der Spieler Gewinnstiche vermeidet', 'Ein Spiel, bei dem die höchsten Karten gewinnen']","Ein Spiel, bei dem keine Stiche gewonnen werden"
SBQ,SBQ_Germany.xlsx,Skat,Wann muss man beim Skat seine Trümpfe ausspielen?,A. Wenn der Gegner mit einer höheren Karte führt B. Nur zu Beginn des Spiels C. Wann immer Sie wollen D. Nur wenn Sie in einer schwachen Position sind,Wenn der Gegner mit einer höheren Karte führt,0,"The question and answer are factually incorrect. In Skat, players are not required to play trumps only when an opponent leads a higher card. Trumps can be played at any time to win a trick, especially when following suit is not possible or to overtake a higher card. The provided answer misrepresents Skat rules.",Wann muss man beim Skat Trumpf spielen?,"['A. Nur wenn man keine Karte der geführten Farbe hat', 'B. Nur zu Beginn des Spiels', 'C. Wann immer man möchte', 'D. Nur wenn der Gegner mit einer höheren Karte führt']",A. Nur wenn man keine Karte der geführten Farbe hat
SBQ,SBQ_Germany.xlsx,Skat,"Was passiert, wenn man in einem „Farben“-Spiel im Skat alle 10 Stiche gewinnt?",A. Sie erhalten Bonuspunkte B. Du verlierst das Spiel C. Sie erhalten automatisch 100 Punkte D. Du bekommst eine Strafe,Sie erhalten Bonuspunkte,0,"The question is factually incorrect. In Skat, there is no game called 'Farben-Spiel' where winning all 10 tricks results in bonus points. The correct term is 'Grand' or 'Suit' game, and winning all 10 tricks is called 'Schwarz'. Achieving Schwarz in a suit game (Farbspiel) or Grand results in a game value increase, not bonus points. Additionally, 'Farben-Spiel' is not standard terminology — it should be 'Farbspiel'. The provided answer 'Sie erhalten Bonuspunkte' is misleading and inaccurate in Skat rules.","Was passiert, wenn man in einem Farbspiel im Skat alle 10 Stiche gewinnt?","['A. Sie erhalten Bonuspunkte', 'B. Du verlierst das Spiel', 'C. Sie erhalten den vollen Spielwert für Schwarz', 'D. Du bekommst eine Strafe']",C. Sie erhalten den vollen Spielwert für Schwarz
SBQ,SBQ_Germany.xlsx,Skat,Wie unterscheidet sich das „Null Ouvert“-Spiel von einem Standard-Null-Spiel?,A. Die Karten werden offen gespielt B. Der Spieler muss alle Karten verdeckt ausspielen C. Der Spieler kann keine Stiche ansagen D. Der Spieler muss alle Stiche gewinnen,Die Karten werden offen gespielt,0,"The question is factually incorrect. In Skat, 'Null Ouvert' is a variant of the Null game where the player plays with open cards (i.e., all cards are laid face up), but the correct distinguishing feature is not just that 'the cards are played openly' — it is that the player must play with open cards AND still take no tricks. Option A is correct as the answer, but the question phrasing is ambiguous and misleading because it implies the difference is only about card visibility, while the core rule is the combination of open cards and zero tricks. Moreover, option D ('Der Spieler muss alle Stiche gewinnen') is factually wrong and contradicts the nature of Null games (where the goal is to win NO tricks). This makes the options internally inconsistent and confusing.",Wie unterscheidet sich das „Null Ouvert“-Spiel von einem Standard-Null-Spiel in Bezug auf die Spielweise der Karten?,"['A. Die Karten werden offen gespielt', 'B. Der Spieler muss alle Karten verdeckt ausspielen', 'C. Der Spieler kann keine Stiche ansagen', 'D. Der Spieler muss alle Stiche verlieren']",A. Die Karten werden offen gespielt
SBQ,SBQ_Germany.xlsx,Skat,Welche Bedeutung hat die Kontrolle der Trumpffarbe beim Skat?,"A. Damit können Sie mit niedrigen Karten gewinnen B. Es verhindert, dass Gegner Stiche gewinnen C. Es ermöglicht Ihnen, Karten abzuwerfen D. Es garantiert den Sieg","Es verhindert, dass Gegner Stiche gewinnen",0,"The provided answer 'Es verhindert, dass Gegner Stiche gewinnen' is factually incorrect. Controlling the trump suit in Skat does not prevent opponents from winning tricks; rather, it allows the player to win tricks with lower-value cards by using trumps, and it gives strategic advantage in leading and following suit. The correct interpretation is that trumps can beat non-trump cards, enabling wins with low cards.",Welche Bedeutung hat die Kontrolle der Trumpffarbe beim Skat?,"['A. Damit können Sie mit niedrigen Karten gewinnen', 'B. Es verhindert, dass Gegner Stiche gewinnen', 'C. Es ermöglicht Ihnen, Karten abzuwerfen', 'D. Es garantiert den Sieg']",A. Damit können Sie mit niedrigen Karten gewinnen
SBQ,SBQ_Germany.xlsx,Skat,"Wann sollten Sie bei einem Farbspiel vermeiden, eine Trumpfkarte zu spielen?",A. Wenn deine Hand schwach ist B. Wenn Sie eine höhere Karte in derselben Farbe haben C. Wenn der Gegner mit einer Trumpffarbe führt D. Wenn Sie alle Stiche gewinnen wollen,Wenn Sie eine höhere Karte in derselben Farbe haben,0,"The question is factually incorrect because it refers to 'Farbspiel', which is not a standard term in trick-taking card games like Skat or Bridge. The concept of 'Trumpfkarte' (trump card) implies a trump suit game, but 'Farbspiel' typically means a suit game without trumps. The answer provided also contradicts the premise: in a suit game (Farbspiel), there are no trumps at all, so playing a trump card is impossible. The question and answer are logically inconsistent.","Wann sollten Sie bei einem Spiel mit Trumpf vermeiden, eine Trumpfkarte zu spielen?","['A. Wenn deine Hand schwach ist', 'B. Wenn Sie eine höhere Karte in derselben Farbe haben', 'C. Wenn der Gegner mit einer Trumpffarbe führt', 'D. Wenn Sie alle Stiche gewinnen wollen']",Wenn Sie eine höhere Karte in derselben Farbe haben
SBQ,SBQ_Germany.xlsx,Skat,Was bedeutet „Schneider“ in Bezug auf die Trickausführung beim Skat?,"A. Alle Tricks gewinnen B. Verlieren, wenn man weniger als zwei Stiche gewinnt C. Gewinnen nur mit Bildkarten D. Verlieren mit der niedrigsten Punktzahl","Verlieren, wenn man weniger als zwei Stiche gewinnt",0,"The question asks about the meaning of 'Schneider' in trick execution in Skat, but 'Schneider' is not about trick execution per se—it is a scoring condition based on the number of tricks won or lost. The phrasing 'Trickausführung' (trick execution) is misleading and incorrect in this context. Additionally, the correct answer is accurate, but the question wording implies an action during play rather than a game state.",Was bedeutet „Schneider“ im Skat?,"['Alle Tricks gewinnen', 'Verlieren, wenn man weniger als zwei Stiche gewinnt', 'Gewinnen nur mit Bildkarten', 'Verlieren mit der niedrigsten Punktzahl']","Verlieren, wenn man weniger als zwei Stiche gewinnt"
SBQ,SBQ_Germany.xlsx,Skat,Wie funktioniert das Gebotssystem im Skat?,A. Die Spieler müssen auf die Spielart und die Trumpffarbe bieten B. Die Spieler bieten nur auf die Trumpffarbe C. Durch das Bieten wird der Gewinner ermittelt D. Das Bieten ist optional,Die Spieler müssen auf die Spielart und die Trumpffarbe bieten,0,"The question asks 'Wie funktioniert das Gebotssystem im Skat?' (How does the bidding system in Skat work?), but the provided correct answer 'Die Spieler müssen auf die Spielart und die Trumpffarbe bieten' is incomplete and misleading. In Skat, the bidding system determines who becomes the declarer and what game (Spielart) and trump suit (Trumpffarbe) will be played, but the bidding is not about 'must offer' these elements directly; rather, players bid on the game value (Reizwert), and the highest bidder chooses the Spielart and Trumpffarbe. The given answer confuses the mechanism of bidding with the responsibilities of the declarer. Also, option C is partially correct but not precise. The question and options need refinement to reflect actual Skat rules.","Wie wird im Skat der Spieler bestimmt, der das Spiel erklärt, und welche Entscheidungen trifft er nach dem Gebot?","['A. Die Spieler bieten auf die Spielart und die Trumpffarbe', 'B. Die Spieler bieten nur auf die Trumpffarbe', 'C. Durch das Bieten wird der Spieler bestimmt, der das Spiel erklärt, und er wählt dann Spielart und Trumpffarbe', 'D. Das Bieten ist optional']","C. Durch das Bieten wird der Spieler bestimmt, der das Spiel erklärt, und er wählt dann Spielart und Trumpffarbe"
SBQ,SBQ_Germany.xlsx,Skat,Welche Bedeutung haben die Skatkarten im Spiel?,"A. Sie ermöglichen es den Spielern, mehr Karten zu ziehen B. Sie ermöglichen es den Spielern, ihre Hände zu verbessern C. Sie dienen als zusätzliche Trumpfkarten D. Sie haben keinen Einfluss auf das Spiel","Sie ermöglichen es den Spielern, ihre Hände zu verbessern",0,"The question asks about the 'Bedeutung der Skatkarten' (meaning of the Skat cards), but in Skat, the Skat (the two face-down cards) do not directly 'enable players to improve their hands' — that is the role of the bidding and trump selection. The Skat cards are set aside and only revealed at the end; their value lies in being added to the declarer's hand after the bidding, thus potentially improving the declarer's hand. The provided answer is misleading because it implies all players improve their hands, which is false. Only the declarer benefits from the Skat. The question should specify the role of the Skat cards for the declarer.",Welche Bedeutung haben die Skatkarten für den Ausspieler im Spiel?,"['A. Sie ermöglichen es den Spielern, mehr Karten zu ziehen', 'B. Sie ermöglichen es dem Ausspieler, seine Hand zu verbessern', 'C. Sie dienen als zusätzliche Trumpfkarten', 'D. Sie haben keinen Einfluss auf das Spiel']","B. Sie ermöglichen es dem Ausspieler, seine Hand zu verbessern"
SBQ,SBQ_Germany.xlsx,Skat,"Was bestimmt den Spieltyp (Farbe, Groß, Null) im Skat?",A. Die Karten im Skat B. Das von den Spielern abgegebene Gebot C. Der erste Trick D. Die Anzahl der Spieler,Das von den Spielern abgegebene Gebot,0,"The question asks 'Was bestimmt den Spieltyp (Farbe, Groß, Null) im Skat?' which is misleading because 'Groß' is not a valid Spieltyp in Skat. The correct Spieltypen are 'Farbspiel', 'Grand', and 'Null'. 'Groß' is not a recognized term in Skat rules. This makes the question factually incorrect.","Was bestimmt den Spieltyp (Farbspiel, Grand, Null) im Skat?","['A. Die Karten im Skat', 'B. Das von den Spielern abgegebene Gebot', 'C. Der erste Trick', 'D. Die Anzahl der Spieler']",Das von den Spielern abgegebene Gebot
SBQ,SBQ_Germany.xlsx,Skat,"Was passiert, wenn Sie in einem Nullspiel einen Stich gewinnen?",A. Du verlierst das Spiel B. Sie erhalten zusätzliche Punkte C. Sie fahren wie gewohnt fort D. Sie verlieren Bonuspunkte,Du verlierst das Spiel,0,"The question is factually incorrect. In card games like Skat or similar trick-taking games, winning a trick in a 'Nullspiel' (null game) does not cause the player to lose the game — in fact, in a Nullspiel, the declarer must win NO tricks at all. Winning any trick means the declarer loses the game. However, the phrasing 'Sie' (you) is ambiguous: it doesn't specify whether 'you' are the declarer or an opponent. In standard rules, only the declarer loses if they win a trick in a Nullspiel. Opponents winning tricks is normal and expected. The question implies any player winning a trick causes loss, which is misleading.","Was passiert, wenn der Geber in einem Nullspiel einen Stich gewinnt?","['A. Der Geber verliert das Spiel', 'B. Der Geber erhält zusätzliche Punkte', 'C. Das Spiel geht wie gewohnt weiter', 'D. Der Geber verliert Bonuspunkte']",A. Der Geber verliert das Spiel
SBQ,SBQ_Germany.xlsx,Skat,Was ist das Ziel eines Großspiels im Skat?,A. Nur mit Bildkarten gewinnen B. Mit Buben als Trumpfkarten gewinnen C. Mit einer Hand voller Herzen gewinnen D. Um alle Tricks zu gewinnen,Mit Buben als Trumpfkarten gewinnen,0,"The question asks about 'das Ziel eines Großspiels im Skat', but the provided answer 'Mit Buben als Trumpfkarten gewinnen' is factually incorrect. In Skat, a 'Großspiel' means playing with suit trumps (not Buben as trumps). Buben (Jacks) are always the highest trumps in any suit game, but they are not the defining feature of a Großspiel. The goal of any Skat game is to win tricks totaling at least 61 points, not to win with Buben as trumps. The correct goal of a Großspiel is to win by playing with a suit as trump (not specifically Buben).",Was ist das Ziel eines Großspiels im Skat?,"['A. Nur mit Bildkarten gewinnen', 'B. Mit Buben als Trumpfkarten gewinnen', 'C. Mit einer Hand voller Herzen gewinnen', 'D. Um mindestens 61 Punkte aus den Stichen zu erreichen']",Um mindestens 61 Punkte aus den Stichen zu erreichen
SBQ,SBQ_Germany.xlsx,Skat,Wie verändert ein „Null Ouvert“-Spiel die Strategie für den Alleinspieler?,A. Die Karten des Alleinspielers werden offen gespielt B. Der Alleinspieler spielt alleine ohne Stiche C. Das Spiel muss innerhalb einer Runde abgeschlossen werden D. Der Alleinspieler kann keine Stiche gewinnen,Die Karten des Alleinspielers werden offen gespielt,0,"The question asks how a 'Null Ouvert' game changes the strategy for the solo player, but the provided correct answer ('Die Karten des Alleinspielers werden offen gespielt') describes a characteristic of the game, not a strategic change. Moreover, in official Skat rules, 'Null Ouvert' means the solo player plays without taking any tricks AND with open cards — the answer conflates the definition with the strategic implication. The question is misleading because the correct answer is not about strategy but about game mechanics. Additionally, option D ('Der Alleinspieler kann keine Stiche gewinnen') is actually the defining rule of Null, and 'Ouvert' adds the open-hand condition. The question should be rephrased to ask for the defining feature of Null Ouvert, not its strategic implication.",Was ist eine charakteristische Eigenschaft eines „Null Ouvert“-Spiels?,"['A. Die Karten des Alleinspielers werden offen gespielt', 'B. Der Alleinspieler spielt alleine ohne Stiche', 'C. Das Spiel muss innerhalb einer Runde abgeschlossen werden', 'D. Der Alleinspieler kann keine Stiche gewinnen']",A. Die Karten des Alleinspielers werden offen gespielt
SBQ,SBQ_Germany.xlsx,Skat,"Wann ist es strategisch, beim Skat ein „Null“-Spiel zu spielen?","A. Wenn Sie eine schwache Hand haben B. Wenn Sie mehr Punkte gewinnen möchten C. Wenn Sie sicher sind, alle Stiche zu gewinnen D. Wenn Sie keine Bildkarten haben",Wenn Sie eine schwache Hand haben,1,no mistake,no correction needed,no correction needed,Wenn Sie eine schwache Hand haben
SBQ,SBQ_Germany.xlsx,Skat,Sie spielen Skat und haben eine Hand mit allen niedrigen Karten. Was sollten Sie wahrscheinlich angeben?,A. Nullspiel B. Grandioses Spiel C. Anzugspiel D. Kein Spiel,Nullspiel,1,no mistake,no correction needed,no correction needed,Nullspiel
SBQ,SBQ_Germany.xlsx,Skat,Beim Skat hat der Alleinspieler eine Hand mit hohen Bildkarten in allen Farben. Welches Spiel deklariert man am besten?,A. Grandioses Spiel B. Anzugspiel C. Nullspiel D. Kein Spiel,Grandioses Spiel,0,"The term 'Grandioses Spiel' is not correct German terminology for Skat. The correct term is 'Grand'. Additionally, the question implies that having high picture cards in all suits automatically suggests a Grand, but this is misleading — a Grand is played without trumps (only Jacks are trumps), and having high cards in all suits is more relevant to a Suit Game (Farbspiel). The question confuses the logic and uses incorrect terminology.","Beim Skat hat der Alleinspieler eine Hand mit hohen Bildkarten in allen Farben, aber keine Trumpf-Jacks. Welches Spiel deklariert man am besten?","['A. Grand', 'B. Anzugspiel', 'C. Nullspiel', 'D. Kein Spiel']",A. Grand
SBQ,SBQ_Germany.xlsx,Skat,Während der „Reizen“-Phase entscheiden Sie sich für ein aggressives Bieten. Was bedeutet das?,A. Sie möchten ein Null-Spiel spielen B. Sie streben eine hohe Punktzahl an C. Du willst die Führung übernehmen D. Du hast eine schwache Hand,Sie streben eine hohe Punktzahl an,0,"The term 'Reizen' in German card games (like Skat or Schafkopf) refers to the bidding phase where players compete to declare the contract. Choosing an 'aggressive bid' typically means aiming for a higher-value contract (e.g., declaring a game with high point potential), not merely 'taking the lead' or 'having a weak hand'. However, the original question is misleading because 'Reizen' is not a standard phase name in most German card games — it's usually 'Bieten'. Also, option C ('Du willst die Führung übernehmen') is ambiguous and could be misinterpreted as taking game control rather than bidding aggressively for points. The correct answer is logically sound, but the terminology and phrasing need minor correction for precision and clarity.",Während der Bietphase entscheiden Sie sich für ein aggressives Gebot. Was bedeutet das?,"['A. Sie möchten ein Null-Spiel spielen', 'B. Sie streben eine hohe Punktzahl an', 'C. Sie wollen die Führung übernehmen', 'D. Sie haben eine schwache Hand']",Sie streben eine hohe Punktzahl an
SBQ,SBQ_Germany.xlsx,Skat,Sie haben ein gutes Blatt mit einer Mischung aus hohen und niedrigen Karten in mehreren Farben. Welches Spiel würden Sie ansagen?,A. Anzugspiel B. Nullspiel C. Grandioses Spiel D. Passieren,Anzugspiel,0,"The question is factually incorrect. In German card games like Schafkopf or Skat, a 'gutes Blatt mit einer Mischung aus hohen und niedrigen Karten in mehreren Farben' (good hand with a mix of high and low cards in multiple suits) is not a reason to announce 'Anzugspiel' — which is not a standard term in any major German trick-taking game. 'Anzugspiel' is not a recognized bid; the correct term for a suit game is 'Farbspiel'. The options contain non-standard or incorrect terminology. 'Grandioses Spiel' is likely meant to be 'Grand', and 'Passieren' is not a bid at all. The correct bid for a strong, balanced hand with multiple suits is typically 'Farbspiel' or 'Grand', depending on trump structure.",Sie haben ein gutes Blatt mit einer Mischung aus hohen und niedrigen Karten in mehreren Farben und keine klare Trumpffarbe. Welches Spiel würden Sie ansagen?,"['Farbspiel', 'Nullspiel', 'Grand', 'Passieren']",Farbspiel
SBQ,SBQ_Germany.xlsx,Skat,"Sie erklären ein Nullspiel, gewinnen aber den ersten Stich. Was passiert als nächstes?",A. Du verlierst das Spiel B. Sie erhalten Extrapunkte C. Das Spiel geht weiter D. Du verlierst das Spiel,Du verlierst das Spiel,0,"The question and answer are inconsistent. The question is phrased in second person ('Sie erklären', 'Du verlierst'), mixing German pronouns (Sie = formal you, Du = informal you). The correct answer 'Du verlierst das Spiel' contradicts the subject 'Sie' in the question. Also, the option 'Du verlierst das Spiel' appears twice (A and D), which is invalid for a multiple-choice question. The logic is flawed: winning the first trick after declaring a null game does not automatically mean losing the game — in many card games like Skat, a null game is won if no tricks are taken, so winning a trick means losing the null game. But the pronoun inconsistency and duplicate options make the MCQ invalid.",Sie erklären ein Nullspiel und gewinnen den ersten Stich. Was passiert als nächstes?,"['Sie verlieren das Spiel', 'Sie erhalten Extrapunkte', 'Das Spiel geht weiter', 'Sie verlieren das Spiel']",Sie verlieren das Spiel
SBQ,SBQ_Germany.xlsx,Skat,"Ihr Gegner führt mit einer hohen Trumpfkarte. Was sollten Sie tun, wenn Sie einen höheren Trumpf haben?",A. Spielen Sie Ihren Trumpf aus B. Spielen Sie eine niedrigere Karte C. Lass den Gegner gewinnen D. Werfen Sie den Trumpf weg,Spielen Sie Ihren Trumpf aus,1,no mistake,no correction needed,no correction needed,Spielen Sie Ihren Trumpf aus
SBQ,SBQ_Germany.xlsx,Skat,"Sie befinden sich in einem Farbspiel und Ihr Gegner führt mit einer Karte aus der Farbe, in der Sie die höchste Karte haben. Was sollten Sie tun?",A. Lass den Gegner gewinnen B. Spielen Sie eine Trumpfkarte aus C. Spielen Sie eine niedrigere Karte D. Spielen Sie die höchste Karte,Spielen Sie die höchste Karte,0,"The question refers to 'Farbspiel', which is ambiguous and not standard terminology in card games. In trick-taking games like Skat or Bridge, the correct context is 'Farbe' (suit) and 'Trumpf' (trump). The question implies the player holds the highest card in the led suit, but does not specify whether trump is available or if the player must follow suit. The phrasing is unclear and could mislead. Also, option B ('Spielen Sie eine Trumpfkarte aus') is grammatically incorrect — it should be 'Spielen Sie eine Trumpfkarte' without 'aus'.","Sie befinden sich in einem Farbspiel, und Ihr Gegner hat eine Karte einer Farbe ausgespielt, in der Sie die höchste Karte halten. Was sollten Sie tun?","['A. Lassen Sie den Gegner gewinnen', 'B. Spielen Sie eine Trumpfkarte', 'C. Spielen Sie eine niedrigere Karte', 'D. Spielen Sie die höchste Karte']",D. Spielen Sie die höchste Karte
SBQ,SBQ_Germany.xlsx,Skat,Sie spielen ein großes Spiel und Ihr Gegner führt mit einer Dame. Sie haben einen Buben in der gleichen Farbe. Was sollten Sie tun?,"A. Spielen Sie den Jack B. Lass die Königin gewinnen C. Wirf eine Karte ab, die kein Trumpf ist D. Spielen Sie eine niedrigere Karte",Spielen Sie den Jack,0,"The question is in German and refers to a card game context (likely Skat or similar), but uses 'Dame' (Queen) and 'Buben' (Jack), which are correct terms. However, the phrasing 'Ihr Gegner führt mit einer Dame' implies the opponent led with the Queen, and the player has the Jack of the same suit. In trick-taking games like Skat, if you have the Jack (which is often a high trump or high card in suit) and the opponent leads a high card of the same suit, playing the Jack to win the trick is logical — BUT the question does not specify whether the Jack is a trump or in the led suit, nor does it clarify the game rules. The answer 'Spielen Sie den Jack' assumes the Jack is the highest card in that suit or a trump, but without context, it's ambiguous. Also, option B 'Lass die Königin gewinnen' is grammatically incorrect; it should be 'Lassen Sie die Königin gewinnen'. The options lack consistency in formality and grammar. The question is not clearly framed as a valid MCQ without specifying game rules.",Sie spielen ein großes Spiel und Ihr Gegner führt mit einer Dame in der gleichen Farbe. Sie haben den Buben in derselben Farbe. Was sollten Sie tun?,"['A. Spielen Sie den Buben', 'B. Lassen Sie die Königin gewinnen', 'C. Werfen Sie eine Karte ab, die kein Trumpf ist', 'D. Spielen Sie eine niedrigere Karte']",A. Spielen Sie den Buben
SBQ,SBQ_Germany.xlsx,Skat,"Sie befinden sich in der „Reizen“-Phase und Ihr Gegner bietet aggressiv, aber Sie haben eine schwache Hand. Was sollten Sie tun?",A. Geben Sie das Gebot ab B. Erhöhen Sie das Gebot C. Erkläre ein Null-Spiel D. Erkläre ein großes Spiel,Geben Sie das Gebot ab,0,"The question is in German and references a poker-like context ('Reizen', 'Gebot', 'Null-Spiel', 'großes Spiel'), but the terminology is inconsistent with standard German card game rules. 'Reizen' is used in Skat or Schafkopf, where 'Null-Spiel' and 'großes Spiel' are valid bids, but 'Gebot abgeben' (give up the bid) is not standard phrasing. Also, 'aggressiv bieten' (aggressively bid) is vague. The correct action with a weak hand in Reizen is to pass, but the options mix game mechanics from different games. The answer 'Geben Sie das Gebot ab' is not standard terminology — it should be 'Passen' or 'Nicht mitgehen'.","Sie befinden sich in der „Reizen“-Phase beim Skat und Ihr Gegner bietet aggressiv, aber Sie haben eine schwache Hand. Was sollten Sie tun?","['Passen', 'Erhöhen Sie das Gebot', 'Ein Null-Spiel erklären', 'Ein großes Spiel erklären']",Passen
SBQ,SBQ_Germany.xlsx,Skat,Sie haben nur Bildkarten und Buben auf der Hand. Welches Spiel ist am wahrscheinlichsten erfolgreich?,A. Grandioses Spiel B. Nullspiel C. Anzugspiel D. Passieren,Grandioses Spiel,0,"The question is factually incorrect. In German card games like Skat, 'Bildkarten' (court cards: Jack, Queen, King, Ace) and 'Buben' (Jacks) are overlapping terms — 'Buben' are a subset of 'Bildkarten'. The phrasing 'nur Bildkarten und Buben' is redundant and logically inconsistent. Additionally, the correct answer 'Grandioses Spiel' (Grand Game) is not the most likely to succeed with only court cards; a 'Nullspiel' (null game) is more likely to succeed with low cards, and 'Anzugspiel' (suit game) requires a strong suit. The question confuses game types and hand composition. The options also include 'Passieren', which is not a standard Skat game type.",Sie haben nur Buben und andere Bildkarten auf der Hand. Welches Spiel ist am wahrscheinlichsten erfolgreich?,"['A. Grandioses Spiel', 'B. Nullspiel', 'C. Anzugspiel', 'D. Passieren']",Nullspiel
SBQ,SBQ_Germany.xlsx,Skat,"Ihr Gegner erklärt ein Nullspiel, aber Sie wissen, dass Sie die höchsten Karten im Deck haben. Was sollten Sie tun?","A. Spielen Sie aggressiv B. Lassen Sie den Gegner alle Stiche gewinnen C. Versuchen Sie, Stiche zu gewinnen D. Wirf deine höchsten Karten ab",Spielen Sie aggressiv,0,"The question is factually incorrect in the context of card games. In German card games like Skat or Schafkopf, a 'Nullspiel' (null game) means the player aims to win NO tricks. If the opponent declares a Nullspiel, they are trying to lose all tricks. Having the highest cards does not mean you should play aggressively — in fact, you should avoid winning tricks to help the opponent succeed. The correct action is to let the opponent win all tricks, making option B the logical answer, not A. The provided answer is wrong and the question misrepresents game strategy.","Ihr Gegner erklärt ein Nullspiel, aber Sie wissen, dass Sie die höchsten Karten im Deck haben. Was sollten Sie tun?","['A. Spielen Sie aggressiv', 'B. Lassen Sie den Gegner alle Stiche gewinnen', 'C. Versuchen Sie, Stiche zu gewinnen', 'D. Wirf deine höchsten Karten ab']",B. Lassen Sie den Gegner alle Stiche gewinnen
SBQ,SBQ_Germany.xlsx,Skat,"Sie spielen ein Nullspiel, gewinnen aber versehentlich einen Stich. Was geschieht?",A. Sie erhalten Extrapunkte B. Du verlierst das Spiel C. Das Spiel geht weiter D. Du verlierst die Runde,Du verlierst das Spiel,0,"The question is factually incorrect in the context of German card games (e.g., Skat or Schafkopf). Playing a 'Nullspiel' (null game) means the player aims to take NO tricks. If they accidentally take one trick, they lose the game — but the phrasing 'gewinnen aber versehentlich einen Stich' is ambiguous and misleading. The term 'gewinnen' (win) is inappropriate when referring to taking a trick in a Nullspiel, as taking a trick is a failure, not a win. The question also mixes formal and informal address ('Sie' vs 'Du'), which is inconsistent.",Sie spielen ein Nullspiel und nehmen versehentlich einen Stich. Was geschieht?,"['A. Sie erhalten Extrapunkte', 'B. Sie verlieren das Spiel', 'C. Das Spiel geht weiter', 'D. Sie verlieren die Runde']",B. Sie verlieren das Spiel
SBQ,SBQ_Germany.xlsx,Skat,"Sie haben keine Trumpfkarten, sondern mehrere hohe Karten in jeder Farbe. Welches Spiel solltest du deklarieren?",A. Anzugspiel B. Nullspiel C. Grandioses Spiel D. Kein Spiel,Anzugspiel,0,"The question is about a card game, likely Skat, but the terminology is inconsistent. 'Anzugspiel' is not a standard term in Skat; the correct term is 'Farbenspiel' (suit game). 'Grandioses Spiel' is also incorrect — it should be 'Grand'. 'Nullspiel' and 'Kein Spiel' are valid, but the question misuses the terminology. The scenario described (no trumps, multiple high cards in each suit) implies a suit game (Farbenspiel), not 'Anzugspiel'.","Sie haben keine Trumpfkarten, sondern mehrere hohe Karten in einer Farbe. Welches Spiel sollen Sie deklarieren?","['A. Farbenspiel', 'B. Nullspiel', 'C. Grand', 'D. Kein Spiel']",Farbenspiel
SBQ,SBQ_Germany.xlsx,Skat,Ihre Hand besteht hauptsächlich aus niedrigen Karten und einem Buben. Was sollten Sie deklarieren?,A. Nullspiel B. Grandioses Spiel C. Anzugspiel D. Passieren,Nullspiel,0,"The question is factually incorrect in the context of German card games (e.g., Skat). A hand with mostly low cards and a Jack (Bube) does not logically imply 'Nullspiel' (Null game). In Skat, 'Nullspiel' is a bid where the player aims to take no tricks, and it is typically chosen with very weak hands, but the presence of a Jack (Bube) is not a defining factor — and in fact, the Jack is the highest trump in Grand, so its presence might make Nullspiel less likely. The question confuses hand strength with bidding logic. Also, 'Passieren' is not a valid bid in Skat, making the options flawed. The correct bid for a very weak hand is indeed 'Null', but the reasoning in the question is misleading.",Ihre Hand besteht hauptsächlich aus sehr niedrigen Karten und keinem Trumpf. Was sollten Sie deklarieren?,"['Nullspiel', 'Grandioses Spiel', 'Anzugspiel', 'Passieren']",Nullspiel
SBQ,SBQ_Germany.xlsx,Skat,"Während des Spiels versucht Ihr Gegner mit einer hohen Trumpfkarte zu bluffen. Was sollten Sie tun, wenn Sie einen niedrigeren Trumpf haben?",A. Nennen Sie den Bluff B. Lass den Trumpf gewinnen C. Spielen Sie einen höheren Trumpf D. Übergeben Sie die Kurve,Spielen Sie einen höheren Trumpf,0,"The question is factually incorrect in the context of card games. If you have a lower trump card than your opponent's bluffing high trump, playing a higher trump is not possible — you cannot play a card you don't have. The logical response when holding a lower trump is to either avoid winning the trick (let the higher trump win) or to bluff by playing a non-trump if allowed. Option C ('Spielen Sie einen höheren Trumpf') is impossible if you only have a lower trump. The question contradicts the premise.","Während des Spiels versucht Ihr Gegner mit einer hohen Trumpfkarte zu bluffen. Was sollten Sie tun, wenn Sie keinen höheren Trumpf haben?","['A. Nennen Sie den Bluff', 'B. Lassen Sie den Trumpf gewinnen', 'C. Spielen Sie einen höheren Trumpf', 'D. Übergeben Sie die Kurve']",B. Lassen Sie den Trumpf gewinnen
SBQ,SBQ_Germany.xlsx,Skat,"Was sollten Sie beim Skat ansagen, wenn Sie keine Bildkarten und nur niedrige Karten auf der Hand haben?",A. Nullspiel B. Grandioses Spiel C. Anzugspiel D. Passieren,Nullspiel,1,no mistake,no correction needed,no correction needed,Nullspiel
SBQ,SBQ_Germany.xlsx,Skat,"Sie haben eine starke Hand, aber keine Trumpfkarten. Welches Spiel solltest du deklarieren?",A. Anzugspiel B. Nullspiel C. Grandioses Spiel D. Kein Spiel,Anzugspiel,0,"The question is factually incorrect in the context of German card games like Schafkopf or Skat. Having a strong hand but no trumps does not logically lead to declaring 'Anzugspiel' (suit game). In Skat, 'Anzugspiel' is not a standard term; the correct term for a suit game is 'Farbspiel'. Moreover, if you have no trumps (i.e., no trumps available in a game where trumps exist), you cannot declare a Grand (which requires trumps) or a Null (which is no-trump but with no tricks won). A 'Farbspiel' (suit game) is declared when you have a strong suit but no trumps — but 'Anzugspiel' is not a valid term in Skat. The correct declaration in this context should be 'Farbspiel'. Also, 'Grandioses Spiel' is not a standard term — it should be 'Grand'. The option 'Kein Spiel' is valid for passing, but the question implies you have a strong hand, so passing is illogical. The question uses incorrect terminology, making the answer 'Anzugspiel' invalid.","Sie haben eine starke Farbe, aber keine Trumpfkarten. Welches Spiel sollen Sie deklarieren?","['A. Farbspiel', 'B. Nullspiel', 'C. Grand', 'D. Kein Spiel']",A. Farbspiel
SBQ,SBQ_Germany.xlsx,Skat,"Ihr Gegner bietet in der „Reizen“-Phase ein hohes Gebot, aber Sie haben nur eine Hand mit niedrigen Karten. Was sollten Sie tun?",A. Bieten Sie höher B. Geben Sie das Gebot ab C. Erkläre ein Null-Spiel D. Erkläre ein großes Spiel,Geben Sie das Gebot ab,1,no mistake,no correction needed,no correction needed,Geben Sie das Gebot ab
SBQ,SBQ_Germany.xlsx,Skat,"Sie nehmen an einem Nullspiel teil, ziehen aber eine Karte, mit der Sie einen Stich gewinnen würden. Was sollten Sie tun?",A. Spielen Sie die Karte B. Entsorgen Sie die Karte C. Benutze die Karte in einem Trick D. Übergeben Sie die Kurve,Entsorgen Sie die Karte,0,"The question is factually incorrect and logically flawed. In card games like Skat or Schnapsen, 'Nullspiel' (null game) means the player aims to win NO tricks. If you draw a card that would win a trick in a Nullspiel, you must NOT play it to win the trick — instead, you must discard it (entirely avoid winning a trick). However, the phrasing 'ziehen aber eine Karte, mit der Sie einen Stich gewinnen würden' is ambiguous: 'ziehen' usually means 'draw' (from the talon), but in context it likely means 'play'. Also, the term 'Entsorgen Sie die Karte' is colloquial and not standard game terminology; 'ablegen' or 'nicht spielen' would be more accurate. The options are poorly worded, with 'Übergeben Sie die Kurve' being nonsensical in this context.","Sie spielen ein Nullspiel und haben eine Karte, mit der Sie einen Stich gewinnen könnten. Was sollten Sie tun?","['A. Spielen Sie die Karte', 'B. Legen Sie die Karte ab', 'C. Benutzen Sie die Karte in einem Stich', 'D. Übergeben Sie die Kurve']",B. Legen Sie die Karte ab
SBQ,SBQ_Germany.xlsx,Skat,"Sie erklären ein Farbspiel, aber Ihr Gegner führt mit einer Trumpfkarte. Was sollten Sie tun?",A. Lass den Trumpf gewinnen B. Spielen Sie einen höheren Trumpf aus C. Werfen Sie Ihren Trumpf weg D. Spielen Sie eine niedrigere Karte,Spielen Sie einen höheren Trumpf aus,0,"The question is in German and refers to a card game context (likely Skat or similar), but the phrasing 'Sie erklären ein Farbspiel' is ambiguous and incorrect. 'Erklären' means 'to explain,' which does not fit the context. The intended meaning is likely 'Sie spielen eine Farbe' (You play a suit). Additionally, the options are not consistently phrased in proper German grammar (e.g., 'Lass' should be 'Lassen Sie' for formal consistency with 'Sie'). The correct answer is logically sound in context, but the question and options need grammatical correction to be valid.","Sie spielen eine Farbe, aber Ihr Gegner führt mit einer Trumpfkarte. Was sollten Sie tun?","['A. Lassen Sie den Trumpf gewinnen', 'B. Spielen Sie einen höheren Trumpf aus', 'C. Werfen Sie Ihren Trumpf weg', 'D. Spielen Sie eine niedrigere Karte']",B. Spielen Sie einen höheren Trumpf aus
SBQ,SBQ_Germany.xlsx,Skat,"Sie haben das Ass, den König und die Dame in derselben Farbe. Was sollten Sie deklarieren?",A. Anzugspiel B. Nullspiel C. Grandioses Spiel D. Passieren,Anzugspiel,0,"The question is factually incorrect. In German card games like Skat, holding the Ace, King, and Queen of the same suit (e.g., A-K-Q of trumps) does not constitute 'Anzugspiel'. 'Anzugspiel' is not a standard term in Skat. The correct declaration for holding A-K-Q in the same suit is 'Farbspiel' (suit game) if it's not trumps, or 'Grand' if it's a no-trump game. However, the term 'Grandioses Spiel' is not standard either — the correct term is 'Grand'. The options contain non-standard or incorrect terminology. The correct declaration when holding A-K-Q of the same suit is to play a 'Farbspiel' (suit game), not 'Anzugspiel'.","Sie haben das Ass, den König und die Dame in derselben Farbe. Was sollten Sie deklarieren?","['Farbspiel', 'Nullspiel', 'Grand', 'Pass']",Farbspiel
SBQ,SBQ_Germany.xlsx,Skat,Sie spielen ein großes Spiel und Ihr Gegner spielt eine niedrige Karte. Was sollten Sie tun?,A. Lass die Karte gewinnen B. Spielen Sie eine höhere Karte C. Spielen Sie Ihren Trumpf aus D. Entsorgen Sie die Karte,Spielen Sie eine höhere Karte,0,"The question is ambiguous and lacks context. It refers to playing a 'large game' and an opponent playing a 'low card', but does not specify the card game (e.g., Skat, Bridge, Hearts). Without knowing the rules of the game, the question cannot be logically evaluated. Additionally, option D 'Entsorgen Sie die Karte' (Dispose of the card) is unclear and not standard terminology in card games. The correct answer 'Spielen Sie eine höhere Karte' assumes a trick-taking game where playing a higher card wins the trick, but this is not explicitly stated.",Sie spielen ein Stichspiel und Ihr Gegner legt eine niedrige Karte. Was sollten Sie tun?,"['A. Lassen Sie die Karte gewinnen', 'B. Spielen Sie eine höhere Karte', 'C. Spielen Sie Ihren Trumpf aus', 'D. Legen Sie eine unbrauchbare Karte ab']",B. Spielen Sie eine höhere Karte
SBQ,SBQ_Germany.xlsx,Skat,Ihre Hand besteht aus einem einzelnen Buben und niedrigen Karten. Welches Spiel solltest du deklarieren?,A. Nullspiel B. Anzugspiel C. Grandioses Spiel D. Passieren,Nullspiel,0,"The question is factually incorrect in the context of German card games (like Schafkopf or Doppelkopf). A hand with a single Jack ('Bube') and low cards does not logically lead to declaring 'Nullspiel' (Null game) as the best or only option. Nullspiel is typically declared when a player has no high cards and aims to take no tricks, but the presence of even one Jack may make it risky or invalid depending on game rules. Moreover, 'Passieren' is not a standard declaration in these games. The options are poorly defined and include non-standard or incorrect terminology.","Ihre Hand besteht aus keiner Dame, keinem König, keinem Ass und nur niedrigen Karten. Welches Spiel sollen Sie deklarieren?","['A. Nullspiel', 'B. Anzugspiel', 'C. Grandspiel', 'D. Passieren']",A. Nullspiel
SBQ,SBQ_Germany.xlsx,Skat,Sie halten eine Hand mit nur Bildkarten und niedrigen Karten derselben Farbe. Welches Spiel soll man ansagen?,A. Grandioses Spiel B. Nullspiel C. Anzugspiel D. Kein Spiel,Anzugspiel,0,"The question is factually incorrect. In German card games like Schafkopf or Skat, holding a hand with only picture cards and low cards of the same suit does not logically lead to 'Anzugspiel' (suit game). 'Anzugspiel' refers to declaring a suit as trumps, but the description given is ambiguous and does not correspond to standard bidding logic. Moreover, 'Nullspiel' (null game) is typically declared with a very weak hand, not one with picture cards. The question confuses hand strength and bidding strategy.",Sie halten eine Hand mit sehr wenigen oder keiner Punktkarte und keiner Trümpfe. Welches Spiel soll man ansagen?,"['A. Grandioses Spiel', 'B. Nullspiel', 'C. Anzugspiel', 'D. Kein Spiel']",Nullspiel
SBQ,SBQ_Germany.xlsx,Skat,Was ist beim Skat der Hauptvorteil der Erklärung einer Null-Partie?,"A. Es ermöglicht Ihnen, mit hohen Karten zu gewinnen B. Es gibt Ihnen zusätzliche Punkte C. Es eliminiert die Trumpffarbe D. Es ermöglicht Ihnen, mit aufgedeckten Karten zu spielen",Es eliminiert die Trumpffarbe,0,"The question asks for the 'Hauptvorteil' (main advantage) of declaring a Null-Partie in Skat, but the provided correct answer ('Es eliminiert die Trumpffarbe') is misleading. In Skat, a Null-Partie means the player aims to take no tricks at all, and the key feature is that there are no trumps — not that trumps are 'eliminated' as if they were removed from the game. The phrasing 'eliminiert die Trumpffarbe' inaccurately suggests an active removal of a suit, whereas in Null games, the concept of trumps simply does not exist. The real advantage is the strategic benefit of playing without trumps, which makes it easier to avoid winning tricks. However, none of the options correctly state this. Option B ('Es gibt Ihnen zusätzliche Punkte') is closer to the truth since Null games award fixed, high points (e.g., 23, 35, 46, or 59 depending on type), but the question is about the 'Hauptvorteil', not the scoring. The best revision must align the question with the actual game mechanics.",Was ist der Hauptvorteil einer Null-Partie beim Skat?,"['A. Es ermöglicht Ihnen, mit hohen Karten zu gewinnen', 'B. Sie erhalten eine feste, hohe Punktzahl unabhängig von den gespielten Karten', 'C. Es gibt keine Trumpffarbe, was das Vermeiden von Stichen erleichtert', 'D. Es ermöglicht Ihnen, mit aufgedeckten Karten zu spielen']","B. Sie erhalten eine feste, hohe Punktzahl unabhängig von den gespielten Karten"
SBQ,SBQ_Germany.xlsx,Skat,"Ihr Gegner erklärt ein Farbspiel mit einer starken Hand. Was sollten Sie tun, um sich zu verteidigen?","A. Versuchen Sie, so viele Stiche wie möglich zu gewinnen B. Versuchen Sie, ihre höchsten Karten zu blockieren C. Bieten Sie für ein Null-Spiel D. Vermeiden Sie jegliche Tricks","Versuchen Sie, ihre höchsten Karten zu blockieren",1,no mistake,no correction needed,no correction needed,"Versuchen Sie, ihre höchsten Karten zu blockieren"
SBQ,SBQ_Germany.xlsx,Skat,Sie haben ein einzelnes Ass und mehrere niedrige Karten. Welches Spiel solltest du deklarieren?,A. Nullspiel B. Anzugspiel C. Grandioses Spiel D. Passieren,Anzugspiel,0,"The question is about a card game scenario (likely Skat or similar German card game), but the phrasing 'Sie haben ein einzelnes Ass und mehrere niedrige Karten' (You have a single ace and several low cards) is ambiguous and does not clearly align with standard bidding conventions. In Skat, declaring 'Anzugspiel' (suit game) with only one ace and low cards is not logically optimal — typically, a suit game is declared with a strong suit, not weak holdings. The correct bidding choice in such a weak hand would more likely be 'Nullspiel' (null game). The provided answer 'Anzugspiel' is factually incorrect for the described hand. The question also lacks context about the game being played.",Sie haben eine starke Farbe mit mehreren hohen Karten und ein einzelnes Ass in einer anderen Farbe. Welches Spiel solltest du deklarieren?,"['A. Nullspiel', 'B. Anzugspiel', 'C. Grandioses Spiel', 'D. Passieren']",B. Anzugspiel
SBQ,SBQ_Germany.xlsx,Skat,"Was passiert, wenn Sie während eines Nullspiels versehentlich einen Stich gewinnen?",A. Du verlierst das Spiel B. Sie erhalten Extrapunkte C. Das Spiel geht weiter D. Du verlierst die Runde,Du verlierst das Spiel,0,"The question is factually incorrect. In German card games like Skat or Schafkopf, a 'Nullspiel' (null game) means the player aims to win no tricks. If a player in a Nullspiel accidentally wins a trick, they lose the game — but the phrasing 'versehentlich einen Stich gewinnen' (accidentally win a trick) is misleading because winning any trick in a Nullspiel is a loss condition, not an accidental event that changes the rules. The correct logic is: winning any trick in a Nullspiel = immediate loss. The answer 'Du verlierst das Spiel' is correct in intent, but the question implies a rule violation rather than a core game mechanic. The options are poorly worded: 'Du verlierst die Runde' (lose the round) is ambiguous and less precise than 'Du verlierst das Spiel' (lose the game), which is the standard terminology.","Was passiert, wenn ein Spieler während eines Nullspiels auch nur einen Stich gewinnt?","['A. Du verlierst das Spiel', 'B. Du erhältst Extrapunkte', 'C. Das Spiel geht weiter', 'D. Du verlierst die Runde']",A. Du verlierst das Spiel
SBQ,SBQ_Germany.xlsx,Skat,Sie halten eine Hand mit mehreren hohen Karten unterschiedlicher Farbe. Welches Spiel würden Sie ansagen?,A. Anzugspiel B. Nullspiel C. Grandioses Spiel D. Passieren,Anzugspiel,0,"The question is factually incorrect because in German Schafkopf (or similar card games like Skat), holding a hand with multiple high cards of different suits does not logically lead to announcing 'Anzugspiel'. 'Anzugspiel' is not a standard term in German card games. The correct term for playing with trumps (or no trumps) in Skat is 'Farbspiel' (suit game) or 'Grand' (no trumps). 'Anzugspiel' is a misnomer or mistranslation. Also, 'Passieren' is not a valid declaration in Skat/Schafkopf. The provided answer 'Anzugspiel' is incorrect.","Sie halten eine Hand mit mehreren hohen Karten unterschiedlicher Farbe. Welches Spiel würden Sie ansagen, wenn Sie keine Farbe als Trumpf haben möchten?","['A. Farbspiel', 'B. Nullspiel', 'C. Grand', 'D. Passieren']",C. Grand
SBQ,SBQ_Germany.xlsx,Skat,Ihr Gegner erklärt ein großes Spiel und Sie haben keine Buben auf der Hand. Was sollten Sie tun?,A. Erkläre ein Null-Spiel B. Bieten Sie für ein Anzugspiel C. Übergeben Sie die Kurve D. Bieten Sie aggressiv,Erkläre ein Null-Spiel,0,"The question is not factually correct in the context of German card games like Schafkopf or Skat. The phrase 'Ihr Gegner erklärt ein großes Spiel' (your opponent declares a large game) is ambiguous and not standard terminology. In Schafkopf, for example, 'großes Spiel' is not a recognized bid; instead, players bid on types like 'Rufer', 'Wenz', or 'Solo'. Moreover, 'keine Buben auf der Hand' (no jacks in hand) suggests a Wenz or Solo context, but the correct response 'Erkläre ein Null-Spiel' (declare a null game) is not a logical or legal follow-up to an opponent's bid — null games are declared by the player themselves, not as a reaction to an opponent. The question confuses game mechanics and lacks clarity.",Ihr Gegner bietet ein Wenz an und Sie haben keine Buben auf der Hand. Was sollten Sie tun?,"['Erklären Sie ein Null-Spiel', 'Bieten Sie für ein Anzugspiel', 'Übergeben Sie die Kurve', 'Bieten Sie aggressiv']",Übergeben Sie die Kurve
SBQ,SBQ_Germany.xlsx,Skat,"Sie sind der Alleinspieler und haben in einer Farbe eine starke Hand, in anderen jedoch schwache Karten. Welches Spiel solltest du deklarieren?",A. Anzugspiel B. Grandioses Spiel C. Nullspiel D. Passieren,Anzugspiel,0,"The question is in German and refers to a card game context (likely Skat or similar), but the term 'Anzugspiel' is not a standard or recognized declaration in Skat. In Skat, the correct terms for declarations are 'Farbspiel' (suit game), 'Grand' (grand game), 'Null' (null game), and 'Pass' (pass). 'Anzugspiel' is a misnomer or mistranslation; the intended correct term is likely 'Farbspiel'. Also, 'Passieren' is not a valid Skat declaration — it should be 'Pass'. The provided answer 'Anzugspiel' is incorrect based on standard Skat terminology.","Sie sind der Alleinspieler und haben in einer Farbe eine starke Hand, in anderen jedoch schwache Karten. Welches Spiel sollen Sie deklarieren?","['Farbspiel', 'Grand', 'Null', 'Pass']",Farbspiel
SBQ,SBQ_Germany.xlsx,Skat,"Sie erklären ein Farbspiel, aber Ihr Gegner führt mit einer hohen Trumpfkarte. Was sollten Sie tun?",A. Lass den Trumpf gewinnen B. Spielen Sie einen höheren Trumpf C. Werfen Sie den Trumpf weg D. Spielen Sie eine niedrigere Karte,Spielen Sie einen höheren Trumpf,0,"The question is in German and refers to a card game context (likely Skat or similar), but the phrasing 'Sie erklären ein Farbspiel' is ambiguous and incorrect. 'Erklären' means 'to explain', which does not fit the context of playing a card. The intended meaning is likely 'Sie spielen eine Farbe' (You play a suit). Additionally, the correct answer 'Spielen Sie einen höheren Trumpf' assumes the player has a higher trump card, but the question does not specify this condition, making the logic incomplete. The options also lack clarity in context.","Sie spielen eine Farbe, aber Ihr Gegner führt mit einer hohen Trumpfkarte. Was sollten Sie tun?","['A. Lassen Sie den Trumpf gewinnen', 'B. Spielen Sie einen höheren Trumpf', 'C. Werfen Sie den Trumpf weg', 'D. Spielen Sie eine niedrigere Karte']",B. Spielen Sie einen höheren Trumpf
SBQ,SBQ_Germany.xlsx,Skat,"Während der „Reizen“-Phase sind Sie unsicher, ob Sie für ein Grand- oder ein Suit-Spiel bieten sollen. Bei Jacks hast du ein starkes Blatt. Was sollten Sie deklarieren?",A. Grandioses Spiel B. Nullspiel C. Anzugspiel D. Passieren,Grandioses Spiel,0,"The term 'Grandioses Spiel' is not a valid term in card games like Skat or similar German trick-taking games. The correct term is 'Grand'. Additionally, 'Reizen' refers to the bidding phase in Skat, where players choose between 'Suit', 'Grand', or 'Null' games. 'Grandioses Spiel' is a mistranslation or incorrect term. The option 'Anzugspiel' is also incorrectly spelled; it should be 'Farbspiel' (Suit game). The correct answer should be 'Grand', not 'Grandioses Spiel'.","Während der „Reizen“-Phase sind Sie unsicher, ob Sie für ein Grand- oder ein Farbspiel bieten sollen. Bei Jacks haben Sie ein starkes Blatt. Was sollten Sie deklarieren?","['Grand', 'Nullspiel', 'Farbspiel', 'Passen']",Grand
SBQ,SBQ_Germany.xlsx,Skat,"Sie spielen ein Farbspiel und Ihr Gegner führt mit einer niedrigen Karte. Was sollten Sie tun, wenn Sie eine höhere Karte in derselben Farbe haben?","A. Lass den Gegner gewinnen B. Spielen Sie die höhere Karte C. Wirf eine Karte ab, die kein Trumpf ist D. Passieren",Spielen Sie die höhere Karte,1,no mistake,no correction needed,no correction needed,Spielen Sie die höhere Karte
SBQ,SBQ_Germany.xlsx,Skat,Sie haben eine schwache Hand ohne Trumpf. Welches Spiel soll man ansagen?,A. Nullspiel B. Grandioses Spiel C. Anzugspiel D. Passieren,Nullspiel,0,"The question is not factually correct in the context of German card games like Skat. 'Nullspiel' (Null game) is a bid where the player aims to take no tricks, but it is not the default or recommended response to having a 'weak hand without trumps'. In Skat, a weak hand without trumps might lead to a 'Pass' (not 'Passieren') or a 'Null' bid only if the hand is suitable for taking zero tricks — which requires specific low cards, not just weakness. 'Passieren' is not a valid bid in Skat. 'Grandioses Spiel' and 'Anzugspiel' are not standard terms; the correct terms are 'Grand' and 'Farbspiel'. The options contain terminology errors and non-standard phrases.",Sie haben eine schwache Hand ohne Trumpfkarten. Welches Gebot ist angebracht?,"['A. Nullspiel', 'B. Grand', 'C. Farbspiel', 'D. Pass']",D. Pass
SBQ,SBQ_Germany.xlsx,Skat,Was ist beim Skat der Zweck des „Skats“ (der beiden beiseite gelegten Karten)?,A. Um Ihre Hand zu verbessern B. Um die Trumpffarbe zu bestimmen C. Um unerwünschte Karten abzuwerfen D. Um den Spieltyp zu bestimmen,Um Ihre Hand zu verbessern,,,,,
SBQ,SBQ_Germany.xlsx,Skat,"Sie erklären ein Nullspiel, gewinnen aber fälschlicherweise einen Stich. Was geschieht?",A. Du verlierst das Spiel B. Du gewinnst das Spiel C. Sie erhalten Extrapunkte D. Das Spiel geht weiter,Du verlierst das Spiel,0,"The question is factually incorrect in the context of German card games (like Skat or Schafkopf). In these games, if a player declares a 'Nullspiel' (null game) and wins a trick by mistake, they lose the game because the goal of a Nullspiel is to win ZERO tricks. However, the question uses 'Sie' (they) and 'Du' (you) inconsistently, and the phrasing 'fälschlicherweise einen Stich gewinnen' is ambiguous. The correct logic is that winning even one trick in a Nullspiel results in losing the game, but the question's grammar and pronoun usage are flawed.",Sie erklären ein Nullspiel und gewinnen versehentlich einen Stich. Was geschieht?,"['A. Du verlierst das Spiel', 'B. Du gewinnst das Spiel', 'C. Du erhältst Extrapunkte', 'D. Das Spiel geht weiter']",A. Du verlierst das Spiel
SBQ,SBQ_Germany.xlsx,Skat,"Sie spielen ein großes Spiel und Ihr Gegner führt mit einer Dame. Was sollten Sie tun, wenn Sie einen Buben in derselben Farbe haben?",A. Lass die Königin gewinnen B. Spielen Sie den Jack C. Werfen Sie den Wagenheber weg D. Passieren,Spielen Sie den Jack,0,"The question uses 'Dame' (Queen) and 'Buben' (Jack), which are correct German card terms, but 'Wagenheber' (jack stand/tool) is a nonsensical term in card games and appears to be a mistranslation or error. Also, 'Passieren' (to pass) is ambiguous and not a standard card play action in this context. The question implies a trick-taking game (like Skat or Hearts), but the options contain incorrect or irrelevant terminology.","Sie spielen ein großes Spiel und Ihr Gegner führt eine Dame. Was sollten Sie tun, wenn Sie einen Buben in derselben Farbe haben?","['Lassen Sie die Dame gewinnen', 'Spielen Sie den Buben', 'Werfen Sie den Buben weg', 'Passen Sie']",Spielen Sie den Buben
SBQ,SBQ_Germany.xlsx,Skat,Sie haben mehrere Tiefkarten in der Hand und keine Trump -Karten. Welches Spiel solltest du erklären?,A. Nullspiel B. Anzugsspiel C. Grand Game D. Passieren,Nullspiel,0,"The question is factually incorrect. In German card games like Schafkopf or Doppelkopf, having multiple low cards in suits and no trumps suggests you should play a 'Nullspiel' (null game) only if you intend to take no tricks at all. However, 'Nullspiel' is not a 'game you declare' based on having low cards and no trumps — it's a specific bid to take zero tricks. The correct bid in this context is typically 'Anzugsspiel' (suit game), where you play with a suit as trump. The question confuses strategy with bid options. Also, 'Passieren' is not a standard bid in these games. The provided answer 'Nullspiel' is misleading without context.","Sie haben mehrere niedrige Karten in verschiedenen Farben und keine Trumpfkarten. Welches Spiel sollten Sie erklären, um möglichst viele Stiche zu vermeiden?","['A. Nullspiel', 'B. Anzugsspiel', 'C. Grand Spiel', 'D. Passieren']",A. Nullspiel
SBQ,SBQ_Germany.xlsx,Skat,Sie sind in einem Anzugspiel und haben eine gute Mischung aus hohen und mittleren Karten in einem Anzug. Was ist die beste Strategie?,"A. Führe mit deinen höchsten Karten B. Versuchen Sie, alle Tricks zu gewinnen C. Die niedrigen Karten verwerfen D. Lassen Sie den Gegner gewinnen",Führe mit deinen höchsten Karten,0,"The question is in German and refers to 'Anzugspiel', which is not a standard term in bridge or card game terminology. In bridge, the correct term is 'Farbspiel' (suit play) or 'Trumpfspiel' (trump play). The phrase 'Anzugspiel' is misleading and may confuse native German speakers. Additionally, the correct answer 'Führe mit deinen höchsten Karten' is only contextually valid in certain suit play scenarios (e.g., when leading from a strong suit), but the question lacks clarity on the game context (e.g., bridge) and the opponent's play. The option 'Versuchen Sie, alle Tricks zu gewinnen' is unrealistic and not a standard strategy, which makes the MCQ logically flawed.","Sie sind in einem Farbspiel und haben eine gute Mischung aus hohen und mittleren Karten in einem Anzug. Was ist die beste Strategie, wenn Sie an der Reihe sind?","['A. Führe mit deinen höchsten Karten', 'B. Versuchen Sie, alle Tricks zu gewinnen', 'C. Die niedrigen Karten verwerfen', 'D. Lassen Sie den Gegner gewinnen']",A. Führe mit deinen höchsten Karten
SBQ,SBQ_Germany.xlsx,Skat,"Ihr Gegner hat eine starke Hand in einem Anzug, aber schwache Karten in den anderen Anzügen. Was sollten Sie zur Verteidigung tun?","A. Konzentrieren Sie sich darauf, den starken Anzug zu blockieren B. Lassen Sie den Gegner die schwachen Anzüge gewinnen C. Bieten Sie für ein Nullspiel D. Aggressiv spielen","Konzentrieren Sie sich darauf, den starken Anzug zu blockieren",1,no mistake,no correction needed,no correction needed,"Konzentrieren Sie sich darauf, den starken Anzug zu blockieren"
SBQ,SBQ_Germany.xlsx,Skat,"Sie sind der Anklarer in einem großen Spiel, und Ihr Gegner führt mit einer niedrigen Karte. Was sollten Sie tun?",A. Lassen Sie die Karte gewinnen B. Eine höhere Karte spielen C. Eine Trumpfkarte spielen D. Eine Nicht-Trump-Karte verwerfen,Eine höhere Karte spielen,0,"The question is in German but uses the term 'Anklarer', which is not a valid term in card games; it appears to be a mistranslation or typo. The context suggests it's about bridge or similar trick-taking games, where the correct term would be 'Spieler' (player) or 'Stecher' (trick-taker). Additionally, the phrasing 'Ihr Gegner führt mit einer niedrigen Karte' is ambiguous — 'führen' typically means 'to lead', so the opponent led a low card. The correct strategy depends on the game, but the answer 'Eine höhere Karte spielen' is reasonable in many trick-taking games to win the trick. However, the term 'Anklarer' invalidates the question's credibility.","Sie sind der Spieler in einem großen Kartenspiel, und Ihr Gegner führt mit einer niedrigen Karte. Was sollten Sie tun?","['A. Lassen Sie die Karte gewinnen', 'B. Eine höhere Karte spielen', 'C. Eine Trumpfkarte spielen', 'D. Eine Nicht-Trump-Karte verwerfen']",Eine höhere Karte spielen
SBQ,SBQ_Germany.xlsx,Skat,Sie halten den Ass und den König eines Anzugs und haben keine anderen starken Karten. Was solltest du deklarieren?,A. Anzugsspiel B. Grand Game C. Nullspiel D. Passieren,Anzugsspiel,0,"The question is factually incorrect in the context of German card games like Skat. Holding the Ace and King of a suit (without other strong cards) does not imply you should declare 'Anzugsspiel' — 'Anzugsspiel' is not a valid declaration in Skat. The correct declarations are 'Farbspiel' (suit game), 'Grand' (trump only), 'Null' (no tricks), or 'Pass'. The term 'Anzugsspiel' is a misnomer; the proper term is 'Farbspiel'. Additionally, the options include 'Passieren', which is not a valid Skat declaration.",Sie halten den Ass und den König eines Anzugs und haben keine anderen starken Karten. Was solltest du deklarieren?,"['Farbspiel', 'Grand', 'Null', 'Pass']",Farbspiel
SBQ,SBQ_Germany.xlsx,Skat,Sie spielen ein großes Spiel und Ihr Gegner führt mit einer niedrigen Karte. Was ist dein bester Schritt?,A. Lassen Sie die Karte gewinnen B. Eine höhere Karte spielen C. Eine Trumpfkarte spielen D. Die Karte wegwerfen,Eine höhere Karte spielen,0,"The question is ambiguous and lacks context about the card game being played. In many trick-taking games (like Skat, Bridge, or Hearts), the best play depends on suit, trump status, and strategy. Simply playing a higher card is not universally correct — if the opponent led with a low card and you have no higher card in that suit, or if trumps are involved, other options may be better. The answer 'Eine höhere Karte spielen' assumes a specific context not stated in the question.","Sie spielen ein großes Spiel und Ihr Gegner führt mit einer niedrigen Karte in einer Farbe, in der Sie eine höhere Karte haben. Was ist Ihr bester Schritt?","['A. Lassen Sie die Karte gewinnen', 'B. Eine höhere Karte spielen', 'C. Eine Trumpfkarte spielen', 'D. Die Karte wegwerfen']",Eine höhere Karte spielen
SBQ,SBQ_Germany.xlsx,Skat,Sie halten eine Hand mit hauptsächlich Gesichtskarten und Buchsen. Welches Spiel solltest du erklären?,A. Grand Game B. Anzugsspiel C. Nullspiel D. Passieren,Grand Game,0,"The question is factually incorrect. In German card games like Schafkopf or Doppelkopf, holding a hand with mostly face cards and tens (Buben, Damen, Könige, Zehnen) does not imply you should play 'Grand Game' — in fact, 'Grand Game' (Großes Spiel) typically means playing without trumps, which is not necessarily the best choice with a strong high-card hand. The correct strategic choice with a hand full of face cards and tens is usually 'Anzugsspiel' (suit game with a strong suit) or 'Trumpfspiel', but 'Grand Game' is not logically implied. Moreover, 'Passieren' is not a standard game type in these contexts. The question confuses hand strength with game selection.","Sie halten eine Hand mit hauptsächlich Buben, Damen, Königen und Zehnen in einer Farbe. Welches Spiel sollten Sie erklären?","['A. Grand Game', 'B. Anzugsspiel', 'C. Nullspiel', 'D. Passieren']",Anzugsspiel
SBQ,SBQ_Germany.xlsx,Skat,"Sie haben eine starke Hand, aber keine Trump -Karten und einen schwachen Gegner. Welches Spiel solltest du erklären?",A. Anzugsspiel B. Nullspiel C. Grand Game D. Passieren,Anzugsspiel,0,"The question is factually incorrect in the context of German card games (like Skat). 'Anzugsspiel' is not a valid game type in Skat; the correct term is 'Farbspiel' (suit game). 'Anzug' refers to a suit or lead, not a declared game. The options include 'Nullspiel' and 'Grand Game', which are valid Skat game types, but 'Anzugsspiel' is not. The correct answer should be 'Farbspiel' given the scenario of having a strong hand without trumps (i.e., no Jacks for Grand) and a weak opponent.","Sie haben eine starke Hand, aber keine Trumpf-Karten und einen schwachen Gegner. Welches Spiel sollen Sie erklären?","['Farbspiel', 'Nullspiel', 'Grand Game', 'Passieren']",Farbspiel
SBQ,SBQ_Germany.xlsx,Skat,"Sie sind der Anklarer in einem Nullspiel, und Ihr Gegner führt mit einer hohen Karte. Was sollten Sie tun?",A. Lassen Sie die Karte gewinnen B. Die hohe Karte verwerfen C. Eine Trumpfkarte spielen D. Spiele eine untere Karte,Lassen Sie die Karte gewinnen,0,"The question is in German and refers to 'Anklarer' in a 'Nullspiel', which is not standard terminology in card games like Skat or Doppelkopf. 'Anklarer' is not a recognized role; it seems to be a mistranslation or misnomer for 'Spieler' (player). Additionally, in a Nullspiel (null game), the goal is to take no tricks, so the strategy described does not align with standard rules. The correct action when an opponent leads a high card in a Nullspiel is to avoid taking the trick, which means letting the high card win — but the terminology and context are flawed. The question must be corrected to reflect accurate game rules and terminology.","Sie sind der Spieler in einem Nullspiel, und Ihr Gegner führt mit einer hohen Karte. Was sollten Sie tun?","['A. Lassen Sie die Karte gewinnen', 'B. Die hohe Karte verwerfen', 'C. Eine Trumpfkarte spielen', 'D. Spielen Sie eine untere Karte']",A. Lassen Sie die Karte gewinnen
SBQ,SBQ_Germany.xlsx,Skat,"Sie spielen ein großes Spiel und Ihr Gegner führt mit einer Nicht-Trump-Karte. Was sollten Sie tun, wenn Sie eine höhere Karte haben?",A. Spiele die höhere Karte B. Lassen Sie den Gegner gewinnen C. Die Karte wegwerfen D. Spiele eine untere Karte,Spiele die höhere Karte,1,no mistake,no correction needed,no correction needed,Spiele die höhere Karte
SBQ,SBQ_Germany.xlsx,Skat,"Sie deklarieren ein Null -Spiel, aber Sie gewinnen den ersten Trick. Was geschieht?",A. Sie erzielen zusätzliche Punkte B. Sie verlieren das Spiel C. Das Spiel geht weiter D. Sie verfallen die Runde,Sie verlieren das Spiel,0,"The question is factually incorrect in the context of German card games (e.g., Skat or Schafkopf). Declaring a 'Null-Spiel' (Null game) means the player commits to taking no tricks. If they win even one trick, they lose the game — but the phrasing 'Sie deklarieren ein Null-Spiel, aber Sie gewinnen den ersten Trick' is ambiguous and misleading because in a Null game, the declarer does not play to win tricks; winning a trick is a failure condition. The options are also poorly worded, especially 'Sie verfallen die Runde' (grammatically incorrect German).","Sie erklären ein Null-Spiel, gewinnen aber einen Trick. Was passiert?","['A. Sie erzielen zusätzliche Punkte', 'B. Sie verlieren das Spiel', 'C. Das Spiel geht weiter', 'D. Sie verfallen die Runde']",B. Sie verlieren das Spiel
SBQ,SBQ_Germany.xlsx,Skat,"Sie befinden sich in einem Anzugspiel und Ihr Gegner spielt eine Trump -Karte. Was solltest du tun, wenn du keine Trump -Karten hast?",A. Lass den Trump gewinnen B. Spielen Sie eine hohe Karte in einem anderen Anzug C. Eine Nicht-Trump-Karte verwerfen D. Passieren,Lass den Trump gewinnen,0,"The question is about a trick-taking game (likely Skat or similar), and the provided answer 'Lass den Trump gewinnen' (Let the trump win) is misleading. In trick-taking games, if you have no trumps and your opponent plays a trump, you cannot prevent the trump from winning the trick — so the correct action is to discard a non-trump card (i.e., 'Eine Nicht-Trump-Karte verwerfen'), not 'let the trump win', which is not an action you take. The question implies a choice of action, but the given answer is not an action — it's a consequence. The correct strategy is to discard a low non-trump card to avoid wasting high cards.",Sie befinden sich in einem Anzugspiel und Ihr Gegner spielt eine Trumpf-Karte. Sie haben keine Trumpf-Karten mehr. Was sollten Sie tun?,"['A. Lass den Trumpf gewinnen', 'B. Spielen Sie eine hohe Karte in einem anderen Anzug', 'C. Eine Nicht-Trumpf-Karte verwerfen', 'D. Passieren']",C. Eine Nicht-Trumpf-Karte verwerfen
SBQ,SBQ_Germany.xlsx,Skat,Sie haben nur einen Anzug in der Hand und alle Tiefkarten. Welches Spiel solltest du erklären?,A. Anzugsspiel B. Nullspiel C. Grand Game D. Passieren,Nullspiel,0,"The question is factually incorrect and logically flawed. In German card games like Schafkopf or Skat, 'einen Anzug in der Hand und alle Tiefkarten' (having only one suit in hand and all low cards) does not logically lead to choosing 'Nullspiel' (null game). A Nullspiel is a bid to take no tricks at all, which is unrelated to having a single suit or low cards. The question confuses hand composition with bidding strategy. Also, 'Tiefkarten' is not standard terminology; it should be 'Niedrige Karten' or 'kleine Karten'. The options include 'Passieren', which is not a valid game type in Skat/Schafkopf.",Sie haben nur einen Anzug in der Hand und keine hohen Karten. Welches Spiel sollten Sie in einem Skat-Spiel wählen?,"['A. Anzugsspiel', 'B. Nullspiel', 'C. Grand Spiel', 'D. Passieren']",B. Nullspiel
SBQ,SBQ_Germany.xlsx,Skat,"Ihr Gegner bietet aggressiv in der ""Reizen"" -Phase, und Sie haben eine Hand mit hohen Karten in mehreren Anzügen. Was solltest du deklarieren?",A. Grand Game B. Anzugsspiel C. Nullspiel D. Passieren,Grand Game,0,"The question is factually incorrect because in the card game Skat (implied by 'Reizen' and the options), declaring 'Grand Game' (Grand) is only appropriate when you have a very strong hand with no trumps, typically when you have high cards in all suits but no long suit to declare as trumps. However, the question states 'eine Hand mit hohen Karten in mehreren Anzügen' (a hand with high cards in several suits), which suggests a distributional hand that is more suited for an 'Anzugsspiel' (suit game), not necessarily a Grand Game. Moreover, 'Grand Game' is not a direct response to an opponent's aggressive bidding — it's a declaration based on hand strength and suit distribution. The question misleads by implying that high cards in multiple suits automatically warrant a Grand Game. Also, 'Passieren' is not a valid Skat bid — it's likely meant to be 'Passen' (to pass).","Ihr Gegner bietet aggressiv in der 'Reizen'-Phase, und Sie haben eine starke Hand mit hohen Karten in einem einzigen Anzug und keine Trumpfkarten. Was sollen Sie deklarieren?","['A. Grand Game', 'B. Anzugsspiel', 'C. Nullspiel', 'D. Passen']",A. Grand Game
SBQ,SBQ_Germany.xlsx,Skat,"Sie spielen ein Nullspiel und zeichnen eine Karte, die einen Trick gewinnen könnte. Was sollten Sie tun?",A. Die Karte wegwerfen B. Spielen Sie die Karte C. Verwenden Sie die Karte in einem Trick D. Passieren,Die Karte wegwerfen,0,"The question is factually incorrect and logically flawed. In card games like Skat or Bridge, playing a card that can win a trick is generally desirable, not something to discard. The correct action when you can win a trick is to play the card, not discard it. The provided answer 'Die Karte wegwerfen' contradicts standard game strategy. Additionally, option C 'Verwenden Sie die Karte in einem Trick' is redundant with B 'Spielen Sie die Karte', and D 'Passieren' is not a valid German verb form in this context.","Sie spielen ein Nullspiel und haben eine Karte, die einen Trick gewinnen könnte. Was sollten Sie tun, um das Nullspiel zu gewinnen?","['A. Die Karte wegwerfen', 'B. Spielen Sie die Karte', 'C. Die Karte in einem Trick verwenden', 'D. Passen']",A. Die Karte wegwerfen
SBQ,SBQ_Germany.xlsx,Skat,"Sie deklarieren ein großes Spiel und Ihr Gegner führt mit einer hohen Karte. Was solltest du tun, wenn du einen Jack im selben Anzug hast?",A. Lassen Sie die Karte gewinnen B. Spiele den Jack C. Eine Nicht-Trump-Karte verwerfen D. Passieren,Spiele den Jack,0,"The question is in German but uses terms like 'Jack' and 'Trump' which are not clearly defined in context. The phrasing 'Sie deklarieren ein großes Spiel' is ambiguous — 'großes Spiel' is not standard terminology in trick-taking games like Skat or Bridge. Also, the option 'Passieren' is not a valid action in most card games; it likely means 'to pass', but passing is not applicable when it's your turn to play. The question lacks clarity for a valid MCQ.",Sie spielen ein Kartenspiel mit Trumpf und Ihr Gegner führt mit einer hohen Karte im selben Farbfarb. Sie halten den Buben (Jack) in derselben Farbe. Was sollten Sie tun?,"['A. Lassen Sie die Karte gewinnen', 'B. Spielen Sie den Buben', 'C. Legen Sie eine Nicht-Trumpf-Karte ab', 'D. Passen Sie']",B. Spielen Sie den Buben
SBQ,SBQ_Germany.xlsx,Skat,"Sie sind der Anklarer in einem Nullspiel, und Ihr Gegner spielt eine Trump -Karte. Was sollten Sie tun?",A. Lass den Trump gewinnen B. Spielen Sie eine Nicht-Trump-Karte C. Den Trump wegwerfen D. Spiele eine untere Karte,Lass den Trump gewinnen,0,"The question contains a factual error: 'Anklarer' is not a term used in German card games; it appears to be a misspelling or misuse of 'Anspieler' (player who leads) or 'Ausspieler'. Additionally, in a 'Nullspiel' (null game) in Skat or similar German card games, the declarer (Spielender) has pledged to take no tricks, so if the opponent plays a trump card, the declarer should avoid winning the trick — meaning they should let the trump win only if they have no other choice, but the correct strategy is to play a non-trump card if possible to avoid winning. The given correct answer 'Lass den Trump gewinnen' is misleading and factually incorrect in context. The best action is to play a non-trump card to avoid winning the trick.","Sie sind der Spielende in einem Nullspiel, und Ihr Gegner spielt eine Trumpf-Karte. Was sollten Sie tun?","['A. Lass den Trumpf gewinnen', 'B. Spielen Sie eine Nicht-Trumpf-Karte', 'C. Den Trumpf wegwerfen', 'D. Spiele eine niedrige Karte']",B. Spielen Sie eine Nicht-Trumpf-Karte
SBQ,SBQ_Germany.xlsx,Skat,Sie haben eine Hand mit hohen Gesichtskarten und mehreren Tiefkarten. Welches Spiel solltest du erklären?,A. Anzugsspiel B. Grand Game C. Nullspiel D. Passieren,Anzugsspiel,0,"The question is factually incorrect. In Skat (the implied card game), 'Anzugsspiel' is not a valid game type. The correct game types are 'Grand', 'Suit', and 'Null'. A hand with high face cards and several low cards suggests a 'Suit Game' (Farbspiel), not 'Anzugsspiel'. 'Anzugsspiel' is not a standard term in Skat; the correct term is 'Farbspiel'. Additionally, 'Passieren' is not a Skat game type. The answer 'Anzugsspiel' is therefore wrong.",Sie haben eine Hand mit hohen Bildkarten und mehreren niedrigen Karten. Welches Spiel solltest du erklären?,"['Farbspiel', 'Grand Spiel', 'Nullspiel', 'Passieren']",Farbspiel
SBQ,SBQ_Germany.xlsx,Skat,"Sie spielen ein Anzugspiel und Ihr Gegner spielt eine niedrige Karte von einem Anzug, in dem Sie stark sind. Was sollten Sie tun?",A. Lassen Sie die Karte gewinnen B. Spielen Sie Ihre höhere Karte C. Eine Nicht-Trump-Karte verwerfen D. Passieren,Spielen Sie Ihre höhere Karte,0,"The question refers to 'Anzugspiel', which is ambiguous in German card game terminology. In trick-taking games like Skat or Bridge, 'Anzug' typically means leading a suit, not a specific game type. The context implies a trick-taking game where the opponent leads a low card in a suit you hold strong cards in. The phrasing 'Sie spielen ein Anzugspiel' is incorrect — it should refer to 'einem Stichspiel' or clarify the context. Additionally, option D 'Passieren' is not a valid action in most trick-taking games; it should be 'Nicht mitspielen' or similar. The answer 'Spielen Sie Ihre höhere Karte' is logically correct in context, but the question is misleadingly worded.","Sie spielen ein Stichspiel und Ihr Gegner spielt eine niedrige Karte aus einem Anzug, in dem Sie stark sind. Was sollten Sie tun?","['A. Lassen Sie die Karte gewinnen', 'B. Spielen Sie Ihre höhere Karte', 'C. Eine Nicht-Trump-Karte verwerfen', 'D. Nicht mitspielen']",Spielen Sie Ihre höhere Karte
SBQ,SBQ_Germany.xlsx,Skat,Sie haben eine Hand mit hauptsächlich niedrigen Karten und ohne Buchsen. Welches Spiel solltest du erklären?,A. Nullspiel B. Anzugsspiel C. Grand Game D. Passieren,Nullspiel,0,"The question is in German and refers to a card game context (likely Skat), but the phrasing 'Welches Spiel solltest du erklären?' is ambiguous and misleading. In Skat, 'erklären' (declare) is not the correct term for choosing a contract based on hand strength; instead, 'sagen' (bid/announce) is used. Also, the option 'Passieren' is not a valid Skat contract — it's likely a mistranslation or error. The correct contracts are Nullspiel, Grand, and Suit Game (Farbspiel/Anzugsspiel). The term 'Anzugsspiel' is not standard; 'Farbspiel' is. The question implies a logical choice (low cards, no aces) for Nullspiel, which is correct, but the wording and options are technically flawed.",Sie haben eine Hand mit hauptsächlich niedrigen Karten und ohne Asse. Welches Spiel sollten Sie ansagen?,"['A. Nullspiel', 'B. Farbspiel', 'C. Grand', 'D. Passieren']",Nullspiel
SBQ,SBQ_Germany.xlsx,Skat,Du spielst ein großes Spiel und dein Gegner spielt einen Jack. Was sollten Sie tun?,A. Lass den Jack gewinnen B. Eine höhere Karte spielen C. Eine Nicht-Trump-Karte verwerfen D. Passieren,Eine höhere Karte spielen,0,"The question is in German but refers to a card game mechanic (Jack) without specifying the game. 'Jack' is ambiguous — it could mean a court card or a trump card in games like Skat or Euchre. The option 'Passieren' (to pass) is not a valid card play action in most trick-taking games. The correct answer 'Eine höhere Karte spielen' assumes a trump suit is in play, but the question does not clarify context. The question lacks sufficient game context to be logically sound as a multiple-choice item.",Du spielst ein großes Spiel im Skat und dein Gegner spielt einen Kreuz-Jack als Trumpf. Was solltest du tun?,"['A. Lass den Jack gewinnen', 'B. Eine höhere Trumpfkarte spielen', 'C. Eine Nicht-Trump-Karte verwerfen', 'D. Passieren']",B. Eine höhere Trumpfkarte spielen
SBQ,SBQ_Germany.xlsx,Skat,Sie sind der Anklarer in einem Anzugspiel und haben zwei Hochkarten in einem Anzug. Was ist Ihre Strategie?,A. Mit der höchsten Karte führen B. Pass und lassen Sie den Gegner gewinnen C. Tiefkarten wegwerfen D. Halten Sie alle Karten,Mit der höchsten Karte führen,0,"The question contains a factual error: 'Anklarer' is not a term used in card games; it appears to be a mistranslation or misspelling of 'Angeber' or 'declarer' in the context of bridge or trick-taking games. Also, 'Anzugspiel' is not standard terminology — it should be 'Farbspiel' or 'Trick-taking game'. The question implies a bridge-like scenario but uses incorrect German terminology, making it confusing and invalid as a sports MCQ.",Sie sind der Geber in einem Farbspiel und haben zwei Hochkarten in einem Anzug. Was ist Ihre Strategie?,"['Mit der höchsten Karte führen', 'Pass und lassen Sie den Gegner gewinnen', 'Tiefkarten wegwerfen', 'Halten Sie alle Karten']",Mit der höchsten Karte führen
SBQ,SBQ_Germany.xlsx,Skat,"Ihr Gegner bietet aggressiv für ein Anzugspiel, aber Sie halten hauptsächlich Jacks. Was solltest du deklarieren?",A. Grand Game B. Nullspiel C. Anzugsspiel D. Passieren,Grand Game,0,"The question is factually incorrect. In German card games like Schafkopf or Doppelkopf, if your opponent bids aggressively for a 'Anzugsspiel' (suit game) and you hold mainly Jacks (Unter), the correct response is typically to bid 'Grand Game' (Grand) because Jacks are the highest trumps. However, the phrasing 'Sie halten hauptsächlich Jacks' is ambiguous — in German card games, 'Jacks' usually refer to 'Unter' (lower court cards), which are trumps in suit games, but in a Grand Game, all four Unter are trumps. The logic holds, but the question implies that holding Unter justifies bidding Grand, which is correct, yet the answer 'Grand Game' is not a standard option name in German rules — it's usually 'Grand' or 'Großspiel'. Also, 'Anzugsspiel' is not a standard term; the correct term is 'Farbspiel' (suit game). The options contain non-standard or incorrect terminology.","Ihr Gegner bietet ein Farbspiel aggressiv an, aber Sie halten hauptsächlich Unter. Was sollten Sie bieten?","['Grand', 'Nullspiel', 'Farbspiel', 'Passen']",Grand
SBQ,SBQ_Germany.xlsx,Skat,Sie spielen ein Nullspiel und Ihr Gegner führt mit einer hohen Trump -Karte. Was sollten Sie tun?,A. Lass den Trump gewinnen B. Spielen Sie eine Nicht-Trump-Karte C. Die Karte wegwerfen D. Spiele eine untere Karte,Lass den Trump gewinnen,0,"The question is ambiguous and lacks context. 'Sie spielen ein Nullspiel' (You are playing a null game) in card games like Skat or Schafkopf typically means the player is trying to win NO tricks. If the opponent leads with a high trump card, the correct strategy in a Nullspiel is to avoid winning any trick — so playing a non-trump card or discarding a card that doesn't win the trick is correct. But 'Lass den Trump gewinnen' (Let the trump win) implies you are not playing a card at all or passively allowing it — which is not a legal move. The correct action is to play a low non-trump card to avoid winning. The provided answer is logically incorrect for a Nullspiel.",Sie spielen ein Nullspiel und Ihr Gegner führt mit einer hohen Trump-Karte. Was sollten Sie tun?,"['A. Lassen Sie den Trump gewinnen', 'B. Spielen Sie eine niedrige Nicht-Trump-Karte', 'C. Werfen Sie die Karte weg', 'D. Spielen Sie eine hohe Nicht-Trump-Karte']",B. Spielen Sie eine niedrige Nicht-Trump-Karte
SBQ,SBQ_Germany.xlsx,Skat,Sie sind der Anklarer in einem Anzugspiel mit einer starken Hand in einem Anzug. Was sollten Sie tun?,A. Mit dem starken Anzug führen B. Lassen Sie den Gegner gewinnen C. Den Anzug verwerfen D. Passieren,Mit dem starken Anzug führen,0,"The question contains a language error: 'Anklarer' is not a valid term in German card game terminology; it should be 'Anspieler' (lead player). Also, 'Anzugspiel' is not standard; it should be 'Farbspiel' (suit game) or 'Stichspiel' (trick game). The context implies a trick-taking card game like Skat or Bridge, where leading with a strong suit is correct strategy. The options include 'Passieren' which is not a valid action in most trick-taking games (passing is not allowed during play). The answer 'Mit dem starken Anzug führen' is conceptually correct but the question is linguistically flawed.",Sie sind der Anspieler in einem Farbspiel mit einer starken Hand in einem Anzug. Was sollten Sie tun?,"['Mit dem starken Anzug führen', 'Lassen Sie den Gegner gewinnen', 'Den Anzug verwerfen', 'Passen']",Mit dem starken Anzug führen
SBQ,SBQ_Germany.xlsx,Skat,Sie spielen ein großes Spiel und Ihr Gegner führt mit einer niedrigen Karte. Was sollten Sie tun?,A. Lassen Sie die Karte gewinnen B. Spiele den Jack C. Eine Nicht-Trump-Karte verwerfen D. Passieren,Spiele den Jack,0,"The question is ambiguous and lacks context — it refers to 'ein großes Spiel' and 'niedrige Karte' without specifying the card game (e.g., Skat, Bridge, Hearts). The answer 'Spiele den Jack' assumes knowledge of a specific game rule (e.g., playing the Jack to win a trick in Skat when opponent leads low), but this is not evident from the question. Also, 'Passieren' is not a standard card game term in German and may be a mistranslation or error. The options are inconsistent in terminology and clarity.",Sie spielen Skat und Ihr Gegner führt mit einer niedrigen Karte an. Was sollten Sie tun?,"['A. Lassen Sie die Karte gewinnen', 'B. Spielen Sie den Buben', 'C. Eine Nicht-Trump-Karte abwerfen', 'D. Passen']",Spielen Sie den Buben
SBQ,SBQ_Germany.xlsx,Skat,Sie spielen ein Anzugspiel und haben zwei schwache Anzüge in der Hand. Was ist Ihre Strategie?,"A. Konzentrieren Sie sich auf den starken Anzug B. Versuchen Sie, in beiden Anzügen zu gewinnen C. Die schwachen Anzüge verwerfen D. Lassen Sie den Gegner gewinnen",Konzentrieren Sie sich auf den starken Anzug,0,"The question is factually incorrect because 'Anzugspiel' is not a recognized term in any standard card game. In German card games like Skat or Schafkopf, 'Anzug' refers to a suit led, not a playable entity one 'plays' with. The phrasing 'zwei schwache Anzüge in der Hand' is misleading — players hold cards, not suits. The concept of 'strong/weak suits' applies to hand distribution and trump strategy, but the question misrepresents the mechanics of trick-taking games.",Sie spielen ein Kartenspiel mit Farbfolge und haben zwei schwache Farben in der Hand. Was ist Ihre Strategie?,"['Konzentrieren Sie sich auf die starke Farbe', 'Versuchen Sie, in beiden Farben zu gewinnen', 'Die schwachen Farben verwerfen', 'Lassen Sie den Gegner gewinnen']",Konzentrieren Sie sich auf die starke Farbe
SBQ,SBQ_Germany.xlsx,Skat,"Du bist der Anklarer in einem großen Spiel und dein Gegner spielt eine Königin. Was solltest du tun, wenn du einen Jack hast?",A. Lass die Königin gewinnen B. Spiele den Jack C. Eine Nicht-Trump-Karte verwerfen D. Passieren,Spiele den Jack,0,"The question is in German but refers to a card game context that is not clearly identified (e.g., Skat, Bridge, etc.). The term 'Anklarer' is not standard German for any known card game role — likely a mistranslation or error. In Skat, the correct term is 'Spielera' or 'Reizspieler'; in Bridge, there is no 'Anklarer'. Additionally, the concept of 'Trump' is implied but not clearly stated. The question as written is confusing and not factually grounded in any standard card game rules. The answer 'Spiele den Jack' assumes a specific context (e.g., Skat) but the question does not establish it.","Du bist der Spieler in einem Skat-Spiel und dein Gegner spielt eine Königin. Der Trumpf ist Pik. Was solltest du tun, wenn du den Pik-Jack hast?","['A. Lass die Königin gewinnen', 'B. Spiele den Pik-Jack', 'C. Eine Nicht-Trump-Karte verwerfen', 'D. Passieren']",B. Spiele den Pik-Jack
SBQ,SBQ_Germany.xlsx,Skat,Ihr Gegner erklärt ein Anzugspiel und Sie haben meistens niedrige Karten. Was sollten Sie tun?,A. Lassen Sie den Gegner gewinnen B. Aggressiv spielen C. Die hohen Karten verwerfen D. Bieten Sie für ein Nullspiel,Lassen Sie den Gegner gewinnen,0,"The question is about a card game context (likely Skat or similar German trick-taking game), but the phrasing 'Ihr Gegner erklärt ein Anzugspiel' is ambiguous and misleading. 'Anzugspiel' is not a standard term in German card games; it likely intends to refer to 'Farbansage' (suit declaration) or 'Spielansage' (game declaration). Additionally, the correct answer 'Lassen Sie den Gegner gewinnen' is not logically consistent with standard strategy in such games — when an opponent declares a game and you hold low cards, the correct play is usually to play defensively (e.g., avoid giving away tricks), not to let them win outright. The options also lack precision and include non-standard or irrelevant choices like 'Bieten Sie für ein Nullspiel' (bid for a null game), which is a separate game type. The question needs clarification to reflect actual game rules.","Ihr Gegner hat ein Farbspiel angekündigt, und Sie halten überwiegend niedrige Karten. Was sollten Sie tun?","['Lassen Sie den Gegner gewinnen', 'Spielen Sie aggressiv', 'Behalten Sie Ihre hohen Karten', 'Bieten Sie ein Nullspiel an']",Behalten Sie Ihre hohen Karten
SBQ,SBQ_Germany.xlsx,Skat,Sie halten eine Hand ohne Buchsen und schwache Karten in mehreren Anzügen. Welches Spiel solltest du erklären?,A. Nullspiel B. Anzugsspiel C. Grand Game D. Passieren,Nullspiel,0,"The question is factually incorrect. In Skat (the implied card game), 'Nullspiel' (Null game) is a bid where the player aims to take no tricks at all, and it is typically declared with a weak hand — but the phrase 'ohne Buchsen und schwache Karten in mehreren Anzügen' is misleading. 'Buchsen' is not standard Skat terminology; it likely refers to 'Buben' (Jacks), which are high cards. The description suggests holding no Jacks and weak cards in multiple suits, which is consistent with a Nullspiel bid. However, the question is poorly worded and ambiguous. 'Anzugsspiel' is not a standard Skat term; the correct term for a suit game is 'Farbspiel'. Also, 'Passieren' is not a valid Skat bid. The options contain non-standard or incorrect terminology, making the question invalid as a proper MCQ.",Sie halten keine Buben und nur schwache Karten in mehreren Farben. Welches Spiel sollten Sie erklären?,"['A. Nullspiel', 'B. Farbspiel', 'C. Grandspiel', 'D. Pass']",Nullspiel
SBQ,SBQ_Germany.xlsx,Skat,Sie haben zwei hohe Karten in einem Anzug und eine Mischung aus Tiefkarten in anderen. Welches Spiel solltest du erklären?,A. Anzugsspiel B. Nullspiel C. Grand Game D. Passieren,Anzugsspiel,0,"The question is factually incorrect and logically flawed. In German card games like Skat, 'Anzugsspiel' (suit game) is not a standard term used to describe a hand with two high cards in one suit and low cards in others. The term 'Anzug' refers to a suit, and 'Anzugsspiel' is not a recognized game type. The correct term for a game where a player chooses a suit as trumps is 'Farbspiel'. Additionally, the phrasing 'zwei hohe Karten in einem Anzug' is ambiguous and does not clearly define a bidding strategy. The provided answer 'Anzugsspiel' is not a valid option in standard Skat terminology.",Sie haben zwei hohe Karten in einer Farbe und niedrige Karten in den anderen Farben. Welches Spiel sollten Sie erklären?,"['Farbspiel', 'Nullspiel', 'Grandspiel', 'Passen']",Farbspiel
SBQ,SBQ_Germany.xlsx,Skat,"Ihr Gegner bietet ein großes Spiel, und Sie haben eine schwache Hand. Was solltest du deklarieren?",A. Nullspiel B. Grand Game C. Anzugsspiel D. Passieren,Nullspiel,0,"The question is factually incorrect in the context of German card games (like Schafkopf or Doppelkopf). Declaring 'Nullspiel' (null game) is a bid to take no tricks, which is typically done when holding a very weak hand. However, the phrasing 'Ihr Gegner bietet ein großes Spiel' (Your opponent offers a big game) is misleading — in these games, players bid sequentially, and 'Großes Spiel' (Grand Game) is a high-value bid, not something an opponent 'offers' to you. The question implies a reactive decision, but 'Nullspiel' is a proactive bid, not a response to an opponent's bid. The correct logic should be: 'You have a very weak hand and want to avoid taking tricks. What should you bid?'",Sie haben eine sehr schwache Hand und möchten keine Stiche machen. Was sollten Sie bieten?,"['Nullspiel', 'Grand Game', 'Anzugsspiel', 'Passieren']",Nullspiel
SBQ,SBQ_Germany.xlsx,Skat,Sie spielen ein Anzugspiel und Ihr Gegner führt mit einer Nicht-Trump-Karte. Was sollten Sie tun?,A. Spielen Sie Ihre höhere Karte B. Lassen Sie die Karte gewinnen C. Eine niedrige Karte verwerfen D. Passieren,Spielen Sie Ihre höhere Karte,0,"The question refers to 'Anzugspiel', which is not a standard term in card games. It appears to be a mistranslation or misuse. The intended context is likely 'Bridge' or a trick-taking game where 'Anzug' (leading suit) is relevant. The correct term should be 'Anzug' (leading suit) in the context of a trick-taking game like Bridge. Additionally, the correct answer 'Spielen Sie Ihre höhere Karte' is misleading — in trick-taking games, when an opponent leads a non-trump card, the standard strategy is often to play low to avoid winning the trick unless necessary (e.g., to avoid giving away tricks or to preserve high cards). Playing a higher card is usually incorrect unless you are trying to win the trick for a specific reason (like setting up a suit). The provided answer contradicts standard play strategy.","Sie spielen ein Kartenspiel mit Farbfolge und Ihr Gegner führt mit einer Nicht-Trump-Karte. Was sollten Sie tun, wenn Sie keine Trumpfkarte haben und nicht gewinnen möchten?","['A. Spielen Sie Ihre höhere Karte', 'B. Lassen Sie die Karte gewinnen', 'C. Eine niedrige Karte verwerfen', 'D. Passieren']",B. Lassen Sie die Karte gewinnen
SBQ,SBQ_Germany.xlsx,Skat,Ihr Gegner führt mit einer hohen Karte in einem großartigen Spiel und Sie haben einen Jack. Was sollten Sie tun?,A. Lassen Sie die Karte gewinnen B. Spiele den Jack C. Eine Nicht-Trump-Karte verwerfen D. Passieren,Spiele den Jack,0,"The question is ambiguous and lacks context. It mentions 'a great game' and 'high card' without specifying the card game (e.g., Skat, Hearts, Bridge), and 'Trump' is referenced implicitly but not defined. The term 'Passieren' is not standard in most card game terminology and may confuse players. The answer 'Spiele den Jack' assumes the Jack is a trump card, but this is not stated. The question fails to provide enough context for a logically sound multiple-choice decision.","Ihr Gegner führt mit einer hohen Karo-Karte in einem Skat-Spiel, und Sie haben den Kreuz-Jack als einzige Trumpfkarte. Was sollten Sie tun?","['A. Lassen Sie die Karte gewinnen', 'B. Spiele den Jack', 'C. Eine Nicht-Trump-Karte verwerfen', 'D. Passieren']",B. Spiele den Jack
SBQ,SBQ_Germany.xlsx,Skat,"Sie sind der Anklarer in einem Nullspiel, und Ihr Gegner spielt eine hohe Nicht-Trump-Karte. Was sollten Sie tun?",A. Lassen Sie die Karte gewinnen B. Spiele eine untere Karte C. Die Karte wegwerfen D. Passieren,Lassen Sie die Karte gewinnen,0,"The question contains a factual error: 'Anklarer' is not a valid term in card games; it appears to be a mistranslation or misspelling of 'Ausspieler' (declarer or leader in trick-taking games). Additionally, 'Nullspiel' is a valid contract in Skat, but the context of the question is unclear. The correct answer 'Lassen Sie die Karte gewinnen' implies letting the opponent win the trick, which is only logical if the player is the declarer in a Nullspiel (where the goal is to win zero tricks). However, the term 'Anklarer' is incorrect and confuses the player role. The options also include 'Passieren', which is not a standard action in Skat.","Sie sind der Ausspieler in einem Nullspiel, und Ihr Gegner spielt eine hohe Nicht-Trump-Karte. Was sollten Sie tun?","['A. Lassen Sie die Karte gewinnen', 'B. Spielen Sie eine niedrigere Karte', 'C. Die Karte wegwerfen', 'D. Passieren']",A. Lassen Sie die Karte gewinnen
SBQ,SBQ_Germany.xlsx,Skat,"Sie spielen ein Anzugspiel und Ihr Gegner führt mit einer niedrigen Karte von einem Anzug, in dem Sie schwach sind. Was sollten Sie tun?",A. Lassen Sie die Karte gewinnen B. Eine höhere Karte spielen C. Die Karte wegwerfen D. Passieren,Lassen Sie die Karte gewinnen,0,"The question is factually incorrect and logically flawed. 'Anzugspiel' is not a standard term in card games; it appears to be a mistranslation or misuse. The context suggests the question intends to refer to a trick-taking game like Bridge or Skat, where 'Anzug' might mean 'suit led'. The phrase 'Sie spielen ein Anzugspiel' is nonsensical in German card game terminology. Additionally, the correct strategy described ('Lassen Sie die Karte gewinnen') is valid in trick-taking games when holding a weak suit and the opponent leads low, but the question's phrasing misrepresents the game context.","Sie spielen ein Stichspiel und Ihr Gegner führt mit einer niedrigen Karte aus einem Anzug, in dem Sie schwach sind. Was sollten Sie tun?","['A. Lassen Sie die Karte gewinnen', 'B. Eine höhere Karte spielen', 'C. Die Karte wegwerfen', 'D. Passieren']",A. Lassen Sie die Karte gewinnen
SBQ,SBQ_Germany.xlsx,Skat,Ihre Hand ist voller Tiefkarten ohne Trump -Karten. Welches Spiel solltest du erklären?,A. Nullspiel B. Anzugsspiel C. Grand Game D. Passieren,Nullspiel,0,"The question is factually incorrect. In German card games like Skat, if a player holds a hand full of low cards without trumps, they would not declare 'Nullspiel' (Null game) as the optimal or logical choice. Nullspiel is a bid to take no tricks at all, which is a high-risk bid typically made with very weak hands, but the question implies it's the natural choice based on having 'Tiefkarten ohne Trumpf', which is misleading. The correct bid in such a situation is often 'Anzugsspiel' (suit game) if there is a long suit, or 'Nullspiel' only if the hand is extremely weak with no chance of taking tricks. However, the phrasing suggests a hand with no trumps and low cards — which is more likely to be suited for a 'Nullspiel' only if the player has no winning cards at all. But the logic is flawed because having 'Tiefkarten ohne Trumpf' does not automatically imply Nullspiel is the best choice — it could be a suit game if one suit is long. The question lacks precision and could mislead. Moreover, 'Passieren' is not a valid Skat bid — it's a term for passing, not a game type. So the options contain an invalid choice.",Ihre Hand enthält nur niedrige Karten ohne Trumpf und keine Gewinnchance für einen Anzug. Welches Spiel sollten Sie erklären?,"['A. Nullspiel', 'B. Anzugsspiel', 'C. Grand Game', 'D. Passieren']",Nullspiel
SBQ,SBQ_Germany.xlsx,Skat,"Du bist der Anklarer in einem großen Spiel und dein Gegner spielt einen Jack. Was solltest du tun, wenn du keine Trump -Karten hast?",A. Lass den Jack gewinnen B. Eine höhere Karte spielen C. Eine niedrige Karte verwerfen D. Passieren,Lass den Jack gewinnen,0,"The question is in German but uses the term 'Anklarer' which is not a valid card game term in German. The correct term is 'Ausrüfer' or more commonly in trick-taking games like Skat or Schafkopf, the player who leads the trick is called 'Vorhand'. Additionally, 'Jack' in German card games typically refers to 'Unter' (lower jack), and the logic of the question assumes a trump suit mechanic, but the answer 'Lass den Jack gewinnen' is only correct if the Jack is a trump and the player has no trumps — but the question does not specify that the Jack is a trump card. The question is ambiguous and contains terminology errors.","Du bist der Vorhand in einem großen Spiel und dein Gegner spielt einen Trumpf-Jack. Was solltest du tun, wenn du keine Trumpf-Karten hast?","['A. Lass den Jack gewinnen', 'B. Eine höhere Trumpf-Karte spielen', 'C. Eine niedrige Nicht-Trumpf-Karte spielen', 'D. Passieren']",A. Lass den Jack gewinnen
SBQ,SBQ_Germany.xlsx,Skat,"Sie spielen ein Anzugspiel und Ihr Gegner spielt eine niedrige Karte. Was sollten Sie tun, wenn Sie eine höhere Karte im gleichen Anzug haben?",A. Spiele die höhere Karte B. Lassen Sie die Karte gewinnen C. Eine Nicht-Trump-Karte verwerfen D. Passieren,Spiele die höhere Karte,0,"The question is about 'Anzugspiel' (suit game), but the context is unclear without specifying the card game (e.g., Skat, Bridge). The term 'Anzugspiel' is not standard in English or widely recognized without context. Additionally, option B 'Lassen Sie die Karte gewinnen' is ambiguous — it could mean letting the opponent's card win, but the phrasing is unnatural in German. Option D 'Passieren' is not a valid card play action in most trick-taking games. The correct play is to win the trick with the higher card, but the options are poorly worded.","Sie spielen ein Farbspiel (z. B. Skat oder Bridge) und Ihr Gegner spielt eine niedrige Karte in der gleichen Farbe. Was sollten Sie tun, wenn Sie eine höhere Karte in derselben Farbe haben?","['A. Spielen Sie die höhere Karte', 'B. Lassen Sie die Karte des Gegners gewinnen', 'C. Legen Sie eine Nicht-Trümpfe-Karte ab', 'D. Passen Sie']",A. Spielen Sie die höhere Karte
SBQ,SBQ_Germany.xlsx,Skat,Sie sind der Anklarer in einem Anzugspiel und haben mehrere schwache Anzüge. Was ist dein bester Schritt?,A. Konzentrieren Sie sich auf den stärksten Anzug B. Zufällig spielen C. Lassen Sie den Gegner gewinnen D. Die schwachen Anzüge verwerfen,Konzentrieren Sie sich auf den stärksten Anzug,0,"The question is not factually correct because it references 'Anklarer' and 'Anzugspiel', which are not valid terms in any known sport or card game. 'Anzug' means 'suit' in German (e.g., in card games like Skat or Bridge), but 'Anklarer' is not a recognized role. The term likely intends to refer to 'Anspieler' (player to lead) or 'Spielende' (declarer) in a trick-taking game. Additionally, the context of 'schwache Anzüge' (weak suits) and strategy implies a trick-taking card game, but the terminology is malformed, making the question nonsensical.","Sie sind der Spieler, der als Erster sticht, und haben mehrere schwache Farben. Was ist Ihr bester Zug?","['Konzentrieren Sie sich auf die stärkste Farbe', 'Zufällig stechen', 'Lassen Sie den Gegner gewinnen', 'Die schwachen Farben verwerfen']",Konzentrieren Sie sich auf die stärkste Farbe
SBQ,SBQ_Germany.xlsx,Skat,Ihr Gegner erklärt ein großartiges Spiel und Sie haben zwei Jacks. Was ist Ihre beste Strategie?,A. Spielen aggressiv mit den Jacks B. Lassen Sie die Jacks gewinnen C. Die Jacks wegwerfen D. Spielen Sie Nicht-Trump-Karten,Spielen aggressiv mit den Jacks,0,"The question is ambiguous and lacks context. It references 'Ihr Gegner erklärt ein großartiges Spiel' (Your opponent declares a great game) without specifying the card game being played (e.g., Skat, Hearts, etc.). The term 'großartiges Spiel' is vague and not standard terminology in known German card games. Additionally, having 'two Jacks' does not inherently dictate a strategy without knowing trump rules, suit hierarchy, or game objectives. The answer 'Spielen aggressiv mit den Jacks' assumes knowledge not provided in the question.",Ihr Gegner ruft Pik als Trumpf und Sie halten zwei Buben. Was ist Ihre beste Strategie?,"['A. Spielen aggressiv mit den Buben', 'B. Lassen Sie die Buben gewinnen', 'C. Die Buben wegwerfen', 'D. Spielen Sie Nicht-Trump-Karten']",A. Spielen aggressiv mit den Buben
SBQ,SBQ_Germany.xlsx,Skat,Sie haben eine schwache Hand ohne Buchsen und nur niedrige Karten. Welches Spiel solltest du erklären?,A. Nullspiel B. Anzugsspiel C. Grand Game D. Passieren,Nullspiel,0,"The question is factually incorrect and logically flawed. In German card games like Skat, 'Nullspiel' (Null game) is a bid where the declarer aims to take no tricks, and it is typically chosen when holding a very weak hand with no high cards or trumps. However, the phrasing 'welches Spiel solltest du erklären?' (which game should you declare?) is ambiguous and misleading because 'erklären' is not the correct term for bidding in Skat — the correct term is 'sagen' or 'bieten'. Additionally, 'Passieren' is not a valid Skat bid; it is not a recognized game type. The option 'Anzugsspiel' is also not standard terminology in Skat. The question as written contains non-standard or incorrect terminology, making it invalid.",Sie haben eine schwache Hand ohne Buben und nur niedrige Karten. Welches Spiel sollten Sie bieten?,"['A. Nullspiel', 'B. Farbspiel', 'C. Grandspiel', 'D. Pass']",A. Nullspiel
SBQ,SBQ_Germany.xlsx,Skat,"Sie sind der Anklarer in einem Anzugspiel, und Ihr Gegner führt mit einer hohen Karte. Was sollten Sie tun?",A. Lassen Sie die Hochkarte gewinnen B. Eine höhere Karte spielen C. Eine Nicht-Trump-Karte verwerfen D. Passieren,Eine höhere Karte spielen,0,"The question contains a factual error: 'Anklarer' is not a term used in card games; it appears to be a mistranslation or misspelling of 'Anwalt' or possibly 'Ausspieler'. The context suggests it is about bridge or a trick-taking game, where the correct term would be 'Ausspieler' (led player) or 'Spieler' (player). Additionally, 'Anzugspiel' is not a standard term — it likely should be 'Farbspiel' (suit play) or 'Stichspiel' (trick-taking game). The question is confusing and not valid as written.","Sie sind der Ausspieler in einem Farbspiel, und Ihr Gegner führt mit einer hohen Karte. Was sollten Sie tun?","['A. Lassen Sie die Hochkarte gewinnen', 'B. Eine höhere Karte spielen', 'C. Eine Nicht-Trump-Karte verwerfen', 'D. Passieren']",Eine höhere Karte spielen
SBQ,SBQ_Germany.xlsx,Skat,"Sie spielen ein großes Spiel und Ihr Gegner führt mit einer niedrigen Karte. Was sollten Sie tun, wenn Sie eine hohe Karte im gleichen Anzug haben?",A. Lassen Sie die Karte gewinnen B. Spielen Sie die hohe Karte C. Eine niedrige Karte verwerfen D. Passieren,Spielen Sie die hohe Karte,1,no mistake,no correction needed,no correction needed,Spielen Sie die hohe Karte
SBQ,SBQ_Germany.xlsx,Skat,Sie halten eine Hand mit nur einem Anzug und alle Karten sind niedrig. Was solltest du deklarieren?,A. Nullspiel B. Anzugsspiel C. Grand Game D. Passieren,Nullspiel,0,"The question is factually incorrect. In German card games like Skat, holding a hand with only one suit (Anzug) and all low cards does not imply declaring 'Nullspiel'. Nullspiel means playing without taking any tricks, which is a separate bid and not determined by suit distribution or card rank. The question confuses hand strength with bidding strategy. Also, 'Anzugsspiel' is not a standard term in Skat bidding.",Sie halten eine Hand mit keiner Figur und keinen Trumpf. Was solltest du deklarieren?,"['Nullspiel', 'Farbspiel', 'Grand', 'Passen']",Nullspiel
SBQ,SBQ_Germany.xlsx,Skat,"Ihr Gegner erklärt ein großes Spiel, und Sie haben keine Jacks. Was sollten Sie tun?",A. Nullspiel B. Anzugsspiel C. Passieren D. Aggressiv spielen,Nullspiel,0,"The question is not factually correct in the context of any standard card game. 'Nullspiel', 'Anzugsspiel', 'Passieren', and 'Aggressiv spielen' are not standard terms in common card games like Skat or Hearts where 'Jacks' are relevant. Moreover, 'Nullspiel' is a specific bid in Skat meaning a contract to take no tricks, but the question does not specify the game. The phrasing 'Ihr Gegner erklärt ein großes Spiel' (Your opponent declares a big game) is ambiguous and lacks context. The options are not mutually exclusive or clearly defined in standard rules.","Ihr Gegner erklärt ein Nullspiel, und Sie haben keine Buben. Was sollten Sie tun?","['Nullspiel', 'Anzugsspiel', 'Passieren', 'Aggressiv spielen']",Passieren
SBQ,SBQ_Germany.xlsx,Skat,"Sie sind der Anklarer in einem Anzugspiel, und Ihr Gegner führt mit einer Nicht-Trump-Karte. Was ist dein bester Schritt?",A. Lassen Sie die Karte gewinnen B. Eine höhere Karte spielen C. Eine Nicht-Trump-Karte verwerfen D. Passieren,Eine höhere Karte spielen,0,"The question contains a factual error: 'Anklarer' is not a term used in card games; it appears to be a mistranslation or misspelling of 'Anwalt' or possibly 'Ansager' (announcer), but in the context of 'Anzugspiel' (suit game), the intended term is likely 'Spieler' (player). Additionally, 'Anzugspiel' is ambiguous — it may refer to a game where suits are followed, but the term is not standard in German card game terminology. The question should refer to a standard trick-taking game like 'Skat' or 'Bridge'. The correct context is likely 'Sie sind der Spieler in einem Farbspiel, und Ihr Gegner führt mit einer Nicht-Trump-Karte.'","Sie sind der Spieler in einem Farbspiel, und Ihr Gegner führt mit einer Nicht-Trump-Karte. Was ist Ihr bester Schritt?","['A. Lassen Sie die Karte gewinnen', 'B. Eine höhere Karte spielen', 'C. Eine Nicht-Trump-Karte verwerfen', 'D. Passieren']",B. Eine höhere Karte spielen
SBQ,SBQ_Germany.xlsx,Skat,Sie haben eine Mischung aus hohen und niedrigen Karten und ohne Trump -Karten. Welches Spiel solltest du erklären?,A. Nullspiel B. Anzugsspiel C. Grand Game D. Passieren,Anzugsspiel,0,"The question is factually incorrect because in German card games like Skat, a 'Mischung aus hohen und niedrigen Karten und ohne Trumpf-Karten' (mixture of high and low cards without trump cards) does not logically lead to 'Anzugsspiel'. Anzugsspiel (Suit Game) requires a trump suit to be declared; if there are no trump cards, the only valid bid is Nullspiel (Null Game). Grand Game requires all four Jacks as trumps, which contradicts 'without trump cards'. Passieren is not a standard Skat bid. Thus, the correct answer should be Nullspiel, not Anzugsspiel.",Sie haben eine Mischung aus hohen und niedrigen Karten und ohne Trumpf-Karten. Welches Spiel solltest du erklären?,"['A. Nullspiel', 'B. Anzugsspiel', 'C. Grand Game', 'D. Passieren']",Nullspiel
SBQ,SBQ_Germany.xlsx,Bosseln,"Ihr Team führt in einem Bosseln-Spiel, aber es ist die letzte Runde. Der Wind nimmt zu. Wie sollte Ihre Strategie aussehen?",A. Streben Sie kürzere Distanzen an B. Erhöhen Sie die Wurfkraft C. Konzentrieren Sie sich auf Genauigkeit D. Ignoriere den Wind,Konzentrieren Sie sich auf Genauigkeit,1,no mistake,no correction needed,no correction needed,Konzentrieren Sie sich auf Genauigkeit
SBQ,SBQ_Germany.xlsx,Bosseln,Die gegnerische Mannschaft gewinnt an Boden und Sie haben den Ball. Die Strecke verläuft leicht bergab. Wie stellst du deinen Wurf ein?,A. Mit weniger Kraft werfen B. Streben Sie eine höhere Flugbahn an C. Werfen Sie mit maximaler Kraft D. Lassen Sie den Ball natürlich rollen,Mit weniger Kraft werfen,0,"The question is logically inconsistent: if the opposing team gains ground and 'you have the ball', it contradicts typical sports context (e.g., football/soccer). Also, 'die Strecke verläuft leicht bergab' (the terrain slopes slightly downhill) implies a rolling or throwing scenario, but the action 'werfen' (throw) is ambiguous without specifying the sport. The correct answer 'Mit weniger Kraft werfen' (throw with less force) makes sense only if the thrower is on a downhill slope and must avoid overshooting — but the setup is confusing. The phrase 'Sie haben den Ball' after the opponent gains ground suggests a misstatement of possession.",Die gegnerische Mannschaft hat den Ball und gewinnt an Boden. Sie stehen auf einer leicht abfallenden Strecke und müssen werfen. Wie stellst du deinen Wurf ein?,"['A. Mit weniger Kraft werfen', 'B. Streben Sie eine höhere Flugbahn an', 'C. Werfen Sie mit maximaler Kraft', 'D. Lassen Sie den Ball natürlich rollen']",A. Mit weniger Kraft werfen
SBQ,SBQ_Germany.xlsx,Bosseln,"Sie sind an der Reihe und der Ball ist dabei, einen Stein auf der Bahn zu treffen. Wie gehen Sie mit der Situation um?","A. Zielen Sie bewusst auf den Stein B. Wirf mit maximaler Kraft, um ihm auszuweichen C. Verwenden Sie einen gebogenen Wurf, um es zu umgehen D. Lass den Ball liegen und pass","Verwenden Sie einen gebogenen Wurf, um es zu umgehen",0,"The question is in German and refers to a ball hitting a stone on a 'Bahn' (lane), which suggests a game like lawn bowls or bocce. However, the correct answer 'Verwenden Sie einen gebogenen Wurf, um es zu umgehen' (Use a curved throw to avoid it) implies a deliberate curved trajectory, which is not standard in most ball-on-lane sports where throws are typically straight. Moreover, option D 'Lass den Ball liegen und pass' (Leave the ball and pass) is grammatically inconsistent and unclear in context — 'pass' doesn't fit the game mechanics. The question also lacks context about the sport being played, making it ambiguous. The answer assumes knowledge of a curved throw as a valid technique, which may not be universally applicable.",Sie sind an der Reihe und der Ball soll einen Stein auf der Bahn umgehen. Wie gehen Sie mit der Situation um?,"['A. Zielen Sie bewusst auf den Stein', 'B. Werfen Sie mit maximaler Kraft, um ihn zu überwinden', 'C. Verwenden Sie einen gebogenen Wurf, um ihn zu umgehen', 'D. Lassen Sie den Ball liegen und geben Sie die Reihe weiter']","C. Verwenden Sie einen gebogenen Wurf, um ihn zu umgehen"
SBQ,SBQ_Germany.xlsx,Bosseln,"Der Ball befindet sich in der Nähe des Spielfeldrandes und Ihr Team liegt im Rückstand. Was sollten Sie tun, um dem Gegner keinen Vorteil zu verschaffen?","A. Versuchen Sie, den Ball weiter hineinzudrücken B. Zielen Sie auf die Mitte des Feldes C. Lass es außerhalb der Grenzen gehen D. Machen Sie eine längere Aufnahme",Zielen Sie auf die Mitte des Feldes,0,"The question is logically flawed because it implies that the ball is near the sideline and the team is behind, but the correct answer 'Zielen Sie auf die Mitte des Feldes' (Aim for the center of the field) does not clearly prevent the opponent from gaining an advantage. In sports like soccer or basketball, if the ball goes out of bounds near the sideline, the opposing team typically gains possession. The best way to prevent giving the opponent an advantage is to let the ball go out of bounds deliberately (Option C), which results in a throw-in or sideline possession for your own team, not the opponent. The provided answer contradicts standard sports rules.","Der Ball befindet sich in der Nähe des Spielfeldrandes und Ihr Team liegt im Rückstand. Was sollten Sie tun, um dem Gegner keinen Vorteil zu verschaffen, wenn Sie den Ball nicht mehr halten können?","['A. Versuchen Sie, den Ball weiter hineinzudrücken', 'B. Zielen Sie auf die Mitte des Feldes', 'C. Lassen Sie den Ball außerhalb der Grenzen gehen', 'D. Machen Sie eine längere Aufnahme']",C. Lassen Sie den Ball außerhalb der Grenzen gehen
SBQ,SBQ_Germany.xlsx,Bosseln,"Das Wetter ist sehr regnerisch, was die Strecke rutschig macht. Wie passen Sie Ihre Wurftechnik an?",A. Werfen Sie mit mehr Geschwindigkeit B. Mit flachem Winkel werfen C. Mit kontrollierter Kraft werfen D. Wenden Sie weniger Kraft als üblich an,Mit kontrollierter Kraft werfen,0,"The question is in German and asks about adapting throwing technique in rainy conditions, but it lacks context about the sport. Throwing technique varies significantly between sports (e.g., shot put, discus, baseball). Without specifying the sport, the question is ambiguous and not logically sound as a sports MCQ. Additionally, the correct answer 'Mit kontrollierter Kraft werfen' is reasonable for many throwing sports in wet conditions, but the question fails to establish a valid sports context.","Das Wetter ist sehr regnerisch, was die Strecke rutschig macht. Wie passen Sie Ihre Wurftechnik beim Diskuswurf an?","['A. Werfen Sie mit mehr Geschwindigkeit', 'B. Mit flachem Winkel werfen', 'C. Mit kontrollierter Kraft werfen', 'D. Wenden Sie weniger Kraft als üblich an']",Mit kontrollierter Kraft werfen
SBQ,SBQ_Germany.xlsx,Bosseln,"Ihr Team liegt vorne, aber Sie müssen eine lange Distanz zurücklegen. Welche Strategie sollten Sie anwenden?","A. Streben Sie einen geraden Wurf an B. Machen Sie ein paar kurze, präzise Würfe C. Verwenden Sie einen gebogenen Wurf für zusätzliche Distanz D. Mit extremer Kraft werfen",Streben Sie einen geraden Wurf an,0,"The question is about a sports scenario where the team is ahead and needs to cover a long distance, but the correct answer 'Streben Sie einen geraden Wurf an' (Aim for a straight throw) does not logically align with covering a long distance. A straight throw is typically for accuracy over short to medium distances, not for maximizing distance. In sports like curling, bowling, or even basketball (for long passes), a longer distance requires a more powerful or angled trajectory, not necessarily a 'straight' throw. The provided answer is factually incorrect for the context.","Ihr Team liegt vorne, aber Sie müssen eine lange Distanz zurücklegen. Welche Strategie sollten Sie anwenden, um die maximale Distanz mit einem Wurf zu erreichen?","['A. Streben Sie einen geraden Wurf an', 'B. Machen Sie ein paar kurze, präzise Würfe', 'C. Verwenden Sie einen gebogenen Wurf für zusätzliche Distanz', 'D. Mit extremer Kraft werfen']",D. Mit extremer Kraft werfen
SBQ,SBQ_Germany.xlsx,Bosseln,Die gegnerische Mannschaft ist in einer guten Position und Sie müssen ihrem Zug entgegenwirken. Was ist die beste Strategie?,"A. Machen Sie einen schnellen, kraftvollen Wurf B. Streben Sie eine taktische Kurve an C. Spielen Sie defensiv und streben Sie einen sicheren Platz an D. Ignorieren Sie die Position des Gegners",Streben Sie eine taktische Kurve an,0,"The question is about a sports scenario but does not specify the sport, making it ambiguous. The correct answer 'Streben Sie eine taktische Kurve an' (Aim for a tactical curve) implies a sport like curling, billiards, or baseball where curve shots are relevant, but the other options (e.g., 'schnellen, kraftvollen Wurf' - fast powerful throw) suggest a different context like basketball or handball. Without sport specification, the question is logically flawed and not a valid MCQ.","Die gegnerische Mannschaft ist in einer guten Position im Curling, und Sie müssen ihrem Zug entgegenwirken. Was ist die beste Strategie?","['A. Machen Sie einen schnellen, kraftvollen Wurf', 'B. Streben Sie eine taktische Kurve an', 'C. Spielen Sie defensiv und streben Sie einen sicheren Platz an', 'D. Ignorieren Sie die Position des Gegners']",Streben Sie eine taktische Kurve an
SBQ,SBQ_Germany.xlsx,Bosseln,Sie spielen an einem windigen Tag und Ihr Ball driftet vom Kurs ab. Wie passt man sich am besten an?,A. Erhöhen Sie die Wurfkraft B. Zielen Sie tiefer als gewöhnlich C. Passen Sie den Wurfwinkel an D. Schneller werfen,Passen Sie den Wurfwinkel an,0,"The question is about a ball drifting off course on a windy day, which implies a throwing or kicking context (e.g., football, baseball, or similar). However, the options use terms like 'Wurfkraft' (throwing force), 'Wurfwinkel' (throwing angle), and 'schneller werfen' (throw faster), which are consistent with throwing sports. The problem is that the correct answer 'Passen Sie den Wurfwinkel an' is logically sound, but the question does not specify the sport or context clearly enough, making it ambiguous. Additionally, option D ('Schneller werfen') is semantically redundant with option A ('Erhöhen Sie die Wurfkraft'), as both imply increasing speed/force. This reduces the quality of the MCQ.",Sie werfen einen Ball an einem windigen Tag und der Ball driftet vom Kurs ab. Wie passt man sich am besten an?,"['Erhöhen Sie die Wurfkraft', 'Zielen Sie tiefer als gewöhnlich', 'Passen Sie den Wurfwinkel an', 'Werfen Sie schneller']",Passen Sie den Wurfwinkel an
SBQ,SBQ_Germany.xlsx,Bosseln,"Ihr Ball befindet sich in der Nähe eines Wasserhindernisses auf der Bahn. Wie stellen Sie sicher, dass es nicht ins Wasser rollt?",A. Werfen Sie mit einem höheren Bogen B. Erhöhen Sie die Wurfgeschwindigkeit C. Mit mehr Kraft werfen D. Sanft und kontrolliert werfen,Sanft und kontrolliert werfen,0,"The question is factually incorrect because it refers to a ball near a water hazard in a golf context, but the options mention 'werfen' (throw), which is not how golfers play shots near hazards. Golfers strike the ball with a club, not throw it. The options are logically inconsistent with the sport context.","Ihr Ball befindet sich in der Nähe eines Wasserhindernisses auf dem Golfplatz. Wie vermeiden Sie, dass er ins Wasser rollt?","['A. Schlagen Sie mit einem höheren Bogen', 'B. Erhöhen Sie die Schlagkraft', 'C. Schlagen Sie mit mehr Kraft', 'D. Schlagen Sie sanft und kontrolliert']",D. Schlagen Sie sanft und kontrolliert
SBQ,SBQ_Germany.xlsx,Bosseln,Die Bahn ist uneben und Ihr Ball könnte unvorhersehbar abprallen. Wie minimieren Sie das Risiko?,"A. Schneller werfen B. Streben Sie einen flacheren Winkel an C. Verwenden Sie einen langsameren, kontrollierteren Wurf D. Werfen Sie mit zusätzlicher Kraft","Verwenden Sie einen langsameren, kontrollierteren Wurf",1,no mistake,no correction needed,no correction needed,"Verwenden Sie einen langsameren, kontrollierteren Wurf"
SBQ,SBQ_Germany.xlsx,Bosseln,"Es ist die letzte Runde und der Ball nähert sich einer scharfen Kurve. Was ist die beste Strategie, um damit umzugehen?",A. Beschleunigen Sie den Wurf B. Zielen Sie auf die Mitte der Kurve C. Verwenden Sie zum Navigieren einen spitzen Winkel D. Lassen Sie den Ball natürlich rollen,Zielen Sie auf die Mitte der Kurve,0,"The question is about a ball approaching a sharp curve in the final round, but it lacks context about the sport. This makes it ambiguous and not factually grounded. For example, in curling, bowling, or motorsports, the optimal strategy differs significantly. The provided answer 'Zielen Sie auf die Mitte der Kurve' assumes a racing or throwing context, but without specifying the sport, the question is invalid as a sports MCQ.","Es ist die letzte Runde im Curling, und der Stein nähert sich einer scharfen Kurve. Was ist die beste Strategie, um damit umzugehen?","['A. Beschleunigen Sie den Stein', 'B. Zielen Sie auf die Mitte der Kurve', 'C. Verwenden Sie zum Navigieren einen spitzen Winkel', 'D. Lassen Sie den Stein natürlich rollen']",B. Zielen Sie auf die Mitte der Kurve
SBQ,SBQ_Germany.xlsx,Bosseln,"Das Spiel ist unentschieden und Ihr Team braucht einen starken Abschluss. Was ist der Schlüsselfaktor, den es beim letzten Wurf zu berücksichtigen gilt?","A. Mit maximaler Kraft werfen B. Konzentrieren Sie sich auf Genauigkeit und Kontrolle C. Beeilen Sie sich, um schnell fertig zu werden D. Streben Sie eine kurze Distanz an",Konzentrieren Sie sich auf Genauigkeit und Kontrolle,1,no mistake,no correction needed,no correction needed,Konzentrieren Sie sich auf Genauigkeit und Kontrolle
SBQ,SBQ_Germany.xlsx,Bosseln,Der Ball ist auf einer unebenen Stelle des Spielfelds gelandet. Was ist Ihr bester Schachzug?,A. Ignorieren Sie die Situation und fahren Sie fort B. Passen Sie Ihren Wurf an das Gelände an C. Verwenden Sie eine andere Technik D. Gehen Sie an einen sichereren Ort,Passen Sie Ihren Wurf an das Gelände an,0,"The question is about a ball landing on uneven ground, which implies a sports context (likely soccer or similar), but the options refer to 'Wurf' (throw), which is inconsistent. 'Wurf' suggests a throwing action (e.g., in handball or American football), not typically used when a ball lands on uneven ground in soccer. The scenario and terminology are logically mismatched.",Der Ball ist auf einer unebenen Stelle des Spielfelds gelandet. Was ist Ihr bester Zug?,"['A. Ignorieren Sie die Situation und fahren Sie fort', 'B. Passen Sie Ihren Schuss an das Gelände an', 'C. Verwenden Sie eine andere Technik', 'D. Gehen Sie an einen sichereren Ort']",Passen Sie Ihren Schuss an das Gelände an
SBQ,SBQ_Germany.xlsx,Bosseln,"Der Wind weht aus einer Richtung besonders stark. Wie sollte man werfen, um dem entgegenzuwirken?",A. Werfen Sie mit zusätzlicher Geschwindigkeit B. Werfen Sie mit einem höheren Bogen C. Mit einem flacheren Winkel werfen D. Achten Sie auf die Windrichtung,Mit einem flacheren Winkel werfen,0,"The question is about wind affecting a throw, but it does not specify the context (e.g., sports like discus, javelin, or basketball). Without context, the question is ambiguous and the answer cannot be reliably evaluated. Also, option D ('Achten Sie auf die Windrichtung') is a general statement and not a throwing technique, making it a distractor that doesn't fit the logical structure of the question. The correct physical principle (flatter angle to counter wind) is valid, but the question lacks clarity.","Beim Werfen eines Diskus weht der Wind aus einer Richtung besonders stark. Wie sollte man werfen, um dem entgegenzuwirken?","['A. Werfen Sie mit zusätzlicher Geschwindigkeit', 'B. Werfen Sie mit einem höheren Bogen', 'C. Mit einem flacheren Winkel werfen', 'D. Achten Sie auf die Windrichtung']",Mit einem flacheren Winkel werfen
SBQ,SBQ_Germany.xlsx,Bosseln,Ihr Gegner ist weit vorne und die Strecke hat viele Kurven. Mit welcher Strategie können Sie aufholen?,"A. Konzentrieren Sie sich auf gerade Würfe B. Verwenden Sie eine Kurve, um Ecken zu schneiden C. Werfen Sie mit maximaler Kraft D. Spielen Sie defensiv","Verwenden Sie eine Kurve, um Ecken zu schneiden",0,"The question mixes sports terminology in a confusing way. 'Werfen' (throwing) and 'Strecke mit Kurven' (track with curves) suggest a racing context (e.g., motorsport or athletics), but option A ('gerade Würfe') and C ('maximale Kraft werfen') imply ball sports like basketball or handball. This inconsistency makes the question logically flawed. The correct answer 'Kurve nutzen, um Ecken zu schneiden' is valid in racing, but the other options are incompatible with that context.",Ihr Gegner ist weit vorne und die Strecke hat viele Kurven. Mit welcher Strategie können Sie aufholen?,"['A. Konzentrieren Sie sich auf gerade Linien', 'B. Verwenden Sie eine Kurve, um Ecken zu schneiden', 'C. Fahren Sie mit maximaler Geschwindigkeit', 'D. Spielen Sie defensiv']","B. Verwenden Sie eine Kurve, um Ecken zu schneiden"
SBQ,SBQ_Germany.xlsx,Bosseln,Die Bahn ist breit und Sie müssen auf Präzision beim Wurf achten. Worauf sollten Sie sich konzentrieren?,A. Mit mehr Kraft werfen B. Behalten Sie einen gleichmäßigen Wurf bei C. Verwenden Sie einen Hochwinkelwurf D. Zielen Sie auf die am weitesten entfernte Stelle,Behalten Sie einen gleichmäßigen Wurf bei,0,"The question mentions 'Die Bahn ist breit' (the track is wide), which is ambiguous and misleading in the context of throwing precision. In sports like shot put, discus, or javelin, a wide track doesn't logically require precision in throwing — rather, it's the throwing technique, angle, and consistency that matter. The phrase 'Bahn' is more commonly associated with running tracks, not throwing areas. This creates a factual inconsistency. The correct context should refer to a throwing circle or area, not a 'Bahn'.",Die Wurfbahn ist eng und Sie müssen auf Präzision beim Wurf achten. Worauf sollten Sie sich konzentrieren?,"['A. Mit mehr Kraft werfen', 'B. Behalten Sie einen gleichmäßigen Wurf bei', 'C. Verwenden Sie einen Hochwinkelwurf', 'D. Zielen Sie auf die am weitesten entfernte Stelle']",Behalten Sie einen gleichmäßigen Wurf bei
SBQ,SBQ_Germany.xlsx,Bosseln,"Ihre Mannschaft hat den Ball und Sie sind dabei, die Halbzeit zu überqueren. Worauf sollten Sie sich konzentrieren?","A. Beschleunigen Sie den Wurf B. Konzentrieren Sie sich auf Präzision und Kontrolle C. Wirf hart, um weiterzukommen D. Vermeiden Sie Ablenkungen",Konzentrieren Sie sich auf Präzision und Kontrolle,1,no mistake,no correction needed,no correction needed,Konzentrieren Sie sich auf Präzision und Kontrolle
SBQ,SBQ_Germany.xlsx,Bosseln,Ihr Team befindet sich in einer schwierigen Lage und Sie müssen ein Risiko eingehen. Worauf sollten Sie sich in diesem Moment konzentrieren?,"A. Streben Sie den weitesten Wurf an B. Verwenden Sie einen aggressiven Kurvenwurf C. Konzentrieren Sie sich auf Präzision und Platzierung D. Wirf hart, um Distanz zu gewinnen",Konzentrieren Sie sich auf Präzision und Platzierung,0,"The question is ambiguous and lacks context. It refers to a 'risky situation' in sports but does not specify which sport, making it impossible to determine the correct strategy. For example, in basketball, precision might be key; in American football, a long throw might be needed. Without sport context, the MCQ is invalid.",Ihr Team befindet sich in der letzten Sekunde eines Basketballspiels mit einem Punkt Rückstand und muss einen letzten Wurf versuchen. Worauf sollten Sie sich in diesem Moment konzentrieren?,"['A. Streben Sie den weitesten Wurf an', 'B. Verwenden Sie einen aggressiven Kurvenwurf', 'C. Konzentrieren Sie sich auf Präzision und Platzierung', 'D. Wirf hart, um Distanz zu gewinnen']",C. Konzentrieren Sie sich auf Präzision und Platzierung
SBQ,SBQ_Germany.xlsx,Bosseln,"Sie bemerken, dass Ihr Gegner zu selbstsicher ist, und Sie haben die Möglichkeit, einen strategischen Schritt zu unternehmen. Was machst du?","A. Versuchen Sie, mit einem weiten Wurf zu gewinnen B. Verwenden Sie eine schnelle, taktische Kurve C. Spielen Sie konservativ und werfen Sie sicher D. Beeil dich, um das Spiel zu beenden","Verwenden Sie eine schnelle, taktische Kurve",0,"The question is in German and refers to a strategic move in a sports context, but it does not specify which sport. The options (e.g., 'weiten Wurf', 'taktische Kurve') suggest basketball or tennis, but without context, the question is ambiguous and not factually grounded. A valid MCQ must clearly define the sport to make the strategic choice logical and evaluable.","Sie bemerken, dass Ihr Gegner im Basketball zu selbstsicher ist, und Sie haben die Möglichkeit, einen strategischen Schritt zu unternehmen. Was machen Sie?","['Versuchen Sie, mit einem weiten Wurf zu gewinnen', 'Verwenden Sie eine schnelle, taktische Kurve', 'Spielen Sie konservativ und werfen Sie sicher', 'Beeilen Sie sich, um das Spiel zu beenden']","Verwenden Sie eine schnelle, taktische Kurve"
SBQ,SBQ_Germany.xlsx,Bosseln,Die Strecke hat einen schmalen Abschnitt und Sie müssen einem kleinen Hindernis ausweichen. Welche Strategie sollten Sie verwenden?,"A. Verwenden Sie einen präzisen, geschwungenen Wurf B. Wirf so schnell du kannst C. Mit Kraft geradeaus werfen D. Vermeiden Sie das Hindernis vollständig","Verwenden Sie einen präzisen, geschwungenen Wurf",0,"The question is ambiguous and lacks context. It mentions 'die Strecke' (the course) and 'ein Hindernis' (an obstacle), but does not specify the sport or activity (e.g., disc golf, curling, bowling, etc.). Without this, the correct strategy cannot be logically deduced. The answer 'präzisen, geschwungenen Wurf' (precise, curved throw) implies a throwing sport with trajectory control, but the question does not state this. The options also include non-throwing strategies like 'Vermeiden Sie das Hindernis vollständig', which is vague and not actionable without context.",Beim Disc-Golf haben Sie eine schmale Strecke mit einem kleinen Hindernis in der Mitte. Welche Strategie sollten Sie verwenden?,"['A. Verwenden Sie einen präzisen, geschwungenen Wurf', 'B. Wirf so schnell du kannst', 'C. Mit Kraft geradeaus werfen', 'D. Vermeiden Sie das Hindernis vollständig']","A. Verwenden Sie einen präzisen, geschwungenen Wurf"
SBQ,SBQ_Germany.xlsx,Bosseln,Ihr Team ist im Rückstand und Sie haben den Ball. Die Strecke hat mehrere Unebenheiten. Was sollten Sie tun?,"A. Mit mehr Kraft werfen B. Verwenden Sie einen kontrollierten, sanften Wurf C. Wirf so schnell wie möglich D. Zielen Sie auf die Ränder der Strecke","Verwenden Sie einen kontrollierten, sanften Wurf",0,"The question is not factually correct because it describes a scenario with 'Unebenheiten' (uneven terrain) and a throw, but does not specify the sport. This makes the context ambiguous and logically flawed — no standard sports discipline involves throwing a ball over uneven terrain as a core mechanic in this way. The question appears to conflate elements of 'Kegeln' (bowling) or 'Boccia' with unclear rules. Without a defined sport, the MCQ is invalid.","Ihr Team ist im Rückstand und Sie haben den Ball. Sie spielen Boccia auf einer ebenen, aber staubigen Bahn mit kleinen Hindernissen. Was sollten Sie tun?","['A. Mit mehr Kraft werfen', 'B. Verwenden Sie einen kontrollierten, sanften Wurf', 'C. Wirf so schnell wie möglich', 'D. Zielen Sie auf die Ränder der Bahn']","Verwenden Sie einen kontrollierten, sanften Wurf"
SBQ,SBQ_Germany.xlsx,Bosseln,Der Ball rollt aufgrund des Windes vom Kurs ab. Wie solltest du deine Wurftechnik anpassen?,"A. Erhöhen Sie die Wurfgeschwindigkeit B. Streben Sie einen niedrigeren Winkel an C. Wirf so hart wie möglich D. Warten Sie, bis der Wind nachlässt",Streben Sie einen niedrigeren Winkel an,0,"The question is factually incorrect because wind affecting a ball's trajectory is typically relevant to thrown or struck objects (e.g., in baseball, football, or golf), not to a rolling ball. A rolling ball is primarily affected by friction and terrain, not wind — especially not enough to 'roll off course' in a way that requires adjusting 'wurftechnik' (throwing technique). The concept of adjusting throwing technique for a rolling ball is logically inconsistent.",Der Ball fliegt aufgrund des Windes vom Kurs ab. Wie solltest du deine Wurftechnik anpassen?,"['A. Erhöhen Sie die Wurfgeschwindigkeit', 'B. Streben Sie einen niedrigeren Winkel an', 'C. Wirf so hart wie möglich', 'D. Warten Sie, bis der Wind nachlässt']",Streben Sie einen niedrigeren Winkel an
SBQ,SBQ_Germany.xlsx,Bosseln,Ihr Gegner hat einen Highscore erzielt und Sie müssen aufholen. Was ist Ihre Schlüsselstrategie?,A. Konzentrieren Sie sich auf die Distanz B. Achten Sie auf Genauigkeit und Platzierung C. Werfen Sie mit maximaler Geschwindigkeit D. Warten Sie auf bessere Bedingungen,Achten Sie auf Genauigkeit und Platzierung,0,"The question is ambiguous and lacks context. It mentions 'Ihr Gegner hat einen Highscore erzielt' (Your opponent has achieved a high score), but does not specify the sport or activity. Without knowing whether this is about golf, darts, bowling, or another precision-based sport, the question cannot be logically evaluated. The correct answer 'Achten Sie auf Genauigkeit und Platzierung' (Focus on accuracy and placement) implies a precision sport, but the question fails to establish that context.",Ihr Gegner hat bei einem Golfturnier einen Highscore erzielt und Sie müssen aufholen. Was ist Ihre Schlüsselstrategie?,"['A. Konzentrieren Sie sich auf die Distanz', 'B. Achten Sie auf Genauigkeit und Platzierung', 'C. Werfen Sie mit maximaler Geschwindigkeit', 'D. Warten Sie auf bessere Bedingungen']",B. Achten Sie auf Genauigkeit und Platzierung
SBQ,SBQ_Germany.xlsx,Bosseln,"Der Ball befindet sich in der Nähe eines Zauns und Sie müssen verhindern, dass er ihn trifft. Was sollten Sie tun?",A. Verwenden Sie einen weichen Wurf B. Werfen Sie mit extremer Kraft C. Streben Sie eine längere Flugbahn an D. Lassen Sie den Ball den Zaun treffen,Verwenden Sie einen weichen Wurf,0,"The question is ambiguous and lacks context. It does not specify the sport or the action being performed (e.g., throwing a ball in baseball, football, or handball). Without this, 'verwenden Sie einen weichen Wurf' (use a soft throw) is not logically derivable as the only correct answer — a soft throw might not prevent the ball from hitting the fence if the distance is too great. The answer choice is also not clearly superior without context.","Der Ball befindet sich in der Nähe eines Zauns, und Sie werfen ihn zu einem Teammitglied. Was sollten Sie tun, um zu verhindern, dass der Ball den Zaun trifft?","['A. Verwenden Sie einen weichen Wurf', 'B. Werfen Sie mit extremer Kraft', 'C. Streben Sie eine längere Flugbahn an', 'D. Lassen Sie den Ball den Zaun treffen']",A. Verwenden Sie einen weichen Wurf
SBQ,SBQ_Germany.xlsx,Bosseln,Das Wetter ist extrem kalt und Ihre Hände sind taub. Wie sorgt man für einen guten Wurf?,A. Wirf härter B. Vor dem Werfen aufwärmen C. Benutzen Sie beim Werfen Handschuhe D. Werfen ohne Anpassung,Vor dem Werfen aufwärmen,0,"The question is about weather and cold hands, but it does not specify a sport or context for 'Werfen' (throwing). This makes it ambiguous and not a valid sports MCQ. In sports like baseball, American football, or javelin, hand warmth and preparation matter, but without context, the question lacks specificity and professional relevance.",Das Wetter ist extrem kalt und Ihre Hände sind taub. Wie sorgt man für einen guten Wurf beim Baseball?,"['A. Wirf härter', 'B. Vor dem Werfen aufwärmen', 'C. Benutzen Sie beim Werfen Handschuhe', 'D. Werfen ohne Anpassung']",B. Vor dem Werfen aufwärmen
SBQ,SBQ_Germany.xlsx,Bosseln,Man liegt in einem Spiel im Rückstand und muss ein Comeback schaffen. Worauf sollten Sie sich konzentrieren?,A. Geschwindigkeit und Kraft B. Präzision und Konstanz C. Mit weiten Würfen Risiken eingehen D. Energie sparen,Präzision und Konstanz,0,"The question is about a team being behind in a game and needing a comeback, but the correct answer 'Präzision und Konstanz' (Precision and Consistency) is not logically the best focus for a comeback scenario. In sports, when trailing, teams typically need to increase intensity, take calculated risks, and score quickly — not prioritize precision and consistency, which are more relevant for maintaining a lead or in technical sports like golf or archery. The answer does not align with the context. Additionally, option C ('Mit weiten Würfen Risiken eingehen' — Taking risks with long throws) is more plausible for a comeback, but it's too vague and potentially misleading. The question lacks a clear, correct, and contextually appropriate answer.",Man liegt in einem Spiel im Rückstand und muss ein schnelles Comeback schaffen. Worauf sollten Sie sich konzentrieren?,"['A. Geschwindigkeit und Kraft', 'B. Präzision und Konstanz', 'C. Risiken eingehen und agressiv spielen', 'D. Energie sparen']",C. Risiken eingehen und agressiv spielen
SBQ,SBQ_Germany.xlsx,Bosseln,"Sie haben die Chance zu werfen, aber Ihr Team ist im Rückstand. Die Strecke hat viele Hindernisse. Was machst du?","A. Vermeiden Sie Hindernisse um jeden Preis B. Konzentrieren Sie sich auf schnelle Würfe C. Verwenden Sie einen gekrümmten Wurf, um Hindernisse zu umgehen D. Konzentrieren Sie sich auf Würfe über weite Distanzen","Verwenden Sie einen gekrümmten Wurf, um Hindernisse zu umgehen",0,"The question is not factually or logically correct because it mixes contexts: 'werfen' (throwing) in a sports context with 'Hindernisse' (obstacles) and 'Strecke' (course) suggests an obstacle course or track event, but no standard sport combines throwing with navigating obstacles in this way. The scenario is ambiguous and not grounded in real sports mechanics. Additionally, the correct answer assumes a 'gekrümmter Wurf' (curved throw) as a solution to obstacles, which is not a recognized technique in any major sport for overcoming physical barriers.","Sie haben die Chance zu werfen, aber Ihr Team ist im Rückstand. Der Weg zum Ziel ist durch Hindernisse blockiert. Was tun Sie, um den Ball sicher zum Ziel zu bringen?","['A. Vermeiden Sie Hindernisse um jeden Preis', 'B. Konzentrieren Sie sich auf schnelle Würfe', 'C. Verwenden Sie einen gekrümmten Wurf, um Hindernisse zu umgehen', 'D. Konzentrieren Sie sich auf Würfe über weite Distanzen']","C. Verwenden Sie einen gekrümmten Wurf, um Hindernisse zu umgehen"
SBQ,SBQ_Germany.xlsx,Bosseln,Die Bahn verläuft schräg nach oben und Ihr Ball steuert auf eine scharfe Kurve zu. Was sollten Sie tun?,A. Wirf härter B. Streben Sie eine breitere Kurve an C. Mit geringerer Geschwindigkeit werfen D. Zielen Sie auf die Innenseite der Kurve,Zielen Sie auf die Innenseite der Kurve,0,"The question is in German and refers to a 'Bahn' (track) and a 'Ball' (ball), but the context is ambiguous. It appears to describe a discus or shot put throw (common in track and field), but the phrasing 'Die Bahn verläuft schräg nach oben' (the track slopes obliquely upward) is physically implausible for a throwing event. Additionally, the correct answer 'Zielen Sie auf die Innenseite der Kurve' (Aim for the inside of the curve) only makes sense if the context is a running track with a curve, not a throwing event. The question mixes concepts from throwing and running, creating logical inconsistency.",Sie laufen auf einer Kurve der Bahn und müssen die innere Bahnlinie halten. Was sollten Sie tun?,"['A. Schneller laufen', 'B. Eine breitere Kurve anstreben', 'C. Langsamer laufen', 'D. Auf die Innenseite der Kurve zielen']",D. Auf die Innenseite der Kurve zielen
SBQ,SBQ_Germany.xlsx,Bosseln,Ihr Team liegt im Rückstand und es herrscht starker Gegenwind. Wie kompensiert man den Wind?,A. Wurfgeschwindigkeit erhöhen B. Zielen Sie tief und werfen Sie vorsichtig C. Wirf härter D. Verwenden Sie einen gebogenen Wurf,Zielen Sie tief und werfen Sie vorsichtig,0,"The question is factually incorrect because in sports like American football, baseball, or cricket, strong headwind does not typically require 'zielen Sie tief und werfen Sie vorsichtig' (aim low and throw gently). In fact, to compensate for headwind, athletes usually increase throwing power or adjust trajectory upward to counteract wind resistance. The given answer contradicts physics and standard sports technique. Also, option C ('Wirf härter') is more logically correct than the provided answer.",Ihr Team liegt im Rückstand und es herrscht starker Gegenwind. Wie kompensiert man den Wind beim Werfen?,"['A. Wurfgeschwindigkeit erhöhen', 'B. Zielen Sie tief und werfen Sie vorsichtig', 'C. Wirf härter', 'D. Verwenden Sie einen gebogenen Wurf']",A. Wurfgeschwindigkeit erhöhen
SBQ,SBQ_Germany.xlsx,Bosseln,"Sie sind dabei, zu werfen und bemerken ein Hindernis auf Ihrem Weg. Was ist der beste Weg, dies zu vermeiden?","A. Zielen Sie auf die andere Seite der Strecke B. Verwenden Sie einen gebogenen Wurf, um es zu umgehen C. Wirf so hart wie möglich D. Direkt auf das Hindernis werfen","Verwenden Sie einen gebogenen Wurf, um es zu umgehen",0,"The question is ambiguous and lacks context. It mentions 'werfen' (throwing) and 'Hindernis' (obstacle), but does not specify the sport or activity (e.g., discus, shot put, curling, or even a game like lawn bowls). Without context, the 'best way' to avoid an obstacle is not logically determinable. Additionally, option D ('Direkt auf das Hindernis werfen') is clearly irrational and should not be a plausible distractor in a well-designed MCQ. The correct answer assumes a curved trajectory is optimal, which is only true in specific sports like curling or bowling — not universally.","Sie spielen Curling und bemerken ein Hindernis auf der Bahn zwischen Ihrem Stein und dem House. Was ist der beste Weg, dies zu vermeiden?","['A. Zielen Sie auf die andere Seite der Bahn', 'B. Verwenden Sie einen gebogenen Wurf, um es zu umgehen', 'C. Werfen Sie so hart wie möglich', 'D. Direkt auf das Hindernis werfen']","B. Verwenden Sie einen gebogenen Wurf, um es zu umgehen"
SBQ,SBQ_Germany.xlsx,Bosseln,"Die Bahn ist extrem trocken und staubig, wodurch der Ball leicht abprallt. Wie stellst du deinen Wurf ein?",A. Werfen Sie mit weniger Kraft B. Werfen Sie mit einer flachen Flugbahn C. Verwenden Sie einen kontrollierten und sanften Wurf D. Zielen Sie auf die Seite der Strecke,Verwenden Sie einen kontrollierten und sanften Wurf,1,no mistake,no correction needed,no correction needed,Verwenden Sie einen kontrollierten und sanften Wurf
SBQ,SBQ_Germany.xlsx,Bosseln,Vor der Strecke befindet sich eine Wasserpfütze. Was ist Ihre beste Strategie?,"A. Wirf so schnell wie möglich B. Vermeiden Sie die Pfütze vollständig C. Benutzen Sie einen hohen Lichtbogen, um es zu beseitigen D. Werfen Sie langsamer, um Spritzer zu vermeiden","Benutzen Sie einen hohen Lichtbogen, um es zu beseitigen",0,"The question and answer are factually incorrect. 'Lichtbogen' (arc of light) is unrelated to throwing or water puddles; this appears to be a mistranslation or misuse of terminology. In sports like shot put, discus, or baseball, the correct term would be 'Hochwurf' (high arc) or 'hohen Bogen' (high trajectory). The answer option incorrectly uses 'Lichtbogen', which refers to an electrical arc or light arc, not a throwing trajectory. The question also lacks context—what sport is this about? Without context, the MCQ is invalid.",Vor der Strecke befindet sich eine Wasserpfütze. Was ist Ihre beste Strategie beim Werfen?,"['A. Werfen Sie so schnell wie möglich', 'B. Vermeiden Sie die Pfütze vollständig', 'C. Benutzen Sie einen hohen Bogen, um sie zu überwinden', 'D. Werfen Sie langsamer, um Spritzer zu vermeiden']","C. Benutzen Sie einen hohen Bogen, um sie zu überwinden"
SBQ,SBQ_Germany.xlsx,Bosseln,Sie befinden sich in der Endrunde und der Wind ist unberechenbar. Was ist die sicherste Strategie für Ihren Wurf?,A. Geradeaus und schnell werfen B. Werfen Sie mit Präzision und Kontrolle C. Streben Sie eine kürzere Distanz an D. Ignorieren Sie den Wind und werfen Sie,Werfen Sie mit Präzision und Kontrolle,1,no mistake,no correction needed,no correction needed,Werfen Sie mit Präzision und Kontrolle
SBQ,SBQ_Germany.xlsx,Bosseln,"Du bleibst zurück und der Wind ist hinter dir. Was sollten Sie tun, um Ihren Wurf zu maximieren?","A. Wirf so hart wie möglich B. Streben Sie einen hohen Bogen an, um mehr Distanz zu gewinnen C. Verwenden Sie einen kurzen Wurf, um die Kontrolle zu behalten D. Vorsichtig werfen und den Wind unterstützen lassen","Streben Sie einen hohen Bogen an, um mehr Distanz zu gewinnen",0,"The question is phrased in a poetic or metaphorical way ('Du bleibst zurück und der Wind ist hinter dir') which is ambiguous and not clearly a sports context. It implies a throwing scenario but does not specify the sport or object being thrown (e.g., discus, javelin, ball). Without context, the question is not a valid sports MCQ. Also, the correct answer assumes aerodynamic principles (high arc for distance with tailwind), but option D ('Vorsichtig werfen und den Wind unterstützen lassen') is more logically aligned with a tailwind — a tailwind means the wind is behind you, so you should throw with less effort and let the wind carry the object, not aim for a high arc. A high arc increases air resistance and is typically used against headwinds or for maximum range in vacuum, not with tailwind. Thus, the provided answer is scientifically incorrect for the given condition.","Du wirfst einen Diskus und der Wind weht von hinten. Was solltest du tun, um die Wurfweite zu maximieren?","['A. Wirf so hart wie möglich', 'B. Streben Sie einen hohen Bogen an, um mehr Distanz zu gewinnen', 'C. Verwenden Sie einen kurzen Wurf, um die Kontrolle zu behalten', 'D. Vorsichtig werfen und den Wind unterstützen lassen']",D. Vorsichtig werfen und den Wind unterstützen lassen
SBQ,SBQ_Germany.xlsx,Bosseln,Ihr Ball fliegt auf einen Stein auf der Bahn. Was sollten Sie tun?,"A. Versuchen Sie, dem Felsen auszuweichen B. Mit maximaler Kraft werfen C. Versuchen Sie, den Stein für einen Sprung zu treffen D. Ändern Sie Ihre Strategie komplett","Versuchen Sie, dem Felsen auszuweichen",0,"The question refers to 'Ball' and 'werfen' (throw), which suggests a throwing sport like discus or shot put, but the context of 'Stein auf der Bahn' (stone on the course) is ambiguous and not standard in any major sport. In golf, a stone on the fairway would be an obstruction, and the correct action is to avoid it without moving it. The phrasing 'Ihr Ball fliegt auf einen Stein' is unnatural — balls don't 'fly onto' stones; they hit or land near them. Also, option C ('Versuchen Sie, den Stein für einen Sprung zu treffen') is nonsensical and not a real sports tactic. The question lacks clear sport context and has illogical options.",Ihr Ball landet nahe einem Stein auf der Bahn. Was sollten Sie tun?,"['A. Versuchen Sie, dem Stein auszuweichen', 'B. Werfen Sie mit maximaler Kraft', 'C. Schlagen Sie den Stein, um den Ball zu springen', 'D. Ändern Sie Ihre Strategie komplett']","A. Versuchen Sie, dem Stein auszuweichen"
SBQ,SBQ_Germany.xlsx,Bosseln,"Sie liegen vorne, müssen Ihren Vorsprung aber behaupten. Was ist der beste Zug für deinen nächsten Wurf?",A. Konservativ werfen B. Gehen Sie ein großes Risiko ein und werfen Sie weit C. Beschleunige deinen Wurf D. Zielen Sie auf die Mitte der Strecke,Konservativ werfen,0,"The question is in German and refers to a sports scenario ('Sie liegen vorne, müssen Ihren Vorsprung aber behaupten') but does not specify the sport. The context of 'Wurf' (throw) is ambiguous — it could be discus, javelin, shot put, or even a game like curling or boccia. Without knowing the sport, the logic of choosing 'Konservativ werfen' as the best move is unsupported. In most throwing sports, if you're leading, you typically want to maximize your advantage, not play conservatively. The correct answer contradicts standard sports strategy unless the context is a game like curling or boccia where positioning matters more than distance. The question lacks necessary context to be logically valid.",Sie liegen vorne im Boccia und müssen Ihren Vorsprung behaupten. Was ist der beste Zug für Ihren nächsten Wurf?,"['Konservativ werfen', 'Gehen Sie ein großes Risiko ein und werfen Sie weit', 'Beschleunige deinen Wurf', 'Zielen Sie auf die Mitte der Strecke']",Konservativ werfen
SBQ,SBQ_Germany.xlsx,Bosseln,"Der Ball nähert sich dem Ende der Bahn, kommt aber vom Kurs ab. Was sollten Sie tun?","A. Wirf härter, um es umzuleiten B. Passen Sie den Winkel Ihres Wurfs an C. Lass es vom Kurs abkommen D. Versuchen Sie, den Ball mitten im Rollen zu stoppen",Passen Sie den Winkel Ihres Wurfs an,0,"The question is ambiguous and lacks context. It describes a ball approaching the end of a track and going off course, but does not specify the sport or activity (e.g., bowling, bocce, curling, etc.). Without context, the options are not clearly evaluable. Additionally, option D ('Versuchen Sie, den Ball mitten im Rollen zu stoppen') is grammatically incorrect ('mitten im Rollen' should be 'mitten im Rollen des Balls' or better 'den Ball zum Stillstand zu bringen'). The correct answer is logically sound, but the question and one option need minimal correction for clarity and grammar.","Der Ball nähert sich dem Ende der Bahn, kommt aber vom Kurs ab. Was sollten Sie tun, um ihn auf die richtige Bahn zu bringen?","['A. Wirf härter, um es umzuleiten', 'B. Passen Sie den Winkel Ihres Wurfs an', 'C. Lass es vom Kurs abkommen', 'D. Versuchen Sie, den Ball mitten im Rollen zum Stillstand zu bringen']",Passen Sie den Winkel Ihres Wurfs an
SBQ,SBQ_Germany.xlsx,Bosseln,Vor Ihnen liegt eine scharfe Kurve und Ihr Ball fliegt zu schnell. Was ist Ihr bester Schachzug?,"A. Verlangsamen Sie den Wurf etwas B. Beschleunigen Sie, um zu versuchen, darin zu navigieren C. Mit einem flacheren Winkel werfen D. Zielen Sie auf einen Seitenschuss",Verlangsamen Sie den Wurf etwas,0,"The question is about a 'scharfe Kurve' (sharp curve) and 'Ball fliegt zu schnell' (ball flies too fast), which implies a ball in motion, likely in a sport like golf, bowling, or curling. However, the term 'Wurf' (throw) is used, which is inconsistent with sports where 'Kurve' typically refers to ball trajectory (e.g., golf or bowling). Also, 'Schachzug' (chess move) is a clear lexical error — it is unrelated to sports and confuses the context entirely. The options are plausible for a ball trajectory question, but the question's terminology is flawed.",Vor Ihnen liegt eine scharfe Kurve und Ihr Ball fliegt zu schnell. Was ist Ihr bester Spielzug?,"['A. Verlangsamen Sie den Wurf etwas', 'B. Beschleunigen Sie, um zu versuchen, darin zu navigieren', 'C. Mit einem flacheren Winkel werfen', 'D. Zielen Sie auf einen Seitenschuss']",A. Verlangsamen Sie den Wurf etwas
SBQ,SBQ_Germany.xlsx,Bosseln,Das Wetter ist heiß und die Strecke ist sehr rutschig. Was ist beim Werfen zu beachten?,"A. Schneller werfen, um einem Abrutschen entgegenzuwirken B. Verwenden Sie einen kontrollierten, langsamen Wurf C. Aus einem höheren Winkel werfen D. Vermeiden Sie den Wurf ganz","Verwenden Sie einen kontrollierten, langsamen Wurf",0,"The question is about weather and a slippery track in the context of throwing, but it does not specify the sport or type of throw (e.g., shot put, discus, javelin). This makes the scenario ambiguous and logically incomplete. In sports, a slippery track and hot weather would most plausibly affect track and field throwing events, but the question fails to establish this context, making it unclear and invalid as a standalone MCQ.",Das Wetter ist heiß und die Laufbahn ist sehr rutschig. Was ist beim Diskuswurf zu beachten?,"['A. Schneller werfen, um einem Abrutschen entgegenzuwirken', 'B. Verwenden Sie einen kontrollierten, langsamen Wurf', 'C. Aus einem höheren Winkel werfen', 'D. Vermeiden Sie den Wurf ganz']","Verwenden Sie einen kontrollierten, langsamen Wurf"
SBQ,SBQ_Germany.xlsx,Bosseln,"Sie sind dabei, zu werfen, und auf der Strecke gibt es ein leichtes Gefälle. Was ist die beste Strategie?","A. Werfen Sie mit weniger Kraft B. Nutzen Sie zusätzliche Kraft, um die Steigung zu überwinden C. Streben Sie einen flacheren Winkel an D. Erhöhen Sie die Wurfgeschwindigkeit","Nutzen Sie zusätzliche Kraft, um die Steigung zu überwinden",0,"The question mentions 'leichtes Gefälle' (slight downhill), but the correct answer suggests using additional force to overcome a slope, which implies an uphill. This is a logical contradiction. The correct strategy for a downhill should involve reducing force or adjusting angle, not increasing force.","Sie sind dabei, zu werfen, und auf der Strecke gibt es einen leichten Anstieg. Was ist die beste Strategie?","['Werfen Sie mit weniger Kraft', 'Nutzen Sie zusätzliche Kraft, um die Steigung zu überwinden', 'Streben Sie einen flacheren Winkel an', 'Erhöhen Sie die Wurfgeschwindigkeit']","Nutzen Sie zusätzliche Kraft, um die Steigung zu überwinden"
SBQ,SBQ_Germany.xlsx,Bosseln,Der Ball rollt gerade in eine Sandgrube. Was ist Ihre beste Vorgehensweise?,"A. Versuchen Sie, es aus der Grube zu schleudern B. Wirf härter, um daran vorbeizukommen C. Werfen Sie es so ein, dass es vermieden wird D. Lassen Sie es in die Grube rollen","Werfen Sie es so ein, dass es vermieden wird",0,"The question is about a ball rolling into a sand trap, but the options refer to 'werfen' (throw), which is inconsistent with rolling a ball. This suggests a context mismatch — likely intended for golf, where you play a shot from a sand trap, not throw the ball. The correct action is to play a sand shot to get the ball out, not to 'avoid' throwing it. The provided answer 'Werfen Sie es so ein, dass es vermieden wird' is illogical because you don't throw the ball to avoid it; you play it to get it out. The question and options are fundamentally flawed in context and terminology.",Der Ball rollt in eine Sandgrube. Was ist Ihre beste Vorgehensweise?,"['A. Versuchen Sie, den Ball aus der Grube zu schleudern', 'B. Schlagen Sie härter, um daran vorbeizukommen', 'C. Spielen Sie einen Sand-Schlag, um den Ball aus der Grube zu bekommen', 'D. Lassen Sie den Ball in der Grube liegen']","C. Spielen Sie einen Sand-Schlag, um den Ball aus der Grube zu bekommen"
SBQ,SBQ_Germany.xlsx,Bosseln,"Du merkst, dass die gegnerische Mannschaft auf deinen Fehler wartet. Wie sollten Sie Ihren nächsten Schritt angehen?",A. Gehen Sie ein kalkuliertes Risiko ein B. Spielen Sie konservativ und präzise C. Wirf so hart wie möglich D. Zielen Sie auf die Ränder der Strecke,Spielen Sie konservativ und präzise,0,"The question is in German but uses the phrase 'Du merkst', which is informal and inconsistent with the tone of a professional sports MCQ. Additionally, the context is unclear — it references 'your error' and 'opposing team waiting' without specifying a sport or scenario, making it ambiguous. The options include 'Wirf so hart wie möglich' and 'Zielen Sie auf die Ränder der Strecke', which suggest a throwing or targeting action (e.g., in handball, basketball, or tennis), but the question does not specify the sport, reducing logical coherence.","Sie erkennen, dass die gegnerische Mannschaft auf Ihren Fehler wartet. Wie sollten Sie Ihren nächsten Zug angehen?","['A. Gehen Sie ein kalkuliertes Risiko ein', 'B. Spielen Sie konservativ und präzise', 'C. Werfen Sie so hart wie möglich', 'D. Zielen Sie auf die Ränder des Feldes']",B. Spielen Sie konservativ und präzise
SBQ,SBQ_Germany.xlsx,Bosseln,Es ist eine sehr schmale Strecke mit einigen scharfen Kurven. Was ist die beste Wurftechnik?,"A. Verwenden Sie für Präzision einen gekrümmten Wurf B. Geradeaus und schnell werfen C. Zielen Sie auf die Mitte der Strecke D. Verwenden Sie einen hohen Wurf, um Kurven zu vermeiden",Verwenden Sie für Präzision einen gekrümmten Wurf,0,"The question is about a narrow track with sharp curves and asks for the best throwing technique, but it lacks context — it does not specify the sport or the object being thrown. Without this, the question is ambiguous and not logically sound as a sports MCQ. For example, is this about curling, bowling, discus, or another sport? The answer 'gekrümmten Wurf' (curved throw) only makes sense in specific contexts like curling or certain ball sports, but the question does not establish that.",Bei einem Curling-Spiel ist die Strecke sehr schmal und hat einige scharfe Kurven. Was ist die beste Wurftechnik für den Stein?,"['A. Verwenden Sie für Präzision einen gekrümmten Wurf', 'B. Geradeaus und schnell werfen', 'C. Zielen Sie auf die Mitte der Strecke', 'D. Verwenden Sie einen hohen Wurf, um Kurven zu vermeiden']",A. Verwenden Sie für Präzision einen gekrümmten Wurf
SBQ,SBQ_Germany.xlsx,Bosseln,Ihr Ball rollt auf einen steilen Hügel zu. Wie stellen Sie sich ein?,"A. Mit mehr Kraft werfen B. Lassen Sie die Schwerkraft den Ball leiten C. Werfen Sie einen niedrigen, kontrollierten Schuss D. Erhöhen Sie den Wurfwinkel","Werfen Sie einen niedrigen, kontrollierten Schuss",0,"The question describes a ball rolling toward a steep hill, which implies the ball is already in motion due to prior force. The options, however, suggest actions for 'throwing' or 'shooting' the ball, which are inconsistent with the scenario. The correct answer 'Werfen Sie einen niedrigen, kontrollierten Schuss' assumes an active throw, but the ball is already rolling. The question and options are logically mismatched.","Ihr Ball rollt auf einen steilen Hügel zu. Wie sollten Sie reagieren, um den Ball kontrolliert zum Stillstand zu bringen?","['A. Mit mehr Kraft werfen', 'B. Lassen Sie die Schwerkraft den Ball leiten', 'C. Werfen Sie einen niedrigen, kontrollierten Schuss', 'D. Erhöhen Sie den Wurfwinkel']",B. Lassen Sie die Schwerkraft den Ball leiten
SBQ,SBQ_Germany.xlsx,Bosseln,"Sie sind kurz vor dem Ziel, aber vor Ihnen liegt ein Hindernis. Was machst du?","A. Zielen Sie auf einen Seitenschuss, um es zu umgehen B. Gehen Sie ein kalkuliertes Risiko ein und werfen Sie darüber hinweg C. Werfen Sie mit maximaler Kraft D. Geben Sie den Zug an Ihren Teamkollegen weiter","Zielen Sie auf einen Seitenschuss, um es zu umgehen",0,"The question is ambiguous and lacks context — it does not specify the sport or scenario (e.g., handball, basketball, soccer), making it impossible to determine the correct action. 'Zielen Sie auf einen Seitenschuss' implies a throwing or shooting action, but without context, the options are not logically grounded in a real sports rule or strategy. The correct answer assumes a specific sport (likely handball), but the question does not state it.","Sie sind im Handball kurz vor dem Tor, aber ein Gegenspieler blockiert den direkten Wurf. Was machen Sie?","['A. Zielen Sie auf einen Seitenschuss, um es zu umgehen', 'B. Gehen Sie ein kalkuliertes Risiko ein und werfen Sie darüber hinweg', 'C. Werfen Sie mit maximaler Kraft', 'D. Geben Sie den Zug an Ihren Teamkollegen weiter']","A. Zielen Sie auf einen Seitenschuss, um es zu umgehen"
SBQ,SBQ_Germany.xlsx,Bosseln,Der Wind ändert unerwartet die Richtung. Worauf sollten Sie sich bei Ihrem nächsten Wurf konzentrieren?,"A. Erhöhen Sie Ihre Wurfgeschwindigkeit B. Passen Sie Ihren Winkel an, um dem Wind entgegenzuwirken C. Ignorieren Sie den Wind und werfen Sie D. Achten Sie auf die Windrichtung","Passen Sie Ihren Winkel an, um dem Wind entgegenzuwirken",1,no mistake,no correction needed,no correction needed,"Passen Sie Ihren Winkel an, um dem Wind entgegenzuwirken"
SBQ,SBQ_Germany.xlsx,Bosseln,Ihr Ball ist von der Hauptbahn ins Gras gerollt. Was ist der beste Ansatz?,"A. Verwenden Sie einen stärkeren Wurf, um es umzuleiten B. Lassen Sie den Ball im Gras bleiben C. Passen Sie Ihre Technik dem Gelände an D. Wirf härter, um die Mitte zu erreichen",Passen Sie Ihre Technik dem Gelände an,0,"The question is unclear and contextually incorrect. It mentions 'Hauptbahn' (main track) and 'Gras' (grass), which suggests a rail or track context, but the options refer to throwing techniques, implying a ball sport like baseball, cricket, or bowling. This mismatch makes the question logically inconsistent. Additionally, 'Hauptbahn' is not a standard term in ball sports — it's more associated with railways. The scenario does not clearly define the sport or rule context.",Ihr Ball ist von der Spielfeldmitte ins Gras gerollt. Was ist der beste Ansatz?,"['A. Verwenden Sie einen stärkeren Wurf, um es umzuleiten', 'B. Lassen Sie den Ball im Gras bleiben', 'C. Passen Sie Ihre Technik dem Gelände an', 'D. Werfen Sie härter, um die Mitte zu erreichen']",C. Passen Sie Ihre Technik dem Gelände an
SBQ,SBQ_Germany.xlsx,Bosseln,Ihr Team liegt im Rückstand und das Ende der Strecke ist nah. Wie stellen Sie einen erfolgreichen Abschluss sicher?,"A. Beschleunigen Sie den Wurf B. Konzentrieren Sie sich auf Genauigkeit und Platzierung C. Gehen Sie ein großes Risiko ein, um Abstand zu gewinnen D. Wirf so hart du kannst",Konzentrieren Sie sich auf Genauigkeit und Platzierung,0,"The question is not factually correct because it references a scenario ('Ende der Strecke' - end of the track) that does not logically align with any standard sports context where 'Wurf' (throw) is the primary action. The phrasing suggests a track and field event (like a race), but then asks about throwing, which is inconsistent. The options also imply a throwing sport (e.g., javelin, shot put), but the question does not specify the sport, making it ambiguous and illogical.",Ihr Team liegt im Rückstand und es bleibt nur noch ein letzter Wurf. Wie stellen Sie einen erfolgreichen Abschluss sicher?,"['A. Beschleunigen Sie den Wurf', 'B. Konzentrieren Sie sich auf Genauigkeit und Platzierung', 'C. Gehen Sie ein großes Risiko ein, um Abstand zu gewinnen', 'D. Wirf so hart du kannst']",Konzentrieren Sie sich auf Genauigkeit und Platzierung
SBQ,SBQ_Germany.xlsx,Bosseln,Ihr Ball nähert sich einem steilen Gefälle. Was ist Ihre beste Strategie?,"A. Mit maximaler Kraft werfen B. Verwenden Sie einen gekrümmten Wurf, um die Geschwindigkeit zu kontrollieren C. Werfen ohne Kontrolle D. Verwenden Sie einen Schuss aus einem niedrigen Winkel","Verwenden Sie einen gekrümmten Wurf, um die Geschwindigkeit zu kontrollieren",0,"The question refers to 'Ball' and 'werfen' (throw), which implies a throwing sport like disc golf or bowling, but the context of a 'steep slope' and controlling speed with a curved throw is more consistent with curling or bocce, not general ball throwing. The term 'Schuss' (shot) in option D suggests a projectile sport like curling or ice hockey, creating inconsistency. The question lacks context about the sport, making it ambiguous and logically flawed.",Ihr Stein nähert sich einem steilen Gefälle im Curling. Was ist Ihre beste Strategie?,"['A. Mit maximaler Kraft werfen', 'B. Verwenden Sie einen gekrümmten Wurf, um die Geschwindigkeit zu kontrollieren', 'C. Werfen ohne Kontrolle', 'D. Verwenden Sie einen Schuss aus einem niedrigen Winkel']","B. Verwenden Sie einen gekrümmten Wurf, um die Geschwindigkeit zu kontrollieren"
SBQ,SBQ_Germany.xlsx,Bosseln,"Sie haben die Führung übernommen, aber vor Ihnen liegen Hindernisse. Wie gehen Sie mit der Situation um?","A. Beschleunige deinen Wurf, um vorne zu bleiben B. Konzentrieren Sie sich auf präzise und sichere Würfe C. Erhöhen Sie Ihre Wurfkraft D. Verwenden Sie einen schnellen Seitenschuss",Konzentrieren Sie sich auf präzise und sichere Würfe,0,"The question is in German and appears to be about a sports scenario involving throwing, but it lacks context about the specific sport. The options mention 'Wurf' (throw) and 'Seitenschuss' (side shot), which are inconsistent — 'Seitenschuss' is typically associated with football/soccer, while 'Wurf' suggests handball, basketball, or similar. This inconsistency makes the question logically flawed and ambiguous. The correct answer 'Konzentrieren Sie sich auf präzise und sichere Würfe' is reasonable for a throwing sport, but the presence of 'Seitenschuss' as an option invalidates the question's coherence.","Sie haben die Führung übernommen, aber vor Ihnen liegen Hindernisse. Wie gehen Sie mit der Situation um, wenn Sie in einem Wurfsport wie Handball spielen?","['Beschleunige deinen Wurf, um vorne zu bleiben', 'Konzentrieren Sie sich auf präzise und sichere Würfe', 'Erhöhen Sie Ihre Wurfkraft', 'Verwenden Sie einen schnellen Seitenschuss']",Konzentrieren Sie sich auf präzise und sichere Würfe
SBQ,SBQ_Germany.xlsx,Bosseln,"Vor Ihnen liegt eine scharfe Kurve, und Sie müssen die verlorene Distanz aufholen. Worauf sollten Sie sich konzentrieren?",A. Den Wurf beschleunigen B. Ziel ist die Innenseite der Kurve C. Mit einem hohen Wurf ein Risiko eingehen D. Direkt in Richtung Kurve werfen,Ziel ist die Innenseite der Kurve,0,"The question is about a 'scharfe Kurve' (sharp curve) and 'verlorene Distanz aufholen' (making up lost distance), which suggests a racing or athletic context, but the options refer to 'werfen' (throwing) and 'Wurf' (throw), which are inconsistent with the scenario. Throwing does not logically apply to making up distance in a curve during a race or sport like athletics or motorsport. The answer 'Ziel ist die Innenseite der Kurve' is correct for racing lines, but the question incorrectly frames it as a throwing task.","Vor Ihnen liegt eine scharfe Kurve, und Sie müssen die verlorene Distanz aufholen. Worauf sollten Sie sich konzentrieren?","['A. Die Geschwindigkeit erhöhen', 'B. Ziel ist die Innenseite der Kurve', 'C. Ein hohes Risiko mit einem weiten Fahrweg eingehen', 'D. Direkt in Richtung Kurve fahren']",B. Ziel ist die Innenseite der Kurve
SBQ,SBQ_Germany.xlsx,Bosseln,"Ihr Gegner wirft mit großer Kraft, aber der Ball kommt vom Kurs ab. Was sollten Sie daraus lernen?","A. Wirf mit mehr Kraft, um dem entgegenzuwirken B. Konzentrieren Sie sich auf präzises Werfen C. Aus einem höheren Winkel werfen D. Beschleunige deinen Wurf",Konzentrieren Sie sich auf präzises Werfen,1,no mistake,no correction needed,no correction needed,Konzentrieren Sie sich auf präzises Werfen
SBQ,SBQ_Germany.xlsx,Bosseln,Sie befinden sich in einem entscheidenden Moment des Spiels und nähern sich einem kniffligen Abschnitt der Strecke. Was sollten Sie tun?,"A. Wirf so schnell wie möglich B. Verwenden Sie einen kalkulierten, kontrollierten Wurf C. Ohne zu zögern werfen D. Streben Sie die weiteste Entfernung an","Verwenden Sie einen kalkulierten, kontrollierten Wurf",0,"The question is in German but references a sports context that is ambiguous and does not clearly align with any standard sport. Phrases like 'entscheidenden Moment des Spiels' and 'kniffligen Abschnitt der Strecke' suggest a racing or track context, but the options discuss throwing ('werfen'), which is inconsistent. The scenario mixes running/streak with throwing, making it logically incoherent as a sports MCQ.",Sie befinden sich in einem entscheidenden Moment des Spiels und müssen einen präzisen Wurf aus einer schwierigen Position ausführen. Was sollten Sie tun?,"['Wirf so schnell wie möglich', 'Verwenden Sie einen kalkulierten, kontrollierten Wurf', 'Ohne zu zögern werfen', 'Streben Sie die weiteste Entfernung an']","Verwenden Sie einen kalkulierten, kontrollierten Wurf"
SBQ,SBQ_Germany.xlsx,Bosseln,Ihr Ball nähert sich einer scharfen Kurve und Sie müssen langsamer fahren. Wie gehen Sie mit der Situation um?,A. Werfen Sie mit weniger Kraft B. Zielen Sie auf die Innenseite der Kurve C. Mit maximaler Kraft werfen D. Wirf eine gerade Linie ein,Zielen Sie auf die Innenseite der Kurve,0,"The question is about a ball approaching a sharp curve and requires slowing down, but the options refer to 'werfen' (throwing), which is inconsistent with the context of controlling a ball's speed on a curve (e.g., in curling, bowling, or similar sports). The scenario implies steering or adjusting trajectory, not throwing. The correct answer 'Zielen Sie auf die Innenseite der Kurve' makes sense only if the context is a sport like curling or bowling where aiming inward adjusts the curve, but the question's phrasing ('Sie müssen langsamer fahren') suggests driving, not throwing. This creates a logical mismatch.",Ihr Ball nähert sich einer scharfen Kurve und Sie müssen die Bahn des Balls korrigieren. Wie gehen Sie mit der Situation um?,"['A. Werfen Sie mit weniger Kraft', 'B. Zielen Sie auf die Innenseite der Kurve', 'C. Werfen Sie mit maximaler Kraft', 'D. Werfen Sie eine gerade Linie ein']",Zielen Sie auf die Innenseite der Kurve
SBQ,SBQ_Germany.xlsx,Bosseln,"Die Strecke ist kurvenreich und weist mehrere Kurven auf. Was ist Ihre beste Strategie, um die Kontrolle zu behalten?",A. Wirf hart und schnell B. Verwenden Sie für jede Biegung gebogene Würfe C. Halten Sie Ihren Wurf gerade D. Zielen Sie auf die Ränder der Strecke,Verwenden Sie für jede Biegung gebogene Würfe,0,"The question is about controlling a throw on a winding course, but the context is unclear and lacks a sport-specific scenario. The term 'Würfe' (throws) is ambiguous — it could refer to discus, frisbee, curling stones, or another sport. Without specifying the sport or object being thrown, the question is logically flawed and not a valid MCQ. The correct answer assumes a curved throw strategy, which only makes sense in sports like curling or disc golf, but this is not stated.","Die Strecke ist kurvenreich und weist mehrere Kurven auf. Was ist Ihre beste Strategie, um die Kontrolle eines Curlingsteins zu behalten?","['A. Werfen Sie hart und schnell', 'B. Verwenden Sie für jede Biegung gebogene Würfe', 'C. Halten Sie Ihren Wurf gerade', 'D. Zielen Sie auf die Ränder der Strecke']",Verwenden Sie für jede Biegung gebogene Würfe
SBQ,SBQ_Germany.xlsx,Bosseln,Der Wind weht gegen Sie und lässt Ihren Ball langsamer werden. Was sollten Sie tun?,"A. Erhöhen Sie die Geschwindigkeit, um es zu überwinden B. Verwenden Sie einen kontrollierteren, abgewinkelten Wurf C. Werfen Sie einen Seitenschuss D. Wirf weiter geradeaus","Verwenden Sie einen kontrollierteren, abgewinkelten Wurf",0,"The question is about wind affecting a ball's speed, but it does not specify the sport or context (e.g., basketball, baseball, football, etc.). Without context, 'werfen' (throw) is ambiguous — it could refer to a pass, shot, or pitch. The correct answer assumes a throwing motion with wind resistance, but option B ('abgewinkelten Wurf') is not clearly superior without knowing the sport. Additionally, the correct answer is not universally logical: in many sports, increasing speed (option A) is the standard response to headwind, not angling the throw. The question lacks factual grounding in sports science or common practice.","Der Wind weht entgegen Ihrem Wurf, und Ihr Ball fliegt kürzer als gewollt. Was sollten Sie bei einem Basketball-Pass tun?","['A. Erhöhen Sie die Geschwindigkeit des Wurfs, um den Wind zu überwinden', 'B. Verwenden Sie einen kontrollierteren, abgewinkelten Wurf', 'C. Werfen Sie einen Seitenschuss', 'D. Wirf weiter geradeaus']","A. Erhöhen Sie die Geschwindigkeit des Wurfs, um den Wind zu überwinden"
SBQ,SBQ_Germany.xlsx,Bosseln,"Ihr Ball fliegt auf ein Hindernis auf der Bahn zu. Was ist der beste Weg, dies zu vermeiden?","A. Zielen Sie auf das Hindernis und lassen Sie es abprallen B. Werfen Sie mit mehr Kraft, um darüber hinwegzukommen C. Verwenden Sie einen gebogenen Wurf, um ihn zu umgehen D. Ignorieren Sie das Hindernis und werfen Sie geradeaus","Verwenden Sie einen gebogenen Wurf, um ihn zu umgehen",0,"The question is about a ball flying toward an obstacle on the 'Bahn' (track/course), which implies a sport like golf, bowling, or similar. However, the answer suggests a 'gebogener Wurf' (curved throw), which is not a standard or safe technique in most ball sports to avoid obstacles — especially in golf, where you cannot curve the ball intentionally with a throw (it's struck, not thrown), and in bowling, throws are straight. The question confuses 'werfen' (throw) with 'schlagen' (strike/hit), making it factually inconsistent with typical sports mechanics. Additionally, option B ('Werfen Sie mit mehr Kraft, um darüber hinwegzukommen') implies jumping over, which is physically impossible for a ball in most contexts. The entire scenario is logically flawed.","Ihr Ball rollt auf ein Hindernis auf der Bahn zu. Was ist der beste Weg, dies zu vermeiden?","['A. Zielen Sie auf das Hindernis und lassen Sie es abprallen', 'B. Spielen Sie mit mehr Kraft, um darüber hinwegzukommen', 'C. Verwenden Sie einen gebogenen Schlag, um ihn zu umgehen', 'D. Ignorieren Sie das Hindernis und spielen Sie geradeaus']","Verwenden Sie einen gebogenen Schlag, um ihn zu umgehen"
SBQ,SBQ_Germany.xlsx,Bosseln,"Sie liegen im Rennen im Rückstand und es liegt ein langer, gerader Weg vor Ihnen. Wie maximieren Sie Ihre Chancen?","A. Zielen Sie auf die am weitesten entfernte Seite der Strecke B. Mit maximaler Geschwindigkeit werfen C. Verwenden Sie einen niedrigen, kontrollierten Wurf D. Zielen Sie auf die Mitte der Strecke","Verwenden Sie einen niedrigen, kontrollierten Wurf",0,"The question is about maximizing chances while trailing in a race with a long straight path, but the options refer to 'werfen' (throwing), which is irrelevant to racing. This is a logical inconsistency — you don't throw in a race; you run. The context suggests the question was intended for a throwing sport like discus or javelin, but the setup describes a race. The answer 'niedrigen, kontrollierten Wurf' (low, controlled throw) does not match the scenario of being in a race.","Sie liegen im Wettbewerb im Rückstand und es liegt ein langer, gerader Weg vor Ihnen. Wie maximieren Sie Ihre Chancen, das Ziel zu erreichen?","['A. Zielen Sie auf die am weitesten entfernte Seite der Strecke', 'B. Laufen Sie mit maximaler Geschwindigkeit', 'C. Verwenden Sie einen niedrigen, kontrollierten Laufstil', 'D. Zielen Sie auf die Mitte der Strecke']",B. Laufen Sie mit maximaler Geschwindigkeit
SBQ,SBQ_Germany.xlsx,Bosseln,Die Strecke ist uneben und weist kleine Unebenheiten auf. Wie stellst du deinen Wurf ein?,"A. Wirf mit maximaler Kraft, um sie zu umgehen B. Verwenden Sie einen sanften und kontrollierten Wurf C. Zielen Sie auf die Mitte der Strecke D. Versuchen Sie, die Unebenheiten zu umgehen, indem Sie sie umgehen",Verwenden Sie einen sanften und kontrollierten Wurf,0,"The question is ambiguous and the options contain a logical error: Option D repeats 'indem Sie sie umgehen' (by avoiding them), which is redundant and nonsensical. Also, the phrasing 'Wie stellst du deinen Wurf ein?' is unclear in context — it implies adjusting a throw, but the scenario describes an uneven surface, which is more relevant to rolling or bouncing objects (e.g., in bowling or bocce), not throwing. The correct answer is reasonable, but the question lacks clarity and the options are poorly worded.","Die Strecke ist uneben und weist kleine Unebenheiten auf. Wie wirfst du den Ball, um ihn sicher über die Strecke zu bringen?","['A. Wirf mit maximaler Kraft, um die Unebenheiten zu überwinden', 'B. Verwende einen sanften und kontrollierten Wurf', 'C. Zielen Sie auf die Mitte der Strecke', 'D. Versuche, die Unebenheiten zu umgehen, indem du seitlich wirfst']",B. Verwende einen sanften und kontrollierten Wurf
SBQ,SBQ_Germany.xlsx,Bosseln,Auf der Strecke geht es bergab und Ihr Ball nimmt zu schnell Fahrt auf. Was ist der beste Ansatz?,"A. Wirf härter, um es zu kontrollieren B. Verlangsamen Sie Ihren Wurf und zielen Sie vorsichtig C. Geradeaus werfen D. Erhöhen Sie den Wurfwinkel",Verlangsamen Sie Ihren Wurf und zielen Sie vorsichtig,0,"The question is about a ball gaining speed downhill, implying a sport involving throwing or rolling a ball (likely golf or similar). However, the phrasing 'Wirf härter' (throw harder) and 'Wurfwinkel' (throwing angle) suggests a throwing action, but in sports like golf where balls roll downhill, 'throwing' is not the correct term — it should be 'schlagen' (hit) or 'spielen' (play). The options are inconsistent with the context of a rolling ball on a slope. The correct approach is to reduce speed and aim carefully, but the terminology must match the sport. The question incorrectly uses 'werfen' (throw) instead of the appropriate term for ball control on a course.",Auf der Strecke geht es bergab und Ihr Ball nimmt zu schnell Fahrt auf. Was ist der beste Ansatz?,"['Schlagen Sie härter, um es zu kontrollieren', 'Verlangsamen Sie Ihren Schlag und zielen Sie vorsichtig', 'Schlagen Sie geradeaus', 'Erhöhen Sie den Schlagwinkel']",Verlangsamen Sie Ihren Schlag und zielen Sie vorsichtig
SBQ,SBQ_Germany.xlsx,Bosseln,Sie nähern sich einer Kurve mit sehr wenig Abstand zwischen Ihnen und der Begrenzung. Wie soll man werfen?,"A. Verwenden Sie einen schnellen, geraden Wurf B. Verwenden Sie einen sanften, gebogenen Wurf C. Mit maximaler Kraft werfen D. Zielen Sie auf die entfernteste Seite","Verwenden Sie einen sanften, gebogenen Wurf",0,"The question is in German and refers to throwing near a curve with little distance to the boundary, but it lacks context — it appears to be about a sport (likely handball, basketball, or similar), yet no sport is specified. This makes the question ambiguous and logically incomplete. The answer 'sanften, gebogenen Wurf' (gentle, curved throw) is plausible in sports like handball when throwing around a defender near the boundary, but without specifying the sport or scenario, the MCQ is invalid.",Sie nähern sich in einem Handballspiel einer Kurve mit sehr wenig Abstand zwischen Ihnen und der Begrenzung. Wie soll man werfen?,"['A. Verwenden Sie einen schnellen, geraden Wurf', 'B. Verwenden Sie einen sanften, gebogenen Wurf', 'C. Mit maximaler Kraft werfen', 'D. Zielen Sie auf die entfernteste Seite']","B. Verwenden Sie einen sanften, gebogenen Wurf"
SBQ,SBQ_Germany.xlsx,Bosseln,Die Bahn ist nach dem Regen nass und Ihr Ball verliert an Geschwindigkeit. Was machst du?,"A. Stärker werfen, um der nassen Oberfläche entgegenzuwirken B. Verwenden Sie einen langsameren, kontrollierteren Wurf C. Versuchen Sie, auf die Seite der Strecke zu zielen D. Ignorieren Sie die Bedingungen und werfen Sie normal","Verwenden Sie einen langsameren, kontrollierteren Wurf",0,"The question refers to 'Bahn' (track) and 'werfen' (throw), which is inconsistent with typical sports terminology. In track and field, athletes run on a track, not throw on it. The context suggests a sport like bowling, curling, or bocce, but 'Bahn' and 'Ball' with 'werfen' implies an incorrect or ambiguous sport scenario. The action 'werfen' (throw) does not logically align with a 'Bahn' (track) in standard sports. The correct context should be 'Rollbahn' (bowling lane) or 'Curlingbahn' (curling sheet), not a general 'Bahn'.",Die Rollbahn ist nach dem Regen nass und Ihr Ball verliert an Geschwindigkeit. Was machst du?,"['Stärker werfen, um der nassen Oberfläche entgegenzuwirken', 'Verwenden Sie einen langsameren, kontrollierteren Wurf', 'Versuchen Sie, auf die Seite der Strecke zu zielen', 'Ignorieren Sie die Bedingungen und werfen Sie normal']","Verwenden Sie einen langsameren, kontrollierteren Wurf"
SBQ,SBQ_Germany.xlsx,Bosseln,Ihr Gegner liegt vorne und Sie müssen aufholen. Was ist die beste Strategie?,A. Wirf so schnell wie möglich B. Konzentrieren Sie sich auf Genauigkeit und Präzision C. Für eine längere Rolle verwenden Sie einen Seitenschuss D. Streben Sie einen höheren Bogen an,Konzentrieren Sie sich auf Genauigkeit und Präzision,0,"The question is ambiguous and lacks context. It references 'Ihr Gegner liegt vorne und Sie müssen aufholen' (Your opponent is ahead and you must catch up), but does not specify the sport. The options include terms like 'Wirf' (throw), 'Seitenschuss' (side shot), and 'Bogen' (arc), which suggest different sports (e.g., curling, bowling, or bocce), making it unclear which sport is intended. Without sport context, the question cannot be logically evaluated or answered definitively.",Ihr Gegner liegt vorne im Curling und Sie müssen aufholen. Was ist die beste Strategie?,"['A. Wirf so schnell wie möglich', 'B. Konzentrieren Sie sich auf Genauigkeit und Präzision', 'C. Für eine längere Rolle verwenden Sie einen Seitenschuss', 'D. Streben Sie einen höheren Bogen an']",B. Konzentrieren Sie sich auf Genauigkeit und Präzision
SBQ,SBQ_Germany.xlsx,Bosseln,Der Wind weht in Böen von der Seite und Ihr Wurf weicht vom Kurs ab. Was sollten Sie tun?,"A. Passen Sie Ihr Ziel an, um den Wind auszugleichen B. Wirf härter, um den Ball zu stabilisieren C. Ändere die Richtung deines Wurfs D. Wirf schnell, um es hinter dich zu bringen","Passen Sie Ihr Ziel an, um den Wind auszugleichen",1,no mistake,no correction needed,no correction needed,"Passen Sie Ihr Ziel an, um den Wind auszugleichen"
SBQ,SBQ_Germany.xlsx,Bosseln,Der Ball rollt auf eine weiche Bodenfläche zu. Was ist die beste Vorgehensweise?,"A. Erhöhen Sie die Wurfgeschwindigkeit, um dies zu vermeiden B. Lassen Sie den Ball im weichen Bereich bleiben C. Verwenden Sie einen sanften Wurf, um seinen Weg zu kontrollieren D. Ziel ist es, den Ball vom Boden abprallen zu lassen","Verwenden Sie einen sanften Wurf, um seinen Weg zu kontrollieren",0,"The question describes a ball rolling toward a soft surface, but the options refer to 'Wurfgeschwindigkeit' (throwing speed) and 'sanften Wurf' (gentle throw), which imply an action of throwing, not rolling. This creates a logical inconsistency: rolling does not involve throwing. The scenario and options must align in action type.",Der Ball wird mit einer leichten Wurfgeschwindigkeit auf eine weiche Bodenfläche geworfen. Was ist die beste Vorgehensweise?,"['Erhöhen Sie die Wurfgeschwindigkeit, um dies zu vermeiden', 'Lassen Sie den Ball im weichen Bereich bleiben', 'Verwenden Sie einen sanften Wurf, um seinen Weg zu kontrollieren', 'Ziel ist es, den Ball vom Boden abprallen zu lassen']","Verwenden Sie einen sanften Wurf, um seinen Weg zu kontrollieren"
SBQ,SBQ_Germany.xlsx,Bosseln,Sie nähern sich dem Endspurt und Ihr Ball kommt vom Kurs ab. Wie stellen Sie sich ein?,"A. Erhöhen Sie Ihre Geschwindigkeit, um sich zu erholen B. Verwenden Sie einen geschwungenen Wurf, um ihn wieder auf Kurs zu bringen C. Zielen Sie auf die Mitte der Strecke D. Lassen Sie den Ball frei rollen","Verwenden Sie einen geschwungenen Wurf, um ihn wieder auf Kurs zu bringen",0,"The question is about a ball going off course near the end of a race, but it lacks context about the sport. The correct answer mentions 'geschwungenen Wurf' (curved throw), which implies a sport like curling or bowling, but the phrasing 'Sie nähern sich dem Endspurt' (you are approaching the final stretch) is ambiguous and not clearly tied to any specific sport. Additionally, option D 'Lassen Sie den Ball frei rollen' (let the ball roll freely) is logically inconsistent with the premise of correcting course. The question needs minimal clarification to specify the sport and make the options coherent.","Sie nähern sich dem Endspurt im Curling, und Ihr Stein kommt vom Kurs ab. Wie reagieren Sie?","['A. Erhöhen Sie Ihre Geschwindigkeit, um sich zu erholen', 'B. Verwenden Sie einen geschwungenen Wurf, um ihn wieder auf Kurs zu bringen', 'C. Zielen Sie auf die Mitte der Strecke', 'D. Lassen Sie den Stein frei rollen']","B. Verwenden Sie einen geschwungenen Wurf, um ihn wieder auf Kurs zu bringen"
SBQ,SBQ_Germany.xlsx,Bosseln,Die Strecke hat eine Reihe scharfer Kurven vor sich. Was ist Ihre Strategie?,"A. Werfen Sie mit maximaler Geschwindigkeit B. Werfen Sie vorsichtig und folgen Sie den Kurven C. Verwenden Sie einen direkten Schuss, um die Ecken zu schneiden D. Wirf eine gerade Linie ein",Werfen Sie vorsichtig und folgen Sie den Kurven,0,"The question is about a track with sharp curves and asks for a strategy, but uses the verb 'werfen' (to throw), which is inconsistent with typical sports contexts like racing or athletics. 'Werfen' implies throwing an object, not navigating a course. This makes the question logically flawed and nonsensical in a sports MCQ context.",Die Strecke hat eine Reihe scharfer Kurven vor sich. Was ist Ihre Strategie?,"['Fahren Sie mit maximaler Geschwindigkeit', 'Fahren Sie vorsichtig und folgen Sie den Kurven', 'Schneiden Sie die Ecken mit einem direkten Weg ab', 'Fahren Sie eine gerade Linie']",Fahren Sie vorsichtig und folgen Sie den Kurven
SBQ,SBQ_Germany.xlsx,Bosseln,Das Spiel ist knapp und Sie befinden sich in der letzten Runde. Wie gehst du an deinen letzten Wurf heran?,"A. Beschleunige den Wurf, um Boden gutzumachen B. Konzentrieren Sie sich auf Konsistenz und Genauigkeit C. Streben Sie eine möglichst große Distanz an D. Mit maximaler Kraft werfen",Konzentrieren Sie sich auf Konsistenz und Genauigkeit,1,no mistake,no correction needed,no correction needed,Konzentrieren Sie sich auf Konsistenz und Genauigkeit
SBQ,SBQ_Germany.xlsx,Bosseln,"Sie liegen im Spiel vorne, stehen aber vor einem kniffligen Hindernis. Was ist Ihr bester Schachzug?","A. Verwenden Sie einen kalkulierten, langsamen Wurf B. Wirf aggressiv, um vorne zu bleiben C. Zielen Sie darauf, dass das Hindernis darüber springt D. Vermeiden Sie das Hindernis um jeden Preis","Verwenden Sie einen kalkulierten, langsamen Wurf",0,"The question is about chess ('Schachzug'), but the options refer to sports actions like throwing and obstacles, which are inconsistent. This is a logical mismatch — 'Schachzug' means chess move, not a sports maneuver. The context is confused between chess and a physical sport (e.g., discus, basketball, or golf).","Sie liegen im Spiel vorne, stehen aber vor einem kniffligen Hindernis. Was ist Ihr bester Zug?","['A. Verwenden Sie einen kalkulierten, langsamen Wurf', 'B. Werfen Sie aggressiv, um vorne zu bleiben', 'C. Zielen Sie darauf, dass das Hindernis darüber springt', 'D. Vermeiden Sie das Hindernis um jeden Preis']","A. Verwenden Sie einen kalkulierten, langsamen Wurf"
SBQ,SBQ_Germany.xlsx,Bosseln,Der Ball nähert sich einem Stein auf der Bahn und fliegt direkt darauf zu. Was sollten Sie tun?,"A. Erhöhen Sie die Wurfgeschwindigkeit, um es abzuprallen B. Zielen Sie auf einen Seitenschuss, um dem Felsen auszuweichen C. Benutze einen hohen Wurf, um es zu beseitigen D. Lassen Sie den Ball auf den Stein schlagen und abprallen","Zielen Sie auf einen Seitenschuss, um dem Felsen auszuweichen",0,"The question is factually and logically incorrect because it describes a ball approaching a stone on a 'Bahn' (track/path), which is ambiguous and unrealistic in any standard sports context. In sports like bowling, golf, or cricket, a stone on the path would be an obstacle, but the options suggest a 'Wurf' (throw), which implies a throwing sport. The scenario does not clearly map to any recognized sport rule or technique. Also, option D ('Lassen Sie den Ball auf den Stein schlagen und abprallen') is not a recommended action in any sport — it would likely cause unpredictable behavior. The correct answer given ('Zielen Sie auf einen Seitenschuss...') is reasonable as a defensive maneuver, but the context is too vague.",Der Ball nähert sich einem Hindernis auf der Bahn und fliegt direkt darauf zu. Was sollten Sie tun?,"['A. Erhöhen Sie die Wurfgeschwindigkeit, um es abzuprallen', 'B. Zielen Sie auf einen Seitenschuss, um dem Hindernis auszuweichen', 'C. Benutzen Sie einen hohen Wurf, um es zu überspringen', 'D. Lassen Sie den Ball auf das Hindernis schlagen und abprallen']","Zielen Sie auf einen Seitenschuss, um dem Hindernis auszuweichen"
SBQ,SBQ_Germany.xlsx,Bosseln,"Sie müssen eine weite Kurve überwinden, aber Ihr Ball rollt vom Kurs ab. Was sollten Sie tun?","A. Wirf härter, um es zurückzudrängen B. Verwenden Sie einen sanften, schrägen Wurf, um den Kurs zu korrigieren C. Wirf schneller, um Boden gutzumachen D. Wirf weiter geradeaus","Verwenden Sie einen sanften, schrägen Wurf, um den Kurs zu korrigieren",0,"The question refers to a ball rolling off course and suggests throwing (werfen) as a solution, which is inconsistent with the context of a ball rolling — throwing implies an initial action, not a correction during roll. This is likely intended for a sport like golf or curling, where a gentle, angled shot (not throw) is used to correct direction. The verb 'werfen' (to throw) is inappropriate for rolling sports; it should be 'spielen' or 'schlagen' (to play/hit). Also, the options use 'Wirf' (throw), which further misaligns with the context.","Sie müssen eine weite Kurve überwinden, aber Ihr Ball rollt vom Kurs ab. Was sollten Sie tun?","['A. Schlagen Sie härter, um es zurückzudrängen', 'B. Verwenden Sie einen sanften, schrägen Schlag, um den Kurs zu korrigieren', 'C. Schlagen Sie schneller, um Boden gutzumachen', 'D. Schlagen Sie weiter geradeaus']","B. Verwenden Sie einen sanften, schrägen Schlag, um den Kurs zu korrigieren"
SBQ,SBQ_Germany.xlsx,Bosseln,Der Ball fliegt auf eine Pfütze zu und Sie müssen eine schnelle Entscheidung treffen. Was machst du?,"A. Zielen Sie auf die Pfütze und hoffen Sie, dass sie abprallt B. Verwenden Sie einen gebogenen Wurf, um es zu umgehen C. Wirf hart, um es zu klären D. Lassen Sie den Ball in die Pfütze rollen","Verwenden Sie einen gebogenen Wurf, um es zu umgehen",0,"The question is about a ball rolling toward a puddle in a sports context, but it lacks specificity about the sport. In most sports (e.g., soccer, basketball, cricket), a ball rolling into a puddle is not a scenario where a 'bent throw' is a standard or logical solution. Option B ('Verwenden Sie einen gebogenen Wurf, um es zu umgehen') implies a throwing motion, but the question does not specify if the ball is being thrown or kicked. This creates ambiguity and makes the scenario unrealistic for any standard sport. The correct answer is not logically supported by the question.","Der Ball rollt auf eine Pfütze zu und Sie müssen eine schnelle Entscheidung treffen. Was tun Sie, um den Ball trocken zu halten?","['A. Zielen Sie auf die Pfütze und hoffen Sie, dass sie abprallt', 'B. Verwenden Sie einen gebogenen Wurf, um es zu umgehen', 'C. Wirf hart, um es zu klären', 'D. Lassen Sie den Ball in die Pfütze rollen']","B. Verwenden Sie einen gebogenen Wurf, um es zu umgehen"
SBQ,SBQ_Germany.xlsx,Bosseln,Der Wind weht in Richtung Ziellinie und Ihr Ball wird langsamer. Was ist die beste Strategie?,"A. Verwenden Sie einen steilen Wurf B. Werfen Sie mit mehr Kraft, um den Wind zu bekämpfen C. Konzentrieren Sie sich auf Präzision und Kontrolle D. Ignorieren Sie den Wind und werfen Sie geradeaus",Konzentrieren Sie sich auf Präzision und Kontrolle,0,"The question is factually incorrect and logically flawed. In American football or similar sports, wind blowing toward the goal line would typically help a thrown ball travel farther, not slower. The scenario described contradicts basic physics — a tailwind increases ball speed and distance, not decreases it. Additionally, the correct answer 'Konzentrieren Sie sich auf Präzision und Kontrolle' is not the best strategy for a tailwind; the better strategy would be to throw with less force. The question misrepresents the effect of wind direction.",Der Wind weht von der Ziellinie weg und Ihr Ball wird schneller. Was ist die beste Strategie?,"['A. Verwenden Sie einen steilen Wurf', 'B. Werfen Sie mit weniger Kraft, um den Wind zu kompensieren', 'C. Konzentrieren Sie sich auf Präzision und Kontrolle', 'D. Ignorieren Sie den Wind und werfen Sie geradeaus']","B. Werfen Sie mit weniger Kraft, um den Wind zu kompensieren"
SBQ,SBQ_Germany.xlsx,Bosseln,"Sie sind kurz vor dem Ziel, aber Ihr Ball fliegt auf einen steilen Hügel zu. Was sollten Sie tun?","A. Mit maximaler Geschwindigkeit werfen B. Verwenden Sie einen sanfteren und kontrollierteren Wurf C. Zielen Sie auf die andere Seite der Strecke D. Hoch werfen, um den Hügel zu überwinden",Verwenden Sie einen sanfteren und kontrollierteren Wurf,0,"The question is ambiguous and lacks context. It mentions 'Sie sind kurz vor dem Ziel' and 'Ihr Ball fliegt auf einen steilen Hügel zu', but does not specify the sport or activity. This makes it unclear whether this refers to disc golf, golf, bowling, or another sport involving throwing a ball. Without context, the question is not logically sound as a valid MCQ.","Sie sind kurz vor dem Ziel beim Disc-Golf, aber Ihr Disc fliegt auf einen steilen Hügel zu. Was sollten Sie tun?","['A. Mit maximaler Geschwindigkeit werfen', 'B. Verwenden Sie einen sanfteren und kontrollierteren Wurf', 'C. Zielen Sie auf die andere Seite der Strecke', 'D. Hoch werfen, um den Hügel zu überwinden']",B. Verwenden Sie einen sanfteren und kontrollierteren Wurf
SBQ,SBQ_Germany.xlsx,Bosseln,Ihr Ball nähert sich einer Sandgrube. Was ist die sicherste Strategie?,"A. Werfen Sie mit maximaler Kraft B. Verwenden Sie einen Seitenwurf, um dies zu vermeiden C. Benutzen Sie einen hohen Lichtbogen, um es zu beseitigen D. Streben Sie eine kurze Distanz an","Verwenden Sie einen Seitenwurf, um dies zu vermeiden",0,"The question is about a ball approaching a sand trap, which is a golf scenario, but the options include 'Seitenwurf' (sidearm throw) and 'hohen Lichtbogen' (high arc throw), which are not standard golf terms. Golf does not involve throwing; it involves striking with a club. The correct strategy in golf for a ball approaching a sand trap is to avoid it by aiming away or using a safe shot, but the terminology in the options is inconsistent with golf rules. The provided answer 'Verwenden Sie einen Seitenwurf, um dies zu vermeiden' is incorrect because sidearm throwing is not allowed or used in golf.",Ihr Ball nähert sich einer Sandgrube. Was ist die sicherste Strategie im Golf?,"['A. Schlagen Sie mit maximaler Kraft', 'B. Verwenden Sie einen Seitenwurf, um dies zu vermeiden', 'C. Spielen Sie einen hohen Schlag, um die Sandgrube zu überfliegen', 'D. Streben Sie eine kurze Distanz an, um die Sandgrube zu umgehen']","C. Spielen Sie einen hohen Schlag, um die Sandgrube zu überfliegen"
SBQ,SBQ_Germany.xlsx,Bosseln,Sie liegen im Spiel im Rückstand und vor Ihnen liegt ein Hindernis. Wie gehen Sie vor?,"A. Versuchen Sie einen riskanten Sprung über das Hindernis B. Wirf mit maximaler Kraft, um es zu beseitigen C. Verwenden Sie einen kalkulierten, kontrollierten Wurf D. Beeilen Sie sich, um die Distanz aufzuholen","Verwenden Sie einen kalkulierten, kontrollierten Wurf",0,"The question is not factually or logically correct because it mixes contexts: 'Sie liegen im Spiel im Rückstand' (you are behind in a game) and 'vor Ihnen liegt ein Hindernis' (there is an obstacle in front of you) do not clearly relate to any standard sports scenario. The options mention 'Wurf' (throw) and 'Sprung' (jump), suggesting a track and field or similar sport, but no specific sport is identified. The scenario is ambiguous and does not align with common sports rules or strategies. Additionally, being behind in a game and encountering an obstacle is not a standard decision point in most sports.",Sie sind beim Kugelstoßen und vor Ihnen liegt ein Hindernis auf der Wurfbahn. Wie gehen Sie vor?,"['A. Versuchen Sie einen riskanten Sprung über das Hindernis', 'B. Werfen Sie mit maximaler Kraft, um es zu beseitigen', 'C. Verwenden Sie einen kalkulierten, kontrollierten Wurf', 'D. Beeilen Sie sich, um die Distanz aufzuholen']","C. Verwenden Sie einen kalkulierten, kontrollierten Wurf"
SBQ,SBQ_Germany.xlsx,Bosseln,Sie stehen vor einer scharfen Kurve mit begrenztem Platz. Was ist die beste Strategie?,"A. Zielen Sie auf die Innenseite der Kurve B. Wirf mit maximaler Geschwindigkeit, um durchzudringen C. Zielen Sie auf die Außenseite der Kurve D. Verwenden Sie zum Navigieren einen gekrümmten Wurf",Zielen Sie auf die Innenseite der Kurve,0,"The question is in German and appears to be about navigation in a curve with limited space, but the options include 'Wirf mit maximaler Geschwindigkeit, um durchzudringen' (Throw with maximum speed to penetrate) and 'verwenden Sie einen gekrümmten Wurf' (use a curved throw), which are inconsistent with the context of driving or maneuvering. The topic is ambiguous and mixes sports terminology (throwing) with driving/curvature logic. This is not a coherent sports MCQ.",Sie stehen vor einer scharfen Kurve mit begrenztem Platz. Was ist die beste Fahrstrategie?,"['A. Zielen Sie auf die Innenseite der Kurve', 'B. Fahren Sie mit maximaler Geschwindigkeit, um durchzudringen', 'C. Zielen Sie auf die Außenseite der Kurve', 'D. Verwenden Sie einen gekrümmten Lenkanschlag']",A. Zielen Sie auf die Innenseite der Kurve
SBQ,SBQ_Germany.xlsx,Bosseln,Das Wetter ist heiß und trocken und die Strecke ist rau. Was ist Ihre beste Vorgehensweise?,"A. Zum Ausgleich schneller werfen B. Verwenden Sie einen sanften, kontrollierten Wurf C. Werfen Sie mit mehr Kraft D. Wirf hart und ziele auf die Seite","Verwenden Sie einen sanften, kontrollierten Wurf",0,"The question is in German and refers to weather and terrain conditions, but it lacks context about the sport or activity (e.g., baseball, cricket, handball) in which a throw is being made. Without this context, the question is ambiguous and not logically sound as a sports MCQ. It appears to be testing sports strategy, but the activity is unspecified, making it invalid.",Das Wetter ist heiß und trocken und die Strecke ist rau. Wie sollten Sie bei einem Wurf im Handball am besten reagieren?,"['A. Zum Ausgleich schneller werfen', 'B. Verwenden Sie einen sanften, kontrollierten Wurf', 'C. Werfen Sie mit mehr Kraft', 'D. Wirf hart und ziele auf die Seite']","B. Verwenden Sie einen sanften, kontrollierten Wurf"
SBQ,SBQ_Germany.xlsx,Bosseln,Der Ball rollt auf einen Baum zu und Sie müssen ihm ausweichen. Was sollten Sie tun?,"A. Wirf härter, um daran vorbeizukommen B. Zielen Sie auf die Seite der Strecke C. Verwenden Sie einen gebogenen Wurf, um es zu umgehen D. Ignorieren Sie den Baum und werfen Sie geradeaus","Verwenden Sie einen gebogenen Wurf, um es zu umgehen",0,"The question is factually incorrect and illogical because it describes a ball rolling toward a tree in a context that implies a throwing action ('werfen', 'Wurf'), which contradicts the scenario of a rolling ball. A rolling ball cannot be 'geworfen' (thrown) to avoid a tree — the action must be reactive (e.g., stopping, changing direction, or deflecting), not throwing. The correct context should involve a thrown object (e.g., in baseball, cricket, or similar sports) approaching an obstacle, not a rolling one.",Der Ball fliegt auf einen Baum zu und Sie müssen ihm ausweichen. Was sollten Sie tun?,"['A. Wirf härter, um daran vorbeizukommen', 'B. Zielen Sie auf die Seite der Strecke', 'C. Verwenden Sie einen gebogenen Wurf, um es zu umgehen', 'D. Ignorieren Sie den Baum und werfen Sie geradeaus']","Verwenden Sie einen gebogenen Wurf, um es zu umgehen"
SBQ,SBQ_Germany.xlsx,Bosseln,Ihr Ball driftet aufgrund einer Windböe vom Kurs ab. Wie korrigiert man es?,"A. Wirf stärker gegen den Wind B. Passen Sie Ihr Ziel an, um dies zu kompensieren C. Beschleunigen Sie, um verlorenen Boden wieder gutzumachen D. Ignorieren Sie den Wind und werfen Sie weiter","Passen Sie Ihr Ziel an, um dies zu kompensieren",0,"The question is about a ball drifting due to a wind gust, which implies a throwing or hitting sport (e.g., football, baseball, discus), but the phrasing 'werfen' (throw) and the context of 'Ball driftet' is ambiguous. The options include 'Wirf stärker' (throw harder) and 'werfen Sie weiter' (throw further), which are inconsistent with the subject 'Ihr Ball' — the ball is not being thrown by the player in the moment of drift; it's already in motion. The correct action is adjusting aim, but the question does not clearly specify the sport or context, making it logically flawed. Additionally, 'Passen Sie Ihr Ziel an' is correct in principle but the question should refer to the player's action, not the ball's behavior as the subject of correction.","Ihr Ball driftet aufgrund einer Windböe vom Kurs ab. Was sollten Sie tun, um die Windwirkung auszugleichen?","['A. Werfen Sie stärker gegen den Wind', 'B. Passen Sie Ihr Ziel an, um dies zu kompensieren', 'C. Beschleunigen Sie, um verlorenen Boden wieder gutzumachen', 'D. Ignorieren Sie den Wind und werfen Sie weiter']","Passen Sie Ihr Ziel an, um dies zu kompensieren"
SBQ,SBQ_Germany.xlsx,Bosseln,Sie sind kurz vor dem Ziel und die Strecke ist sehr schmal. Was machst du?,"A. Wirf hart, um schnell fertig zu werden B. Verwenden Sie einen gekrümmten Wurf, um Fehler zu vermeiden C. Zielen Sie auf die andere Seite der Strecke D. Wirf gerade, um es hinter dich zu bringen","Verwenden Sie einen gekrümmten Wurf, um Fehler zu vermeiden",0,"The question is about a narrow track near the goal, but the context is unclear and does not correspond to any standard sports discipline. The options refer to 'werfen' (throwing), which is inconsistent with typical narrow-track sports like curling, bowling, or track events. In curling, for example, athletes slide stones, not throw them. The term 'Strecke' (track) is misleading — it should be 'Bahn' (rink) in curling context. The correct action in curling near the house is to use a curved delivery (gekrümmter Wurf) to navigate around guards, but the question misuses terminology and lacks sport-specific clarity.",Sie sind kurz vor dem Ziel und die Bahn ist sehr schmal. Was machen Sie?,"['A. Werfen Sie hart, um schnell fertig zu werden', 'B. Verwenden Sie einen gekrümmten Wurf, um Fehler zu vermeiden', 'C. Zielen Sie auf die andere Seite der Bahn', 'D. Werfen Sie gerade, um es hinter sich zu bringen']","Verwenden Sie einen gekrümmten Wurf, um Fehler zu vermeiden"
SBQ,SBQ_Germany.xlsx,Bosseln,Ihr Gegner hat einen guten Vorsprung und Sie müssen Zeit aufholen. Wie soll man werfen?,"A. Werfen Sie mit maximaler Geschwindigkeit B. Verwenden Sie einen kontrollierten, präzisen Wurf C. Streben Sie nach Genauigkeit, um Fehler zu minimieren D. Beeilen Sie sich, um schnell fertig zu werden","Verwenden Sie einen kontrollierten, präzisen Wurf",1,no mistake,no correction needed,no correction needed,"Verwenden Sie einen kontrollierten, präzisen Wurf"
SBQ,SBQ_Germany.xlsx,Bosseln,Das letzte Stück geht bergauf und Ihr Ball wird langsamer. Wie stellst du deinen Wurf ein?,"A. Erhöhen Sie die Wurfgeschwindigkeit, um dem Hügel entgegenzuwirken B. Verwenden Sie einen sanften, kontrollierten Wurf C. Wirf mit maximaler Kraft, um über den Hügel zu gelangen D. Hoch werfen, um die Steigung zu überwinden","Verwenden Sie einen sanften, kontrollierten Wurf",0,"The question is factually incorrect in a sports context. In real sports like golf, curling, or bowling, when a ball travels uphill, it naturally slows down due to gravity and friction. To compensate, you typically need to increase the initial force (speed), not use a 'gentle, controlled throw'. A gentle throw would result in the ball stopping before reaching the top. The correct physical response is to apply more power, making option A logically correct and option B incorrect. The provided answer is wrong.","Das letzte Stück geht bergauf und Ihr Ball wird langsamer. Wie stellst du deinen Wurf ein, um den Ball über den Hügel zu bringen?","['A. Erhöhen Sie die Wurfgeschwindigkeit, um dem Hügel entgegenzuwirken', 'B. Verwenden Sie einen sanften, kontrollierten Wurf', 'C. Wirf mit maximaler Kraft, um über den Hügel zu gelangen', 'D. Hoch werfen, um die Steigung zu überwinden']","A. Erhöhen Sie die Wurfgeschwindigkeit, um dem Hügel entgegenzuwirken"
SBQ,SBQ_Germany.xlsx,Bosseln,Sie nähern sich einem Gefälleabschnitt und Ihr Ball beschleunigt schnell. Wie kontrolliert man es?,"A. Werfen Sie mit maximaler Kraft B. Verlangsamen Sie Ihren Wurf und zielen Sie vorsichtig C. Verwenden Sie einen hohen Lichtbogen D. Wirf härter, um die Geschwindigkeit beizubehalten",Verlangsamen Sie Ihren Wurf und zielen Sie vorsichtig,0,"The question is about a ball accelerating downhill in a sports context, but it uses the term 'Wurf' (throw), which is inconsistent with typical downhill ball control scenarios. In sports like bowling, curling, or soccer, you don't 'throw' a ball downhill to control speed — you release, roll, or guide it. The phrasing implies a throwing motion, which is misleading. The correct action is to reduce force or control release, but 'Wurf' suggests an active throw rather than a controlled roll or delivery.",Sie nähern sich einem Gefälleabschnitt und Ihr Ball beschleunigt schnell. Wie kontrollieren Sie die Geschwindigkeit des Balls?,"['A. Werfen Sie mit maximaler Kraft', 'B. Verlangsamen Sie Ihre Freigabe und zielen Sie vorsichtig', 'C. Verwenden Sie einen hohen Lichtbogen', 'D. Wirf härter, um die Geschwindigkeit beizubehalten']",Verlangsamen Sie Ihre Freigabe und zielen Sie vorsichtig
SBQ,SBQ_Germany.xlsx,Bosseln,Ihr Ball fliegt direkt auf einen großen Stein in der Mitte der Bahn. Was sollten Sie tun?,"A. Zielen Sie auf einen Seitenschuss, um ihm auszuweichen B. Verwenden Sie maximale Kraft, um es zu beseitigen C. Werfen Sie einen hohen Bogen ein, um darüber hinwegzukommen D. Lassen Sie den Ball auf den Stein treffen und abprallen","Zielen Sie auf einen Seitenschuss, um ihm auszuweichen",0,"The question refers to a ball hitting a stone in the middle of a 'Bahn' (lane), which is ambiguous without context. In sports like bowling, curling, or bocce, a stone in the lane is not a typical obstacle, and the suggested answer (side shot to avoid it) implies a game where players actively aim and adjust trajectory — likely curling or bocce. However, the phrasing 'Ihr Ball fliegt direkt auf einen großen Stein' suggests a thrown or rolled ball, but 'Zielen Sie auf einen Seitenschuss' (aim for a side shot) is inconsistent terminology — 'Seitenschuss' is typically used in soccer/football for a side kick, not in ball-rolling sports. The answer option is linguistically mismatched to the sport context.",Ihr Ball rollt direkt auf einen großen Stein in der Mitte der Bahn. Was sollten Sie tun?,"['A. Zielen Sie seitlich, um den Stein zu umgehen', 'B. Verwenden Sie maximale Kraft, um den Stein zu verschieben', 'C. Werfen Sie einen hohen Bogen, um darüber hinwegzukommen', 'D. Lassen Sie den Ball auf den Stein treffen und abprallen']","A. Zielen Sie seitlich, um den Stein zu umgehen"
SBQ,SBQ_Germany.xlsx,Bosseln,"Die Strecke verläuft geradeaus, der Boden ist jedoch uneben und weist Unebenheiten auf. Was ist die beste Strategie?","A. Werfen Sie mit maximaler Geschwindigkeit B. Verwenden Sie einen sanften, kontrollierten Wurf C. Verwenden Sie einen hohen Wurf, um Unebenheiten zu überwinden D. Halten Sie Ihren Wurf gerade","Verwenden Sie einen sanften, kontrollierten Wurf",0,"The question is about a straight but uneven ground and asks for the best strategy, but it does not specify the context (e.g., sport, object being thrown). Without knowing whether this is about throwing a ball in cricket, discus in athletics, or rolling a stone in a game, the question is ambiguous and logically incomplete. The answer 'sanfter, kontrollierter Wurf' may be reasonable in some contexts, but the question fails as a valid MCQ due to lack of context.","Die Strecke verläuft geradeaus, der Boden ist jedoch uneben und weist Unebenheiten auf. Was ist die beste Strategie beim Werfen eines Balles?","['A. Werfen Sie mit maximaler Geschwindigkeit', 'B. Verwenden Sie einen sanften, kontrollierten Wurf', 'C. Verwenden Sie einen hohen Wurf, um Unebenheiten zu überwinden', 'D. Halten Sie Ihren Wurf gerade']","Verwenden Sie einen sanften, kontrollierten Wurf"
SBQ,SBQ_Germany.xlsx,Bosseln,Der Ball fliegt auf eine Wasserpfütze zu. Wie vermeidet man es?,"A. Wirf mit mehr Kraft, um es zu beseitigen B. Zielen Sie auf einen gekrümmten Schuss, um es zu umgehen C. Wirf so hart wie möglich D. Versuchen Sie, auf die Mitte der Pfütze zu zielen","Zielen Sie auf einen gekrümmten Schuss, um es zu umgehen",0,"The question is about a ball rolling toward a puddle, but the options use 'werfen' (throw), which implies an airborne object like a ball being thrown, not rolling. This creates a logical inconsistency. Also, 'Wasserpfütze' (puddle) is typically encountered in ground-based sports like soccer or football, where the ball rolls, not flies. The correct action is to avoid the puddle by curving the ball, but the phrasing of the question and options mismatch the physical context. The verb 'fliegt' (flies) is misleading for a rolling ball in a ground sport.",Der Ball rollt auf eine Wasserpfütze zu. Wie vermeidet man es?,"['Wirf mit mehr Kraft, um es zu beseitigen', 'Zielen Sie auf einen gekrümmten Schuss, um es zu umgehen', 'Wirf so hart wie möglich', 'Versuchen Sie, auf die Mitte der Pfütze zu zielen']","Zielen Sie auf einen gekrümmten Schuss, um es zu umgehen"
SBQ,SBQ_Germany.xlsx,Bosseln,"Sie müssen eine steile Steigung vermeiden, die vor Ihnen liegt. Wie stellst du deinen Wurf ein?","A. Erhöhen Sie Ihre Wurfgeschwindigkeit B. Sanft und präzise werfen C. Verwenden Sie einen hohen, bogenförmigen Wurf D. Zielen Sie auf die Seiten, um der Steigung auszuweichen",Sanft und präzise werfen,0,"The question is in German and refers to avoiding a steep slope ahead, but it lacks context about the sport or activity (e.g., basketball, football, discus, etc.). Without knowing the sport, the question is ambiguous and the answer 'Sanft und präzise werfen' cannot be logically validated as correct. The correct answer assumes a throwing context, but the question does not specify what is being thrown or in what sport.","Sie müssen eine steile Steigung vermeiden, die vor Ihnen liegt, während Sie einen Ball werfen. Wie stellen Sie Ihren Wurf ein?","['A. Erhöhen Sie Ihre Wurfgeschwindigkeit', 'B. Sanft und präzise werfen', 'C. Verwenden Sie einen hohen, bogenförmigen Wurf', 'D. Zielen Sie auf die Seiten, um der Steigung auszuweichen']",B. Sanft und präzise werfen
SBQ,SBQ_Germany.xlsx,Bosseln,Der Ball wird auf einer ebenen Fläche aufgrund der Reibung langsamer. Wie überwinden Sie das?,"A. Wirf härter, um die Reibung zu überwinden B. Verwenden Sie einen sanften, kontrollierten Wurf C. Zielen Sie auf den Rand der Strecke D. Wirf weiter geradeaus","Wirf härter, um die Reibung zu überwinden",0,"The question and answer are factually incorrect. Reibung (friction) cannot be 'overcome' by throwing harder; increasing force only increases initial velocity, not the ability to overcome friction. Friction is a resistive force that depends on surface properties and normal force, not throw strength. The correct physics-based answer would involve reducing friction (e.g., smoother surface) or using a more aerodynamic object, none of which are options. The provided answer 'Wirf härter' is misleading and scientifically wrong.","Der Ball wird auf einer ebenen Fläche aufgrund der Reibung langsamer. Was kann man tun, um die Rollstrecke zu verlängern?","['A. Wirf härter, um die Geschwindigkeit zu erhöhen', 'B. Verwenden Sie einen sanften, kontrollierten Wurf', 'C. Zielen Sie auf den Rand der Strecke', 'D. Wirf weiter geradeaus']","A. Wirf härter, um die Geschwindigkeit zu erhöhen"
SBQ,SBQ_Germany.xlsx,Bosseln,"Ihr Gegner liegt vorne und die Ziellinie ist nah. Was ist Ihre beste Chance, aufzuholen?","A. Mit maximaler Geschwindigkeit werfen B. Verwenden Sie einen präzisen, kontrollierten Wurf C. Konzentrieren Sie sich auf Konsistenz und Genauigkeit D. Verwenden Sie für längere Rollen einen seitlichen Schuss","Verwenden Sie einen präzisen, kontrollierten Wurf",0,"The question is about a sports scenario where the opponent is ahead and the finish line is near, but it does not specify the sport. The options refer to throwing or shooting, which suggests a sport like curling, bowling, or handball, but the context is ambiguous. Without knowing the sport, the question cannot be logically evaluated. Additionally, 'seitlicher Schuss' (side shot) for longer rolls is inconsistent with the other options focused on precise throws, making the options disjointed. The correct answer assumes a throwing sport, but the question lacks clarity.","Ihr Gegner liegt vorne und die Ziellinie ist nah. Was ist Ihre beste Chance, aufzuholen, wenn Sie im Curling spielen?","['A. Mit maximaler Geschwindigkeit werfen', 'B. Verwenden Sie einen präzisen, kontrollierten Wurf', 'C. Konzentrieren Sie sich auf Konsistenz und Genauigkeit', 'D. Verwenden Sie für längere Rollen einen seitlichen Schuss']","B. Verwenden Sie einen präzisen, kontrollierten Wurf"
SBQ,SBQ_Germany.xlsx,Bosseln,"Sie wollen einen weiten Wurf machen, aber der Wind weht stark. Wie erklären Sie sich das?","A. Wirf stärker gegen den Wind B. Passen Sie Ihr Ziel an, um den Wind auszugleichen C. Wirf weiter geradeaus D. Werfen Sie mit maximaler Geschwindigkeit","Passen Sie Ihr Ziel an, um den Wind auszugleichen",1,no mistake,no correction needed,no correction needed,"Passen Sie Ihr Ziel an, um den Wind auszugleichen"
SBQ,SBQ_Germany.xlsx,Bosseln,"Der Ball nähert sich einer scharfen Kurve, aber Sie haben die Kontrolle verloren. Was ist Ihr bester Schachzug?","A. Wirf härter, um die Kontrolle wiederzugewinnen B. Verlangsamen Sie Ihren Wurf und korrigieren Sie Ihr Ziel C. Zielen Sie auf die Außenseite der Kurve D. Halten Sie Ihren Wurf gerade und hoffen Sie auf das Beste",Verlangsamen Sie Ihren Wurf und korrigieren Sie Ihr Ziel,0,"The question refers to 'Der Ball nähert sich einer scharfen Kurve' (the ball is approaching a sharp curve), which implies a ball in motion, likely in a sport like baseball, cricket, or tennis. However, the options use 'Wurf' (throw) and 'Kontrolle verloren' (lost control), suggesting a throwing action. This is inconsistent: a ball approaching a curve is typically the result of a throw or pitch, not something the player is actively controlling mid-flight. The phrasing implies the player is still in the act of throwing, but the scenario describes the ball already in motion. Additionally, the correct answer assumes the player can still adjust their throw after the ball has been released, which is physically impossible. The question misrepresents the physics of throwing and control.","Sie werfen den Ball und er nimmt eine unerwartete scharfe Kurve an. Was ist Ihr bester Schachzug, um die Kontrolle beim nächsten Wurf zu verbessern?","['A. Werfen Sie härter, um die Kontrolle wiederzugewinnen', 'B. Verlangsamen Sie Ihren Wurf und korrigieren Sie Ihr Ziel', 'C. Zielen Sie auf die Außenseite der Kurve', 'D. Halten Sie Ihren Wurf gerade und hoffen Sie auf das Beste']",Verlangsamen Sie Ihren Wurf und korrigieren Sie Ihr Ziel
SBQ,SBQ_Germany.xlsx,Bosseln,"Sie befinden sich in einem Rennen und stehen kurz davor, eine lange Strecke ohne Hindernisse zurückzulegen. Was ist Ihre Strategie?","A. Mit maximaler Kraft werfen B. Kontrollierter Wurf für konstante Geschwindigkeit C. Wirf hart und schnell, um Distanz zu gewinnen D. Verwenden Sie einen hohen Wurf für eine größere Abdeckung",Kontrollierter Wurf für konstante Geschwindigkeit,0,"The question is about a race and running a long distance without obstacles, but the options all refer to 'werfen' (throwing), which is logically inconsistent. Throwing has no relevance to running a race. The scenario and options do not match.","Sie befinden sich in einem Rennen und stehen kurz davor, eine lange Strecke ohne Hindernisse zurückzulegen. Was ist Ihre Strategie für das Laufen?","['A. Mit maximaler Kraft losrennen', 'B. Kontrolliertes Tempo für konstante Geschwindigkeit', 'C. Schnell losrennen, um Distanz zu gewinnen', 'D. Einen hohen Sprung verwenden, um größere Abdeckung zu erreichen']",B. Kontrolliertes Tempo für konstante Geschwindigkeit
SBQ,SBQ_Germany.xlsx,Bosseln,"Ihr Ball nähert sich dem Rand der Bahn. Wie verhindern Sie, dass es ins Aus geht?","A. Zielen Sie auf die am weitesten entfernte Seite der Strecke B. Benutze einen Seitenwurf, um es in Grenzen zu halten C. Um dies zu verhindern, werfen Sie mit maximaler Geschwindigkeit D. Zielen Sie geradeaus und hoffen Sie auf das Beste","Benutze einen Seitenwurf, um es in Grenzen zu halten",0,"The question is ambiguous and lacks context. It mentions 'Ball' and 'Bahn' (track/path) but does not specify the sport. The correct answer refers to a 'Seitenwurf' (side throw), which is relevant in sports like bowling (Kegeln) or possibly handball, but not universally clear. The phrasing 'Ihr Ball nähert sich dem Rand der Bahn' implies a ball rolling on a track, but 'Seitenwurf' is a throwing motion, not a rolling one — creating a logical inconsistency. The question must specify the sport to be valid.","Ihr Ball nähert sich dem Rand der Kegelbahn. Wie verhindern Sie, dass er ins Aus geht?","['A. Zielen Sie auf die am weitesten entfernte Seite der Kegelbahn', 'B. Benutze einen Seitenwurf, um ihn in Grenzen zu halten', 'C. Um dies zu verhindern, werfen Sie mit maximaler Geschwindigkeit', 'D. Zielen Sie geradeaus und hoffen Sie auf das Beste']","Benutze einen Seitenwurf, um ihn in Grenzen zu halten"
SBQ,SBQ_Germany.xlsx,Bosseln,Die vor uns liegende Strecke ist schmal und voller Hindernisse. Was ist die beste Strategie?,"A. Benutze einen schnellen, kraftvollen Wurf, um sie zu beseitigen B. Werfen Sie mit Präzision, um Hindernissen auszuweichen C. Verwenden Sie einen Seitenwurf, um den Hindernissen auszuweichen D. Ignorieren Sie die Hindernisse und werfen Sie normal","Werfen Sie mit Präzision, um Hindernissen auszuweichen",0,"The question is about a narrow and obstacle-filled course, but it does not specify the context (e.g., sport, activity). The options refer to 'werfen' (throwing), which implies a throwing sport like discus, javelin, or baseball. However, in most throwing sports, the athlete does not throw to 'avoid obstacles' — the obstacle is the environment, not the target. This makes the question logically inconsistent. The correct strategy in obstacle avoidance would apply to sports like golf (avoiding trees), curling (navigating stones), or obstacle course racing (not throwing). Since throwing is mentioned, the context must be clarified. The question implies an action (throwing) that does not naturally align with avoiding obstacles in a course.","Die vor uns liegende Strecke ist schmal und voller Hindernisse. Was ist die beste Strategie, um einen Wurf genau ans Ziel zu bringen?","['A. Benutze einen schnellen, kraftvollen Wurf, um die Hindernisse zu überwinden', 'B. Werfen Sie mit Präzision, um Hindernissen auszuweichen', 'C. Verwenden Sie einen Seitenwurf, um den Hindernissen auszuweichen', 'D. Ignorieren Sie die Hindernisse und werfen Sie normal']","Werfen Sie mit Präzision, um Hindernissen auszuweichen"
SBQ,SBQ_Germany.xlsx,Bosseln,Sie müssen windige Bedingungen einwerfen. Was ist der beste Ansatz?,"A. Mit maximaler Kraft werfen B. Kontrolliert werfen und auf den Wind einstellen C. Hoch werfen, um alle Hindernisse zu überwinden D. Wirf schnell, um den Wind zu überwinden",Kontrolliert werfen und auf den Wind einstellen,0,"The question is in German but refers to 'windige Bedingungen einwerfen', which is ambiguous and not standard terminology in sports. 'Einwerfen' typically means 'throw-in' in soccer, but wind conditions are not typically a factor in throw-ins. The context seems to be about throwing in windy conditions (e.g., in American football, discus, or baseball), but the term 'einwerfen' is misleading. The question does not specify the sport, making it logically flawed as a valid MCQ.",Sie müssen bei windigen Bedingungen einen Ball werfen. Was ist der beste Ansatz?,"['A. Mit maximaler Kraft werfen', 'B. Kontrolliert werfen und auf den Wind einstellen', 'C. Hoch werfen, um alle Hindernisse zu überwinden', 'D. Wirf schnell, um den Wind zu überwinden']",B. Kontrolliert werfen und auf den Wind einstellen
SBQ,SBQ_Germany.xlsx,Bosseln,Sie nähern sich einer Kurve mit einer kleinen Lücke zur Begrenzung. Wie gehen Sie mit der Situation um?,"A. Zielen Sie auf die Mitte der Strecke B. Navigieren Sie mit einem gekrümmten Wurf durch die Lücke C. Werfen Sie mit maximaler Kraft, um der Grenze auszuweichen D. Lassen Sie den Ball rollen und hoffen Sie auf das Beste",Navigieren Sie mit einem gekrümmten Wurf durch die Lücke,0,"The question is in German and refers to a scenario involving a curve with a small gap, but it lacks context about the sport or activity (e.g., curling, bowling, or another game involving throwing a ball). Without this context, the question is ambiguous and not factually grounded in any recognized sports rule or technique. The answer choice 'Navigieren Sie mit einem gekrümmten Wurf durch die Lücke' implies a curved throw, which is plausible in curling, but the question does not specify this. The options also mix unrelated actions (e.g., 'Werfen Sie mit maximaler Kraft', 'Lassen Sie den Ball rollen') without clear sport-specific logic.",Sie nähern sich einer Kurve auf einer Curling-Bahn mit einer kleinen Lücke zwischen den Bögen zur Begrenzung. Wie gehen Sie mit der Situation um?,"['A. Zielen Sie auf die Mitte der Strecke', 'B. Navigieren Sie mit einem gekrümmten Wurf durch die Lücke', 'C. Werfen Sie mit maximaler Kraft, um der Grenze auszuweichen', 'D. Lassen Sie den Stein rollen und hoffen Sie auf das Beste']",Navigieren Sie mit einem gekrümmten Wurf durch die Lücke
SBQ,SBQ_Germany.xlsx,Bosseln,Ihr Ball rollt langsam auf einen nassen Bodenfleck zu. Wie stellen Sie sich ein?,"A. Werfen Sie mit maximaler Kraft, um durchzukommen B. Verwenden Sie einen kontrollierten Wurf, um die Geschwindigkeit zu kontrollieren C. Erhöhen Sie den Winkel, um darüber hinwegzuspringen D. Wirf härter, um den Schwung beizubehalten","Verwenden Sie einen kontrollierten Wurf, um die Geschwindigkeit zu kontrollieren",0,"The question mentions 'Ihr Ball rollt langsam auf einen nassen Bodenfleck zu' (Your ball is slowly rolling toward a wet spot), which implies the ball is already in motion and rolling. However, the options all refer to 'Werfen' (throwing) or 'Wirf' (throw), which are actions to initiate motion, not to control an already rolling ball. This is a logical inconsistency — you don't throw a ball that is already rolling toward a spot. The context requires a response to a rolling ball, not a throwing action.",Ihr Ball rollt langsam auf einen nassen Bodenfleck zu. Wie reagieren Sie?,"['A. Werfen Sie mit maximaler Kraft, um durchzukommen', 'B. Verwenden Sie einen kontrollierten Wurf, um die Geschwindigkeit zu kontrollieren', 'C. Erhöhen Sie den Winkel, um darüber hinwegzuspringen', 'D. Wirf härter, um den Schwung beizubehalten']","Verwenden Sie einen kontrollierten Wurf, um die Geschwindigkeit zu kontrollieren"
SBQ,SBQ_Germany.xlsx,Bosseln,Sie haben den letzten Abschnitt des Spiels erreicht. Wie gehst du an deinen letzten Wurf heran?,"A. Mit maximaler Kraft werfen B. Konzentrieren Sie sich auf Genauigkeit und Konsistenz C. Wirf schnell, um schnell fertig zu werden D. Zielen Sie auf die entfernteste Seite, um Abstand zu gewährleisten",Konzentrieren Sie sich auf Genauigkeit und Konsistenz,1,no mistake,no correction needed,no correction needed,Konzentrieren Sie sich auf Genauigkeit und Konsistenz
SBQ,SBQ_Germany.xlsx,Bosseln,"Die Strecke weist eine Steigung auf. Wie modifizieren Sie Ihren Wurf, um ihn anzupassen?","A. Erhöhen Sie Ihre Wurfgeschwindigkeit B. Verwenden Sie einen langsameren, kontrollierten Wurf C. Zielen Sie auf die Seite, um der Steigung auszuweichen D. Verwenden Sie einen steilen Wurf","Verwenden Sie einen langsameren, kontrollierten Wurf",0,"The question is ambiguous and lacks context. It mentions 'die Strecke' (the course/track) and 'Wurf' (throw), but does not specify the sport or scenario (e.g., discus, javelin, basketball, etc.). Without context, it's unclear what kind of 'Steigung' (slope) is meant or how a throw is being performed on it. The correct answer 'Verwenden Sie einen langsameren, kontrollierten Wurf' implies a controlled throwing motion, which may be valid for some sports like javelin on an uphill slope, but the question as written is not logically complete for a valid MCQ.","Beim Javelinwurf auf einer ansteigenden Strecke: Wie modifizieren Sie Ihren Wurf, um die Steigung zu berücksichtigen?","['A. Erhöhen Sie Ihre Wurfgeschwindigkeit', 'B. Verwenden Sie einen langsameren, kontrollierten Wurf', 'C. Zielen Sie auf die Seite, um der Steigung auszuweichen', 'D. Verwenden Sie einen steilen Wurf']","B. Verwenden Sie einen langsameren, kontrollierten Wurf"
SBQ,SBQ_Germany.xlsx,Bosseln,Ihr Ball nähert sich einem spitzen Stein auf der Bahn. Was ist die beste Strategie?,"A. Wirf hart, um daran vorbeizukommen B. Zielen Sie auf den Stein und hoffen Sie, dass er abprallt C. Verwenden Sie einen Seitenwurf, um dem Stein auszuweichen D. Werfen Sie mit maximaler Geschwindigkeit, um es zu löschen","Verwenden Sie einen Seitenwurf, um den Stein zu vermeiden",0,"The question refers to 'Ihr Ball' (your ball) approaching a sharp stone on the 'Bahn' (lane), which implies a bowling or similar sport context, but the options use verbs like 'werfen' (throw) and 'Seitenwurf' (side throw), which are inconsistent with typical bowling terminology (where you roll, not throw, the ball). Also, the correct answer in the prompt says 'den Stein zu vermeiden' but the option C says 'dem Stein auszuweichen' — grammatically inconsistent. The phrase 'löschen' (delete/extinguish) in option D is nonsensical in this context. The question lacks clarity on the sport and uses inconsistent terminology.","Ihr Ball nähert sich einem spitzen Stein auf der Bahn. Was ist die beste Strategie, um den Stein zu umgehen?","['A. Werfen Sie hart, um daran vorbeizukommen', 'B. Zielen Sie auf den Stein und hoffen Sie, dass er abprallt', 'C. Verwenden Sie einen Seitenwurf, um dem Stein auszuweichen', 'D. Werfen Sie mit maximaler Geschwindigkeit, um ihn zu zerstören']","C. Verwenden Sie einen Seitenwurf, um dem Stein auszuweichen"
SBQ,SBQ_Germany.xlsx,Bosseln,Der Ball geht zu einem flachen Bad in den Boden. Wie passen Sie Ihren Wurf an?,"A. Werfen Sie härter, um daran vorbei zu kommen B. Verwenden Sie einen sanften, kontrollierten Wurf C. Wirf hoch, um den Dip zu löschen D. Ziehen Sie die Seite an, um sie zu vermeiden","Verwenden Sie einen sanften, kontrollierten Wurf",0,"The question contains a non-sequitur: 'flachen Bad in den Boden' is not a recognized baseball or sports term in German. It appears to be a mistranslation or misphrasing. 'Bad' means 'bath' in German, which is nonsensical in a sports context. The intended term is likely 'Boden' (ground) with a bounce or hop, such as 'flacher Bounce' or 'flacher Sprung'. The question as written is not factually or logically valid for a sports MCQ.",Der Ball geht zu einem flachen Bounce auf den Boden. Wie passen Sie Ihren Wurf an?,"['A. Werfen Sie härter, um daran vorbei zu kommen', 'B. Verwenden Sie einen sanften, kontrollierten Wurf', 'C. Wirf hoch, um den Bounce zu überwinden', 'D. Ziehen Sie die Seite an, um ihn zu vermeiden']","B. Verwenden Sie einen sanften, kontrollierten Wurf"
SBQ,SBQ_Germany.xlsx,Bosseln,"Der Wind ist gegen Ihren Wurf gebohrt. Wie verhindern Sie, dass Sie Ihren Schuss stören?","A. Mit maximaler Kraft werfen B. Passen Sie Ihr Ziel an, den Wind auszugleichen C. Wirf weiter geradeaus D. Beschleunigen Sie Ihren Wurf, um den Wind zu vermeiden","Passen Sie Ihr Ziel an, den Wind auszugleichen",0,"The question contains a factual and linguistic error: 'Der Wind ist gegen Ihren Wurf gebohrt' is not idiomatic German. 'Gebohrt' (drilled) is incorrect in this context; the intended meaning is likely 'gegen den Wurf wirkt' (acting against the throw). Additionally, 'Schuss' (shot) is inconsistent with 'Wurf' (throw) — this is a throwing context (e.g., javelin, discus), not a shooting one. The options also mix terms ('Schuss' vs 'Wurf'), creating confusion.","Der Wind wirkt gegen Ihren Wurf. Wie verhindern Sie, dass der Wind Ihren Wurf beeinträchtigt?","['A. Mit maximaler Kraft werfen', 'B. Passen Sie Ihr Ziel an, den Wind auszugleichen', 'C. Werfen Sie weiter geradeaus', 'D. Beschleunigen Sie Ihren Wurf, um den Wind zu überwinden']","Passen Sie Ihr Ziel an, den Wind auszugleichen"
SBQ,SBQ_Germany.xlsx,Bosseln,"Die letzte Strecke ist ein gerader Weg, aber Ihr Ball rollt vom Kurs ab. Was machst du?","A. Werfen Sie härter, um es zu korrigieren B. Zielen Sie auf die Mitte der Strecke ab, um sie zurück zu steuern C. Verwenden Sie einen gekrümmten Wurf, um ihn wieder auf den richtigen Weg zu bringen D. Lass es rollen und hoffen auf das Beste","Zielen Sie auf die Mitte der Strecke ab, um sie zurück zu steuern",0,"The question is not factually or logically correct because it describes a ball rolling off course on a straight path in what appears to be a sport like golf or bocce, but the suggested actions (throwing harder, using a curved throw) are inconsistent with rolling sports where throwing is not the primary action. The correct answer assumes steering a ball back by aiming, which implies control during roll — but the question does not specify the sport or mechanism of control. The options mix 'werfen' (throw) with 'rollen' (roll), creating logical inconsistency.","Die letzte Strecke ist ein gerader Weg, aber Ihr Ball rollt vom Kurs ab. Was tun Sie, um ihn wieder auf den Kurs zu bringen?","['A. Werfen Sie härter, um ihn zu korrigieren', 'B. Zielen Sie auf die Mitte der Strecke ab, um ihn zurückzulenken', 'C. Verwenden Sie einen gekrümmten Wurf, um ihn wieder auf den richtigen Weg zu bringen', 'D. Lassen Sie ihn rollen und hoffen auf das Beste']","B. Zielen Sie auf die Mitte der Strecke ab, um ihn zurückzulenken"
SBQ,SBQ_Germany.xlsx,Bosseln,Die Strecke ist nach dem Regen schlammig und Ihr Ball verliert den Schwung. Wie passen Sie Ihren Wurf an?,"A. Sich härter machen, um durchzuführen B. Verwenden Sie einen kontrollierten, präzisen Wurf C. Ziel auf die Seite der Strecke D. Wirf schneller, um den Schlamm zu überwinden","Verwenden Sie einen kontrollierten, präzisen Wurf",1,no mistake,no correction needed,no correction needed,"Verwenden Sie einen kontrollierten, präzisen Wurf"
SBQ,SBQ_Germany.xlsx,Bosseln,"Sie sind an der Spitze, nähern sich aber einer schwierigen Wendung. Was ist Ihre Strategie?","A. Verlangsamen Sie und nehmen Sie die Kurve vorsichtig ab B. Beschleunigen Sie, um Ihren Vorsprung beizubehalten C. Ignoriere die Wende und ziele gerade D. Verwenden Sie einen hohen Bogen, um es zu löschen",Verlangsamen Sie und nehmen Sie die Kurve vorsichtig ab,0,"The question is in German and appears to be about driving or racing strategy, but it lacks context — it does not specify the sport or scenario (e.g., car racing, cycling, skiing). Without this, the question is ambiguous and not a valid sports MCQ. Additionally, option D ('Verwenden Sie einen hohen Bogen, um es zu löschen') is nonsensical ('um es zu löschen' = 'to delete it'), making it invalid. The correct answer is logically sound, but the question and options need minimal clarification and correction to be valid.",Sie sind im Rennwagen an der Spitze und nähern sich einer schwierigen Kurve. Was ist Ihre Strategie?,"['A. Verlangsamen Sie und nehmen Sie die Kurve vorsichtig ab', 'B. Beschleunigen Sie, um Ihren Vorsprung beizubehalten', 'C. Ignorieren Sie die Kurve und fahren Sie geradeaus', 'D. Nehmen Sie einen weiten Bogen, um die Kurve sicher zu nehmen']",A. Verlangsamen Sie und nehmen Sie die Kurve vorsichtig ab
SBQ,SBQ_Germany.xlsx,Bosseln,Ihr Ball nähert sich einer scharfen Kurve und Sie müssen eine schnelle Entscheidung treffen. Was machst du?,"A. Wirf hart, um die Kurve zu räumen B. Verwenden Sie einen gekrümmten Wurf, um ihn zu navigieren C. Ziel ist die am weitesten D. Versuchen Sie, eine gerade Linie einzuwerfen","Verwenden Sie einen gekrümmten Wurf, um ihn zu navigieren",0,"The question is about a ball approaching a sharp curve, but it does not specify the sport. The term 'Wurf' (throw) and 'Kurve' (curve) suggest a ball game like baseball, cricket, or bowling, but the context is ambiguous. The correct answer 'Verwenden Sie einen gekrümmten Wurf, um ihn zu navigieren' implies a curved throw to navigate the curve, which is only logically valid in sports like baseball (curveball) or cricket (spin), but the question does not mention the sport or the nature of the curve (e.g., field curve, ball trajectory). This makes the question misleading and not a valid MCQ without context.","Ihr Ball nähert sich einer scharfen Kurve auf dem Feld und Sie müssen eine schnelle Entscheidung treffen, um ihn präzise zu steuern. Was machen Sie?","['A. Werfen Sie hart, um die Kurve zu räumen', 'B. Verwenden Sie einen gekrümmten Wurf, um ihn zu navigieren', 'C. Ziel auf den am weitesten entfernten Punkt', 'D. Versuchen Sie, eine gerade Linie einzuwerfen']","Verwenden Sie einen gekrümmten Wurf, um ihn zu navigieren"
SBQ,SBQ_Germany.xlsx,Bosseln,Der Wind weht von der Seite und lässt Ihren Ball driften. Was ist Ihre beste Strategie?,"A. Wirf hart, um dem Wind entgegenzuwirken B. Passen Sie Ihr Ziel an, den Wind zu berücksichtigen C. Werfen Sie gerade und hoffe, es bleibt auf dem richtigen Weg D. Wurf schnell, um den Wind zu vermeiden","Passen Sie Ihr Ziel an, den Wind zu berücksichtigen",1,no mistake,no correction needed,no correction needed,"Passen Sie Ihr Ziel an, den Wind zu berücksichtigen"
SBQ,SBQ_Germany.xlsx,Bosseln,"Die Ziellinie ist in Sicht, aber die Strecke ist eng. Was ist Ihre beste Vorgehensweise?","A. Ziel auf die Mitte der Strecke B. Wirf schnell um, um schnell fertig zu werden C. Verwenden Sie einen gekrümmten Wurf, um auf der Spur zu bleiben D. Halten Sie Ihren Wurf gerade","Verwenden Sie einen gekrümmten Wurf, um auf der Spur zu bleiben",0,"The question is about a race or sport scenario where the finish line is in sight and the track is narrow, but the options refer to 'Wurf' (throw), which is inconsistent with a running or racing context. Throwing does not logically apply to reaching a finish line on a narrow track. The scenario implies a physical movement like running or navigating, not throwing. This makes the question factually and logically flawed.","Die Ziellinie ist in Sicht, aber die Strecke ist eng. Was ist Ihre beste Vorgehensweise?","['A. Ziel auf die Mitte der Strecke', 'B. Beschleunigen Sie schnell, um schnell fertig zu werden', 'C. Nehmen Sie eine leichte Kurve, um auf der Spur zu bleiben', 'D. Halten Sie Ihre Linie gerade']","C. Nehmen Sie eine leichte Kurve, um auf der Spur zu bleiben"
SBQ,SBQ_Germany.xlsx,Bosseln,Ihr Ball nähert sich einem schmalen Abschnitt der Strecke mit Hindernissen voraus. Was sollten Sie tun?,"A. Mit maximaler Geschwindigkeit werfen B. Verwenden Sie einen kontrollierten, präzisen Wurf C. Ziel ist die Mitte, die Hindernisse zu beseitigen D. Wirf hoch, um sie zu vermeiden","Verwenden Sie einen kontrollierten, präzisen Wurf",1,no mistake,no correction needed,no correction needed,"Verwenden Sie einen kontrollierten, präzisen Wurf"
SBQ,SBQ_Germany.xlsx,Bosseln,Du bist nahe am Ende und dein Ball rollt zu langsam. Wie beheben Sie das?,"A. Werfen Sie härter, um die Geschwindigkeit wiederzugewinnen B. Verwenden Sie einen High-Bogen-Wurf, um mehr Entfernung abzudecken C. Mit maximaler Kraft werfen D. Ziel auf die Mitte der Strecke","Werfen Sie härter, um die Geschwindigkeit wiederzugewinnen",0,"The question is not logically consistent with a typical sports context. The phrasing 'Du bist nahe am Ende und dein Ball rollt zu langsam' suggests a rolling ball (e.g., in bowling or curling), but the answer options refer to 'werfen' (throwing), which is inconsistent. Rolling and throwing are different physical actions. The correct action for a slow-rolling ball is not to throw it harder, but to adjust the roll or delivery. The provided answer is therefore factually incorrect in context.",Du bist nahe am Ende und dein Ball rollt zu langsam. Wie beheben Sie das?,"['Drücken Sie den Ball mit mehr Kraft beim Abstoß', 'Verwenden Sie einen High-Bogen-Wurf, um mehr Entfernung abzudecken', 'Werfen Sie mit maximaler Kraft', 'Ziel auf die Mitte der Strecke']",Drücken Sie den Ball mit mehr Kraft beim Abstoß
SBQ,SBQ_Germany.xlsx,Bosseln,Ihr Ball verlangsamt sich auf einem langen Abschnitt aus flachem Gelände. Was machst du?,"A. Werfen Sie härter, um die Geschwindigkeit wiederzugewinnen B. Ziehen C. Werfen Sie mit weniger Kraft, um es zu kontrollieren D. Erhöhen Sie den Winkel Ihres Wurfs","Werfen Sie härter, um die Geschwindigkeit wiederzugewinnen",0,"The question describes a ball slowing down on flat terrain, which implies a need to maintain or regain momentum. However, the provided correct answer ('Werfen Sie härter, um die Geschwindigkeit wiederzugewinnen') is logically inconsistent with the context: if the ball is already in motion and slowing due to friction or terrain, throwing it harder again does not make sense — you would not 'werfen' (throw) a ball that is already rolling. The correct action in real sports like Kubb, Boules, or similar lawn games is to adjust the force of the push/roll, not to re-throw. The option 'Ziehen' (pull) is also misleading in this context. The most plausible correct answer should be 'Werfen Sie mit weniger Kraft, um es zu kontrollieren' if the ball is rolling too fast initially, but here it's slowing — so the intended logic is flawed. The question confuses throwing with rolling. In lawn sports, balls are rolled, not thrown, on flat terrain. Thus, the entire premise is factually incorrect.",Ihr Ball verliert an Geschwindigkeit auf einem langen Abschnitt aus flachem Gelände. Was tun Sie?,"['A. Werfen Sie härter, um die Geschwindigkeit wiederzugewinnen', 'B. Ziehen Sie den Ball zurück', 'C. Rollen Sie ihn mit mehr Kraft weiter', 'D. Erhöhen Sie den Winkel Ihrer Bewegung']",C. Rollen Sie ihn mit mehr Kraft weiter
SBQ,SBQ_Germany.xlsx,Bosseln,"Sie nähern sich einer scharfen Kurve, aber im Weg ist ein großer Stein. Wie vermeiden Sie es?","A. Verwenden Sie einen Seitenschuss, um den Stein zu räumen B. Wirf hart und hoffe, es zu klären C. Ziehen Sie die Seite der Strecke ab, um sie zu vermeiden D. Lass den Ball den Stein schlagen und springen","Verwenden Sie einen Seitenschuss, um den Stein zu räumen",0,"The question is about avoiding a stone while approaching a sharp curve, but the context is unclear and not sports-specific. The options refer to actions like 'Seitenschuss' (side shot) and 'Ball', suggesting a ball sport (e.g., football/soccer), yet the scenario of a stone on the field is unrealistic and not standard in any recognized sport. The correct answer option A implies an action that is not a standard or safe technique in any sport — you don't 'clear a stone with a side shot' in soccer. The entire scenario is factually and logically flawed.","Sie nähern sich einer scharfen Kurve im Fußballfeld, und ein Gegenspieler blockiert Ihren Weg. Wie vermeiden Sie ihn?","['A. Verwenden Sie einen Seitenschuss, um an ihm vorbeizukommen', 'B. Wirf hart und hoffe, ihn zu überholen', 'C. Ziehen Sie die Seite der Strecke ab, um ihn zu umgehen', 'D. Lassen Sie den Ball den Gegenspieler berühren und springen']","A. Verwenden Sie einen Seitenschuss, um an ihm vorbeizukommen"
SBQ,SBQ_Germany.xlsx,Bosseln,"Ihr Gegner hat ihren Ball nach vorne geworfen, aber es gibt einen starken Gegenwind. Wie gehen Sie damit um?","A. Wirf mit zusätzlicher Kraft, um gegen den Wind zu kämpfen B. Mit einem höheren Bogen werfen, um den Wind zu bekämpfen C. Werfen Sie mit Präzision, um den Ball niedrig zu halten D. Verlangsamen Sie Ihren Wurf, um den Wind einzustellen","Mit einem höheren Bogen werfen, um den Wind zu bekämpfen",0,"The question contains a grammatical and logical error: 'Ihr Gegner hat ihren Ball nach vorne geworfen' uses inconsistent pronouns ('Ihr Gegner' is masculine, 'ihren Ball' is feminine). Also, the scenario describes the opponent throwing the ball, but the question asks 'Wie gehen Sie damit um?' — implying the respondent is the one who must respond to the throw, which is unclear in context. The answer choice is correct in physics (higher arc to combat wind), but the question does not clearly establish the respondent's role.","Sie werfen Ihren Ball nach vorne, aber es gibt einen starken Gegenwind. Wie gehen Sie damit um?","['Wirf mit zusätzlicher Kraft, um gegen den Wind zu kämpfen', 'Mit einem höheren Bogen werfen, um den Wind zu bekämpfen', 'Werfen Sie mit Präzision, um den Ball niedrig zu halten', 'Verlangsamen Sie Ihren Wurf, um den Wind einzustellen']","Mit einem höheren Bogen werfen, um den Wind zu bekämpfen"
SBQ,SBQ_Germany.xlsx,Bosseln,"Die Strecke ist klar, aber die Oberfläche ist eisig. Was ist Ihre Strategie zum Werfen?","A. Mit maximaler Leistung zum Schieben werfen B. Verwenden Sie einen kontrollierten, sanften Wurf C. Erhöhen Sie den Winkel Ihres Wurfs D. Wirf geradeaus und hoffe auf das Beste","Verwenden Sie einen kontrollierten, sanften Wurf",1,no mistake,no correction needed,no correction needed,"Verwenden Sie einen kontrollierten, sanften Wurf"
SBQ,SBQ_Germany.xlsx,Bosseln,"Der Ball nähert sich einer kleinen Beule in der Strecke. Was ist der beste Weg, um damit umzugehen?","A. Verwenden Sie einen hohen Bogen, um es zu löschen B. Wirf mit voller Geschwindigkeit, um daran vorbei zu kommen C. Verwenden Sie eine Seitenaufnahme, um es zu umgehen D. Verlangsamen Sie Ihren Wurf und zielen Sie sorgfältig ab",Verlangsamen Sie Ihren Wurf und zielen Sie sorgfältig ab,0,"The question is about a ball approaching a bump in a 'Strecke' (track/line), but the context is unclear. It appears to be about sports, likely baseball, cricket, or similar, but the options use inconsistent terminology: 'löschen' (delete), 'werfen' (throw), 'Seitenaufnahme' (side capture) — none are standard sports terms. 'Seitenaufnahme' is particularly nonsensical in this context. The correct answer implies careful aiming, but the question doesn't specify the sport or the action being performed (e.g., throwing, batting, rolling). The phrasing is ambiguous and unprofessional for a sports MCQ.","Der Ball nähert sich einer kleinen Unebenheit auf der Bahn. Was ist der beste Weg, um den Ball sicher über sie zu bringen?","['A. Werfen Sie mit einem hohen Bogen, um sie zu überfliegen', 'B. Werfen Sie mit voller Geschwindigkeit, um daran vorbeizukommen', 'C. Verwenden Sie eine seitliche Bewegung, um sie zu umgehen', 'D. Verlangsamen Sie Ihren Wurf und zielen Sie sorgfältig ab']",Verlangsamen Sie Ihren Wurf und zielen Sie sorgfältig ab
SBQ,SBQ_Germany.xlsx,Bosseln,"Ihr Ball ist kurz davor, eine große Pfütze zu treffen, aber Sie haben nicht viel Zeit. Was machst du?","A. An die Mitte der Pfütze abzielen B. Wirf es hart, um es zu überspringen C. Ziehen Sie einen Seitenaufnahme an, um es zu vermeiden D. Halten Sie den Ball gerade und hoffen Sie auf das Beste","Ziehen Sie einen Seitenaufnahme an, um es zu vermeiden",0,"The question is about a ball about to hit a puddle, but the context is unclear — it does not specify the sport. The correct answer 'Ziehen Sie einen Seitenaufnahme an, um es zu vermeiden' (Perform a side swipe to avoid it) is not a standard or logical action in any common sport for avoiding a puddle. 'Seitenaufnahme' is not a recognized sports term; it may be a mistranslation or misinterpretation of 'side step' or 'sidestep'. The options are inconsistent with real sports mechanics. The scenario lacks context and the answer is factually incorrect.","Ihr Ball ist kurz davor, eine große Pfütze zu treffen, aber Sie haben nicht viel Zeit. Was tun Sie, um den Ball trocken zu halten?","['A. An die Mitte der Pfütze abzielen', 'B. Werfen Sie es hart, um es zu überspringen', 'C. Machen Sie einen Seitenschritt, um es zu vermeiden', 'D. Halten Sie den Ball gerade und hoffen Sie auf das Beste']","C. Machen Sie einen Seitenschritt, um es zu vermeiden"
SBQ,SBQ_Germany.xlsx,Bosseln,Du bist mitten in einem Spiel und es gibt einen plötzlichen Windböe. Wie passen Sie sich an?,"A. Wirf härter, um dem Wind entgegenzuwirken B. Passen Sie Ihren Wurf an, um die Seite anzustreben C. Mit weniger Kraft werfen, um Abweichungen zu verhindern D. Ändern Sie Ihre Haltung, um den Wind zu blockieren","Passen Sie Ihren Wurf an, um die Seite anzustreben",0,"The question is in German but refers to a sport context (wind effect on throwing) without specifying the sport. This makes it ambiguous. For example, in baseball, cricket, or American football, adjusting aim into the wind is common, but 'Wurf' (throw) is too generic. Also, the correct answer implies lateral adjustment ('die Seite anzustreben') which is correct for wind, but the question lacks context to validate the logic. The options are grammatically correct but the question needs a specific sport to be factually sound.",Du bist mitten in einem Baseball-Spiel und es gibt eine plötzliche Windböe. Wie passen Sie sich an?,"['A. Wirf härter, um dem Wind entgegenzuwirken', 'B. Passen Sie Ihren Wurf an, um die Seite anzustreben', 'C. Mit weniger Kraft werfen, um Abweichungen zu verhindern', 'D. Ändern Sie Ihre Haltung, um den Wind zu blockieren']","Passen Sie Ihren Wurf an, um die Seite anzustreben"
SBQ,SBQ_Germany.xlsx,Bosseln,Sie stehen vor einem schwierigen Hindernis auf der Vorderseite. Was ist Ihre beste Vorgehensweise?,"A. Wirf hart durch, um es durchzuführen B. Verwenden Sie einen Seitenwurf, um ihn zu umgehen C. Wirf hoch, um es zu klären D. Zielen Sie auf die Lücke und gehen Sie das Risiko ein","Verwenden Sie einen Seitenwurf, um ihn zu umgehen",0,"The question is in German and refers to a sports context, but it is ambiguous and lacks specificity. 'Ein schwieriges Hindernis auf der Vorderseite' could apply to many sports (e.g., basketball, handball, soccer), and the options describe throwing actions without clarifying the sport or scenario. This makes it logically incomplete as a valid MCQ. Additionally, the correct answer 'Verwenden Sie einen Seitenwurf, um ihn zu umgehen' implies a sport where side throws are strategic (e.g., handball), but the question does not specify this.",Sie stehen vor einem schwierigen Hindernis auf der Vorderseite im Handball. Was ist Ihre beste Vorgehensweise?,"['A. Wirf hart durch, um es durchzuführen', 'B. Verwenden Sie einen Seitenwurf, um ihn zu umgehen', 'C. Wirf hoch, um es zu klären', 'D. Zielen Sie auf die Lücke und gehen Sie das Risiko ein']","Verwenden Sie einen Seitenwurf, um ihn zu umgehen"
SBQ,SBQ_Germany.xlsx,Bosseln,Das Terrain vor uns ist ungleichmäßig mit mehreren kleinen Hügeln. Wie passen Sie Ihren Wurf an?,"A. Verwenden Sie einen hohen Bogenwurf, um sie zu klären B. Werfen Sie mit mehr Kraft, um über sie hinwegzukommen C. Mit Genauigkeit zwischen ihnen landen D. Erhöhen Sie Ihr Ziel, den Hügeln zu vermeiden","Verwenden Sie einen hohen Bogenwurf, um sie zu klären",1,no mistake,no correction needed,no correction needed,"Verwenden Sie einen hohen Bogenwurf, um sie zu klären"
SBQ,SBQ_Germany.xlsx,Bosseln,"Du rast bis zum Ziel, aber die letzte Strecke ist bergab. Wie gehen Sie damit um?","A. Mit maximaler Leistung zum Aufbau von Geschwindigkeit werfen B. Langsame deinen Wurf, um den Ball zu kontrollieren C. Verwenden Sie einen Seitenwurf, um zu verhindern, dass die Kontrolle über die Kontrolle liegt D. Werfen Sie härter, um den Abzug zu vermeiden","Langsame deinen Wurf, um den Ball zu kontrollieren",0,"The question is in German but contains grammatical and syntactical errors. The provided answer 'Langsame deinen Wurf, um den Ball zu kontrollieren' is grammatically incorrect (should be 'Langsam deinen Wurf...' or better 'Gehen Sie langsam mit Ihrem Wurf um...'). The options are poorly phrased, inconsistent in grammar, and option C is redundant ('Kontrolle über die Kontrolle'). The question also lacks clarity in context — it's unclear what sport or action is being referred to (e.g., handball, basketball, etc.).","Du rast bis zum Ziel, aber die letzte Strecke ist bergab. Wie verhältst du dich beim Wurf?","['A. Mit maximaler Leistung zum Aufbau von Geschwindigkeit werfen', 'B. Langsam deinen Wurf ausführen, um den Ball zu kontrollieren', 'C. Einen Seitenwurf verwenden, um die Kontrolle zu behalten', 'D. Härter werfen, um den Abzug zu vermeiden']","B. Langsam deinen Wurf ausführen, um den Ball zu kontrollieren"
SBQ,SBQ_Germany.xlsx,Bosseln,"Die Strecke ist gerade, aber Ihr Ball dreht sich zur Seite. Was machst du?","A. Wirf es härter, es auf dem richtigen Weg zu halten B. Verwenden Sie einen Seitenwurf, um seinen Weg zu korrigieren C. Zielen Sie auf die Mitte der Strecke ab, um sie zurück zu steuern D. Wurf schnell, um die Kontrolle zurückzugewinnen","Verwenden Sie einen Seitenwurf, um seinen Weg zu korrigieren",0,"The question is about a ball spinning sideways on a straight path, which suggests a throwing or bowling context, but the options use inconsistent or incorrect terminology. 'Wirf es härter' (throw it harder) and 'Wurf schnell' (throw fast) are not appropriate for correcting spin — they are unrelated to spin control. 'Zielen Sie auf die Mitte' (aim at the center) doesn't address spin correction. The correct answer 'Verwenden Sie einen Seitenwurf' (use a sidearm throw) is misleading because a sidearm throw is a release style, not a correction technique for spin. The intended concept is likely about adjusting grip or wrist action to correct spin, not changing the throwing style. The question and options lack technical accuracy for sports mechanics.","Die Strecke ist gerade, aber Ihr Ball dreht sich zur Seite. Was tun Sie, um die Flugbahn zu korrigieren?","['A. Werfen Sie härter, um den Ball auf Kurs zu halten', 'B. Verwenden Sie einen Seitenwurf, um die Richtung zu ändern', 'C. Passen Sie Ihre Grifftechnik an, um die Drehung zu kompensieren', 'D. Werfen Sie schneller, um die Kontrolle zurückzugewinnen']","C. Passen Sie Ihre Grifftechnik an, um die Drehung zu kompensieren"
SBQ,SBQ_Germany.xlsx,Bosseln,"Sie bemerken, dass die Spur vor uns eine scharfe Kurve hat. Was ist der beste Weg, um sich daran zu nähern?","A. Wirf schneller, um durch die Kurve zu kommen B. Verwenden Sie einen Seitenwurf, um durch die Kurve zu navigieren C. Langsame deinen Wurf und ziele sorgfältig ab D. Halten Sie Ihren Wurf direkt durch die Kurve","Verwenden Sie einen Seitenwurf, um durch die Kurve zu navigieren",0,"The question and options are about throwing ('Wurf') in the context of a track with a sharp curve, which is logically inconsistent. Throwing is not a method to navigate a curve on a track; this appears to be a mistranslation or misapplication of a sports scenario, likely intended for discus, frisbee, or similar, but phrased as if it's about movement on a track. The correct context should be about driving or running, not throwing.","Sie bemerken, dass die Strecke vor uns eine scharfe Kurve hat. Was ist der beste Weg, um sich daran zu nähern?","['A. Beschleunigen Sie, um schneller durch die Kurve zu kommen', 'B. Verwenden Sie einen Seitenwechsel, um durch die Kurve zu navigieren', 'C. Verlangsamen Sie Ihre Geschwindigkeit und fahren Sie sorgfältig', 'D. Halten Sie Ihre Geschwindigkeit konstant und fahren Sie direkt durch die Kurve']",C. Verlangsamen Sie Ihre Geschwindigkeit und fahren Sie sorgfältig
SBQ,SBQ_Germany.xlsx,Bosseln,Der Ball nähert sich einem großen Felsen. Wie vermeiden Sie es zu treffen?,"A. Werfen Sie mit maximaler Geschwindigkeit, um es zu löschen B. Verwenden Sie einen Seitenschuss, um um ihn herum zu steuern C. Werfen Sie höher, um darüber nachzugehen D. Lassen Sie den Ball den Stein schlagen und springen","Verwenden Sie einen Seitenschuss, um um ihn herum zu steuern",0,"The question is factually incorrect and logically flawed because a 'large rock' (großer Felsen) is not a typical obstacle in sports ball games. The scenario is unrealistic in any standard sport context (e.g., soccer, basketball, tennis). Additionally, the correct answer implies a ' Seitenschuss' (side shot), which is a term from soccer, but the context of avoiding a rock is nonsensical in that sport. The question fails as a valid MCQ because it describes an impossible or absurd situation not grounded in real sports rules or physics.","Der Ball nähert sich einem Hindernis auf dem Spielfeld. Wie vermeiden Sie es, ihn daran vorbeizuspielen?","['A. Werfen Sie mit maximaler Geschwindigkeit, um es zu überwinden', 'B. Verwenden Sie einen Seitenschuss, um um es herum zu spielen', 'C. Werfen Sie höher, um darüber hinwegzuspielen', 'D. Lassen Sie den Ball gegen das Hindernis prallen und springen']","B. Verwenden Sie einen Seitenschuss, um um es herum zu spielen"
SBQ,SBQ_Germany.xlsx,Bosseln,"Der Vorgang ist eine lange, gerade Strecke, aber der Boden ist rau. Wie passen Sie Ihren Wurf an?","A. Werfen Sie mit Präzision, um die Kontrolle aufrechtzuerhalten B. Wirf härter, um den Ball am Laufen zu halten C. Mit einem höheren Bogen werfen, um Unebenheiten zu vermeiden D. Erhöhen Sie die Geschwindigkeit, um durchzuführen","Werfen Sie mit Präzision, um die Kontrolle aufrechtzuerhalten",0,"The question is about a sporting context (throwing), but the scenario described ('lange, gerade Strecke, aber der Boden ist rau') is ambiguous and not clearly tied to any standard sport. The correct answer ('Werfen Sie mit Präzision, um die Kontrolle aufrechtzuerhalten') is logically reasonable, but the other options are poorly worded and inconsistent in structure (e.g., 'Wirf härter' is informal imperative, while others are formal). Also, the correct answer is not the most physically accurate for a rough ground — a higher arc would better avoid uneven terrain. The question needs clarification and option standardization.","Der Vorgang findet auf einer langen, geraden, aber rauen Strecke statt. Wie passen Sie Ihren Wurf an, um den Ball über Unebenheiten zu bringen?","['A. Werfen Sie mit Präzision, um die Kontrolle aufrechtzuerhalten', 'B. Werfen Sie härter, um den Ball am Boden zu halten', 'C. Werfen Sie mit einem höheren Bogen, um Unebenheiten zu vermeiden', 'D. Erhöhen Sie die Wurfgeschwindigkeit, um den Ball durchzuführen']","C. Werfen Sie mit einem höheren Bogen, um Unebenheiten zu vermeiden"
SBQ,SBQ_Germany.xlsx,Bosseln,"Sie nähern sich einem Hügel, aber Ihr Ball rollt zu schnell. Wie verlangsamst du es?","A. Werfen Sie weicher, um die Geschwindigkeit zu reduzieren B. Wirf die Steigung härter, um die Steigung zu überwinden C. Ziel auf die Seite der Strecke D. Lassen Sie den Ball natürlich langsam verlangsamen","Werfen Sie weicher, um die Geschwindigkeit zu reduzieren",0,"The question uses 'Werfen' (to throw) which is incorrect for a ball rolling toward a hill in a sport like curling or bocce. The action should be 'spielen' (to play/roll) or 'lassen' (to let roll), not 'werfen'. Also, option B incorrectly says 'Wirf die Steigung härter' which is nonsensical — you don't throw the slope. The context implies a rolling ball, not a thrown one.","Sie nähern sich einem Hügel, aber Ihr Ball rollt zu schnell. Wie verlangsamen Sie ihn?","['A. Spielen Sie weicher, um die Geschwindigkeit zu reduzieren', 'B. Spielen Sie härter, um die Steigung zu überwinden', 'C. Ziel auf die Seite der Strecke', 'D. Lassen Sie den Ball natürlich langsam verlangsamen']","A. Spielen Sie weicher, um die Geschwindigkeit zu reduzieren"
SBQ,SBQ_Germany.xlsx,Bosseln,"Die Ziellinie liegt vorne, aber Ihr Gegner ist nahe dahinter. Wie sichern Sie Ihren Sieg?","A. Wirf schneller, um schnell fertig zu werden B. Verwenden Sie einen kontrollierten, genauen Wurf C. Wirf mit maximaler Geschwindigkeit, um den Blei aufrechtzuerhalten D. Lassen Sie Ihren Gegner passen und strategisch werfen","Verwenden Sie einen kontrollierten, genauen Wurf",0,"The question refers to a scenario involving a 'Ziellinie' (finish line) and 'werfen' (throwing), which suggests a sport like curling or shot put, but the phrasing is ambiguous and not clearly tied to any standard sport. In curling, the 'house' and 'hog line' are key, and the strategy described doesn't match common rules. In shot put, there is no 'opponent near the line' in the described way. The context is logically inconsistent with real sports rules. Additionally, option D mentions 'passen' (passing), which is not applicable in throwing sports. The question does not make sense as a valid MCQ due to unclear sport context.","Die Ziellinie liegt vorne, aber Ihr Gegner hat den Stein nahe dahinter. Wie sichern Sie Ihren Sieg im Curling?","['A. Werfen Sie schneller, um schnell fertig zu werden', 'B. Verwenden Sie einen kontrollierten, genauen Wurf', 'C. Werfen Sie mit maximaler Geschwindigkeit, um den Stein aufrechtzuerhalten', 'D. Lassen Sie Ihren Gegner passen und strategisch werfen']","B. Verwenden Sie einen kontrollierten, genauen Wurf"
SBQ,SBQ_Germany.xlsx,Bosseln,Der Ball nähert sich einer engen Lücke zwischen zwei Hindernissen. Wie navigieren Sie daran?,"A. Wirf hoch, um die Lücke zu löschen B. Verwenden Sie einen Seitenwurf, um durchzupassen C. An die Zentrum der Lücke abzielen D. Sich schneller werfen, um durchzudrücken","Verwenden Sie einen Seitenwurf, um durchzupassen",0,"The question is about a ball approaching a narrow gap between obstacles, which implies a sport like golf, baseball, or similar, but the options use terms like 'werfen' (throw) and 'Seitenwurf' (side throw), which are inconsistent with typical ball-navigation terminology in such sports. Also, 'die Lücke löschen' (delete the gap) is nonsensical in a physical sports context. The correct answer option is grammatically correct but the question lacks context and clarity for a valid MCQ.","Der Ball nähert sich einer engen Lücke zwischen zwei Hindernissen. Wie sollten Sie den Ball spielen, um durch die Lücke zu kommen?","['A. Werfen Sie hoch, um die Lücke zu umgehen', 'B. Verwenden Sie einen Seitenwurf, um durchzupassen', 'C. Zielen Sie auf das Zentrum der Lücke', 'D. Werfen Sie schneller, um durchzudrücken']","B. Verwenden Sie einen Seitenwurf, um durchzupassen"
SBQ,SBQ_Germany.xlsx,Bosseln,Das Gelände ist schlammig und Ihr Ball verliert Geschwindigkeit. Was ist Ihre beste Option?,"A. Wirf härter, um den Schlamm zu überwinden B. Verwenden Sie einen weicheren, kontrollierten Wurf C. Ziel ist das Zentrum, um den Luftwiderstand zu minimieren D. Beschleunigen, um den Schlamm zu überwinden","Verwenden Sie einen weicheren, kontrollierten Wurf",1,no mistake,no correction needed,no correction needed,"Verwenden Sie einen weicheren, kontrollierten Wurf"
SBQ,SBQ_Germany.xlsx,Bosseln,"Sie haben eine enge Ecke erreicht, und es besteht die Gefahr, eine Grenze zu erreichen. Wie vermeiden Sie es?","A. Ziel ist das Zentrum, sicher zu bleiben B. Verwenden Sie einen gekrümmten Wurf, um die Grenze zu vermeiden C. Werfen Sie mit maximaler Geschwindigkeit, um es zu löschen D. Langsamer werden, um die Kontrolle wiederzugewinnen","Verwenden Sie einen gekrümmten Wurf, um die Grenze zu vermeiden",0,"The question is in German and refers to avoiding a boundary in a sports context, likely cricket or baseball, but the phrasing 'eine enge Ecke erreicht' and 'Grenze erreichen' is ambiguous and not standard terminology in any major sport. Additionally, the correct answer 'Verwenden Sie einen gekrümmten Wurf' (use a curved throw) is not a standard or safe technique to avoid a boundary — a curved throw is typically harder to control and may increase the risk of going out of bounds. The intended context might be about fielding or batting, but the question lacks clarity and sports accuracy. The best practice to avoid a boundary is to slow down and regain control, making option D more logically correct.","Sie sind in einer engen Ecke und drohen, den Ball über die Grenze zu werfen. Wie vermeiden Sie das?","['A. Streben Sie das Zentrum an, um sicher zu bleiben', 'B. Verwenden Sie einen gekrümmten Wurf, um die Grenze zu vermeiden', 'C. Werfen Sie mit maximaler Geschwindigkeit, um es zu löschen', 'D. Verlangsamen Sie, um die Kontrolle wiederzugewinnen']","D. Verlangsamen Sie, um die Kontrolle wiederzugewinnen"
SBQ,SBQ_Germany.xlsx,Bosseln,"Die vorne Oberfläche ist extrem trocken und staubig. Wie passen Sie Ihren Wurf an, um die Kontrolle aufrechtzuerhalten?","A. Mit einem höheren Bogen werfen, um Staub zu vermeiden B. Wirf mit maximaler Leistung, um den Staub entgegenzuwirken C. Verwenden Sie einen kontrollierten, niedrigeren Wurf D. Wirf härter, um den Staub zu räumen","Verwenden Sie einen kontrollierten, niedrigeren Wurf",0,"The question is in German but refers to a sports context (throwing) on a dusty surface, which is ambiguous without specifying the sport. The phrase 'vorne Oberfläche' is grammatically incorrect; it should be 'vordere Oberfläche'. Also, the options contain inconsistent phrasing and non-standard German (e.g., 'Wirf mit maximaler Leistung' vs. 'Wirf härter'), and the correct answer is valid but the question lacks context for a proper sports MCQ.","Die vordere Oberfläche ist extrem trocken und staubig. Wie passen Sie Ihren Wurf an, um die Kontrolle aufrechtzuerhalten?","['A. Mit einem höheren Bogen werfen, um Staub zu vermeiden', 'B. Mit maximaler Leistung werfen, um den Staub entgegenzuwirken', 'C. Verwenden Sie einen kontrollierten, niedrigeren Wurf', 'D. Werfen Sie härter, um den Staub zu räumen']","C. Verwenden Sie einen kontrollierten, niedrigeren Wurf"
SBQ,SBQ_Germany.xlsx,Bosseln,Sie kommen in einem Abschnitt mit mehreren scharfen Kurven. Wie navigieren Sie das?,"A. Verwenden Sie einen Seitenwurf, um die Kurven umzugehen B. Wirf schneller, um sie durchzuführen C. Verwenden Sie einen High-Bogen-Wurf, um sie zu klären D. Verlangsamen Sie und navigieren Sie vorsichtig in jeder Runde",Verlangsamen Sie und navigieren Sie vorsichtig in jeder Runde,0,"The question is about navigating sharp curves, but the options use sports-related terms like 'Seitenwurf', 'High-Bogen-Wurf', which are irrelevant to driving or navigation. This is a mismatch between context (driving) and answer options (throwing motions in sports). The correct answer 'Verlangsamen Sie und navigieren Sie vorsichtig in jeder Runde' is logically sound for driving, but the other options are nonsensical in this context.",Sie kommen in einem Abschnitt mit mehreren scharfen Kurven. Wie verhalten Sie sich im Fahrzeug?,"['A. Beschleunigen Sie, um die Kurven schneller zu durchfahren', 'B. Halten Sie die Geschwindigkeit konstant und fahren Sie geradeaus', 'C. Verlangsamen Sie und navigieren Sie vorsichtig in jeder Runde', 'D. Fahren Sie auf der Mittellinie, um mehr Platz zu haben']",C. Verlangsamen Sie und navigieren Sie vorsichtig in jeder Runde
SBQ,SBQ_Germany.xlsx,Bosseln,Der Wind nimmt auf und Ihr Ball treibt den Kurs ab. Was machst du?,"A. Mit maximaler Kraft werfen, um dem Wind entgegenzuwirken B. Passen Sie Ihr Ziel an, den Wind auszugleichen C. Wirf schneller, um den Wind zu entkommen D. Werfen Sie weiter gerade","Passen Sie Ihr Ziel an, den Wind auszugleichen",0,"The question is in German and refers to 'Ball treibt den Kurs ab' (ball drifts off course) due to wind, which implies a throwing or projectile sport like disc golf, javelin, or similar. However, the options use 'werfen' (throw) and 'passen' (adjust), which are inconsistent in context. Option B uses 'Passen Sie Ihr Ziel an' — 'passen' is grammatically correct but the verb form is formal imperative, while others use informal imperative ('Wirf', 'Werfen Sie'). Also, 'Der Wind nimmt auf' is not idiomatic German; it should be 'Der Wind nimmt zu' (the wind increases). The question lacks clarity in sport context and has grammatical errors.",Der Wind nimmt zu und Ihr Ball treibt vom Kurs ab. Was machen Sie?,"['A. Mit maximaler Kraft werfen, um dem Wind entgegenzuwirken', 'B. Passen Sie Ihr Ziel an, um den Wind auszugleichen', 'C. Werfen Sie schneller, um den Wind zu entkommen', 'D. Werfen Sie weiter gerade']","Passen Sie Ihr Ziel an, um den Wind auszugleichen"
SBQ,SBQ_Germany.xlsx,Bosseln,"Die Ziellinie ist in der Nähe, aber es gibt eine scharfe Wendung. Wie gehen Sie vor?","A. Wirf schneller, um die Kurve schneller zu machen B. Verwenden Sie einen Seitenwurf, um durch die Kurve zu navigieren C. Verlangsamen und vorsichtig auf die Wendung abzielen D. Halten Sie Ihren Wurf gerade, um zu drifteten","Verwenden Sie einen Seitenwurf, um durch die Kurve zu navigieren",0,"The question refers to a 'Ziellinie' (finish line) and a 'Wendung' (turn) in a context that implies a throwing sport, but the scenario and options are ambiguous and not grounded in any standard sport. The correct answer 'Verwenden Sie einen Seitenwurf' (use a sidearm throw) is not logically supported by the question, as no sport with a finish line and sharp turn typically involves choosing a throwing technique to navigate a curve. The question conflates racing and throwing mechanics, making it factually invalid.","Sie werfen einen Diskus und nähern sich der Ziellinie, aber die Wurfbahn macht eine scharfe Kurve. Wie gehen Sie vor?","['A. Werfen Sie schneller, um die Kurve schneller zu überwinden', 'B. Verwenden Sie einen Seitenwurf, um die Kurve besser zu navigieren', 'C. Verlangsamen Sie den Wurf und zielen Sie vorsichtig auf die Kurve', 'D. Halten Sie Ihren Wurf gerade, um zu drifteten']","B. Verwenden Sie einen Seitenwurf, um die Kurve besser zu navigieren"
SBQ,SBQ_Germany.xlsx,Bosseln,"Die Strecke ist klar, aber Ihr Ball dreht sich nach links. Was machst du?","A. Ziehen Sie die richtige Seite an, um sie zu korrigieren B. Härter werfen, um die Kontrolle zurückzugewinnen C. Verwenden Sie einen Seitenaufnahme, um es auf Kurs zurückzusteuern D. Werfen Sie einen hohen Bogen ein, um Hindernisse zu vermeiden","Verwenden Sie einen Seitenaufnahme, um es auf Kurs zurückzusteuern",0,"The question is about a ball spinning left on a clear course, which suggests a golf or similar sport context, but the term 'Seitenaufnahme' (side capture) is not a valid technical term in sports like golf or baseball. It appears to be a mistranslation or incorrect terminology. The correct technique to correct a left spin (e.g., hook in golf) is adjusting the grip or swing path, not 'Seitenaufnahme'. Option A ('Ziehen Sie die richtige Seite an') is also unclear. The answer provided is factually incorrect due to non-standard terminology.","Die Strecke ist klar, aber Ihr Ball dreht sich nach links. Was tun Sie, um die Flugbahn zu korrigieren?","['A. Passen Sie Ihren Griff an, um den Hook zu korrigieren', 'B. Werfen Sie härter, um die Kontrolle zurückzugewinnen', 'C. Verwenden Sie eine seitliche Aufnahme, um es auf Kurs zurückzusteuern', 'D. Werfen Sie einen hohen Bogen ein, um Hindernisse zu vermeiden']","A. Passen Sie Ihren Griff an, um den Hook zu korrigieren"
SBQ,SBQ_Germany.xlsx,Bosseln,"Sie nähern sich der letzten Strecke, aber die Strecke ist eng und voller Hindernisse. Wie gehen Sie damit um?","A. Verwenden Sie einen hohen Bogenwurf, um die Hindernisse zu beseitigen B. Werfen Sie mit Präzision, um die Hindernisse zu navigieren C. Verwenden Sie die maximale Geschwindigkeit, um durchzuführen D. Werfen Sie leise, um zu vermeiden, die Hindernisse zu stören","Werfen Sie mit Präzision, um die Hindernisse zu navigieren",0,"The question is about approaching the final stretch in a context that implies a throwing or projectile activity (e.g., discus, javelin, or similar), but it uses the German verb 'nähern sich' (approach) and 'werfen' (throw) without specifying the sport or context. The options refer to 'Hindernisse' (obstacles), which are not typical in standard throwing sports. This creates a logical inconsistency — throwing events in sports do not involve navigating obstacles. The question is not factually grounded in any real sports scenario, making it invalid as a sports MCQ.","Sie nähern sich der letzten Strecke eines Hindernislaufs, aber die Strecke ist eng und voller Hindernisse. Wie gehen Sie damit um?","['A. Verwenden Sie einen hohen Bogenwurf, um die Hindernisse zu überwinden', 'B. Werfen Sie mit Präzision, um die Hindernisse zu navigieren', 'C. Verwenden Sie die maximale Geschwindigkeit, um durchzulaufen', 'D. Laufen Sie leise, um die Hindernisse nicht zu stören']","C. Verwenden Sie die maximale Geschwindigkeit, um durchzulaufen"
SBQ,SBQ_Germany.xlsx,Bosseln,Die Strecke ist rau und der Ball rollt nicht gerade. Was ist Ihre Strategie?,"A. Wirf mit mehr Kraft, um einen geraden Weg zu bekommen B. Verwenden Sie einen Seitenaufschlag, um den Pfad zu korrigieren C. Werfen Sie höher, um grobe Flecken zu löschen D. Verlangsamen Sie und passen Sie Ihr Ziel sorgfältig an","Verwenden Sie einen Seitenaufschlag, um den Pfad zu korrigieren",0,"The question refers to a 'rau' (rough) surface and a ball not rolling straight, which suggests a ground-based sport like bowling or bocce. However, the correct answer mentions 'Seitenaufschlag' (side throw/serve), a term used in sports like tennis or volleyball, which are not played on rough ground with rolling balls. This is a logical inconsistency — the suggested strategy does not match the context. The question implies a rolling ball on uneven terrain, so the correct strategy should involve adjusting the roll or aim, not a 'Seitenaufschlag'.",Die Strecke ist rau und der Ball rollt nicht gerade. Was ist Ihre Strategie?,"['A. Wirf mit mehr Kraft, um einen geraden Weg zu bekommen', 'B. Verwenden Sie einen Seitenaufschlag, um den Pfad zu korrigieren', 'C. Werfen Sie höher, um grobe Flecken zu löschen', 'D. Verlangsamen Sie und passen Sie Ihr Ziel sorgfältig an']",D. Verlangsamen Sie und passen Sie Ihr Ziel sorgfältig an
SBQ,SBQ_Germany.xlsx,Bosseln,Der Ball geht auf einen schlammigen Fleck zu. Was sollten Sie tun?,"A. Werfen Sie mit maximaler Kraft, um es zu klären B. Verwenden Sie einen kontrollierten, weichen Wurf, um die Geschwindigkeit aufrechtzuerhalten C. Ziehen Sie die Seite an, um sie zu vermeiden D. Langsamer werden, um die Kontrolle wiederzugewinnen","Verwenden Sie einen kontrollierten, weichen Wurf, um die Geschwindigkeit aufrechtzuerhalten",0,"The question is about a ball moving toward a muddy spot, but the correct answer refers to 'werfen' (throwing), which is inconsistent with the context of a ball rolling on the ground. In most sports (e.g., soccer, rugby), you don't throw a ball on the ground to avoid mud — you control its movement by passing, stopping, or changing direction. The answer choice incorrectly assumes a throwing action is appropriate, making the question logically flawed.",Der Ball rollt auf einen schlammigen Fleck zu. Was sollten Sie tun?,"['A. Werfen Sie mit maximaler Kraft, um es zu klären', 'B. Verwenden Sie einen kontrollierten, weichen Pass, um die Geschwindigkeit aufrechtzuerhalten', 'C. Ziehen Sie die Seite an, um sie zu vermeiden', 'D. Langsamer werden, um die Kontrolle wiederzugewinnen']","D. Langsamer werden, um die Kontrolle wiederzugewinnen"
SBQ,SBQ_Germany.xlsx,Bosseln,"Ihr Gegner holt auf. Was ist der beste Weg, um Ihren Vorsprung aufrechtzuerhalten?","A. Werfen Sie härter, um schnell voranzukommen B. Verwenden Sie einen Seitenwurf, um die Kontrolle zu behalten C. Verlangsamen Sie Ihren Wurf und wiedererlangen Sie die Genauigkeit wieder D. Wirf direkt, um Abweichungen zu vermeiden","Verwenden Sie einen Seitenwurf, um die Kontrolle zu behalten",0,"The question is ambiguous and lacks context — it does not specify the sport or activity (e.g., rowing, swimming, throwing in baseball, etc.). Without this, 'Seitenwurf' (sidearm throw) is not logically tied to 'Vorsprung aufrechterhalten' (maintaining a lead) in a clear, universally valid way. The answer assumes knowledge of a specific sport not stated in the question, making it invalid as a general MCQ.","Sie sind im Rudern und Ihr Gegner holt auf. Was ist der beste Weg, um Ihren Vorsprung aufrechtzuerhalten?","['A. Werfen Sie härter, um schnell voranzukommen', 'B. Verwenden Sie einen Seitenwurf, um die Kontrolle zu behalten', 'C. Verlangsamen Sie Ihren Wurf und wiedererlangen Sie die Genauigkeit wieder', 'D. Wirf direkt, um Abweichungen zu vermeiden']","Verwenden Sie einen Seitenwurf, um die Kontrolle zu behalten"
SBQ,SBQ_Germany.xlsx,Bosseln,Das Gelände ist hügelig und Ihr Ball rollt schnell bergab. Wie kontrollierst du es?,"A. Wirf weicher, um es zu verlangsamen B. Ziel auf die Mitte der Strecke C. Wirf hart, um der Abwärtsgeschwindigkeit entgegenzuwirken D. Verwenden Sie einen Seitenwurf, um zu verhindern, dass Sie vom Weg gehen","Wirf weicher, um es zu verlangsamen",0,"The question is about a ball rolling downhill on a hilly terrain, but the options use the verb 'werfen' (to throw), which is inconsistent with a rolling ball. Throwing implies an action to launch a ball, not control its roll. The context suggests a sport like bocce, curling, or petanque where rolling is the method, not throwing. The answer 'Wirf weicher, um es zu verlangsamen' is logically incorrect because throwing softer doesn't control a rolling ball — reducing force during the roll does. The terminology must be corrected to 'rolle' (roll) to match the scenario.",Das Gelände ist hügelig und Ihr Ball rollt schnell bergab. Wie kontrollierst du ihn?,"['A. Rolle weicher, um ihn zu verlangsamen', 'B. Ziel auf die Mitte der Strecke', 'C. Rolle hart, um der Abwärtsgeschwindigkeit entgegenzuwirken', 'D. Verwenden Sie einen Seitenwurf, um zu verhindern, dass Sie vom Weg gehen']","A. Rolle weicher, um ihn zu verlangsamen"
SBQ,SBQ_Germany.xlsx,Bosseln,Sie kommen auf einen schmalen Abschnitt der Strecke mit wenig Platz auf beiden Seiten. Was machst du?,"A. Mit Präzision werfen, um Hindernisse zu vermeiden B. Erhöhen Sie die Geschwindigkeit Ihres Wurfs, um zu vermeiden, dass Sie stecken bleiben C. Zielen Sie auf die Kanten ab, um Hindernisse zu vermeiden D. Wirf den Abschnitt schnell und löschen Sie schnell","Mit Präzision werfen, um Hindernisse zu vermeiden",0,"The question is about a narrow section of a track with little space on both sides, but the options refer to 'werfen' (throwing), which is unrelated to driving or navigating a track. This suggests a mismatch between context and actions. The scenario likely refers to a sport like curling, golf, or perhaps a driving/racing simulation, but 'werfen' (throw) is inappropriate for a track with narrow sides. The correct action should involve careful maneuvering, not throwing. The term 'löschen' (delete) in option D is nonsensical in this context. The question and options are logically inconsistent.",Sie kommen auf einen schmalen Abschnitt der Strecke mit wenig Platz auf beiden Seiten. Was tun Sie?,"['A. Mit Präzision fahren, um Hindernisse zu vermeiden', 'B. Erhöhen Sie die Geschwindigkeit, um zu vermeiden, dass Sie stecken bleiben', 'C. Zielen Sie auf die Kanten ab, um Hindernisse zu vermeiden', 'D. Fahren Sie schnell durch den Abschnitt und verlassen Sie ihn sofort']","A. Mit Präzision fahren, um Hindernisse zu vermeiden"
SBQ,SBQ_Germany.xlsx,Bosseln,Das Gelände ist nass und rutschig nach dem Regen. Wie passen Sie Ihren Wurf an?,"A. Werfen Sie härter, um zu vermeiden, um zu rutschen B. Verwenden Sie einen Seitenaufnahme, um das Gleichgewicht zu halten C. Wirf sanft, um zu vermeiden, zu gleiten D. Ziel ist das Zentrum, den Griff aufrechtzuerhalten","Wirf sanft, um zu vermeiden, zu gleiten",0,"The question is in German and refers to a throwing motion on a wet, slippery surface, but it lacks context about the specific sport (e.g., shot put, discus, hammer throw). The provided correct answer 'Wirf sanft, um zu vermeiden, zu gleiten' is grammatically incorrect ('zu gleiten' should be 'zu gleiten' — but the phrase is awkward; it should be 'um nicht zu gleiten'). Also, option D is nonsensical ('Ziel ist das Zentrum, den Griff aufrechtzuerhalten'). The options are inconsistently phrased and contain grammatical errors that undermine validity.","Das Gelände ist nass und rutschig nach dem Regen. Wie passen Sie Ihren Wurf an, um nicht auszurutschen?","['A. Werfen Sie härter, um das Gleichgewicht zu halten', 'B. Verwenden Sie eine Seitenaufnahme, um das Gleichgewicht zu halten', 'C. Werfen Sie sanfter, um nicht auszurutschen', 'D. Ziel auf das Zentrum und halten Sie den Griff aufrecht']","C. Werfen Sie sanfter, um nicht auszurutschen"
SBQ,SBQ_Germany.xlsx,Bosseln,Sie nähern sich einem steilen Hügel und Ihr Ball geht zu schnell. Wie verlangsamst du es?,"A. Wirf langsamer, um es zu kontrollieren B. Werfen Sie härter, um die Geschwindigkeit aufrechtzuerhalten C. Lassen Sie den Ball natürlich langsamer werden D. Werfen Sie höher, um die Reibung zu erhöhen","Wirf langsamer, um es zu kontrollieren",0,"The question is about approaching a steep hill and the ball going too fast, but the context is unclear — it implies a throwing or rolling scenario (e.g., in ball sports like soccer, baseball, or bowling), yet the options refer to 'werfen' (throw), which is inconsistent with typical ball control on a hill. The correct answer 'Wirf langsamer, um es zu kontrollieren' contradicts the scenario: if the ball is already rolling too fast downhill, throwing it slower doesn't solve the problem — you need to control its motion, not throw it again. The question lacks realism and logical consistency.",Sie nähern sich einem steilen Hügel und Ihr Ball rollt zu schnell. Wie können Sie seine Geschwindigkeit reduzieren?,"['A. Den Ball langsamer rollen lassen, um ihn zu kontrollieren', 'B. Den Ball härter stoßen, um die Geschwindigkeit aufrechtzuerhalten', 'C. Den Ball natürlich langsamer werden lassen', 'D. Den Ball höher werfen, um die Reibung zu erhöhen']","A. Den Ball langsamer rollen lassen, um ihn zu kontrollieren"
SBQ,SBQ_Germany.xlsx,Bosseln,Sie sind auf einer schmalen Strecke und es steht eine scharfe Ecke vor sich. Wie gehen Sie vor?,"A. Mit maximaler Leistung zum Durchschneiden werfen B. Verwenden Sie einen Seitenwurf, um durch ihn zu navigieren C. Verlangsamen und sorgfältig zielen D. Wirf hoch, um die Ecke zu klären","Verwenden Sie einen Seitenwurf, um durch ihn zu navigieren",0,"The question is in German and appears to be about a sports scenario involving navigation around a sharp corner on a narrow path, but it lacks context about the specific sport. The correct answer mentions 'Seitenwurf' (side throw), which is typical in sports like handball or discus, but the question does not specify the sport. Without context, the question is ambiguous and not logically sound as a multiple-choice question. Additionally, option A uses 'werfen' (throw) in a context that may not apply to narrow paths, and option D's 'hoch werfen' (throw high) is vague. The question needs minimal clarification to specify the sport and make the options logically consistent.",Sie sind im Handball auf einer schmalen Strecke und es steht eine scharfe Ecke vor Ihnen. Wie gehen Sie vor?,"['A. Mit maximaler Leistung zum Durchschneiden werfen', 'B. Verwenden Sie einen Seitenwurf, um durch ihn zu navigieren', 'C. Verlangsamen und sorgfältig zielen', 'D. Werfen Sie hoch, um die Ecke zu klären']","Verwenden Sie einen Seitenwurf, um durch ihn zu navigieren"
SBQ,SBQ_Germany.xlsx,Bosseln,"Die Strecke ist mit Kies bedeckt, und Ihr Ball verliert an Dynamik. Was machst du?","A. Schneller werfen, um durchzuführen B. Verwenden Sie einen höheren Bogen, um die Reibung zu verringern C. Langsame deinen Wurf, um die Kontrolle zu behalten D. Streben Sie einen Seitenweg an, um Kies zu vermeiden","Langsame deinen Wurf, um die Kontrolle zu behalten",0,"The question is factually incorrect and logically flawed. The scenario describes a gravel-covered surface affecting a ball's dynamics, but it does not specify the sport. In sports like curling or bowling, gravel would be irrelevant; in basketball or soccer, a gravel surface is not standard. The phrasing 'Wurf' (throw) suggests a throwing sport, but no common sport uses gravel courts where throwing dynamics are a concern. Additionally, the correct answer contains a grammatical error ('Langsame deinen Wurf') and is not properly formulated. The options are inconsistent with realistic sports physics.","Die Spielfläche ist mit Kies bedeckt, und dein Ball rollt unregelmäßig. Was machst du?","['A. Schneller werfen, um die Reichweite zu erhöhen', 'B. Einen höheren Bogen verwenden, um die Reibung zu verringern', 'C. Langsamer werfen, um die Kontrolle zu behalten', 'D. Einen Seitenweg anstreben, um den Kies zu vermeiden']","C. Langsamer werfen, um die Kontrolle zu behalten"
SBQ,SBQ_Germany.xlsx,Bosseln,"Sie sind kurz davor, einen großen Stein auf der Strecke zu treffen. Was ist Ihr bester Schritt?","A. Ziel ist das Zentrum, es zu bestehen B. Werfen Sie mit mehr Kraft, um es zu vermeiden C. Verwenden Sie einen Seitenschuss, um um ihn herum zu steuern D. Lassen Sie den Ball schlagen und hoffen auf einen Sprung","Verwenden Sie einen Seitenschuss, um um ihn herum zu steuern",0,"The question is in German and refers to hitting a large stone on the 'Strecke' (course/track), but it lacks context of the sport. The options suggest a ball-throwing or rolling scenario, likely curling or similar, but the phrasing is ambiguous and non-standard. 'Ziel ist das Zentrum, es zu bestehen' is grammatically incorrect and nonsensical. 'Lassen Sie den Ball schlagen und hoffen auf einen Sprung' is unclear and unprofessional. The correct answer (C) makes sense in curling (using a sweep or side shot to navigate around a stone), but the question does not specify the sport, making it misleading.","Sie sind kurz davor, einen großen Stein auf der Bahn im Curling zu treffen. Was ist Ihr bester Schritt?","['A. Ziele auf das Zentrum, um den Stein zu passieren', 'B. Werfen Sie mit mehr Kraft, um ihn zu vermeiden', 'C. Verwenden Sie einen Seitenschuss, um um ihn herum zu steuern', 'D. Lassen Sie den Stein schlagen und hoffen auf einen unerwarteten Sprung']","C. Verwenden Sie einen Seitenschuss, um um ihn herum zu steuern"
SBQ,SBQ_Germany.xlsx,Bosseln,"Der Ball nähert sich einer kleinen Beule in der Strecke. Was tun Sie, um die Kontrolle aufrechtzuerhalten?","A. Werfen Sie mit einem höheren Bogen, um es zu vermeiden B. Wirf mit mehr Geschwindigkeit, um durchzusetzen C. Ziehen Sie das Zentrum an, um es reibungslos zu klären D. Mit Genauigkeit werfen, um eine Fehlausrichtung zu vermeiden","Mit Genauigkeit werfen, um eine Fehlausrichtung zu vermeiden",0,"The question is about a ball approaching a small bump on the field, but the context is unclear and the options contain inconsistent terminology (e.g., 'werfen' = throw, which implies a projectile, but the scenario sounds like a rolling ball in a sport like soccer or field hockey). The correct answer mentions 'Genauigkeit' (accuracy) to avoid misalignment, which is logical, but the options are not aligned with a coherent sports scenario. The verb 'werfen' (to throw) is inappropriate for a ball rolling on a field in most team sports. The question implies a throwing action, but the scenario (ball approaching a bump) suggests a roll or pass, not a throw.","Der Ball nähert sich einer kleinen Beule auf dem Feld. Was tun Sie, um die Kontrolle über den Ball aufrechtzuerhalten?","['A. Spielen Sie mit einem höheren Bogen, um es zu vermeiden', 'B. Spielen Sie mit mehr Geschwindigkeit, um durchzusetzen', 'C. Ziehen Sie das Zentrum an, um es reibungslos zu klären', 'D. Spielen Sie mit Genauigkeit, um eine Fehlausrichtung zu vermeiden']","D. Spielen Sie mit Genauigkeit, um eine Fehlausrichtung zu vermeiden"
SBQ,SBQ_Germany.xlsx,Bosseln,"Es kommt eine Kurve an, und Ihr Ball dreht sich zu sehr zur Seite. Wie passen Sie sich an?","A. Wirf härter, um es zurückzubringen B. Verwenden Sie einen Seitenwurf, um es zu begradigen C. Zielen Sie höher, um die Kurve zu vermeiden D. Werfen Sie weicher, um seine Flugbahn anzupassen","Verwenden Sie einen Seitenwurf, um es zu begradigen",0,"The question is about a ball curving too much to the side, which implies a throwing or hitting scenario in sports (e.g., tennis, baseball, or cricket). However, the term 'Werfen' (throw) is used in all options, which is inconsistent with the context of a 'Kurve' (curve) in ball sports — curves are typically caused by spin in striking or serving, not throwing. The correct technique to counter a curved ball is usually adjusting stroke technique (e.g., sidespin or angle), not 'Seitenwurf' (side throw), which is not a standard term in ball sports. The answer option B is misleading and non-standard. The question and options lack technical accuracy for sports physics.","Es kommt eine Kurve an, und Ihr Ball dreht sich zu sehr zur Seite. Wie passen Sie sich an?","['A. Schlagen Sie härter, um es zurückzubringen', 'B. Verwenden Sie einen Gegenspin, um die Kurve zu korrigieren', 'C. Zielen Sie höher, um die Kurve zu vermeiden', 'D. Schlagen Sie weicher, um seine Flugbahn anzupassen']","Verwenden Sie einen Gegenspin, um die Kurve zu korrigieren"
SBQ,SBQ_Germany.xlsx,Bosseln,"Das Gelände ist reibungslos, aber Ihr Ball treibt den Kurs ab. Was ist Ihre Strategie, um die Kontrolle zurückzugewinnen?","A. Wirf härter, um es zurückzubekommen B. Verwenden Sie einen Seitenaufschlag, um seinen Weg anzupassen C. Zielen Sie auf die Kante der Strecke D. Verlangsamen und sorgfältig zielen","Verwenden Sie einen Seitenaufschlag, um seinen Weg anzupassen",0,"The question refers to a ball drifting off course on a smooth surface, which suggests a sport like curling or bocce, but the suggested answer 'Verwenden Sie einen Seitenaufschlag' (use a side serve) is a tennis term. This is a factual inconsistency — a 'Seitenaufschlag' (side serve) does not apply to a smooth ground-based game where the ball is rolling, not being struck in the air. The terminology is mismatched with the scenario.","Das Gelände ist reibungslos, aber Ihr Ball driftet vom Kurs ab. Was ist Ihre Strategie, um die Kontrolle zurückzugewinnen?","['A. Drücken Sie härter, um es zurückzubekommen', 'B. Verwenden Sie eine seitliche Korrektur mit der Hand, um seinen Weg anzupassen', 'C. Zielen Sie auf die Kante der Strecke', 'D. Verlangsamen und sorgfältig zielen']","B. Verwenden Sie eine seitliche Korrektur mit der Hand, um seinen Weg anzupassen"
SBQ,SBQ_Germany.xlsx,Bosseln,Sie nähern sich einer großen Pfütze auf der Strecke. Wie navigieren Sie damit?,"A. Verwenden Sie einen hohen Bogen, um es zu löschen B. Langsame deinen Wurf und ziele sorgfältig ab C. Wirf schneller um, um es überspringen D. Anstreben Sie die Pfütze",Langsame deinen Wurf und ziele sorgfältig ab,0,"The question is about navigating a puddle on a sports track, but the options refer to 'Wurf' (throw), which is inconsistent with the context of running or navigating a puddle. The correct action should relate to footwork or running technique, not throwing. The provided answer 'Langsame deinen Wurf und ziele sorgfältig ab' is grammatically incorrect and logically mismatched. The term 'Wurf' (throw) does not apply to avoiding a puddle on a track.",Sie nähern sich einer großen Pfütze auf der Strecke. Wie verhalten Sie sich?,"['A. Laufen Sie mit hohem Bogen darüber, um sie zu umgehen', 'B. Verlangsamen Sie Ihre Schritte und zielen Sie sorgfältig um die Pfütze herum', 'C. Beschleunigen Sie, um sie zu überspringen', 'D. Steuern Sie direkt auf die Pfütze zu']",B. Verlangsamen Sie Ihre Schritte und zielen Sie sorgfältig um die Pfütze herum
SBQ,SBQ_Germany.xlsx,Bosseln,Ihr Ball nähert sich einer scharfen Ecke mit begrenzter Sicht. Wie bereiten Sie sich vor?,"A. Ziehen Sie die Innenkante ab, um die Ecke zu schneiden B. Verwenden Sie einen Seitenwurf, um die Ecke zu klären C. Werfen Sie mit zusätzlicher Kraft, um sich fortzubewegen D. Langsamer werden und vorsichtig steuern","Verwenden Sie einen Seitenwurf, um die Ecke zu klären",0,"The question refers to 'Ihr Ball' (your ball) approaching a sharp corner with limited visibility, which is ambiguous in a sports context. It does not specify the sport. The correct answer mentions 'Seitenwurf' (side throw), which is a term used in football (soccer) for clearing the ball from a corner or tight situation, but the question implies the player is controlling the ball, not throwing it. This is a logical inconsistency: you don't 'throw' a ball when it's approaching a corner in football — you pass, dribble, or clear it. The phrasing suggests the player is handling the ball like in basketball or handball, but 'Seitenwurf' is not a standard term in those sports. The question needs to be clarified to refer to football and use correct terminology.",Ihr Ball nähert sich einer scharfen Ecke mit begrenzter Sicht. Wie verhalten Sie sich richtig?,"['A. Ziehen Sie die Innenkante ab, um die Ecke zu schneiden', 'B. Führen Sie einen Seitenwurf aus, um den Ball zu klären', 'C. Beschleunigen Sie, um die Ecke zu überwinden', 'D. Verlangsamen Sie und steuern Sie vorsichtig']","B. Führen Sie einen Seitenwurf aus, um den Ball zu klären"
SBQ,SBQ_Germany.xlsx,Bosseln,"Sie nähern sich einer steilen Steigung, und Ihr Ball verliert Geschwindigkeit. Was tun Sie, um den Schwung zu erhalten?","A. Wirf die Steigung härter, um die Steigung zu überwinden B. Verwenden Sie einen Seitenwurf, um es zu kontrollieren C. Mit einem höheren Bogen werfen, um die Geschwindigkeit zu halten D. Erhöhen Sie Ihren Winkel, um die Schwerkraft zu bekämpfen","Wirf die Steigung härter, um die Steigung zu überwinden",0,"The question is about a ball losing speed on a steep incline, implying a physical scenario like throwing or rolling a ball uphill. However, the correct answer 'Wirf die Steigung härter, um die Steigung zu überwinden' is nonsensical — you don't 'throw the slope harder'. The phrasing is illogical and not a valid physical action. The intended correct answer should relate to adjusting the throw angle or force to maintain momentum, but the given options are poorly worded. Option C ('Mit einem höheren Bogen werfen, um die Geschwindigkeit zu halten') is physically more accurate, as a higher arc reduces the effect of gravity on forward velocity along the incline. The provided correct answer is wrong.","Sie nähern sich einer steilen Steigung, und Ihr Ball verliert Geschwindigkeit. Was tun Sie, um den Schwung zu erhalten?","['A. Werfen Sie den Ball härter, um die Steigung zu überwinden', 'B. Verwenden Sie einen Seitenwurf, um ihn zu kontrollieren', 'C. Werfen Sie mit einem höheren Bogen, um die Geschwindigkeit zu halten', 'D. Erhöhen Sie Ihren Winkel, um die Schwerkraft zu bekämpfen']","C. Werfen Sie mit einem höheren Bogen, um die Geschwindigkeit zu halten"
SBQ,SBQ_Germany.xlsx,Bosseln,Der Ball Ihres Gegners liegt in Ihrer Nähe und könnte sich einmischen. Was sollten Sie tun?,"A. Zielen auf die Lücke zwischen ihnen B. Werfen Sie mit mehr Geschwindigkeit, um voranzukommen C. Verwenden Sie eine Seitenaufnahme, um Störungen zu vermeiden D. Lassen Sie den Ball berühren und hoffen auf das Beste","Verwenden Sie eine Seitenaufnahme, um Störungen zu vermeiden",0,"The question is about a ball lying near the player and potentially causing interference, but the context is unclear. It appears to reference a sport (likely bocce, petanque, or lawn bowls) where balls are rolled and proximity matters, but the phrasing 'Der Ball Ihres Gegners liegt in Ihrer Nähe und könnte sich einmischen' is ambiguous. 'Sich einmischen' (to interfere) is not standard terminology in sports rules. Additionally, the correct answer 'Verwenden Sie eine Seitenaufnahme, um Störungen zu vermeiden' (Use a side-on grip to avoid disturbances) is technically incorrect in context — a 'Seitenaufnahme' refers to a throwing grip, which is irrelevant to avoiding interference from a stationary ball. The real rule in such sports is to avoid disturbing the opponent's ball, often by aiming carefully or playing a gentle shot, not by changing grip. The options do not align with actual sport rules.","Der Ball Ihres Gegners liegt nahe an Ihrem Zielball. Was sollten Sie tun, um ihn nicht zu verschieben?","['A. Zielen Sie direkt auf den Zielball, auch wenn der Gegnerball in der Linie liegt', 'B. Werfen Sie mit voller Kraft, um den Gegnerball wegzustoßen', 'C. Spielen Sie eine sanfte Aufnahme, um den Gegnerball nicht zu berühren', 'D. Lassen Sie den Ball rollen und hoffen, dass er den Gegnerball nicht trifft']","C. Spielen Sie eine sanfte Aufnahme, um den Gegnerball nicht zu berühren"
SBQ,SBQ_Germany.xlsx,Bosseln,"Sie rennen zur Ziellinie, aber es gibt eine scharfe Wendung. Wie gehen Sie vor?","A. Mit maximaler Geschwindigkeit werfen, um durchzusetzen B. Verwenden Sie eine Seitenaufnahme, um zu vermeiden, die Kontrolle zu verlieren C. Werfen Sie mit einem hohen Bogen, um es zu klären D. Langsamer werden und vorsichtig navigieren","Verwenden Sie eine Seitenaufnahme, um zu vermeiden, die Kontrolle zu verlieren",0,"The question mentions 'Sie rennen zur Ziellinie' (You run to the finish line) but the options refer to 'werfen' (throw), which is logically inconsistent. Running to a finish line does not involve throwing. The context suggests a relay race or discus/shot put event, but the phrasing mixes incompatible actions.","Sie werfen die Diskus-Scheibe zur Ziellinie, aber es gibt eine scharfe Wendung. Wie gehen Sie vor?","['Mit maximaler Geschwindigkeit werfen, um durchzusetzen', 'Verwenden Sie eine Seitenaufnahme, um zu vermeiden, die Kontrolle zu verlieren', 'Werfen Sie mit einem hohen Bogen, um es zu klären', 'Langsamer werden und vorsichtig navigieren']","Verwenden Sie eine Seitenaufnahme, um zu vermeiden, die Kontrolle zu verlieren"
SBQ,SBQ_Germany.xlsx,Bosseln,"Die Strecke ist eng und kurvenreich. Wie schaffen Sie Ihren Wurf, um das Abtreiben von Kurs zu vermeiden?","A. Mit Präzision werfen, um das Streunenden zu vermeiden B. Verwenden Sie einen Seitenwurf, um die Kontrolle aufrechtzuerhalten C. Wirf schneller, um auf dem richtigen Weg zu bleiben D. Ziehen Sie die Kanten an, um zu driften","Mit Präzision werfen, um das Streunenden zu vermeiden",0,"The question contains a logical and linguistic error: 'Abtreiben von Kurs' is not a correct or meaningful phrase in German in this context. It appears to be a mistranslation or misuse. The intended meaning is likely 'Abdriften vom Kurs' (drifting off course). Additionally, option A contains 'Streunenden', which is grammatically incorrect and nonsensical here — it should be 'Abdriften' or 'Driften'. The options and question are not coherent in standard German sports terminology.","Die Strecke ist eng und kurvenreich. Wie schaffen Sie Ihren Wurf, um das Abdriften vom Kurs zu vermeiden?","['A. Mit Präzision werfen, um das Abdriften zu vermeiden', 'B. Verwenden Sie einen Seitenwurf, um die Kontrolle aufrechtzuerhalten', 'C. Wirf schneller, um auf dem richtigen Weg zu bleiben', 'D. Ziehen Sie die Kanten an, um zu driften']","A. Mit Präzision werfen, um das Abdriften zu vermeiden"
SBQ,SBQ_Germany.xlsx,Bosseln,"Die Oberfläche ist sandig und Ihr Ball verliert den Schwung. Was tun Sie, um die Geschwindigkeit aufrechtzuerhalten?","A. Wirf mit mehr Kraft, um gegen den Sand zu kämpfen B. Langsamer werden, um zu verhindern C. Verwenden Sie einen höheren Bogen, um den Sandwiderstand zu vermeiden D. Ziel auf die Mitte der Strecke","Wirf mit mehr Kraft, um gegen den Sand zu kämpfen",0,"The question is about a sandy surface causing the ball to lose momentum, but the context is unclear — it doesn't specify the sport or action (e.g., throwing, kicking, rolling). The provided answer 'Wirf mit mehr Kraft, um gegen den Sand zu kämpfen' assumes a throwing action, but this is not stated. Additionally, in real sports like beach volleyball or shot put on sand, increasing force is not the best solution; using a higher arc or adjusting technique is more effective. The correct answer is factually misleading.","Die Oberfläche ist sandig und Ihr Ball verliert beim Rollen den Schwung. Was tun Sie, um die Geschwindigkeit aufrechtzuerhalten?","['A. Wirf mit mehr Kraft, um gegen den Sand zu kämpfen', 'B. Langsamer werden, um zu verhindern', 'C. Verwenden Sie einen höheren Bogen, um den Sandwiderstand zu vermeiden', 'D. Ziel auf die Mitte der Strecke']","Verwenden Sie einen höheren Bogen, um den Sandwiderstand zu vermeiden"
SBQ,SBQ_Germany.xlsx,Bosseln,Sie nähern sich dem Ende einer langen Strecke und Ihr Ball verlangsamt sich. Was machst du?,"A. Wirf härter, um stark zu beenden B. Langsamer werden, um das Überschwingen zu vermeiden C. Erhöhen Sie den Winkel, um die Geschwindigkeit aufrechtzuerhalten D. Wirf einen Seitenschuss, um zu stabilisieren","Wirf härter, um stark zu beenden",0,"The question describes a scenario of approaching the end of a long distance where the ball slows down, and the correct answer claims to 'throw harder to finish strongly'. This is logically inconsistent because if the ball is already slowing down near the end, throwing harder would not be the appropriate action — it would likely cause overshooting or loss of control. The correct physical response to avoid overshooting when slowing down is to reduce force, not increase it. The provided answer contradicts basic sports physics (e.g., in discus, shot put, or similar events).",Sie nähern sich dem Ende einer langen Strecke und Ihr Ball verlangsamt sich. Was machst du?,"['A. Wirf härter, um stark zu beenden', 'B. Langsamer werden, um das Überschwingen zu vermeiden', 'C. Erhöhen Sie den Winkel, um die Geschwindigkeit aufrechtzuerhalten', 'D. Wirf einen Seitenschuss, um zu stabilisieren']","B. Langsamer werden, um das Überschwingen zu vermeiden"
SBQ,SBQ_Germany.xlsx,Bosseln,"Es steht einen kleinen Graben vor, und Ihr Ball wird in die erste Stelle. Was ist Ihre beste Strategie?","A. Ziehen Sie die Seite an, um sie zu vermeiden B. Wirf hoch, um es zu klären C. Langsamer werden, um es herum zu steuern D. Wirf schneller, um es schnell zu räumen","Ziehen Sie die Seite an, um sie zu vermeiden",0,"The question is in German but refers to a golf context ('Grabeng', 'Ball', 'Stelle') and the correct answer 'Ziehen Sie die Seite an, um sie zu vermeiden' is ambiguous and not standard golf terminology. 'Ziehen Sie die Seite an' is not a recognized golf shot; it seems to be a mistranslation or misphrasing. The intended meaning is likely to play a shot around the hazard, but the phrasing is incorrect. Also, 'erste Stelle' is unclear — it should be 'ersten Stelle' or better, 'im Graben'. The options contain grammatical errors and inconsistent phrasing (e.g., 'Wirf hoch' vs 'Langsamer werden'). The correct strategy for a ball in a ditch (hazard) in golf is to play a shot to get out, not 'ziehen die Seite an'. The intended correct answer likely should be 'Hoch schlagen, um es zu klären' (chip or pitch over).","Es steht ein kleiner Graben vor Ihnen, und Ihr Ball liegt im Graben. Was ist Ihre beste Strategie?","['A. Ziehen Sie die Seite an, um sie zu vermeiden', 'B. Schlagen Sie hoch, um es zu klären', 'C. Verlangsamen Sie den Schwung, um es herumzuspielen', 'D. Schlagen Sie schneller, um es schnell zu räumen']","B. Schlagen Sie hoch, um es zu klären"
SBQ,SBQ_Germany.xlsx,Bosseln,"Dein Ball ist kurz davor, einen Baum zu schlagen. Wie vermeiden Sie Störungen?","A. Zielen auf die Lücke zwischen Zweigen B. Verwenden Sie einen Seitenschuss, um um ihn herum zu steuern C. Werfen Sie höher, um den Baum zu räumen D. Wirf härter durch, um durchzusetzen","Verwenden Sie einen Seitenschuss, um um ihn herum zu steuern",0,"The question is about a ball about to hit a tree, but the context is unclear — it does not specify the sport. The correct answer suggests a 'Seitenschuss' (side shot), which is a term more relevant to soccer or tennis, but the phrasing 'Dein Ball ist kurz davor, einen Baum zu schlagen' is ambiguous. In golf, for example, you would not use a side shot to avoid a tree; you'd adjust trajectory or aim. The options mix terms from different sports (e.g., 'werfen' implies throwing, as in basketball or American football, not golf or soccer). The question lacks sport-specific context, making it logically inconsistent.","Dein Golfball ist kurz davor, einen Baum zu treffen. Wie vermeidest du eine Kollision mit dem Baum?","['A. Zielen auf die Lücke zwischen Zweigen', 'B. Verwenden Sie einen Seitenschuss, um um ihn herum zu steuern', 'C. Schlagen Sie höher, um den Baum zu räumen', 'D. Schlagen Sie härter, um durchzusetzen']","C. Schlagen Sie höher, um den Baum zu räumen"
SBQ,SBQ_Germany.xlsx,Bosseln,"Sie kommen auf einer weit offenen Strecke, aber der Wind nimmt auf. Wie passen Sie sich an?","A. Wirf härter, um dem Wind zu widerstehen B. Verwenden Sie einen Seitenwurf, um den Windeffekt zu verringern C. Wirf schneller, um den Wind zu räumen D. Passen Sie Ihr Ziel an, den Wind auszugleichen","Passen Sie Ihr Ziel an, den Wind auszugleichen",1,no mistake,no correction needed,no correction needed,"Passen Sie Ihr Ziel an, den Wind auszugleichen"
SBQ,SBQ_Germany.xlsx,Bosseln,Der Boden ist felsig und Ihr Ball hüpft unvorhersehbar. Wie kontrollierst du es?,"A. Wirf mit mehr Kraft, um es zu kontrollieren B. Verwenden Sie einen Seitenaufnahme, um es zu stabilisieren C. Verlangsamen und sorgfältig zielen D. Werfen Sie höher, um Steine ​​zu vermeiden","Verwenden Sie einen Seitenaufnahme, um es zu stabilisieren",0,"The question is about controlling a ball on rocky ground, but the context is unclear — it does not specify the sport. The answer 'Verwenden Sie einen Seitenaufnahme, um es zu stabilisieren' (Use a side grip to stabilize it) is not a standard or logical technique for most ball sports on rocky terrain. 'Seitenaufnahme' (side grip) is typically associated with racket or throwing techniques in sports like tennis or shot put, not with controlling a bouncing ball on rocks. The question and answer are factually inconsistent and do not form a valid sports MCQ.",Der Boden ist felsig und Ihr Ball hüpft unvorhersehbar. Wie können Sie den Ball besser kontrollieren?,"['A. Mit mehr Kraft werfen, um die Unvorhersehbarkeit zu überwinden', 'B. Eine seitliche Wurftechnik verwenden, um die Kontrolle zu verbessern', 'C. Langsam werfen und genau zielen', 'D. Höher werfen, um Steine zu umgehen']",C. Langsam werfen und genau zielen
SBQ,SBQ_Germany.xlsx,Bosseln,"Sie nähern sich der Ziellinie, aber es gibt eine leichte Steigung vor uns. Wie gehen Sie damit um?","A. Wirf schneller, um es durchzuführen B. Langsamer werden, um sich an die Steigung einzustellen C. Verwenden Sie einen Seitenwurf, um Überschwingen zu verhindern D. Ziel ist das Zentrum, die Geschwindigkeit zu halten","Langsamer werden, um sich an die Steigung einzustellen",0,"The question is in German but refers to a sports context that is ambiguous and not clearly defined (e.g., what activity is being performed? Throwing? Running?). The options contain inconsistent terminology — 'Wirf schneller' (throw faster) and 'Seitenwurf' (side throw) suggest a throwing sport, but 'nähern sich der Ziellinie' (approaching the finish line) suggests running or racing. This contradiction makes the question logically flawed and not a valid MCQ. Additionally, the correct answer option is not properly labeled as an option letter.","Sie nähern sich der Ziellinie beim Diskuswurf, aber es gibt eine leichte Steigung vor Ihnen. Wie gehen Sie damit um?","['A. Werfen Sie schneller, um die Steigung zu überwinden', 'B. Verlangsamen Sie sich, um sich an die Steigung einzustellen', 'C. Verwenden Sie einen Seitenwurf, um Überschwingen zu verhindern', 'D. Halten Sie die Geschwindigkeit konstant und zielen auf das Zentrum']","B. Verlangsamen Sie sich, um sich an die Steigung einzustellen"
SBQ,SBQ_Germany.xlsx,Bosseln,"Ihr Ball nähert sich einem steilen Abschnitt. Was ist Ihre beste Option, um zu verhindern, dass die Kontrolle der Kontrolle verliert?","A. Wirf langsamer, um die Kontrolle zu behalten B. Wirf härter, um Geschwindigkeit zu gewinnen C. Verwenden Sie einen Seitenwurf, um ihn zu stabilisieren D. Lassen Sie den Ball gehen und unten einstellen","Wirf langsamer, um die Kontrolle zu behalten",0,"The question is about a ball approaching a steep section, but the phrasing 'Ihr Ball nähert sich einem steilen Abschnitt' is ambiguous without context (e.g., sport). The options use 'Wirf' (throw), which implies a throwing sport, but the correct answer assumes control via slower throw — which may not logically apply to all contexts. Also, option D is grammatically incorrect ('unteren einstellen' is not standard German). The correct answer is stated as text, not as an option label. The question does not clearly map to a standard sport or scenario.","Ihr Ball nähert sich einem steilen Abhang. Was ist Ihre beste Option, um die Kontrolle über den Ball zu behalten?","['A. Werfen Sie langsamer, um die Kontrolle zu behalten', 'B. Werfen Sie härter, um Geschwindigkeit zu gewinnen', 'C. Verwenden Sie einen Seitenwurf, um ihn zu stabilisieren', 'D. Lassen Sie den Ball los und stellen Sie sich unten ein']","A. Werfen Sie langsamer, um die Kontrolle zu behalten"
SBQ,SBQ_Germany.xlsx,Bosseln,"Sie befinden sich auf einer glatten Oberfläche, aber Ihr Ball dreht sich zur Seite. Wie korrigierst du es?","A. Härter werfen, um die Kontrolle zurückzugewinnen B. Verwenden Sie einen Seitenschuss, um es zurück zu steuern C. Zielen Sie auf die Kante der Strecke D. Werfen Sie mit Präzision, um es auf dem Laufenden zu halten","Verwenden Sie einen Seitenschuss, um es zurück zu steuern",0,"The question is about a ball spinning sideways on a smooth surface, which suggests a physics or sports scenario (e.g., curling, bowling, or ice hockey). However, the term 'Werfen' (throwing) is inconsistent with the context — throwing is not typically used to correct spin on a smooth surface in sports. The correct technique for controlling spin on a smooth surface (like in curling) is not 'Seitenschuss' (side shot), which is not a standard term in sports. The options are misleading and the scenario is not clearly grounded in a real sport. The answer choice 'Verwenden Sie einen Seitenschuss, um es zurück zu steuern' is not factually accurate in any standard sport context.",Sie befinden sich auf einer glatten Eisbahn und Ihr Stein dreht sich zur Seite. Wie korrigieren Sie die Bewegung?,"['A. Stärker werfen, um die Kontrolle zurückzugewinnen', 'B. Den Stein mit einer leichten Seitwärtsdrehung loslassen, um die Rotation auszugleichen', 'C. Auf die Kante der Bahn zielen', 'D. Mit mehr Präzision werfen, um den Stein auf Kurs zu halten']","B. Den Stein mit einer leichten Seitwärtsdrehung loslassen, um die Rotation auszugleichen"
SBQ,SBQ_Germany.xlsx,Bosseln,"Die Oberfläche ist weich und schwammig und Ihr Ball verliert Geschwindigkeit. Was tun Sie, um den Schwung zu erhalten?","A. Wirf härter durch, um durchzusetzen B. Verlangsamen und sorgfältig zielen C. Verwenden Sie einen Seitenwurf, um es auf dem Laufenden zu halten D. Erhöhen Sie den Winkel, um die Reibung zu verringern","Wirf härter durch, um durchzusetzen",0,"The question is factually incorrect and logically flawed. In sports like tennis, volleyball, or basketball, a soft and spongy surface causes the ball to lose speed due to energy absorption, not friction. Throwing harder ('Wirf härter durch') is not a standard or effective technique to compensate — it may even worsen control. The correct adjustment is typically to modify the angle, technique, or timing to account for surface properties. Option D ('Erhöhen Sie den Winkel, um die Reibung zu verringern') is closer to being correct, but the reasoning is flawed because increasing angle does not reduce friction; it may help maintain trajectory. The question lacks a valid, sport-specific context and the given answer is wrong.","Die Oberfläche ist weich und schwammig und Ihr Ball verliert Geschwindigkeit. Was tun Sie, um die Flugbahn und Kontrolle zu erhalten?","['A. Wirf härter durch, um durchzusetzen', 'B. Verlangsamen und sorgfältig zielen', 'C. Verwenden Sie einen Seitenwurf, um es auf dem Laufenden zu halten', 'D. Erhöhen Sie den Winkel, um die Flugdauer zu verlängern']",B. Verlangsamen und sorgfältig zielen
SBQ,SBQ_Germany.xlsx,Bosseln,Der Ball Ihres Gegners steht vor der Tür und die Strecke ist eng. Wie vermeiden Sie Störungen?,"A. Verwenden Sie einen Seitenwurf, um herumzulaufen B. Wirf schneller, um sie zu überholen C. Ziehen Sie die Mitte an, um Störungen zu vermeiden D. Lassen Sie Ihren Gegner passieren und passen Sie Ihr Ziel an","Verwenden Sie einen Seitenwurf, um herumzulaufen",0,"The question refers to 'Der Ball Ihres Gegners' (your opponent's ball) and 'Strecke ist eng' (narrow path), which suggests a scenario in a sport like curling or bowling, but the answer option 'Verwenden Sie einen Seitenwurf, um herumzulaufen' (use a side throw to walk around) is illogical — you don't 'walk around' by throwing a ball, and a side throw doesn't enable movement. The correct behavior in such sports is to avoid interfering, not to throw differently to maneuver. The intended correct answer seems to be D, which is the only sensible option: letting the opponent pass and adjusting your aim.",Der Ball Ihres Gegners steht vor der Tür und die Strecke ist eng. Wie vermeiden Sie eine Störung des Spiels?,"['A. Verwenden Sie einen Seitenwurf, um herumzulaufen', 'B. Werfen Sie schneller, um sie zu überholen', 'C. Ziehen Sie die Mitte an, um Störungen zu vermeiden', 'D. Lassen Sie Ihren Gegner passieren und passen Sie Ihr Ziel an']",D. Lassen Sie Ihren Gegner passieren und passen Sie Ihr Ziel an
SBQ,SBQ_Germany.xlsx,Bosseln,"Es liegt eine schmale Lücke vor sich, und Ihr Ball dreht sich zu sehr zur Seite. Wie passen Sie sich an?","A. Wirf schneller, um durchzukommen B. Verwenden Sie einen Seitenaufschlag, um den Pfad zu korrigieren C. Langsamer werden und vorsichtig steuern D. Werfen Sie mit genauerer Präzision, um zu vermeiden, dass Sie Schlagen haben","Verwenden Sie einen Seitenaufschlag, um den Pfad zu korrigieren",0,"The question is about a ball spinning too much to the side with a narrow gap ahead, which suggests a situation in a sport like bowling, golf, or possibly curling. However, the term 'Seitenaufschlag' (side serve) is a tennis/volleyball term and does not logically apply to correcting ball spin in a narrow gap. The options mix sports terminology incorrectly, making the question factually inconsistent and illogical.","Es liegt eine schmale Lücke vor sich, und Ihr Ball dreht sich zu sehr zur Seite. Wie passen Sie sich an?","['A. Erhöhen Sie die Wurfgeschwindigkeit, um durchzukommen', 'B. Passen Sie die Grifftechnik an, um die Drehung zu reduzieren', 'C. Verringern Sie die Geschwindigkeit und steuern Sie vorsichtiger', 'D. Verwenden Sie einen Seitenaufschlag, um den Pfad zu korrigieren']","B. Passen Sie die Grifftechnik an, um die Drehung zu reduzieren"
SBQ,SBQ_Germany.xlsx,Radball (Cycle Ball),"Ein Spieler versucht einen Schuss, aber der Ball trifft den Pfosten und springt zurück ins Spiel. Was geschieht?",A. Dem Spieler zugesprochenes Tor B. Das Spiel geht weiter C. Freistoß für den Gegner D. Einwurf für den Spieler,Das Spiel geht weiter,1,no mistake,no correction needed,no correction needed,Das Spiel geht weiter
SBQ,SBQ_Germany.xlsx,Radball (Cycle Ball),Der Torwart fängt den Ball mit beiden Händen. Was ist die richtige Entscheidung?,A. Foul gegen den Torwart B. Das Spiel geht weiter C. Freistoß für die Torwartmannschaft D. Strafe für den Gegner,Foul gegen den Torwart,0,"The question states that the goalkeeper catches the ball with both hands, which is legal under FIFA rules if the goalkeeper is within their own penalty area. Therefore, 'Foul gegen den Torwart' is incorrect. The correct decision should be 'Das Spiel geht weiter'. The question is factually wrong and misleads the test-taker.",Der Torwart fängt den Ball mit beiden Händen innerhalb des Strafraums. Was ist die richtige Entscheidung?,"['A. Foul gegen den Torwart', 'B. Das Spiel geht weiter', 'C. Freistoß für die Torwartmannschaft', 'D. Strafe für den Gegner']",B. Das Spiel geht weiter
SBQ,SBQ_Germany.xlsx,Radball (Cycle Ball),Ein Spieler schlägt den Ball versehentlich mit dem Vorderrad ins Aus. Was geschieht?,A. Einwurf für den Gegner B. Das Spiel geht weiter C. Freistoß für den Gegner D. Ecke für den Gegner,Einwurf für den Gegner,0,"The question contains a factual error: a player cannot hit the ball with the 'Vorderrad' (front wheel), as this is not a term used in football/soccer. This appears to be a mistranslation or confusion with a bicycle or vehicle. The context suggests the intended term is 'Hand' (hand) or 'Arm' (arm), as handling the ball with the hand is a common foul in football.",Ein Spieler berührt den Ball versehentlich mit der Hand ins Aus. Was geschieht?,"['A. Einwurf für den Gegner', 'B. Das Spiel geht weiter', 'C. Freistoß für den Gegner', 'D. Ecke für den Gegner']",A. Einwurf für den Gegner
SBQ,SBQ_Germany.xlsx,Radball (Cycle Ball),"Ein Verteidiger blockt einen Schuss, indem er sein Vorderrad anhebt. Ist das erlaubt?",A. Ja B. NEIN C. Nur im Strafraum D. Nur wenn sich der Ball über Hüfthöhe befindet,NEIN,0,"The question is factually incorrect and nonsensical because 'Vorderrad' (front wheel) is a term from cycling, not football/soccer. A defender in football does not have a 'front wheel'. This renders the entire question invalid as a sports MCQ.","Ein Verteidiger blockt einen Schuss, indem er seinen Arm hebt. Ist das erlaubt?","['A. Ja', 'B. NEIN', 'C. Nur im Strafraum', 'D. Nur wenn sich der Ball über Hüfthöhe befindet']",B. NEIN
SBQ,SBQ_Germany.xlsx,Radball (Cycle Ball),"Ein Spieler schießt ein Tor, aber sein Fuß berührt beim Schuss den Boden. Was geschieht?",A. Tor nicht anerkannt B. Tor vergeben C. Freistoß für den Gegner D. Das Spiel geht ohne Tor weiter,Tor nicht anerkannt,0,"The question is factually incorrect because in football (soccer), a player's foot touching the ground during a shot does not invalidate a goal. Goals are only disallowed if there is a foul, offside, handball, or other rule violation. The scenario described has no basis in the Laws of the Game, making the question misleading and invalid as a sports MCQ.","Ein Spieler schießt ein Tor, aber sein Fuß berührt beim Schuss die Torlinie. Was geschieht?","['A. Tor nicht anerkannt', 'B. Tor vergeben', 'C. Freistoß für den Gegner', 'D. Das Spiel geht ohne Tor weiter']",A. Tor nicht anerkannt
SBQ,SBQ_Germany.xlsx,Radball (Cycle Ball),Der Ball steht still und beide Spieler kreisen um ihn herum. Was soll passieren?,"A. Der Schiedsrichter vergibt einen Dropball B. Freistoß für die nächstgelegene Mannschaft C. Das Spiel geht weiter, bis ein Spieler zieht D. Schiedsrichter pfeift wegen eines Fouls",Der Schiedsrichter vergibt einen Dropball,0,"The scenario described ('Der Ball steht still und beide Spieler kreisen um ihn herum') is ambiguous and does not clearly correspond to a standard football rule. In official football rules (Laws of the Game), if the ball is stationary and players are surrounding it without a clear reason (e.g., injury, stoppage), the correct restart is a drop ball — but only if the stoppage was not due to a foul or out-of-play. However, the phrasing implies an unnatural or suspicious situation that might be misinterpreted as a standoff or simulation, which is not a standard rule scenario. The question lacks clarity and context to be a valid MCQ. Additionally, option C ('Das Spiel geht weiter, bis ein Spieler zieht') is illogical and grammatically incorrect ('zieht' is vague).","Der Ball liegt still auf dem Feld, und keine Mannschaft hat klaren Besitz; die Spieler warten ab. Was soll der Schiedsrichter tun?","['A. Der Schiedsrichter vergibt einen Dropball', 'B. Freistoß für die nächstgelegene Mannschaft', 'C. Das Spiel geht weiter, bis ein Spieler den Ball spielt', 'D. Schiedsrichter pfeift wegen eines Fouls']",A. Der Schiedsrichter vergibt einen Dropball
SBQ,SBQ_Germany.xlsx,Radball (Cycle Ball),"Ein Spieler prallt absichtlich gegen seinen Gegner, um ein Tor zu verhindern. Wie lautet die Entscheidung?",A. Strafe für den Gegner B. Gelbe Karte für den Spieler C. Freistoß für den Gegner D. Das Spiel geht weiter,Strafe für den Gegner,0,"The question describes a deliberate handball or foul to prevent a goal, which in football (soccer) rules should result in a direct free kick or penalty kick for the opposing team, and a red card for the player, not a 'Strafe für den Gegner' (penalty for the opponent). 'Strafe für den Gegner' is ambiguous and incorrect terminology; the correct consequence is a penalty kick if the foul occurs in the penalty area, or a direct free kick otherwise, plus a red card. The provided answer is factually wrong.","Ein Spieler verhindert absichtlich ein Tor durch eine Handlung, die im Strafraum gegen die Regeln verstößt. Wie lautet die Entscheidung?","['A. Strafstoß für den Gegner', 'B. Gelbe Karte für den Spieler', 'C. Freistoß für den Gegner', 'D. Das Spiel geht weiter']",A. Strafstoß für den Gegner
SBQ,SBQ_Germany.xlsx,Radball (Cycle Ball),Ein Spieler punktet direkt beim Anstoß. Ist das erlaubt?,A. Ja B. NEIN C. Nur in der Verlängerung D. Nur wenn es ein Freistoß ist,Ja,0,"The question is factually incorrect because according to the official Laws of the Game (IFAB), a goal cannot be scored directly from the kickoff against the opposing team. A goal can only be scored directly from the kickoff if it goes into the opponent's goal, but the rule actually allows it — wait, correction: Yes, a goal CAN be scored directly from the kickoff. The original answer 'Ja' is correct. However, the question is ambiguous in phrasing and lacks context. The phrasing 'punkte direkt beim Anstoß' is not standard German football terminology. 'Punkten' is more commonly used in contexts like basketball or general scoring, whereas 'tore' is the correct term in football. This may confuse native German speakers. The question should use 'trifft ins Tor' or 'erzielt ein Tor' for clarity and correctness in football context.",Ein Spieler erzielt ein Tor direkt beim Anstoß. Ist das erlaubt?,"['A. Ja', 'B. NEIN', 'C. Nur in der Verlängerung', 'D. Nur wenn es ein Freistoß ist']",A. Ja
SBQ,SBQ_Germany.xlsx,Radball (Cycle Ball),Der Ball wird vom Fahrrad eines Spielers ins Tor abgelenkt. Was ist das Ergebnis?,A. Tor vergeben B. Tor nicht anerkannt C. Das Spiel geht weiter D. Freistoß für den Gegner,Tor vergeben,0,The scenario described is physically impossible and violates the rules of football (soccer). A player cannot ride a bicycle (Fahrrad) during play; the ball cannot be deflected by a bicycle because players are not allowed to use external objects or vehicles during the game. This makes the question factually incorrect and logically invalid as a sports MCQ.,Der Ball wird vom Fuß eines Spielers ins Tor abgelenkt.,"['Tor vergeben', 'Tor nicht anerkannt', 'Das Spiel geht weiter', 'Freistoß für den Gegner']",Tor vergeben
SBQ,SBQ_Germany.xlsx,Radball (Cycle Ball),Der Torwart schlägt den Ball versehentlich ins eigene Tor. Wie lautet das Urteil?,A. Tor für die gegnerische Mannschaft B. Freistoß für die Torwartmannschaft C. Das Spiel geht weiter D. Ball fallen lassen,Tor für die gegnerische Mannschaft,1,no mistake,no correction needed,no correction needed,Tor für die gegnerische Mannschaft
SBQ,SBQ_Germany.xlsx,Radball (Cycle Ball),"Ein Spieler führt einen Fahrradtrick aus, um den Ball seinem Mitspieler zuzuspielen. Ist das erlaubt?",A. Ja B. NEIN C. Nur in ihrer Hälfte des Gerichts D. Nur im Strafraum,Ja,0,"The question is factually incorrect because a 'Fahrradtrick' (bicycle kick) is a maneuver used to strike the ball toward the goal, not to pass it to a teammate. Additionally, in association football (soccer), a bicycle kick is legal as long as it's performed safely and not dangerous to others, but the context of passing to a teammate with a bicycle kick is misleading and not a standard or common play. The correct answer 'Ja' is misleading because while the maneuver itself is allowed, the scenario described is unrealistic and may imply an illegal or improper action. The question needs clarification to be a valid MCQ.","Ein Spieler führt einen Fahrradtrick aus, um den Ball ins Tor zu schießen. Ist das erlaubt?","['A. Ja', 'B. NEIN', 'C. Nur in ihrer Hälfte des Feldes', 'D. Nur im Strafraum']",A. Ja
SBQ,SBQ_Germany.xlsx,Radball (Cycle Ball),"Der Fuß eines Spielers berührt den Boden, während er im Strafraum verteidigt. Was geschieht?",A. Strafe für den Gegner B. Freistoß für den Gegner C. Das Spiel geht weiter D. Gelbe Karte für den Spieler,Strafe für den Gegner,0,"The question is factually incorrect. In football (soccer), merely touching the ground with the foot while defending in the penalty area does not constitute a foul. The correct scenario would involve a foul such as a tackle, handball, or holding. The provided answer 'Strafe für den Gegner' (penalty for the opponent) is not triggered by the described action. The question as written makes no logical sense as a valid MCQ because the condition described does not lead to any penalty under the Laws of the Game.",Ein Spieler im Strafraum begeht einen foultätigen Kontakt mit einem gegnerischen Spieler. Was geschieht?,"['A. Strafe für den Gegner', 'B. Freistoß für den Gegner', 'C. Das Spiel geht weiter', 'D. Gelbe Karte für den Spieler']",A. Strafe für den Gegner
SBQ,SBQ_Germany.xlsx,Radball (Cycle Ball),"Ein Spieler tritt den Ball absichtlich, anstatt das Fahrrad zu benutzen. Wie lautet das Urteil?",A. Foul gegen den Spieler B. Freistoß für den Gegner C. Das Spiel geht weiter D. Gelbe Karte für den Spieler,Foul gegen den Spieler,0,"The question contains a factual error: 'Fahrrad' (bicycle) is not part of football (soccer) rules. The scenario described is nonsensical in the context of football. A player cannot 'use a bicycle' in football; this appears to be a mistranslation or confusion with 'Fahrradtrick' (bicycle kick), a legitimate football move. The question must refer to a bicycle kick, not a bicycle.","Ein Spieler tritt den Ball absichtlich mit einem Fahrradtrick, anstatt ihn normal zu spielen. Wie lautet das Urteil?","['A. Foul gegen den Spieler', 'B. Freistoß für den Gegner', 'C. Das Spiel geht weiter', 'D. Gelbe Karte für den Spieler']",C. Das Spiel geht weiter
SBQ,SBQ_Germany.xlsx,Radball (Cycle Ball),Der Ball wird hoch gespielt und landet oben auf dem Torrahmen. Was soll passieren?,A. Das Spiel geht weiter B. Ball fallen lassen C. Freistoß für den Gegner D. Der Schiedsrichter unterbricht das Spiel,Der Schiedsrichter unterbricht das Spiel,0,"The question is factually incorrect because in football (soccer), if the ball hits the crossbar or goal frame and remains in play (e.g., bounces back onto the field), the game continues. However, if the ball completely goes over the goal line between the posts and under the crossbar, it's a goal. If the ball hits the crossbar and goes out of bounds behind the goal line (not between the posts), it results in a goal kick or corner kick, not a referee stoppage. The scenario described — 'landet oben auf dem Torrahmen' — is ambiguous but typically implies the ball is stuck on top of the frame, which is not a standard rule situation. In reality, the ball must be played or deemed out of play by the referee only if it fully crosses the boundary. The correct outcome for a ball hitting the crossbar and falling back onto the field is 'Spiel geht weiter'. The provided answer is wrong. The question as phrased misrepresents the Laws of the Game.","Der Ball wird hoch gespielt, trifft die Querlatte und fällt außerhalb des Torraums auf den Boden. Was soll passieren?","['A. Das Spiel geht weiter', 'B. Ball fallen lassen', 'C. Freistoß für den Gegner', 'D. Der Schiedsrichter unterbricht das Spiel']",A. Das Spiel geht weiter
SBQ,SBQ_Germany.xlsx,Radball (Cycle Ball),"Ein Spieler punktet, aber der Schiedsrichter bemerkt, dass er den Lenker nur mit einer Hand gehalten hat. Wie lautet das Urteil?",A. Tor nicht anerkannt B. Tor vergeben C. Das Spiel geht weiter D. Gelbe Karte für den Spieler,Tor nicht anerkannt,0,"The question is factually incorrect because cycling (with a 'Lenker' - handlebar) is not a sport where players 'punkten' (score points) in the context of a referee's call. This appears to be a misapplication of football (soccer) rules to cycling. The term 'Lenker' is specific to bicycles, not football, making the scenario logically inconsistent. The question does not make sense as a valid sports MCQ without context correction.","Ein Spieler schießt ein Tor, aber der Schiedsrichter bemerkt, dass er den Ball nur mit einer Hand gehalten hat, bevor er geschossen hat. Wie lautet das Urteil?","['Tor nicht anerkannt', 'Tor vergeben', 'Das Spiel geht weiter', 'Gelbe Karte für den Spieler']",Tor nicht anerkannt
SBQ,SBQ_Germany.xlsx,Radball (Cycle Ball),Ein Spieler verzögert absichtlich die Ausführung eines Freistoßes. Welche Maßnahmen ergreift der Schiedsrichter?,A. Gibt eine Warnung aus B. Gewährt dem Gegner einen Freistoß C. Gibt eine gelbe Karte aus D. Lasst uns weiterspielen,Gibt eine Warnung aus,0,"The question is factually incorrect because intentionally delaying a free kick is a cautionable offense under Law 12 of FIFA's Laws of the Game, which requires a yellow card, not just a warning. The term 'Gibt eine Warnung aus' is vague and non-standard in official football terminology; the correct and precise action is 'Gibt eine gelbe Karte aus'. Also, option A and C are contradictory — 'Warnung' is not the official term used in rules, and option C is the accurate one. The question as phrased misleads by implying 'Warnung' is the correct official response.",Ein Spieler verzögert absichtlich die Ausführung eines Freistoßes. Welche disziplinarische Maßnahme ergreift der Schiedsrichter?,"['A. Gibt eine gelbe Karte aus', 'B. Gewährt dem Gegner einen Freistoß', 'C. Gibt eine rote Karte aus', 'D. Lässt das Spiel weiterlaufen']",A. Gibt eine gelbe Karte aus
SBQ,SBQ_Germany.xlsx,Radball (Cycle Ball),Zwei Spieler kollidieren beim Kampf um den Ball und beide fallen. Was geschieht?,A. Das Spiel geht weiter B. Freistoß für die Mannschaft mit Ballbesitz C. Ball fallen lassen D. Der Schiedsrichter spricht beiden Spielern ein Foul zu,Ball fallen lassen,0,"The question is factually incorrect because in association football (soccer), when two players collide while contesting the ball and both fall, the referee does not automatically drop the ball ('Ball fallen lassen'). The correct procedure is to assess whether a foul occurred. If no foul is committed, play continues (Option A). If a foul is committed, a free kick is awarded. The option 'Ball fallen lassen' (ball drop) is only correct in very specific situations, such as when play is stopped due to an injury or an external interference — not simply because two players collide while contesting the ball. The provided answer is misleading and does not reflect standard FIFA rules.",Zwei Spieler kollidieren beim Kampf um den Ball und beide fallen. Keiner der Spieler begeht einen Foul. Was geschieht?,"['A. Das Spiel geht weiter', 'B. Freistoß für die Mannschaft mit Ballbesitz', 'C. Ball fallen lassen', 'D. Der Schiedsrichter spricht beiden Spielern ein Foul zu']",A. Das Spiel geht weiter
SBQ,SBQ_Germany.xlsx,Radball (Cycle Ball),"Ein Spieler versucht einen Rückwärtssalto, der jedoch über das Tor geht. Was ist das Ergebnis?",A. Abstoß für die gegnerische Mannschaft B. Freistoß für die gegnerische Mannschaft C. Das Spiel geht weiter D. Ecke für die gegnerische Mannschaft,Abstoß für die gegnerische Mannschaft,0,"The question describes a player attempting a backflip over the goal, which is not a valid or recognized action in football (soccer) rules. The Laws of the Game do not account for backflips as a method of playing the ball, and such an action would be considered unsporting behavior, leading to a caution (yellow card) and an indirect free kick for the opposing team from the place of the infringement — not an indirect free kick or corner or goal kick. The provided answer 'Abstoß für die gegnerische Mannschaft' (goal kick for the opposing team) is incorrect because a goal kick is only awarded when the attacking team last touched the ball before it crossed the goal line outside the goal. A backflip over the goal does not logically result in a goal kick. The question is factually invalid as it misrepresents football rules.",Ein Spieler schießt den Ball von außerhalb des Strafraums über das Tor. Was ist das Ergebnis?,"['A. Abstoß für die gegnerische Mannschaft', 'B. Freistoß für die gegnerische Mannschaft', 'C. Das Spiel geht weiter', 'D. Ecke für die gegnerische Mannschaft']",A. Abstoß für die gegnerische Mannschaft
SBQ,SBQ_Germany.xlsx,Radball (Cycle Ball),Der Ball wird vom Schiedsrichter abgelenkt und geht ins Tor. Wie lautet das Urteil?,A. Tor vergeben B. Tor nicht anerkannt C. Ball fallen lassen D. Freistoß für die gegnerische Mannschaft,Ball fallen lassen,0,"The question is factually incorrect. According to FIFA Laws of the Game (Law 9), if the ball deflects off the referee and goes into the goal, it is a valid goal. The referee is considered part of the game environment, not an external agent. Therefore, 'Ball fallen lassen' (drop ball) is not the correct ruling. The correct decision is 'Tor vergeben' (goal awarded). The provided answer is wrong, and the question misrepresents the rules.",Der Ball wird vom Schiedsrichter abgelenkt und geht ins Tor. Wie lautet das Urteil?,"['A. Tor vergeben', 'B. Tor nicht anerkannt', 'C. Ball fallen lassen', 'D. Freistoß für die gegnerische Mannschaft']",Tor vergeben
SBQ,SBQ_Germany.xlsx,Radball (Cycle Ball),"Ein Spieler blockt einen Schuss, indem er sein Fahrrad über die Torlinie stellt. Was geschieht?",A. Das Spiel geht weiter B. Freistoß für den Gegner C. Strafe für den Gegner D. Gelbe Karte für den Spieler,Strafe für den Gegner,0,"The question is factually and logically incorrect because a player cannot block a shot by placing a bicycle over the goal line — this is physically impossible and not a recognized scenario in sports rules (e.g., football/soccer). The provided answer 'Strafe für den Gegner' (penalty for the opponent) is also incorrect in context, as no standard rule awards a penalty to the opponent for such an absurd action. The question does not make sense as a valid MCQ because it describes an impossible scenario.","Ein Spieler blockt einen Schuss, indem er mit der Hand in das Tor greift. Was geschieht?","['A. Das Spiel geht weiter', 'B. Freistoß für den Gegner', 'C. Elfmeter für den Gegner', 'D. Gelbe Karte für den Spieler']",C. Elfmeter für den Gegner
SBQ,SBQ_Germany.xlsx,Radball (Cycle Ball),Ein Verteidiger lenkt den Ball in den eigenen Strafraum. Wie lautet die Entscheidung?,A. Das Spiel geht weiter B. Strafe für den Gegner C. Freistoß für den Gegner D. Ball fallen lassen,Das Spiel geht weiter,0,"The question is factually incorrect. According to FIFA Laws of the Game, if a defender deliberately handles the ball in their own penalty area, it results in a penalty kick for the opposing team. The given answer 'Das Spiel geht weiter' is wrong. The question also does not specify whether the handling was deliberate or accidental, which is critical for the correct decision. The phrasing 'lenkt den Ball' (redirects the ball) is ambiguous and could imply a deflection, not a deliberate handball.",Ein Verteidiger hält absichtlich den Ball in seinem eigenen Strafraum. Wie lautet die Entscheidung?,"['A. Das Spiel geht weiter', 'B. Strafe für den Gegner', 'C. Freistoß für den Gegner', 'D. Elfmeter für den Gegner']",D. Elfmeter für den Gegner
SBQ,SBQ_Germany.xlsx,Radball (Cycle Ball),"Der Ball ist im Spiel, wenn die Lenkstange eines Spielers bricht. Was passiert als nächstes?",A. Der Schiedsrichter unterbricht das Spiel B. Das Spiel geht weiter C. Freistoß für den Gegner D. Ball fallen lassen,Der Schiedsrichter unterbricht das Spiel,0,"The question is factually incorrect because 'Lenkstange' (steering rod) is not a term used in any recognized sport involving a ball; it is a mechanical part from vehicles, not sports equipment. This makes the scenario nonsensical and invalid for a sports MCQ. The question must be corrected to refer to actual sports equipment, such as a racket, stick, or goalpost.","Der Ball ist im Spiel, wenn der Schläger eines Spielers bricht. Was passiert als nächstes?","['A. Der Schiedsrichter unterbricht das Spiel', 'B. Das Spiel geht weiter', 'C. Freistoß für den Gegner', 'D. Ball fallen lassen']",A. Der Schiedsrichter unterbricht das Spiel
SBQ,SBQ_Germany.xlsx,Radball (Cycle Ball),"Ein Spieler verliert die Kontrolle über sein Fahrrad, aber der Ball geht ins Tor. Ist es ein gültiges Ziel?",A. Ja B. NEIN C. Nur wenn sie sofort die Kontrolle wiedererlangen D. Nur wenn der Schiedsrichter es zulässt,NEIN,0,"The question incorrectly references a 'Fahrrad' (bicycle) in a context that clearly should be about football (soccer), where players use feet, not bicycles. This is a factual error that makes the scenario nonsensical for a sports MCQ. The answer 'NEIN' is correct for a football context, but the premise is invalid.","Ein Spieler verliert die Kontrolle über den Ball, aber der Ball geht ins Tor. Ist es ein gültiges Ziel?","['A. Ja', 'B. NEIN', 'C. Nur wenn sie sofort die Kontrolle wiedererlangen', 'D. Nur wenn der Schiedsrichter es zulässt']",A. Ja
SBQ,SBQ_Germany.xlsx,Radball (Cycle Ball),Bei einem Strafstoß wird der Ball vom Torwart abgelenkt und geht ins Aus. Was geschieht?,A. Ecke für den Gegner B. Abstoß für den Torwart C. Das Spiel geht weiter D. Ball fallen lassen,Abstoß für den Torwart,0,"The question is factually incorrect. According to FIFA Laws of the Game, if a penalty kick is taken and the ball is deflected by the goalkeeper and goes out of play over the goal line (not the touchline), the correct restart is a corner kick for the attacking team, not a goal kick (Abstoß für den Torwart). The option 'Abstoß für den Torwart' is only correct if the ball goes out over the goal line after being last touched by an attacker — but here, the goalkeeper touched it last. The question also ambiguously says 'ins Aus', which could mean out of bounds on the sideline (touchline) or goal line. In context of a penalty kick, 'ins Aus' typically implies the goal line. If it went over the touchline, that would be an unusual and illegal scenario since the ball must go toward the goal. The answer provided is wrong, and the question is misleading.",Bei einem Strafstoß wird der Ball vom Torwart abgelenkt und überschreitet die Torlinie außerhalb des Tors. Was geschieht?,"['A. Ecke für den Angreifer', 'B. Abstoß für den Torwart', 'C. Das Spiel geht weiter', 'D. Ball fallen lassen']",A. Ecke für den Angreifer
SBQ,SBQ_Germany.xlsx,Radball (Cycle Ball),"Ein Spieler bewegt sein Fahrrad absichtlich, um einen Gegner zu blockieren, ohne den Ball zu spielen. Was geschieht?",A. Freistoß für den Gegner B. Gelbe Karte für den Blocker C. Das Spiel geht weiter D. Ball fallen lassen,Freistoß für den Gegner,0,"The question incorrectly refers to a 'Fahrrad' (bicycle), which has no place in association football (soccer). This is a factual error that makes the scenario impossible and invalidates the question. Football rules do not involve bicycles.","Ein Spieler bewegt seinen Körper absichtlich, um einen Gegner zu blockieren, ohne den Ball zu spielen. Was geschieht?","['Freistoß für den Gegner', 'Gelbe Karte für den Blocker', 'Das Spiel geht weiter', 'Ball fallen lassen']",Freistoß für den Gegner
SBQ,SBQ_Germany.xlsx,Radball (Cycle Ball),"Der Schiedsrichter signalisiert den Beginn des Spiels, aber eine Mannschaft ist nicht bereit. Was soll der Schiedsrichter tun?",A. Starten Sie das Spiel B. Geben Sie eine Warnung aus C. Warten Sie auf die Bereitschaft D. Bestrafe das noch nicht bereite Team,Warten Sie auf die Bereitschaft,1,no mistake,no correction needed,no correction needed,Warten Sie auf die Bereitschaft
SBQ,SBQ_Germany.xlsx,Radball (Cycle Ball),"Ein Spieler punktet, indem er den Ball von seinem Hinterrad ablenkt. Ist es gültig?",A. Ja B. NEIN C. Nur im Strafraum D. Nur aus einem Freistoß,Ja,0,"The question is factually incorrect because in football (soccer), a player cannot score by deflecting the ball off their own back wheel — this is not a valid or existing rule. 'Hinterrad' (back wheel) is a mistranslation or nonsensical term; it likely intends 'Hinterkopf' (back of the head) or 'eigenes Tor' (own goal), but 'Hinterrad' has no meaning in football context. The correct answer 'Ja' is therefore invalid.","Ein Spieler punktet, indem er den Ball mit dem Kopf ins eigene Tor schießt. Ist es gültig?","['A. Ja', 'B. NEIN', 'C. Nur im Strafraum', 'D. Nur aus einem Freistoß']",A. Ja
SBQ,SBQ_Germany.xlsx,Radball (Cycle Ball),Der Ball wird während des Spiels durchstochen. Wie lautet das Urteil?,A. Das Spiel geht weiter B. Der Schiedsrichter legt den Ball zurück C. Freistoß für die führende Mannschaft D. Ball fallen lassen,Der Schiedsrichter legt den Ball zurück,0,"The question is factually incorrect. In football (soccer), if a ball is punctured during play, the referee does not 'legt den Ball zurück' (puts the ball back). According to the official Laws of the Game (Law 5 and Law 2), the match is stopped, and the ball is replaced. Play is restarted with a dropped ball (Ball fallen lassen) at the location where the ball was when play was stopped — unless it was inside the penalty area, in which case the drop occurs on the goal area line parallel to the goal line. The option 'Der Schiedsrichter legt den Ball zurück' is not a valid restart procedure and misrepresents the rules.",Der Ball wird während des Spiels durchstochen. Wie wird das Spiel fortgesetzt?,"['A. Das Spiel geht weiter', 'B. Der Schiedsrichter legt den Ball zurück', 'C. Freistoß für die führende Mannschaft', 'D. Ball fallen lassen']",D. Ball fallen lassen
SBQ,SBQ_Germany.xlsx,Radball (Cycle Ball),Ein Verteidiger schlägt den Ball in den Torpfosten und dieser prallt direkt in seinen Strafraum zurück.,A. Ecke für den Gegner B. Freistoß für die Mannschaft des Verteidigers C. Das Spiel geht weiter D. Strafe für den Gegner,Das Spiel geht weiter,0,"The question describes a situation where a defender hits the ball against the goalpost and it rebounds back into his own penalty area. According to FIFA Laws of the Game, if the ball rebounds off the goalpost or crossbar and remains in play (i.e., does not fully cross the goal line), the game continues. However, the provided answer 'Das Spiel geht weiter' is correct, but the question is misleading because it implies a potential foul or restart scenario, while the situation described is actually legal and common. The main issue is that the options include misleading or incorrect restarts (like 'Ecke für den Gegner' or 'Freistoß für die Mannschaft des Verteidigers') that do not apply here, but the core problem is that the question does not clearly indicate whether the ball crossed the goal line or not. To make it a valid MCQ, we must clarify that the ball did NOT cross the goal line.","Ein Verteidiger schlägt den Ball gegen den Torpfosten, und der Ball prallt direkt in seinen Strafraum zurück, ohne die Torlinie zu überschreiten.","['A. Ecke für den Gegner', 'B. Freistoß für die Mannschaft des Verteidigers', 'C. Das Spiel geht weiter', 'D. Strafe für den Gegner']",C. Das Spiel geht weiter
SBQ,SBQ_Germany.xlsx,Radball (Cycle Ball),"Der Torwart bewegt sich aus seinem Bereich, um einen Schuss abzuwehren. Was geschieht?",A. Freistoß für den Gegner B. Das Spiel geht weiter C. Gelbe Karte für den Torwart D. Strafe für den Gegner,Das Spiel geht weiter,0,"The question is factually incorrect. A goalkeeper moving outside his penalty area to defend a shot is perfectly legal and does not violate any rule. The correct outcome is 'Das Spiel geht weiter' only if no foul occurred. However, the question implies that the goalkeeper's action itself is an infraction, which is misleading. The scenario described does not warrant any penalty, so the question must be rephrased to reflect a real rule violation (e.g., handling the ball outside the penalty area).",Der Torwart verlässt seinen Strafraum und berührt den Ball mit den Händen. Was geschieht?,"['A. Freistoß für den Gegner', 'B. Das Spiel geht weiter', 'C. Gelbe Karte für den Torwart', 'D. Strafe für den Gegner']",A. Freistoß für den Gegner
SBQ,SBQ_Germany.xlsx,Radball (Cycle Ball),Während eines Dropballs vermeidet eine Mannschaft bewusst den Angriff. Wie lautet die Entscheidung des Schiedsrichters?,A. Lassen Sie das Spiel weiterlaufen B. Warnen Sie das passive Team C. Freistoß für die aktive Mannschaft D. Starten Sie den Dropball neu,Lassen Sie das Spiel weiterlaufen,0,"The question is factually incorrect. According to the Laws of the Game (IFAB), a drop ball is not used to restart play when a team avoids attacking; instead, play is simply allowed to continue if the ball is in play and no foul occurs. However, the scenario described does not correspond to any official rule where a drop ball is triggered by passive play. The correct restart in such a case is indeed 'Lassen Sie das Spiel weiterlaufen', but the premise of the question is misleading because a drop ball is not involved in this situation. The question falsely implies that a drop ball is occurring while a team avoids attacking, which is not a valid scenario under the rules.",Während eines Spielbetriebs vermeidet eine Mannschaft bewusst den Angriff. Wie lautet die Entscheidung des Schiedsrichters?,"['A. Lassen Sie das Spiel weiterlaufen', 'B. Warnen Sie das passive Team', 'C. Freistoß für die aktive Mannschaft', 'D. Starten Sie den Dropball neu']",A. Lassen Sie das Spiel weiterlaufen
SBQ,SBQ_Germany.xlsx,Radball (Cycle Ball),Der Ball rollt langsam auf das gegnerische Tor zu und niemand fordert ihn heraus. Was geschieht?,"A. Tor vergeben B. Der Schiedsrichter unterbricht das Spiel C. Das Spiel wird fortgesetzt, bis es stoppt D. Abstoß für den Gegner","Das Spiel wird fortgesetzt, bis es stoppt",0,"The question describes a situation where the ball rolls slowly toward the opponent's goal with no one challenging it. According to the Laws of the Game (FIFA), if the ball crosses the goal line between the posts and under the crossbar without a foul, it is a goal — regardless of whether anyone challenged it. The provided answer 'Das Spiel wird fortgesetzt, bis es stoppt' is incorrect because the ball rolling into the goal should result in a goal, not continuation. The question is misleading and the answer is factually wrong.","Der Ball rollt langsam auf das gegnerische Tor zu, überquert die Torlinie zwischen den Pfosten und unter der Querlatte, ohne dass ein Spieler ihn herausfordert. Was geschieht?","['A. Tor vergeben', 'B. Der Schiedsrichter unterbricht das Spiel', 'C. Das Spiel wird fortgesetzt, bis es stoppt', 'D. Abstoß für den Gegner']",A. Tor vergeben
SBQ,SBQ_Germany.xlsx,Radball (Cycle Ball),Ein Spieler spielt den Ball rückwärts in seinen eigenen Strafraum. Ist es erlaubt?,A. Ja B. NEIN C. Nur bei einem Freistoß D. Nur bei der Verteidigung eines Tores,Ja,0,"The question is factually incorrect. According to Law 12 of the FIFA Laws of the Game, a player is allowed to pass the ball backward into their own penalty area, but if a teammate then touches it with their hands (e.g., the goalkeeper), it is an infringement (back-pass rule). However, the question does not specify any action after the backward pass, making it ambiguous. The answer 'Ja' is misleading without context — the act of playing the ball backward into the penalty area is allowed, but the question implies a potential violation without clarifying the full scenario. The question needs to specify who receives the ball or what happens next to be valid.","Ein Spieler spielt den Ball rückwärts in seinen eigenen Strafraum, und sein Torhüter berührt ihn mit den Händen. Ist das erlaubt?","['A. Ja', 'B. NEIN', 'C. Nur bei einem Freistoß', 'D. Nur bei der Verteidigung eines Tores']",B. NEIN
SBQ,SBQ_Germany.xlsx,Radball (Cycle Ball),"Ein Spieler versucht einen Schlag, aber sein Vorderrad kreuzt die Mittellinie. Was geschieht?",A. Das Spiel geht weiter B. Freistoß für den Gegner C. Gelbe Karte für den Spieler D. Ball fallen lassen,Freistoß für den Gegner,0,"The question is factually incorrect because it describes a scenario that does not exist in any standard sport. 'Vorderrad' (front wheel) is a term used for bicycles or vehicles, not for players in sports like football (soccer). A player cannot have a 'front wheel' — this is a nonsensical and misleading statement. The question confuses vehicle terminology with sports rules.","Ein Spieler versucht einen Schlag, aber sein Fuß kreuzt die Mittellinie. Was geschieht?","['A. Das Spiel geht weiter', 'B. Freistoß für den Gegner', 'C. Gelbe Karte für den Spieler', 'D. Ball fallen lassen']",Freistoß für den Gegner
SBQ,SBQ_Germany.xlsx,Radball (Cycle Ball),Der Schiedsrichter unterbricht das Spiel wegen einer Verletzung. Wie soll das Spiel neu gestartet werden?,A. Ball fallen lassen B. Freistoß für die verletzte Mannschaft C. Freistoß für den Gegner D. Ecke für die nächstgelegene Mannschaft,Ball fallen lassen,1,no mistake,no correction needed,no correction needed,Ball fallen lassen
SBQ,SBQ_Germany.xlsx,Radball (Cycle Ball),"Ein Verteidiger schirmt den Ball in der Nähe des Torpfostens ab, spielt ihn aber nicht. Was geschieht?",A. Das Spiel geht weiter B. Warnung vor Zeitverschwendung C. Freistoß für den Gegner D. Ball fallen lassen,Warnung vor Zeitverschwendung,0,"The question describes a defender shielding the ball near the goalpost without playing it, which is a common time-wasting scenario. However, according to FIFA Laws of the Game, simply shielding the ball without playing it is not automatically a caution for time-wasting unless it is deemed to be delaying the restart of play or unsporting behavior. The correct outcome in this situation is typically a direct free kick for the opposing team if the defender is holding or obstructing an opponent, but if no contact or obstruction is involved and the player is just shielding, play continues. The provided answer 'Warnung vor Zeitverschwendung' (Warning for time-wasting) is incorrect as a direct consequence. Shielding the ball without contact is legal; only if it becomes time-wasting with clear intent to delay (e.g., holding the ball for too long near goal without challenge) might a caution be given — but even then, it's not automatic. The most accurate outcome is 'Das Spiel geht weiter' (Play continues) if no foul occurs.","Ein Verteidiger schirmt den Ball in der Nähe des Torpfostens ab, ohne den Ball zu spielen oder einen Gegenspieler zu berühren. Was geschieht?","['A. Das Spiel geht weiter', 'B. Warnung vor Zeitverschwendung', 'C. Freistoß für den Gegner', 'D. Ball fallen lassen']",Das Spiel geht weiter
SBQ,SBQ_Germany.xlsx,Radball (Cycle Ball),Der Ball wird geschossen und bleibt im Netz stecken. Wie lautet das Urteil?,A. Tor vergeben B. Ball fallen lassen C. Das Spiel geht weiter D. Freistoß für die gegnerische Mannschaft,Tor vergeben,0,"The question is factually incorrect. In football (soccer), if the ball gets stuck in the net after being shot, it is a goal (Tor), not 'Tor vergeben'. 'Tor vergeben' means 'goal missed', which contradicts the scenario. The correct judgment is that a goal has been scored.",Der Ball wird geschossen und bleibt im Netz stecken. Wie lautet das Urteil?,"['A. Tor', 'B. Ball fallen lassen', 'C. Das Spiel geht weiter', 'D. Freistoß für die gegnerische Mannschaft']",A. Tor
SBQ,SBQ_Germany.xlsx,Radball (Cycle Ball),Ein Spieler fährt während einer Herausforderung gefährlich nah am Fahrrad des Gegners vorbei. Was geschieht?,A. Das Spiel geht weiter B. Freistoß für den Gegner C. Gelbe Karte für gefährliches Spiel D. Ball fallen lassen,Gelbe Karte für gefährliches Spiel,0,"The question incorrectly refers to a 'Fahrrad des Gegners' (bicycle of the opponent), which is not part of football (soccer) rules. The scenario describes a dangerous challenge in football, but bicycles are irrelevant. This makes the question factually incorrect and nonsensical in the context of sports MCQs about football.",Ein Spieler fährt während einer Herausforderung gefährlich nah am Gegenspieler vorbei. Was geschieht?,"['A. Das Spiel geht weiter', 'B. Freistoß für den Gegner', 'C. Gelbe Karte für gefährliches Spiel', 'D. Ball fallen lassen']",C. Gelbe Karte für gefährliches Spiel
SBQ,SBQ_Germany.xlsx,Radball (Cycle Ball),"Der Schiedsrichter plädiert für ein Foul, aber die fehlbare Mannschaft spielt weiter. Was geschieht?",A. Strafe für den Gegner B. Warnung für das fehlbare Team C. Ball fallen lassen D. Freistoß für den Gegner,Warnung für das fehlbare Team,0,"The question is factually incorrect. In football (soccer), if a referee blows the whistle for a foul, play stops immediately. The team cannot 'play on' after the whistle. The scenario described violates the Laws of the Game. The correct consequence for playing on after a whistle is a caution (yellow card) for unsporting behavior, but the question misrepresents the sequence of events. Also, the provided answer 'Warnung für das fehlbare Team' is not a direct result of the described action in a realistic context.","Der Schiedsrichter pfeift ein Foul und stoppt das Spiel, aber die fehlbare Mannschaft spielt den Ball weiter. Was geschieht?","['A. Strafe für den Gegner', 'B. Warnung für das fehlbare Team', 'C. Ball fallen lassen', 'D. Freistoß für den Gegner']",B. Warnung für das fehlbare Team
SBQ,SBQ_Germany.xlsx,Radball (Cycle Ball),Der Ball trifft versehentlich den Schiedsrichter und bleibt im Spiel. Was soll passieren?,A. Das Spiel geht weiter B. Ball fallen lassen C. Freistoß für die führende Mannschaft D. Freistoß für die hintere Mannschaft,Das Spiel geht weiter,1,no mistake,no correction needed,no correction needed,Das Spiel geht weiter
SBQ,SBQ_Germany.xlsx,Radball (Cycle Ball),"Ein Spieler erzielt ein Eigentor, während er versucht, den Ball zu klären. Was ist das Ergebnis?",A. Freistoß für ihre Mannschaft B. Tor für die gegnerische Mannschaft C. Ecke für die gegnerische Mannschaft D. Das Spiel geht weiter,Tor für die gegnerische Mannschaft,1,no mistake,no correction needed,no correction needed,Tor für die gegnerische Mannschaft
SBQ,SBQ_Germany.xlsx,Radball (Cycle Ball),"Ein Spieler springt während des Spiels vom Fahrrad, um ein Tor zu feiern. Was geschieht?",A. Gelbe Karte für den Spieler B. Das Spiel geht weiter C. Freistoß für den Gegner D. Warnung wegen unsportlichem Verhalten,Gelbe Karte für den Spieler,0,"The question is factually incorrect because a player cannot jump off a bicycle during a football (soccer) game — bicycles are not part of the game. The scenario is absurd and violates the basic context of football, making it logically invalid as a sports MCQ. The answer 'Gelbe Karte für den Spieler' is plausible if the action were unsporting, but the premise is nonsensical.","Ein Spieler überschlägt sich während des Spiels in der Luft, um ein Tor zu feiern. Was geschieht?","['A. Gelbe Karte für den Spieler', 'B. Das Spiel geht weiter', 'C. Freistoß für den Gegner', 'D. Warnung wegen unsportlichem Verhalten']",A. Gelbe Karte für den Spieler
SBQ,SBQ_Germany.xlsx,Radball (Cycle Ball),"Eine Mannschaft verzögert ihre Auswechslung absichtlich, um Zeit zu verschwenden. Welche Maßnahmen werden ergriffen?",A. Warnung für das Team B. Gelbe Karte für den Ersatzspieler C. Freistoß für den Gegner D. Ball fallen lassen,Warnung für das Team,0,"The question is factually incorrect because according to FIFA Laws of the Game, intentionally delaying a substitution to waste time is sanctioned with a yellow card to the player being substituted or the substitute, not a team warning. The correct disciplinary action is a caution (gelbe Karte), not a general team warning. The provided answer 'Warnung für das Team' is wrong.","Eine Mannschaft verzögert absichtlich die Auswechslung, um Zeit zu verschwenden. Welche Maßnahme wird gegen den verantwortlichen Spieler oder Ersatzspieler ergriffen?","['A. Warnung für das Team', 'B. Gelbe Karte für den Ersatzspieler oder den ausgewechselten Spieler', 'C. Freistoß für den Gegner', 'D. Ball fallen lassen']",B. Gelbe Karte für den Ersatzspieler oder den ausgewechselten Spieler
SBQ,SBQ_Germany.xlsx,Radball (Cycle Ball),Ein Spieler verliert während einer Verteidigungsbewegung das Gleichgewicht und fällt vom Fahrrad. Was geschieht?,A. Das Spiel geht weiter B. Foul gegen den gefallenen Spieler C. Freistoß für den Gegner D. Warnung vor gefährlichem Spiel,Das Spiel geht weiter,0,"The question describes a player falling off a bicycle during a defensive movement, which is irrelevant to sports like football (soccer) where bicycles do not exist. This creates a factual and logical inconsistency. The scenario is absurd and cannot be a valid sports MCQ without correction.",Ein Spieler verliert während einer Verteidigungsbewegung das Gleichgewicht und fällt zu Boden. Was geschieht?,"['A. Das Spiel geht weiter', 'B. Foul gegen den gefallenen Spieler', 'C. Freistoß für den Gegner', 'D. Warnung vor gefährlichem Spiel']",A. Das Spiel geht weiter
SBQ,SBQ_Germany.xlsx,Radball (Cycle Ball),Der Torwart einer Mannschaft stoppt einen Schuss mit den Händen. Wie lautet das Urteil?,A. Strafe für den Gegner B. Freistoß für den Gegner C. Das Spiel geht weiter D. Tor wird vergeben,Strafe für den Gegner,0,"The question is factually incorrect because a goalkeeper stopping a shot with their hands inside their own penalty area is a legal action under football rules. The correct outcome is 'Das Spiel geht weiter'. The provided answer 'Strafe für den Gegner' (penalty for the opponent) is wrong and misleading, as it implies a foul occurred, which it did not. The question as written does not specify any foul or illegal action, so the correct judgment is that play continues.",Der Torwart einer Mannschaft stoppt einen Schuss innerhalb des Strafraums mit den Händen. Wie lautet das Urteil?,"['A. Strafe für den Gegner', 'B. Freistoß für den Gegner', 'C. Das Spiel geht weiter', 'D. Tor wird vergeben']",C. Das Spiel geht weiter
SBQ,SBQ_Germany.xlsx,Radball (Cycle Ball),Der Ball prallt von einem Zuschauer ab und kehrt auf das Spielfeld zurück. Was soll der Schiedsrichter tun?,A. Ball fallen lassen B. Freistoß für die gegnerische Mannschaft C. Das Spiel geht weiter D. Abstoß für die betroffene Mannschaft,Ball fallen lassen,0,"The question is factually incorrect because according to the official Laws of the Game (IFAB), if the ball touches an outside agent (such as a spectator) and returns to the field, the referee must stop play and restart with a dropped ball at the place where the ball touched the outside agent. However, the correct answer 'Ball fallen lassen' (dropped ball) is only valid if the ball was in play when it touched the spectator. The question does not specify whether the ball was in play or not, and the phrasing 'kehrt auf das Spielfeld zurück' (returns to the field) is ambiguous. Also, the options are in German but the correct terminology should be 'Ball fallen lassen' (dropped ball) — which is correct — but the question lacks precision. Moreover, in modern IFAB rules (since 2019), the dropped ball is no longer used if the ball touches an outside agent; instead, play is restarted with a dropped ball only if the stoppage was due to an outside agent and the ball was in play. However, the question as written implies the ball returned to the field, which is confusing — it should specify that the ball was in play and then touched a spectator, leading to a stoppage. The answer is technically correct under old rules, but the question is poorly worded and ambiguous.","Der Ball ist im Spiel und prallt von einem Zuschauer ab, bevor er wieder auf das Spielfeld zurückkehrt. Was soll der Schiedsrichter tun?","['A. Ball fallen lassen', 'B. Freistoß für die gegnerische Mannschaft', 'C. Das Spiel geht weiter', 'D. Abstoß für die betroffene Mannschaft']",A. Ball fallen lassen
SBQ,SBQ_Germany.xlsx,Radball (Cycle Ball),"Ein Verteidiger bewegt sein Fahrrad in den Torraum, ohne den Ball zu spielen. Was geschieht?",A. Das Spiel geht weiter B. Freistoß für den Gegner C. Warnung für den Verteidiger D. Strafe für den Gegner,Freistoß für den Gegner,0,"The question is factually incorrect because football (soccer) does not involve bicycles or bicycles being moved into the penalty area. The scenario described is nonsensical in the context of association football rules. The correct scenario likely intended is a defender committing a foul with their body (e.g., handball or obstruction), not a bicycle (Fahrrad). 'Fahrrad' is likely a mistranslation or error — the intended term is probably 'Fußball' (football) or a body part, but 'Fahrrad' (bicycle) makes the question invalid.","Ein Verteidiger berührt den Ball mit der Hand im Torraum, ohne den Ball zu spielen. Was geschieht?","['A. Das Spiel geht weiter', 'B. Freistoß für den Gegner', 'C. Warnung für den Verteidiger', 'D. Elfmeter für den Gegner']",D. Elfmeter für den Gegner
SBQ,SBQ_Germany.xlsx,Radball (Cycle Ball),"Eine Mannschaft schießt ein Tor, aber der Schiedsrichter bemerkt, dass sie im Spielaufbau im Abseits stand. Wie lautet das Urteil?",A. Torstände B. Das Tor ist unzulässig C. Freistoß für die gegnerische Mannschaft D. Ball fallen lassen,Das Tor ist unzulässig,1,no mistake,no correction needed,no correction needed,Das Tor ist unzulässig
SBQ,SBQ_Germany.xlsx,Radball (Cycle Ball),"Ein Auswechselspieler betritt das Spiel, bevor der Schiedsrichter das Zeichen gibt. Was soll passieren?",A. Das Spiel geht weiter B. Warnung für den Ersatzspieler C. Freistoß für den Gegner D. Gelbe Karte für den Ersatzspieler,Warnung für den Ersatzmann,0,"The question is factually incorrect because according to FIFA Laws of the Game, if a substitute enters the field of play before being signaled by the referee, the substitute must be cautioned with a yellow card. The provided answer 'Warnung für den Ersatzmann' is correct in meaning but uses inconsistent terminology ('Ersatzmann' instead of 'Ersatzspieler') and is not one of the listed options. The options do not include 'Gelbe Karte für den Ersatzspieler' as the correct choice, and 'Warnung für den Ersatzmann' is not a valid option format — it is the answer but not an option. The question and options are mismatched.","Ein Auswechselspieler betritt das Spiel, bevor der Schiedsrichter das Zeichen gibt. Was soll passieren?","['A. Das Spiel geht weiter', 'B. Warnung für den Ersatzspieler', 'C. Freistoß für den Gegner', 'D. Gelbe Karte für den Ersatzspieler']",D. Gelbe Karte für den Ersatzspieler
SBQ,SBQ_Germany.xlsx,Radball (Cycle Ball),Der Ball trifft den Schiedsrichter und landet direkt im Tor. Wie lautet die Entscheidung?,A. Tor wird vergeben B. Das Spiel geht weiter C. Ball fallen lassen D. Freistoß für den Gegner,Ball fallen lassen,0,"The question is factually incorrect because according to FIFA Laws of the Game (Law 9), if the ball hits the referee and goes directly into the goal, a goal is awarded. The correct decision is not 'Ball fallen lassen' (drop ball), but 'Tor wird vergeben'. The provided answer is wrong, and the question misrepresents the rule.",Der Ball trifft den Schiedsrichter und landet direkt im Tor. Wie lautet die richtige Entscheidung?,"['A. Tor wird vergeben', 'B. Das Spiel geht weiter', 'C. Ball fallen lassen', 'D. Freistoß für den Gegner']",Tor wird vergeben
SBQ,SBQ_Germany.xlsx,Radball (Cycle Ball),"Eine Mannschaft verzögert die Wiederaufnahme des Spiels, nachdem sie einen Freistoß kassiert hat. Was geschieht?",A. Warnung vor Zeitverschwendung B. Gelbe Karte für den Mannschaftskapitän C. Das Spiel geht weiter D. Strafe für den Gegner,Warnung vor Zeitverschwendung,0,"The question is factually incorrect because according to FIFA Laws of the Game, delaying the restart of play after a free kick is a cautionable offense, which results in a yellow card, not just a 'Warnung vor Zeitverschwendung' (warning for time-wasting). The term 'Warnung vor Zeitverschwendung' is not an official sanction; the official outcome is a yellow card. Also, the answer option is not precise — it should reflect the actual rule: a yellow card for the player responsible.","Eine Mannschaft verzögert die Wiederaufnahme des Spiels, nachdem sie einen Freistoß kassiert hat. Was ist die korrekte Entscheidung des Schiedsrichters?","['A. Gelbe Karte für den verantwortlichen Spieler', 'B. Warnung vor Zeitverschwendung', 'C. Das Spiel geht weiter', 'D. Strafe für den Gegner']",A. Gelbe Karte für den verantwortlichen Spieler
SBQ,SBQ_Germany.xlsx,Radball (Cycle Ball),Das Fahrrad eines Spielers hat während des Spiels eine Fehlfunktion und er verlässt das Spielfeld. Wie lautet die Entscheidung des Schiedsrichters?,"A. Vertretung zulassen B. Unterbrechen Sie das Spiel, bis sie zurückkommen C. Ball fallen lassen D. Freistoß für den Gegner",Vertretung zulassen,0,"The question is factually incorrect because football (soccer) rules do not involve bicycles during play, and a player's bicycle malfunctioning is not a scenario governed by FIFA laws. The concept of 'Vertretung zulassen' (allowing a substitution) is unrelated to a bicycle issue. The question is logically flawed and not a valid sports MCQ.",Ein Spieler verletzt sich während des Spiels und kann nicht weiter spielen. Wie lautet die Entscheidung des Schiedsrichters?,"['A. Vertretung zulassen', 'B. Spiel unterbrechen, bis er zurückkommt', 'C. Ball fallen lassen', 'D. Freistoß für den Gegner']",A. Vertretung zulassen
SBQ,SBQ_Germany.xlsx,Radball (Cycle Ball),Bei einem Freistoß bildet die verteidigende Mannschaft eine Linie zu nah am Ball. Was geschieht?,A. Das Spiel geht weiter B. Freistoß wiederholt C. Gelbe Karte für Verteidiger D. Warnung vor Übergriffen,Freistoß wiederholt,1,no mistake,no correction needed,no correction needed,Freistoß wiederholt
SBQ,SBQ_Germany.xlsx,Radball (Cycle Ball),Ein Schuss wird vom Rad des Verteidigers abgelenkt und geht ins Aus. Wie lautet das Urteil?,A. Ecke für den Angreifer B. Abstoß für den Verteidiger C. Ball fallen lassen D. Strafe für den Angreifer,Ecke für den Angreifer,0,"The question is factually incorrect. According to football (soccer) rules, if the ball is deflected off a defender and goes out of play over the goal line (not the touchline), the correct restart is a corner kick for the attacking team. However, the phrasing 'vom Rad des Verteidigers abgelenkt' (deflected by the defender's wheel) is nonsensical — 'Rad' means 'wheel', which is not part of football terminology. This is likely a mistranslation or error; it should be 'von dem Verteidiger abgelenkt' (deflected by the defender). The answer 'Ecke für den Angreifer' is correct in intent but the question contains a critical factual error in terminology.",Ein Schuss wird vom Verteidiger abgelenkt und geht über die Torlinie ins Aus. Wie lautet das Urteil?,"['A. Ecke für den Angreifer', 'B. Abstoß für den Verteidiger', 'C. Ball fallen lassen', 'D. Strafe für den Angreifer']",A. Ecke für den Angreifer
SBQ,SBQ_Germany.xlsx,Radball (Cycle Ball),"Ein Spieler punktet, hatte aber vor dem Schuss mit dem Fuß den Boden berührt. Ist das Ziel gültig?",A. Ja B. NEIN C. Hängt von der Entscheidung des Schiedsrichters ab D. Nur wenn der Fuß die Außenseite berührt,NEIN,0,"The question is factually incorrect because it references a scenario that does not exist in standard sports rules. In basketball, a player can touch the floor after shooting without invalidating the shot; in soccer, players don't 'score' by shooting with their foot while touching the ground — the premise is ambiguous and not tied to any specific sport. The question lacks context (e.g., which sport?) and thus is logically flawed as a valid MCQ.",Ein Basketballspieler wirft den Ball und berührt vor dem Wurf mit dem Fuß den Boden. Ist der Wurf gültig?,"['A. Ja', 'B. NEIN', 'C. Hängt von der Entscheidung des Schiedsrichters ab', 'D. Nur wenn der Fuß die Außenseite berührt']",A. Ja
SBQ,SBQ_Germany.xlsx,Radball (Cycle Ball),"Ein Spieler drängt einen Gegner, um in den Ballbesitz zu gelangen. Was geschieht?",A. Freistoß für den Gegner B. Warnung vor dem Push C. Gelbe Karte für den Spieler D. Das Spiel geht weiter,Freistoß für den Gegner,0,"The question describes a player pressing or pushing an opponent to gain possession, which in football (soccer) rules constitutes a foul if it involves physical contact. However, the term 'drängt' (presses/forces) is ambiguous and could be interpreted as legal pressure without contact. The provided answer 'Freistoß für den Gegner' assumes a foul occurred, but the question does not clearly indicate illegal contact. Thus, the question is factually imprecise and could mislead. Additionally, option B ('Warnung vor dem Push') is not standard terminology in football rules.","Ein Spieler stößt einen Gegner an, um in den Ballbesitz zu gelangen. Was geschieht?","['A. Freistoß für den Gegner', 'B. Gelbe Karte für den Spieler', 'C. Das Spiel geht weiter', 'D. Elfmeter für den Gegner']",A. Freistoß für den Gegner
SBQ,SBQ_Germany.xlsx,Radball (Cycle Ball),"Eine Mannschaft führt mit 5 Toren und fängt an, ins Stocken zu geraten. Wie soll der Schiedsrichter damit umgehen?",A. Spielen zulassen B. Warnen Sie das führende Team C. Stoppen Sie das Spiel D. Ball fallen lassen,Warnen Sie das führende Team,0,"The question and answer are factually incorrect. In football (soccer), a referee does not 'warn the leading team' for playing poorly or 'going into a slump'. There is no rule or standard practice for warning a team simply because they are leading and playing poorly. The correct action by the referee is to allow play to continue unless there is a foul, time-wasting, or other infringement. Option A ('Spielen zulassen') is the only correct and logical choice. The provided answer 'Warnen Sie das führende Team' is a fabricated, non-existent rule.","Eine Mannschaft führt mit 5 Toren und verlangsamt bewusst das Spiel, um Zeit zu schinden. Wie soll der Schiedsrichter damit umgehen?","['A. Spielen zulassen', 'B. Die führende Team warnen', 'C. Das Spiel stoppen', 'D. Ball fallen lassen']",B. Die führende Team warnen
SBQ,SBQ_Germany.xlsx,Radball (Cycle Ball),Der Schiedsrichter unterbricht das Spiel wegen einer Fahrradstörung. Was passiert als nächstes?,A. Ball fallen lassen B. Freistoß für die nicht betroffene Mannschaft C. Das Spiel geht weiter D. Ecke für das nächstgelegene Team,Ball fallen lassen,0,The question contains a factual and logical error: 'Fahrradstörung' (bicycle malfunction) is not a valid reason for a referee to stop play in football/soccer. This makes the scenario absurd and invalid for a legitimate sports MCQ.,Der Schiedsrichter unterbricht das Spiel wegen einer Verletzung eines Spielers. Was passiert als nächstes?,"['A. Ball fallen lassen', 'B. Freistoß für die nicht betroffene Mannschaft', 'C. Das Spiel geht weiter', 'D. Ecke für das nächstgelegene Team']",A. Ball fallen lassen
SBQ,SBQ_Germany.xlsx,Radball (Cycle Ball),"Ein Spieler versucht einen Schuss, der Ball wird jedoch von einem Mitspieler ins eigene Tor abgelenkt. Wie lautet das Urteil?",A. Tor für die gegnerische Mannschaft B. Freistoß für den Gegner C. Das Spiel geht weiter D. Ecke für die gegnerische Mannschaft,Tor für die gegnerische Mannschaft,1,no mistake,no correction needed,no correction needed,Tor für die gegnerische Mannschaft
SBQ,SBQ_Germany.xlsx,Radball (Cycle Ball),"Ein Verteidiger benutzt versehentlich seine Hand, um den Ball im Strafraum zu stoppen. Was geschieht?",A. Das Spiel geht weiter B. Freistoß für den Angreifer C. Strafe für den Angreifer D. Gelbe Karte für den Verteidiger,Strafe für den Angreifer,0,"The question is factually incorrect because a defender accidentally handling the ball in the penalty area results in a penalty kick for the attacking team, not a punishment for the attacker. The provided answer 'Strafe für den Angreifer' (punishment for the attacker) is wrong and contradicts the Laws of the Game. The question as written is logically flawed and misleading.","Ein Verteidiger benutzt versehentlich seine Hand, um den Ball im Strafraum zu stoppen. Was geschieht?","['A. Das Spiel geht weiter', 'B. Freistoß für den Angreifer', 'C. Elfmeter für den Angreifer', 'D. Gelbe Karte für den Verteidiger']",C. Elfmeter für den Angreifer
SBQ,SBQ_Germany.xlsx,Radball (Cycle Ball),Eine Mannschaft wechselt mitten im Spiel ihren Torwart. Ist das erlaubt?,"A. Ja, mit Zustimmung eines Schiedsrichters B. NEIN C. Nur während einer Auszeit D. Nur zwischen den Hälften","Ja, mit Zustimmung eines Schiedsrichters",1,no mistake,no correction needed,no correction needed,"Ja, mit Zustimmung eines Schiedsrichters"
SBQ,SBQ_Germany.xlsx,Radball (Cycle Ball),"Ein Ersatzspieler verzögert das Betreten des Spielfelds, nachdem sein Teamkollege das Spielfeld verlassen hat. Was geschieht?",A. Das Spiel geht weiter B. Freistoß für den Gegner C. Warnung für den Ersatzmann D. Strafe für den Gegner,Das Spiel geht weiter,0,"The question is factually incorrect. According to FIFA Laws of the Game (Law 3), if a substitute delays entering the field after being permitted to do so, they may be cautioned for unsporting behavior. The game does not simply continue without consequence. The provided answer 'Das Spiel geht weiter' is wrong.",Ein Ersatzspieler betritt das Spielfeld ohne die Erlaubnis des Schiedsrichters und verzögert dabei den Spielablauf. Was geschieht?,"['A. Das Spiel geht weiter', 'B. Freistoß für den Gegner', 'C. Warnung für den Ersatzmann', 'D. Strafe für den Gegner']",C. Warnung für den Ersatzmann
SBQ,SBQ_Germany.xlsx,Radball (Cycle Ball),Ein Mannschaftskapitän bestreitet während eines Spiels die Entscheidung eines Schiedsrichters. Was soll der Schiedsrichter tun?,A. Ignorieren Sie den Kapitän B. Geben Sie eine Warnung aus C. Gelbe Karte wegen Meinungsverschiedenheit D. Stoppen Sie das Spiel,Gelbe Karte wegen Meinungsverschiedenheit,0,"The question is factually incorrect because in football (soccer), a team captain disputing a referee's decision is not automatically shown a yellow card 'because of disagreement' — the correct reason is 'unsporting behavior' or 'dissent'. The option 'Gelbe Karte wegen Meinungsverschiedenheit' is misleadingly phrased and not the official terminology used in the Laws of the Game. Also, option C is the only one that mentions a yellow card, but the phrasing is imprecise. The question should reflect the official rule: dissent (Meinungsäußerung) leads to a yellow card, not 'Meinungsverschiedenheit' (which means 'disagreement' in a general sense).",Ein Mannschaftskapitän äußert während eines Spiels offensichtlichen Protest gegen die Entscheidung eines Schiedsrichters. Was soll der Schiedsrichter tun?,"['A. Ignorieren Sie den Kapitän', 'B. Geben Sie eine Warnung aus', 'C. Gelbe Karte wegen Unsportlichkeitsverhalten', 'D. Stoppen Sie das Spiel']",Gelbe Karte wegen Unsportlichkeitsverhalten
SBQ,SBQ_Germany.xlsx,Radball (Cycle Ball),"Ein Spieler rennt absichtlich in einen Gegner hinein, um dessen Bewegung zu blockieren. Wie lautet die Entscheidung?",A. Das Spiel geht weiter B. Freistoß für den Gegner C. Warnung vor Behinderung D. Strafe für den Gegner,Freistoß für den Gegner,0,"The question describes a deliberate charge into an opponent to block movement, which in football (soccer) rules constitutes a foul for careless or reckless conduct. However, option C 'Warnung vor Behinderung' (Warning for obstruction) is not standard terminology in football; 'Behinderung' is not a recognized foul term in FIFA rules. The correct sanction is a direct free kick for the opponent, but the option wording 'Freistoß für den Gegner' is correct, while 'Warnung' (warning) is misleading as it implies a yellow card, not the primary sanction. The bigger issue is that 'Behinderung' (obstruction) is not a formal foul in football — the correct term would be 'Anstoßen' or 'unfaire Behinderung', but even then, the direct free kick is the correct call. However, the answer choice is technically correct, but the options contain misleading or non-standard terminology. Option C should be removed or corrected to reflect actual rules. The question is logically sound but the option wording is imprecise and could confuse learners.","Ein Spieler stößt absichtlich einen Gegner an, um dessen Bewegung zu blockieren. Wie lautet die Entscheidung?","['A. Das Spiel geht weiter', 'B. Freistoß für den Gegner', 'C. Gelbe Karte für unfaire Spielweise', 'D. Strafstoß für den Gegner']",B. Freistoß für den Gegner
SBQ,SBQ_Germany.xlsx,Radball (Cycle Ball),Der Ball landet auf dem Rahmen des Fahrrads und wird unbeabsichtigt mehrere Sekunden lang mitgerissen. Was geschieht?,A. Das Spiel geht weiter B. Ball fallen lassen C. Freistoß für den Gegner D. Der Schiedsrichter warnt den Spieler,Das Spiel geht weiter,0,"The question describes an impossible scenario: a ball landing on the frame of a bicycle during a sports game. Bicycles are not part of standard sports fields (e.g., football, basketball, etc.), and there is no recognized sport where a ball would interact with a bicycle in this way. This makes the question factually nonsensical and invalid as a sports MCQ.",Der Ball landet auf dem Rahmen des Tores und wird unbeabsichtigt mehrere Sekunden lang mitgerissen. Was geschieht?,"['A. Das Spiel geht weiter', 'B. Ball fallen lassen', 'C. Freistoß für den Gegner', 'D. Der Schiedsrichter warnt den Spieler']",Das Spiel geht weiter
SBQ,SBQ_Germany.xlsx,Radball (Cycle Ball),"Ein Spieler führt einen Tritt mit dem Fahrrad aus, um den Ball zu schießen, verfehlt ihn aber. Was ist die Aktion des Schiedsrichters?",A. Das Spiel geht weiter B. Warnung vor gefährlichem Spiel C. Freistoß für den Gegner D. Strafe für gefährliches Spiel,Warnung vor gefährlichem Spiel,0,"The question describes a player attempting a 'fahrrad' (bicycle kick) but missing the ball. According to FIFA Laws of the Game, a bicycle kick is not inherently dangerous just because it misses. A warning for 'gefährliches Spiel' (dangerous play) is only given if the action endangers an opponent, not merely because the ball is missed. The correct call for a missed bicycle kick is typically 'Spiel geht weiter' (play continues), unless there was contact or risk to an opponent. Thus, the provided answer is factually incorrect and misrepresents the rules.",Ein Spieler führt einen Tritt mit dem Fahrrad aus und trifft dabei versehentlich einen Gegenspieler. Was ist die Aktion des Schiedsrichters?,"['A. Das Spiel geht weiter', 'B. Warnung vor gefährlichem Spiel', 'C. Freistoß für den Gegner', 'D. Strafe für gefährliches Spiel']",B. Warnung vor gefährlichem Spiel
SBQ,SBQ_Germany.xlsx,Radball (Cycle Ball),Bei einer Ecke schlägt der angreifende Spieler den Ball direkt ins Tor. Ist das Ziel gültig?,A. Ja B. NEIN C. Hängt von der Entscheidung des Schiedsrichters ab D. Nur wenn kein Verteidiger es berührt,Ja,0,"The question is factually incorrect. According to FIFA Laws of the Game, a goal can be scored directly from a corner kick, but only if the ball crosses the goal line between the posts and under the crossbar without being touched by another player. The provided answer 'Ja' is correct in isolation, but the question as phrased implies that any direct shot from a corner is automatically valid, which is misleading without context. However, the real issue is that the question does not specify whether the ball was played legally (e.g., no foul, proper corner execution), and the answer options do not reflect the actual rule nuance. Option D is the most precise, but the correct answer should be 'Ja' only if the ball goes directly in without touching another player — which is allowed. But the question does not state that condition, making it ambiguous. Therefore, the question and options need refinement to match the actual rule.","Bei einer Ecke schlägt der angreifende Spieler den Ball direkt ins Tor, ohne dass ein anderer Spieler den Ball berührt. Ist das Ziel gültig?","['A. Ja', 'B. NEIN', 'C. Hängt von der Entscheidung des Schiedsrichters ab', 'D. Nur wenn kein Verteidiger es berührt']",A. Ja
SBQ,SBQ_Germany.xlsx,Radball (Cycle Ball),"Ein Verteidiger flankt in die Angriffshälfte, bevor sein Torwart die Verteidigungszone verlässt. Was geschieht?",A. Abseits wird gepfiffen B. Freistoß für den Gegner C. Das Spiel geht weiter D. Warnung zur Positionierung,Abseits wird gepfiffen,0,"The question and answer are factually incorrect. According to FIFA's Laws of the Game, a defender cannot be in an offside position, and the described scenario (defender moving into the attacking half before the goalkeeper leaves the defensive zone) does not trigger an offside call. Offside applies only to attacking players. The correct outcome is that the play continues, as there is no infringement.","Ein Angreifer läuft in die Angriffshälfte, bevor der letzte Verteidiger die Abwehrzone verlässt. Was geschieht?","['A. Abseits wird gepfiffen', 'B. Freistoß für den Gegner', 'C. Das Spiel geht weiter', 'D. Warnung zur Positionierung']",A. Abseits wird gepfiffen
SBQ,SBQ_Germany.xlsx,Radball (Cycle Ball),"Ein Schiedsrichter zeigt fälschlicherweise ein Tor an, bevor der Ball die Linie vollständig überquert hat. Was ist die nächste Aktion?",A. Torstände B. Ball fallen lassen C. Das Spiel geht weiter D. Das Tor ist unzulässig,Das Tor ist unzulässig,0,"The question is factually incorrect because according to FIFA Laws of the Game, a goal is only awarded when the entire ball crosses the goal line. If the referee incorrectly signals a goal before this happens, the correct procedure is to stop play and restart with a dropped ball at the location where the ball was when play was incorrectly stopped (Law 8 and Law 5). The option 'Das Tor ist unzulässig' is not a standard procedural response; it is a statement, not an action. The question also lacks clarity in phrasing and the options are poorly worded as actions or outcomes.","Ein Schiedsrichter zeigt fälschlicherweise ein Tor an, bevor der Ball die Torlinie vollständig überquert hat. Wie muss das Spiel fortgesetzt werden?","['A. Tor gilt', 'B. Ball fallen lassen', 'C. Spiel geht weiter', 'D. Freistoß für die verteidigende Mannschaft']",B. Ball fallen lassen
SBQ,SBQ_Germany.xlsx,Radball (Cycle Ball),"Eine Mannschaft braucht zu lange, um einen Freistoß auszuführen, nachdem dieser vergeben wurde. Was geschieht?",A. Warnung wegen Verzögerung B. Freistoß für den Gegner C. Ball fallen lassen D. Das Spiel geht weiter,Warnung wegen Verzögerung,0,"The question is factually incorrect. According to FIFA's Laws of the Game, if a team takes too long to take a free kick, the referee may caution the player for delaying the restart of play (Warnung wegen Verzögerung), but this is not the only possible outcome. More critically, the provided answer 'Warnung wegen Verzögerung' is not listed as an option in the original options — the options list does not match the correct answer. The correct answer must be among the options. Also, option A is written as 'Warnung wegen Verzögerung', which is correct, but the question incorrectly implies this is the only or direct consequence, while in reality, the referee may also award an indirect free kick to the opposing team if the delay is persistent and intentional — but the standard consequence for delay is a caution. However, the main issue is that the answer is listed in the options, but the question's phrasing is ambiguous and the options are not properly aligned with standard terminology. The real problem: the correct answer 'Warnung wegen Verzögerung' is option A, so the answer is correctly listed, but the question is misleading because it doesn't specify that the caution is for delaying the restart. In fact, the question and answer are mostly correct, but the options are not properly formatted to match the answer — the answer is present as A. However, the system's instruction says: 'Correct Answer: Warnung wegen Verzögerung' — which is option A. So technically, the MCQ is valid. But wait — the options list includes 'Warnung wegen Verzögerung' as A, so the answer is present. The mistake is that the question says 'Was geschieht?' — 'What happens?' — and the correct response is a caution, which is option A. So the MCQ is factually correct. But according to Law 13, if a team delays the restart, the referee cautions the player. So the answer is correct. However, the issue is that the options are not labeled correctly in the response: the correct answer is listed as 'Warnung wegen Verzögerung', which is option A, so the MCQ is internally consistent. But the system says 'Correct Answer: Warnung wegen Verzögerung' — which matches option A. So why score 0? Because the original question says: 'Correct Answer: Warnung wegen Verzögerung' — which is option A. So the MCQ is correct. But the instruction says: 'Evaluate the MCQ on the following: 1. Is the question factually and logically correct? 2. Is the provided answer correct? 3. Does the question make sense as a valid MCQ?' — All are yes. So why did I think score 0? Because I misread: the answer is provided as 'Warnung wegen Verzögerung' and it is option A. So the MCQ is valid. But wait — the user says: 'Correct Answer: Warnung wegen Verzögerung' — which is correct and is option A. So the MCQ is fine. Therefore, score should be 1. But the instruction says: 'Update the Question with minimal changes...' — implying there is a mistake. Let me double-check: In official FIFA rules, if a team delays the free kick restart, the referee cautions the player for unsporting behavior (delaying the restart of play). So option A is correct. The question is clear. The options include the correct answer. So this MCQ is factually correct. Therefore, the score should be 1. But the system says: 'Correct Answer: Warnung wegen Verzögerung' — and option A is exactly that. So no mistake. I must have misjudged. Final decision: the MCQ is correct. But the user's note says: 'Correct Answer: Warnung wegen Verzögerung' — which is option A. So everything matches. Therefore, score = 1.",no correction needed,no correction needed,no answer needed
SBQ,SBQ_Germany.xlsx,Radball (Cycle Ball),"Ein Auswechselspieler betritt das Spielfeld ohne das Signal des Schiedsrichters, beeinträchtigt jedoch nicht das Spiel. Was ist das Ergebnis?",A. Das Spiel geht weiter B. Warnung für den Ersatzmann C. Freistoß für den Gegner D. Eine Vertretung ist ungültig,Warnung für den Ersatzmann,1,no mistake,no correction needed,no correction needed,Warnung für den Ersatzmann
SBQ,SBQ_Germany.xlsx,Radball (Cycle Ball),Der Ball prallt gegen den Torpfosten und wird zurück in den Strafraum abgefälscht. Ein Verteidiger bewegt den Pfosten absichtlich. Was geschieht?,A. Das Spiel geht weiter B. Strafe für den Angreifer C. Warnung wegen unsportlichem Spiel D. Freistoß für den Gegner,Strafe für den Angreifer,0,"The provided answer 'Strafe für den Angreifer' is factually incorrect. According to FIFA Laws of the Game, if a defender deliberately moves the goalpost to prevent a goal, it is considered unsporting behavior by the defender, not the attacker. The correct decision is a direct free kick for the opposing team (if the ball was in play) or a penalty kick if the offense occurred in the penalty area, plus a yellow card for the defender. The scenario describes the ball being deflected back into the penalty area and a defender moving the post intentionally — this is a deliberate handball/interference by a defender, not an offense by the attacker.",Der Ball prallt gegen den Torpfosten und wird zurück in den Strafraum abgefälscht. Ein Verteidiger bewegt den Pfosten absichtlich. Was geschieht?,"['A. Das Spiel geht weiter', 'B. Strafe für den Angreifer', 'C. Gelbe Karte für den Verteidiger und Freistoß für den Gegner', 'D. Elfmeter für den Gegner']",D. Elfmeter für den Gegner
SBQ,SBQ_Germany.xlsx,Radball (Cycle Ball),Ein angreifender Spieler betritt den Torraum und blockiert die Bewegung des Torwarts. Was macht der Schiedsrichter?,A. Das Spiel geht weiter B. Freistoß für den Gegner C. Ball fallen lassen D. Gelbe Karte für den Angreifer,Freistoß für den Gegner,0,"The question is factually incorrect because blocking the goalkeeper's movement in the goal area by an attacker is not automatically a foul leading to a free kick for the opponent. According to FIFA Laws of the Game, such an action is considered 'impeding the progress of an opponent' (Law 12), which is an indirect free kick offense only if it occurs outside the goal area. Inside the goal area, if the attacker prevents the goalkeeper from releasing the ball or interferes with their movement, it is still an indirect free kick for the goalkeeper's team, but the scenario as described lacks precision and may imply a direct free kick. Moreover, the correct answer 'Freistoß für den Gegner' is ambiguous — it does not specify 'indirekter Freistoß', which is required. The question also does not specify if the goalkeeper had possession or was in the process of releasing the ball, which is critical.","Ein angreifender Spieler betritt den Torraum und verhindert den Torwart daran, den Ball freizugeben. Was macht der Schiedsrichter?","['A. Das Spiel geht weiter', 'B. Indirekter Freistoß für den Gegner', 'C. Ball fallen lassen', 'D. Gelbe Karte für den Angreifer']",B. Indirekter Freistoß für den Gegner
SBQ,SBQ_Germany.xlsx,Radball (Cycle Ball),"Ein Tor wird erzielt, während ein Verteidiger aufgrund eines Sturzes am Boden liegt. Wie lautet die Entscheidung des Schiedsrichters?",A. Torstände B. Freistoß für den Verteidiger C. Das Spiel stoppt D. Wiederholen Sie den Torversuch,Torstände,0,"The question is factually incorrect because in football (soccer), if a defender is on the ground due to a fall (not a foul), the play continues and a goal is valid if the ball crosses the goal line. The correct decision is 'Tor steht' (goal stands), but the option 'Torstände' is grammatically incorrect German. Also, the options are not properly phrased in standard German football terminology.","Ein Tor wird erzielt, während ein Verteidiger aufgrund eines Sturzes am Boden liegt. Wie lautet die Entscheidung des Schiedsrichters?","['Tor steht', 'Freistoß für den Verteidiger', 'Das Spiel wird angehalten', 'Torversuch wird wiederholt']",Tor steht
SBQ,SBQ_Germany.xlsx,Radball (Cycle Ball),"Der Ball geht ins Aus, kehrt aber aufgrund des Windes sofort zurück. Wie lautet das Urteil?",A. Das Spiel geht weiter B. Einwurf für die betroffene Mannschaft C. Ball fallen lassen D. Freistoß für den Gegner,Einwurf für die betroffene Mannschaft,0,"The question is factually incorrect under FIFA Laws of the Game. Once the ball fully crosses the touchline (goes out of play), it is out regardless of wind or any subsequent return. The ball cannot 'come back' into play after fully crossing the line. The correct procedure is an throw-in for the opposing team, not the 'betroffene Mannschaft' (involved team) — which is ambiguous and misleading. The question implies the ball is still in play after going out, which violates the rules.",Der Ball überquert vollständig die Seitenlinie und bleibt außerhalb des Spielfelds. Wie lautet das Urteil?,"['A. Das Spiel geht weiter', 'B. Einwurf für die Mannschaft, die den Ball zuletzt berührt hat', 'C. Ball fallen lassen', 'D. Freistoß für den Gegner']","Einwurf für die Mannschaft, die den Ball zuletzt berührt hat"
SBQ,SBQ_Germany.xlsx,Radball (Cycle Ball),Ein Verteidiger blockiert mit seinem Fahrradrad einen hohen Ball über Schulterhöhe. Was entscheidet der Schiedsrichter?,A. Das Spiel geht weiter B. Freistoß für den Angreifer C. Warnung für den Verteidiger D. Ball fallen lassen,Freistoß für den Angreifer,0,"The question contains a factual error: a defender cannot block a ball with a 'Fahrradrad' (bicycle wheel), as this is not part of soccer equipment or play. This makes the scenario impossible and invalid for a soccer rules MCQ. The question must be corrected to refer to a legal part of the body (e.g., 'Arm' or 'Hand') to be valid.",Ein Verteidiger blockiert mit seinem Arm einen hohen Ball über Schulterhöhe. Was entscheidet der Schiedsrichter?,"['A. Das Spiel geht weiter', 'B. Freistoß für den Angreifer', 'C. Warnung für den Verteidiger', 'D. Ball fallen lassen']",Freistoß für den Angreifer
SBQ,SBQ_Germany.xlsx,Radball (Cycle Ball),Der Schiedsrichter unterbricht das Spiel wegen einer Verletzung. Beim Neustart wird der Ball an die angreifende Mannschaft übergeben. Welche Methode wird verwendet?,A. Freistoß B. Ball fallen lassen C. Indirekter Freistoß D. Das Spiel wird ab der Verletzungsstelle fortgesetzt,Ball fallen lassen,0,"The question is factually incorrect because according to FIFA Laws of the Game, when play is stopped due to an injury and the ball was last touched by the attacking team, the restart is not automatically given to the attacking team. The correct restart is a dropped ball (Ball fallen lassen), but it is not awarded to the attacking team — the ball is dropped for a player of the team that last touched it, or if it's unclear, for the goalkeeper of the defending team. The phrasing 'an die angreifende Mannschaft übergeben' (handed to the attacking team) misrepresents the rule and creates a misleading context. The answer 'Ball fallen lassen' is correct for the restart method, but the question's logic is flawed.",Der Schiedsrichter unterbricht das Spiel wegen einer Verletzung. Wie wird das Spiel wiederaufgenommen?,"['A. Freistoß', 'B. Ball fallen lassen', 'C. Indirekter Freistoß', 'D. Das Spiel wird ab der Verletzungsstelle fortgesetzt']",Ball fallen lassen
SBQ,SBQ_Germany.xlsx,Radball (Cycle Ball),"Ein Torwart verlässt den Strafraum, um einen langen Pass abzufangen. Was passiert, wenn sie den Ball nicht berühren?",A. Das Spiel geht weiter B. Warnung für den Torwart C. Freistoß für den Angreifer D. Indirekter Freistoß für den Angreifer,Das Spiel geht weiter,0,"The question is factually incorrect because if a goalkeeper leaves the penalty area and does not touch the ball, it is not an offense by the goalkeeper. However, the correct interpretation of the scenario is that the goalkeeper is now treated as an outfield player. If the goalkeeper handles the ball outside the penalty area, it is a direct free kick. But the question states 'does not touch the ball', which means no handling occurred — so the game should continue. However, the provided answer 'Das Spiel geht weiter' is technically correct, but the question is misleading because it implies there might be a rule violation when there isn't. The real issue is that the question does not reflect a rule violation scenario — it's a trick question with no foul. But since the answer is correct, the MCQ is logically flawed because none of the other options (warning, free kick, indirect free kick) apply. The problem is that the question does not describe a situation that triggers any of the incorrect options, making it a poor MCQ. To fix this, the question should describe the goalkeeper handling the ball outside the penalty area, which is the actual rule violation.",Ein Torwart verlässt den Strafraum und berührt den Ball mit der Hand. Was passiert?,"['A. Das Spiel geht weiter', 'B. Warnung für den Torwart', 'C. Direkter Freistoß für den Angreifer', 'D. Indirekter Freistoß für den Angreifer']",C. Direkter Freistoß für den Angreifer
SBQ,SBQ_Germany.xlsx,Radball (Cycle Ball),"Ein Spieler verzögert das Spiel absichtlich, um die Position seines Fahrrads anzupassen. Was geschieht?",A. Warnung wegen Verzögerung B. Freistoß für den Gegner C. Gelbe Karte D. Der Schiedsrichter stoppt das Spiel,Warnung wegen Verzögerung,0,"The question mentions 'Fahrrads' (bicycle), which is irrelevant in football/soccer context. This is a factual error — players do not use bicycles in football. The scenario described is impossible and misrepresents the sport. The correct context should be 'Schuhs' (shoes) or 'Ausrüstung' (equipment).","Ein Spieler verzögert das Spiel absichtlich, um die Position seiner Schuhe anzupassen. Was geschieht?","['A. Warnung wegen Verzögerung', 'B. Freistoß für den Gegner', 'C. Gelbe Karte', 'D. Der Schiedsrichter stoppt das Spiel']",A. Warnung wegen Verzögerung
SBQ,SBQ_Germany.xlsx,Radball (Cycle Ball),"Ein angreifender Spieler schießt, während sein Teamkollege den Verteidiger durch lautes Rufen ablenkt. Was geschieht?",A. Torstände B. Freistoß für den Gegner C. Warnung für den schreienden Spieler D. Strafe für unsportliches Verhalten,Freistoß für den Gegner,0,"The question describes a scenario where an attacker shoots while a teammate distracts a defender by loud shouting. According to FIFA Laws of the Game, this is considered unsporting behavior by the teammate, and the correct restart is an indirect free kick for the opposing team. However, the provided answer 'Freistoß für den Gegner' is ambiguous — it does not specify 'indirect' free kick, which is required in this case. Additionally, option D 'Strafe für unsportliches Verhalten' is not a restart, but a sanction (e.g., yellow card), which is incomplete without the restart. The question and options fail to reflect the precise law: the referee must award an indirect free kick and caution the player. Thus, the answer is misleadingly incomplete.","Ein angreifender Spieler schießt, während sein Teamkollege den Verteidiger durch lautes Rufen ablenkt. Was ist die korrekte Spielunterbrechung?","['A. Torstand', 'B. Indirekter Freistoß für den Gegner', 'C. Warnung für den schreienden Spieler', 'D. Direkter Freistoß für den Gegner']",B. Indirekter Freistoß für den Gegner
SBQ,SBQ_Germany.xlsx,Radball (Cycle Ball),"Der Ball zerplatzt in der Luft, nachdem er hart getroffen wurde. Was macht der Schiedsrichter?",A. Ball fallen lassen B. Ersetzen Sie den Ball und wiederholen Sie das Spiel C. Das Spiel wird mit einem weiteren Ball fortgesetzt D. Gewähre dem Angreifer einen Freistoß,Ersetzen Sie den Ball und wiederholen Sie das Spiel,0,"The question describes an unrealistic scenario: a ball cannot 'zerplatzen' (burst) in the air after being kicked hard under normal football rules. Balls are designed to withstand normal play. This makes the question factually misleading and not grounded in real FIFA rules. Additionally, the correct procedure when a ball bursts is to stop play, replace the ball, and restart with a dropped ball at the location where it burst — not by repeating the play.",Der Ball platzt während des Spiels auf dem Feld. Was macht der Schiedsrichter?,"['A. Ball fallen lassen', 'B. Ersetzen Sie den Ball und wiederholen Sie das Spiel', 'C. Das Spiel wird mit einem weiteren Ball fortgesetzt', 'D. Gewähre dem Angreifer einen Freistoß']",A. Ball fallen lassen
SBQ,SBQ_Germany.xlsx,Radball (Cycle Ball),Eine Mannschaft spielt aufgrund einer Verletzung mehrere Minuten lang nur mit einem Spieler. Was geschieht?,A. Das Spiel geht weiter B. Match wird gestoppt C. Warnung an die verletzte Mannschaft D. Freistoß für den Gegner,Das Spiel geht weiter,0,"The question is factually incorrect. In football (soccer), a team cannot play with only one player for multiple minutes; the minimum number of players required to continue a match is seven (per FIFA rules). If a team drops below seven players due to injuries or send-offs, the match is abandoned, not continued. The provided answer 'Das Spiel geht weiter' is therefore wrong. The question also lacks clarity by implying a scenario that violates the rules.",Eine Mannschaft hat aufgrund von Verletzungen und Platzverweisen nur noch sechs Spieler auf dem Feld. Was geschieht?,"['A. Das Spiel geht weiter', 'B. Match wird gestoppt', 'C. Warnung an die verletzte Mannschaft', 'D. Freistoß für den Gegner']",B. Match wird gestoppt
SBQ,SBQ_Germany.xlsx,Radball (Cycle Ball),"Ein Verteidiger reitet rückwärts, während er sich gegen einen Angreifer verteidigt. Was regelt der Schiedsrichter?",A. Das Spiel geht weiter B. Freistoß für den Angreifer C. Warnung für den Verteidiger D. Gelbe Karte für den Verteidiger,Das Spiel geht weiter,0,The question is factually incorrect because 'reiten' (to ride) is not a term used in football (soccer); it is a term associated with horseback riding. A defender does not 'ride backward' in football. This makes the scenario nonsensical and invalid for a football MCQ. The term should be 'rückwärts läuft' (runs backward) or similar to describe defensive movement.,"Ein Verteidiger läuft rückwärts, während er sich gegen einen Angreifer verteidigt. Was regelt der Schiedsrichter?","['Das Spiel geht weiter', 'Freistoß für den Angreifer', 'Warnung für den Verteidiger', 'Gelbe Karte für den Verteidiger']",Das Spiel geht weiter
SBQ,SBQ_Germany.xlsx,Radball (Cycle Ball),"Ein Spieler nutzt das Hinterrad, um den Ball einem Mitspieler zuzuspielen. Wie lautet die Entscheidung des Schiedsrichters?",A. Das Spiel geht weiter B. Warnung wegen illegalem Umzug C. Freistoß für den Gegner D. Indirekter Freistoß,Das Spiel geht weiter,0,"The question is factually incorrect because using the back wheel (Hinterrad) to pass the ball is not a legal or recognized action in football/soccer. A player cannot legally use the wheel of a bicycle (or any part of a vehicle) to play the ball — this implies a misunderstanding or fictional scenario. The scenario is not grounded in real football rules, making the question invalid as a sports MCQ. Additionally, the correct answer 'Das Spiel geht weiter' is misleading because such an action would typically be considered an illegal use of equipment, not a legal play.",Ein Spieler spielt den Ball mit dem Fuß zurück zu einem Mitspieler. Wie lautet die Entscheidung des Schiedsrichters?,"['A. Das Spiel geht weiter', 'B. Warnung wegen illegalem Umzug', 'C. Freistoß für den Gegner', 'D. Indirekter Freistoß']",A. Das Spiel geht weiter
SBQ,SBQ_Germany.xlsx,Radball (Cycle Ball),Ein Torwart reitet außerhalb seines Verteidigungsbereichs und blockt den Ball. Was geschieht?,A. Das Spiel geht weiter B. Freistoß für den Gegner C. Warnung an den Torwart D. Indirekter Freistoß,Das Spiel geht weiter,0,"The question is factually incorrect. A goalkeeper is not allowed to handle the ball outside their penalty area; doing so results in a direct free kick for the opposing team. The provided answer 'Das Spiel geht weiter' is wrong. Additionally, the term 'reitet' (rides) is nonsensical in this context — it should be 'berührt' (touches) or 'hält' (handles). The question as written makes no logical sense because goalkeepers do not 'ride' the ball.",Ein Torwart berührt den Ball außerhalb seines Strafraums mit der Hand. Was geschieht?,"['A. Das Spiel geht weiter', 'B. Direkter Freistoß für den Gegner', 'C. Warnung an den Torwart', 'D. Indirekter Freistoß']",B. Direkter Freistoß für den Gegner
SBQ,SBQ_Germany.xlsx,Radball (Cycle Ball),Der Ball trifft versehentlich einen Schiedsrichter und ändert die Richtung. Was passiert als nächstes?,A. Ball fallen lassen B. Das Spiel geht weiter C. Freistoß für die betroffene Mannschaft D. Abstoß,Ball fallen lassen,0,"The question is factually incorrect. According to FIFA Laws of the Game (Law 5 and Law 9), if the ball hits the referee and changes direction, play continues unless it results in a goal, a change of possession, or a promising attack — in which case the referee may stop play and restart with a dropped ball. However, 'Ball fallen lassen' (dropped ball) is not the automatic or standard restart for a ball hitting the referee. The correct restart is usually 'Das Spiel geht weiter' (play continues) unless specific conditions are met. The provided answer is therefore misleading and not aligned with official rules.",Der Ball trifft zufällig den Schiedsrichter und bleibt im Spiel. Was passiert als nächstes?,"['A. Ball fallen lassen', 'B. Das Spiel geht weiter', 'C. Freistoß für die betroffene Mannschaft', 'D. Abstoß']",Das Spiel geht weiter
SBQ,SBQ_Germany.xlsx,Radball (Cycle Ball),Ein angreifender Spieler stoppt den Ball mit seinem Fahrradrahmen und schießt. Ist das Ziel gültig?,"A. Ja, wenn es ein Zufall ist B. Nein, immer ungültig C. Ja, unter allen Umständen D. Nur wenn der Schiedsrichter es zulässt","Ja, wenn es ein Zufall ist",0,"The question is factually incorrect because using a bicycle frame to stop and shoot the ball is not a valid action in any recognized sport (e.g., football/soccer). According to FIFA Laws of the Game, using an external object (like a bicycle frame) to play the ball is illegal and results in an indirect free kick for the opposing team. The concept of 'Zufall' (accident) does not make such an action valid. The provided answer 'Ja, wenn es ein Zufall ist' is therefore incorrect and misleading.",Ein angreifender Spieler stoppt den Ball mit dem Fuß und schießt. Ist das Ziel gültig?,"['A. Ja, wenn es ein Zufall ist', 'B. Nein, immer ungültig', 'C. Ja, unter allen Umständen', 'D. Nur wenn der Schiedsrichter es zulässt']","C. Ja, unter allen Umständen"
SBQ,SBQ_Germany.xlsx,Radball (Cycle Ball),"Ein Verteidiger reitet absichtlich in den Torraum, um einen Schuss abzuwehren. Was entscheidet der Schiedsrichter?",A. Strafe für den Angreifer B. Warnung an den Verteidiger C. Freistoß für den Angreifer D. Das Spiel geht weiter,Freistoß für den Angreifer,0,"The question contains a factual error: 'Ein Verteidiger reitet absichtlich in den Torraum' is nonsensical in football/soccer context. 'Reiten' (to ride) is not a term used in football; it incorrectly implies horseback riding. The intended action is likely 'tritt' (kicks) or 'stößt' (pushes) into the goal area, but even then, a defender entering the goal area to block a shot is not inherently illegal. The correct scenario for a free kick for the attacker would be if the defender committed a foul, such as handling the ball or committing a dangerous play. The question as written is illogical and misleading.","Ein Verteidiger greift einen Angreifer im Torraum absichtlich mit der Hand an, um einen Schuss abzuwehren. Was entscheidet der Schiedsrichter?","['A. Strafe für den Angreifer', 'B. Warnung an den Verteidiger', 'C. Freistoß für den Angreifer', 'D. Das Spiel geht weiter']",C. Freistoß für den Angreifer
SBQ,SBQ_Germany.xlsx,Radball (Cycle Ball),Bei einer Ecke wird der Ball zu hoch geschlagen und verlässt das Spielfeld. Was geschieht?,A. Abstoß B. Die Ecke wird zurückerobert C. Einwurf für den Gegner D. Indirekter Freistoß,Abstoß,0,"The question is factually incorrect. According to the Laws of the Game (IFAB), if the ball is kicked from a corner and goes directly over the goal line without touching another player, it results in a goal kick (Abstoß) for the defending team — but only if it crosses the goal line between the posts and under the crossbar. However, if the ball leaves the field over the touchline (sideline) after being kicked from a corner, it is not a goal kick but a throw-in for the opposing team. The question says 'verlässt das Spielfeld' (leaves the field), which is ambiguous. In football context, 'das Spielfeld' leaving via the goal line after a corner should be a goal kick, but the option 'Abstoß' is correct only if the ball goes out over the goal line. The question does not specify over which line the ball left, making it ambiguous and misleading. Moreover, 'Abstoß' is the German term for goal kick, not 'corner kick restart'. The answer 'Abstoß' is technically correct only if the ball went out over the goal line, but the phrasing 'zu hoch geschlagen und verlässt das Spielfeld' suggests it went over the crossbar or sideline without clarification. This is a critical ambiguity.",Bei einer Ecke wird der Ball zu hoch geschlagen und verlässt das Spielfeld über die Torlinie. Was geschieht?,"['A. Abstoß', 'B. Die Ecke wird zurückerobert', 'C. Einwurf für den Gegner', 'D. Indirekter Freistoß']",A. Abstoß
SBQ,SBQ_Germany.xlsx,Radball (Cycle Ball),"Ein Spieler fällt beim Versuch, einen Schuss abzuwehren, vom Fahrrad, der Ball geht jedoch ins Tor. Was geschieht?",A. Torstände B. Freistoß für den Verteidiger C. Ball fallen lassen D. Wiederholen Sie den Torversuch,Torstände,0,The question is factually and logically incorrect because a player cannot fall off a bicycle while attempting to block a shot in football (soccer). This scenario is absurd and violates the rules and context of the sport. The term 'Torstände' is also not a valid outcome in football rules; the correct term would be 'Tor' (goal). The answer provided is not a recognized rule-based decision.,"Ein Spieler fällt beim Versuch, einen Schuss abzuwehren, und berührt den Ball versehentlich mit der Hand. Der Ball geht dennoch ins Tor. Was geschieht?","['A. Tor', 'B. Freistoß für den Verteidiger', 'C. Ball fallen lassen', 'D. Wiederholung des Torversuchs']",A. Tor
SBQ,SBQ_Germany.xlsx,Radball (Cycle Ball),Der Ball bleibt während eines Verteidigungsspiels unter dem Rad eines Spielers stecken. Was macht der Schiedsrichter?,A. Das Spiel geht weiter B. Ball fallen lassen C. Freistoß für den Angreifer D. Warnung an den Verteidiger,Ball fallen lassen,0,"The question is factually incorrect. In football (soccer), a ball cannot 'get stuck under a player's wheel' because players do not have wheels. This is a nonsensical scenario that does not exist in the rules of football. The term 'Rad' (wheel) is likely a mistranslation or error; the intended term is probably 'Bein' (leg) or 'Fuß' (foot), as the ball can get trapped under a player's foot or leg during play. The correct rule applies when the ball is trapped under a player — the referee stops play and restarts with a dropped ball.",Der Ball bleibt während eines Verteidigungsspiels unter dem Fuß eines Spielers stecken. Was macht der Schiedsrichter?,"['A. Das Spiel geht weiter', 'B. Ball fallen lassen', 'C. Freistoß für den Angreifer', 'D. Warnung an den Verteidiger']",Ball fallen lassen
SBQ,SBQ_Germany.xlsx,Radball (Cycle Ball),"Ein Ersatzspieler betritt das Spielfeld, ohne darauf zu warten, dass der austretende Spieler das Spielfeld verlässt. Was geschieht?",A. Freistoß für den Gegner B. Warnung an den Ersatzspieler C. Das Spiel geht weiter D. Eine Vertretung ist ungültig,Warnung an den Ersatzspieler,0,"The question is factually incorrect. According to FIFA Laws of the Game (Law 3), if a substitute enters the field of play before the player being replaced has left, the substitute is cautioned (yellow card), but the game does not stop immediately — it continues unless the referee intervenes. However, the option 'Warnung an den Ersatzspieler' (Warning to the substitute) is correct as the consequence. The issue is that option D ('Eine Vertretung ist ungültig') is poorly worded and ambiguous in German football terminology. The correct phrasing should be 'Der Ersatzspieler wird gewarnt' to match standard German match law phrasing. Also, option B is the only correct consequence, but the wording of D is misleading and not standard.","Ein Ersatzspieler betritt das Spielfeld, bevor der ausgewechselte Spieler das Spielfeld verlassen hat. Was geschieht?","['A. Freistoß für den Gegner', 'B. Der Ersatzspieler wird gewarnt', 'C. Das Spiel geht weiter', 'D. Der Wechsel ist ungültig']",Der Ersatzspieler wird gewarnt
SBQ,SBQ_Germany.xlsx,Radball (Cycle Ball),Eine Mannschaft verzögert wiederholt die Ausführung eines Abstoßes. Was entscheidet der Schiedsrichter?,A. Gelbe Karte wegen Verspätung B. Warnung wegen Verzögerung C. Freistoß für den Gegner D. Das Spiel geht weiter,Warnung wegen Verzögerung,0,"The provided answer 'Warnung wegen Verzögerung' is not a standard or precise term in FIFA Laws of the Game. The correct decision is a yellow card for delaying the restart of play, which is formally called 'Gelbe Karte wegen Verzögerung des Spielablaufs'. The option 'Warnung wegen Verzögerung' is vague and not the official terminology used in football regulations. Additionally, option A ('Gelbe Karte wegen Verspätung') is closer to correct but uses 'Verspätung' instead of the more accurate 'Verzögerung des Spielablaufs'. The question and options need to reflect official terminology.",Eine Mannschaft verzögert wiederholt die Ausführung eines Abstoßes. Was entscheidet der Schiedsrichter?,"['A. Gelbe Karte wegen Verzögerung des Spielablaufs', 'B. Warnung wegen Verzögerung', 'C. Freistoß für den Gegner', 'D. Das Spiel geht weiter']",A. Gelbe Karte wegen Verzögerung des Spielablaufs
SBQ,SBQ_Germany.xlsx,Radball (Cycle Ball),Der Ball trifft die Decke und kommt zurück ins Spiel. Was passiert als nächstes?,A. Das Spiel geht weiter B. Freistoß für den Gegner C. Ball fallen lassen D. Indirekter Freistoß,Ball fallen lassen,0,"The question is factually incorrect because in most official sports (e.g., volleyball, basketball, or tennis), if a ball hits the ceiling, it is typically ruled out of play, but the specific rule depends on the sport. However, the provided answer 'Ball fallen lassen' (ball drop) is not a standard term in any major sport’s rulebook. The correct procedure in volleyball, for example, would be a replay or a point award depending on context, not a 'ball fallen lassen'. The question lacks sport context and the answer is not a recognized rule. The phrase 'Ball fallen lassen' is also grammatically incorrect German; it should be 'Ball fallen lassen' (infinitive) or 'Der Ball wird fallen gelassen' (passive). The MCQ is invalid due to ambiguity, incorrect terminology, and lack of sport specification.",Der Ball trifft die Decke der Halle im Volleyball und fällt dann auf das Feld der gegnerischen Mannschaft. Was passiert als nächstes?,"['A. Das Spiel geht weiter', 'B. Freistoß für den Gegner', 'C. Ball fallen lassen', 'D. Punkt für die angreifende Mannschaft']",D. Punkt für die angreifende Mannschaft
SBQ,SBQ_Germany.xlsx,Radball (Cycle Ball),"Ein angreifender Spieler lenkt den Torwart ab, indem er laut schreit, bevor er einen Schuss ausführt. Was geschieht?",A. Torstände B. Freistoß für den Gegner C. Warnung an den Angreifer D. Strafe für unsportliches Verhalten,Freistoß für den Gegner,0,"The question describes a scenario that violates Law 12 of the IFAB (International Football Association Board) regarding unsporting behavior. Shouting to distract the goalkeeper is considered unsporting conduct and results in an indirect free kick for the opposing team, not a direct free kick. Additionally, the option 'Freistoß für den Gegner' is ambiguous — in German football terminology, 'Freistoß' can mean either direct or indirect free kick. The correct ruling requires specifying 'indirekter Freistoß'. The provided answer 'Freistoß für den Gegner' is technically incomplete and misleading without 'indirekter'. Also, option D ('Strafe für unsportliches Verhalten') is vague and not a standard match sanction term — the correct sanction is the indirect free kick, not a general 'punishment'.","Ein angreifender Spieler lenkt den Torwart ab, indem er laut schreit, bevor er einen Schuss ausführt. Was geschieht?","['A. Torstand', 'B. Direkter Freistoß für den Gegner', 'C. Gelbe Karte für den Angreifer', 'D. Indirekter Freistoß für den Gegner']",D. Indirekter Freistoß für den Gegner
SBQ,SBQ_Germany.xlsx,Radball (Cycle Ball),Der Schiedsrichter signalisiert fälschlicherweise ein Foul und unterbricht das Spiel. Wie wird das Spiel fortgesetzt?,A. Freistoß für die gefoulte Mannschaft B. Ball fallen lassen C. Das Spiel beginnt an der Stelle von vorne D. Das Spiel geht weiter,Ball fallen lassen,0,"The question is factually incorrect because according to FIFA Laws of the Game, if a referee incorrectly signals a foul and stops play, the game is restarted with a dropped ball (Ball fallen lassen) only if the stoppage was not due to a foul or misconduct. However, the phrasing 'fälschlicherweise ein Foul signalisiert' implies the referee made an error in judgment, but the correct restart is indeed a dropped ball. The issue is that option C ('Das Spiel beginnt an der Stelle von vorne') is grammatically incorrect and confusing. Option D ('Das Spiel geht weiter') is also incorrect because play was stopped. The correct answer is technically 'Ball fallen lassen', but the options need minor linguistic correction for clarity and grammatical accuracy.",Der Schiedsrichter signalisiert fälschlicherweise ein Foul und unterbricht das Spiel. Wie wird das Spiel korrekt fortgesetzt?,"['A. Freistoß für die gefoulte Mannschaft', 'B. Ball fallen lassen', 'C. Spiel an der Stelle neu beginnen', 'D. Spiel ohne Unterbrechung fortsetzen']",Ball fallen lassen
SBQ,SBQ_Germany.xlsx,Radball (Cycle Ball),"Ein Verteidiger berührt den Ball mit seinem Körper, während er einen Block versucht. Wie lautet die Entscheidung?",A. Freistoß für den Angreifer B. Das Spiel geht weiter C. Warnung für den Verteidiger D. Strafe für den Angreifer,Freistoß für den Angreifer,0,"The question is factually incorrect. In football (soccer), if a defender touches the ball with their body during a block attempt, it is not automatically a foul. A foul is only called if there is illegal contact (e.g., handball, reckless challenge, or obstruction). Simply touching the ball with the body during a block is legal and the game continues. The provided answer 'Freistoß für den Angreifer' is wrong because no free kick is awarded in this scenario unless a specific foul occurred.","Ein Verteidiger berührt den Ball mit der Hand, während er einen Block versucht. Wie lautet die Entscheidung?","['A. Freistoß für den Angreifer', 'B. Das Spiel geht weiter', 'C. Warnung für den Verteidiger', 'D. Strafe für den Angreifer']",A. Freistoß für den Angreifer
SBQ,SBQ_Germany.xlsx,Radball (Cycle Ball),Der Ball wird bei einem Hochgeschwindigkeitsschuss durchstoßen. Was macht der Schiedsrichter?,A. Ersetzen Sie den Ball und starten Sie neu B. Ball fallen lassen C. Freistoß für den Angreifer D. Das Spiel wird mit einem weiteren Ball fortgesetzt,Ersetzen Sie den Ball und starten Sie neu,0,"The question is factually incorrect. In football (soccer), there is no rule that a ball is 'durchstoßen' (pierced) during a high-speed shot, nor is there a rule that requires replacing the ball and restarting play in such a scenario. The correct procedure when a ball becomes defective (e.g., bursts or is damaged) is to stop play, replace the ball, and restart with a dropped ball at the location where it was damaged — not a 'Neustart' (restarting the play as if from scratch). The provided answer is therefore based on a false premise.",Der Ball platzt während eines Hochgeschwindigkeitsschusses. Was macht der Schiedsrichter?,"['A. Ersetzen Sie den Ball und starten Sie neu', 'B. Ball fallen lassen', 'C. Freistoß für den Angreifer', 'D. Das Spiel wird mit einem weiteren Ball fortgesetzt']",B. Ball fallen lassen
SBQ,SBQ_Germany.xlsx,Radball (Cycle Ball),"Ein angreifender Spieler punktet, geht aber beim Schießen in den Torwartbereich. Wie lautet die Aufforderung des Schiedsrichters?",A. Torstände B. Freistoß für den Gegner C. Indirekter Freistoß für den Angreifer D. Warnung für den Angreifer,Freistoß für den Gegner,0,"The question is factually incorrect. In football (soccer), if an attacking player scores a goal but commits a foul (e.g., enters the goal area in a way that constitutes a violation such as impeding the goalkeeper), the goal is disallowed and the restart depends on the nature of the foul. However, simply 'going into the goal area during the shot' is not automatically a foul under Law 12. The goalkeeper's area (six-yard box) is not a restricted zone for attackers — they are allowed to enter it. The only way this scenario would result in a free kick for the opponent is if the attacker committed a foul (e.g., pushing, holding, or dangerous play) while in the area. The question as written implies entering the goal area itself is illegal, which is wrong. Thus, the scenario is misleading and the answer is based on a false premise.","Ein angreifender Spieler erzielt ein Tor, aber stößt dabei den Torwart im Torraum. Wie lautet die Aufforderung des Schiedsrichters?","['A. Torstand', 'B. Freistoß für den Gegner', 'C. Indirekter Freistoß für den Angreifer', 'D. Warnung für den Angreifer']",B. Freistoß für den Gegner
SBQ,SBQ_Germany.xlsx,Radball (Cycle Ball),Ein Torwart lenkt den Ball ins Aus. Was passiert als nächstes?,A. Abstoß B. Eckball C. Freistoß für den Angreifer D. Das Spiel geht weiter,Eckball,0,"The question is factually incorrect. If a goalkeeper kicks the ball out of play over the goal line (ins Aus), it results in a corner kick (Eckball) only if the ball was last touched by a defender. However, if the goalkeeper deliberately kicks it out over the goal line, it is a corner kick for the opposing team — which is correct. But the phrasing 'ins Aus' is ambiguous in German football terminology. 'Aus' typically means out of bounds along the touchline, not the goal line. The correct term for the ball going out over the goal line is 'über die Torlinie'. Therefore, the question misuses 'ins Aus', which implies the ball went out on the sideline, not the goal line. If the ball goes out on the sideline after being touched by the goalkeeper, it would be a throw-in, not a corner kick. The answer 'Eckball' is only correct if the ball went over the goal line, which is not what 'ins Aus' means.",Ein Torwart lenkt den Ball über die Torlinie. Was passiert als nächstes?,"['A. Abstoß', 'B. Eckball', 'C. Freistoß für den Angreifer', 'D. Das Spiel geht weiter']",Eckball
SBQ,SBQ_Germany.xlsx,Radball (Cycle Ball),Ein Verteidiger blockt im Stand einen hohen Ball mit der Brust. Ist das erlaubt?,"A. Ja, solange stationär B. Nein, immer ein Foul C. Nur innerhalb des Strafraums D. Nur wenn es Zufall ist","Ja, solange stationär",0,"The question is factually incorrect. According to FIFA's Laws of the Game, a defender may not use the chest to block a high ball if it is considered a dangerous play or if it involves contact with an opponent. However, blocking a high ball with the chest while stationary is generally permitted if done safely and without endangering others. The provided answer 'Ja, solange stationär' is misleading because legality does not depend solely on being stationary but on whether the action is dangerous or involves unfair contact. The question lacks precision and could mislead learners about the actual rule.","Ein Verteidiger blockt im Stand einen hohen Ball mit der Brust, ohne Kontakt zu einem Gegenspieler. Ist das erlaubt?","['A. Ja, solange kein Kontakt zum Gegenspieler besteht', 'B. Nein, immer ein Foul', 'C. Nur innerhalb des Strafraums', 'D. Nur wenn es Zufall ist']","A. Ja, solange kein Kontakt zum Gegenspieler besteht"
SBQ,SBQ_Germany.xlsx,Radball (Cycle Ball),"Der Ball trifft den Schiedsrichter, beeinträchtigt aber nicht das Spiel. Was ist die nächste Aktion?",A. Das Spiel geht weiter B. Ball fallen lassen C. Freistoß für die betroffene Mannschaft D. Indirekter Freistoß,Das Spiel geht weiter,1,no mistake,no correction needed,no correction needed,Das Spiel geht weiter
SBQ,SBQ_Germany.xlsx,Radball (Cycle Ball),"Ein Spieler schießt ein Tor, aber sein Teamkollege befand sich im Verteidigungsbereich. Wie lautet die Entscheidung des Schiedsrichters?",A. Torstände B. Abseits wird gepfiffen C. Freistoß für den Gegner D. Wiederholen Sie das Tor,Abseits wird gepfiffen,0,"The question is factually incorrect because a player scoring a goal cannot be in the defensive area to cause an offside. Offside is determined by the position of the attacker relative to the second-last opponent and the ball at the moment the ball is played by a teammate, not by being in the defensive area. The scenario described is logically inconsistent with the rules of football.","Ein Spieler schießt ein Tor, aber er selbst befand sich im Abseits, als sein Teamkollege den Ball spielte. Wie lautet die Entscheidung des Schiedsrichters?","['A. Tor gilt', 'B. Abseits wird gepfiffen', 'C. Freistoß für den Gegner', 'D. Wiederholung des Tors']",Abseits wird gepfiffen
SBQ,SBQ_Germany.xlsx,Radball (Cycle Ball),Ein Spieler stoppt den Ball während der Verteidigung versehentlich mit dem Fuß. Wie lautet die Entscheidung?,A. Das Spiel geht weiter B. Freistoß für den Gegner C. Warnung an den Spieler D. Indirekter Freistoß,Freistoß für den Gegner,0,"The question describes a deliberate or accidental handball/foot contact by a defender, but according to FIFA Laws of the Game, if a player deliberately handles the ball with the hand/arm, it's a direct free kick. However, if the ball touches the foot accidentally during defense, it is not a foul unless it's a deliberate handling (which foot is not). The given answer 'Freistoß für den Gegner' (direct free kick) is incorrect because accidental foot contact is not a foul. The correct decision is 'Das Spiel geht weiter'. The question misrepresents the rule by implying accidental foot contact is a foul.",Ein Spieler stoppt den Ball während der Verteidigung absichtlich mit der Hand. Wie lautet die Entscheidung?,"['A. Das Spiel geht weiter', 'B. Freistoß für den Gegner', 'C. Warnung an den Spieler', 'D. Indirekter Freistoß']",B. Freistoß für den Gegner
SBQ,SBQ_Germany.xlsx,Radball (Cycle Ball),"Der Ball rollt über die Seitenlinie, bleibt aber im Spiel. Was passiert als nächstes?",A. Das Spiel geht weiter B. Ball fallen lassen C. Einwurf für den Gegner D. Abstoß,Das Spiel geht weiter,0,"The question states 'Der Ball rollt über die Seitenlinie, bleibt aber im Spiel.' which is factually incorrect. In football (soccer), if the ball crosses the touchline (Seitenlinie), it is out of play, and play resumes with a throw-in. The phrase 'bleibt aber im Spiel' contradicts the rules of the game. Therefore, the premise is false and the question is logically flawed.",Der Ball rollt über die Seitenlinie. Was passiert als nächstes?,"['A. Das Spiel geht weiter', 'B. Ball fallen lassen', 'C. Einwurf für den Gegner', 'D. Abstoß']",C. Einwurf für den Gegner
SBQ,SBQ_Germany.xlsx,Radball (Cycle Ball),Bei einem schnellen Gegenangriff verliert ein Spieler die Kontrolle und prallt gegen den Torpfosten. Wie lautet die Aufforderung des Schiedsrichters?,A. Freistoß für den Angreifer B. Freistoß für den Gegner C. Das Spiel geht weiter D. Warnung an den Spieler,Das Spiel geht weiter,0,"The question is factually incorrect because a player losing control and hitting the goalpost during a counterattack does not constitute a foul or stoppage of play. However, the scenario described does not involve a violation of the rules that would warrant a free kick or warning. The correct call is indeed 'Das Spiel geht weiter', but the phrasing of the question is misleading as it implies the player did something wrong (e.g., fouled or endangered play), when hitting the goalpost is simply part of normal play. The question needs to be clarified to reflect that no foul occurred.","Bei einem schnellen Gegenangriff verliert ein Spieler die Kontrolle über den Ball, der gegen den Torpfosten prallt. Wie lautet die Aufforderung des Schiedsrichters?","['A. Freistoß für den Angreifer', 'B. Freistoß für den Gegner', 'C. Das Spiel geht weiter', 'D. Warnung an den Spieler']",C. Das Spiel geht weiter
SBQ,SBQ_Germany.xlsx,Radball (Cycle Ball),Ein angreifender Spieler führt einen Spin-Move aus und schießt den Ball ins Tor. Wie lautet das Urteil?,A. Torstände B. Tor wegen hohem Risiko nicht anerkannt C. Freistoß für den Gegner D. Ball fallen lassen,Torstände,0,"The question is factually incorrect because 'Torstände' is not a valid term in sports rules; it appears to be a mistranslation or nonsense phrase. In handball or similar sports, a goal scored with a spin move is valid if no rule violation occurred. The correct judgment should be 'Tor' (goal). The provided answer 'Torstände' is not a recognized rule outcome.",Ein angreifender Spieler führt einen Spin-Move aus und schießt den Ball ins Tor. Wie lautet das Urteil?,"['Tor', 'Tor wegen hohem Risiko nicht anerkannt', 'Freistoß für den Gegner', 'Ball fallen lassen']",Tor
SBQ,SBQ_Germany.xlsx,Radball (Cycle Ball),Ein Verteidiger blockt den Ball im Stand mit der Lenkstange. Ist das erlaubt?,"A. Ja, wenn unbeabsichtigt B. Nein, immer ein Foul C. Nur im defensiven Bereich D. Nur wenn es Zufall ist","Ja, wenn unbeabsichtigt",0,"The question refers to 'Lenkstange', which is a term used in ice hockey for the stick's shaft, but in standard ice hockey rules, blocking a puck with the stick is allowed even intentionally, as long as it's not a high stick or dangerous play. However, the phrasing 'im Stand mit der Lenkstange' (standing with the shaft) is ambiguous and misleading. More critically, 'Lenkstange' is not the correct term for a hockey stick in German; the correct term is 'Schläger' or 'Stock'. Also, the answer 'Ja, wenn unbeabsichtigt' is factually incorrect — intentional blocking with the stick is allowed in ice hockey. The question and answer are based on a misunderstanding of the sport's rules.",Ein Spieler blockt den Ball im Stand mit dem Schläger. Ist das erlaubt?,"['A. Ja, immer erlaubt', 'B. Nein, immer ein Foul', 'C. Nur im defensiven Bereich', 'D. Nur wenn es unbeabsichtigt ist']","A. Ja, immer erlaubt"
SBQ,SBQ_Germany.xlsx,Radball (Cycle Ball),Ein Spieler verzögert die Ausführung eines Freistoßes über das Zeitlimit hinaus. Was geschieht?,A. Das Spiel geht weiter B. Dem Gegner wird ein Freistoß zugesprochen C. Warnung an den Spieler D. Ball fallen lassen,Dem Gegner wird ein Freistoß zugesprochen,0,"The question and answer are factually incorrect. According to the Laws of the Game (IFAB), if a player delays the taking of a free kick beyond a reasonable time, the referee may caution the player for delaying the restart of play (yellow card). The free kick is not awarded to the opposing team. The provided answer 'Dem Gegner wird ein Freistoß zugesprochen' is wrong.",Ein Spieler verzögert die Ausführung eines Freistoßes über ein angemessenes Zeitlimit hinaus. Was geschieht?,"['A. Das Spiel geht weiter', 'B. Dem Gegner wird ein Freistoß zugesprochen', 'C. Warnung an den Spieler', 'D. Ball fallen lassen']",C. Warnung an den Spieler
SBQ,SBQ_Germany.xlsx,Radball (Cycle Ball),Der Ball trifft einen Zuschauer und kehrt auf das Spielfeld zurück. Wie lautet die Entscheidung des Schiedsrichters?,A. Ball fallen lassen B. Freistoß für die betroffene Mannschaft C. Das Spiel geht weiter D. Starten Sie von der Mitte aus neu,Ball fallen lassen,0,"The question is factually incorrect because according to FIFA Laws of the Game (Law 5 and Law 9), if the ball touches a spectator (external agent) and returns to the field, the referee must stop play and restart with a dropped ball at the place where the ball touched the spectator. However, the option 'Ball fallen lassen' (German for 'drop the ball') is not the standard phrasing used in official rules; the correct term is 'Ball fallen lassen' only if it's meant to represent 'dropped ball', but the phrasing in the options is inconsistent with standard German football terminology. Also, the correct restart is 'Ball fallen lassen' only if the ball was in play and touched an external agent — which is correct in substance, but the option wording is ambiguous and not standardized. The bigger issue: the correct answer 'Ball fallen lassen' is not clearly the official term used in German football rules — it should be 'Ball fallen lassen' as the restart, but in official German FIFA translations, it is 'Ball fallen lassen' — so technically correct, but the question implies the ball returns to the field, which triggers a dropped ball — so the answer is correct in content, but the phrasing of options is inconsistent with standard terminology. However, upon checking official German FIFA documents, the correct term is indeed 'Ball fallen lassen' for dropped ball. But the question says 'kehrt auf das Spielfeld zurück' — if it returns, the ball was still in play, so dropped ball is correct. So the answer is factually correct. However, the option 'Ball fallen lassen' is grammatically incorrect German — it should be 'Ball wird fallen gelassen' or simply 'Fallenlassen' as a noun phrase. But in match officiating context, 'Ball fallen lassen' is commonly used as shorthand. The real issue is that option C 'Das Spiel geht weiter' is wrong, D 'Starten Sie von der Mitte aus neu' is wrong, B 'Freistoß' is wrong — so A is correct. But the phrasing 'Ball fallen lassen' is not a full grammatical sentence and is awkward. Better phrasing is 'Fallenlassen des Balles' or 'Ball wird fallen gelassen'. However, in many German MCQs, 'Ball fallen lassen' is accepted as shorthand. Given that, the answer is correct, but the option is poorly phrased. To make it a valid MCQ, we must use standard terminology. Therefore, the question is factually correct, but the option is non-standard and could confuse. So we improve the option to the official term.",Der Ball trifft einen Zuschauer und kehrt auf das Spielfeld zurück. Wie lautet die Entscheidung des Schiedsrichters?,"['Ball fallen gelassen', 'Freistoß für die betroffene Mannschaft', 'Das Spiel geht weiter', 'Anstoß von der Mittellinie']",Ball fallen gelassen
SBQ,SBQ_Germany.xlsx,Radball (Cycle Ball),Ein Angreifer flankt nach dem Schuss in den Torraum. Wie lautet die Entscheidung?,A. Torstände B. Freistoß für den Gegner C. Warnung an den Angreifer D. Indirekter Freistoß,Freistoß für den Gegner,0,"The question is factually incorrect. In football (soccer), if an attacker crosses the goal line after a shot (flanks into the goal area), this is not a foul by itself. The decision depends on whether the ball crossed the goal line between the posts and under the crossbar (goal) or not. If the ball did not enter the goal and the attacker re-enters the field illegally (e.g., from the goal line), it may result in an indirect free kick for the opposing team for entering the field of play without permission. However, the provided answer 'Freistoß für den Gegner' (direct free kick for the opponent) is wrong because no direct free kick offense occurred. The question also lacks clarity on whether the ball was in play or scored. The scenario described does not clearly justify a direct free kick.","Ein Angreifer betritt nach einem Schuss auf das Tor den Torraum von hinten, ohne dass der Ball ins Tor ging. Wie lautet die Entscheidung?","['A. Tor', 'B. Direkter Freistoß für den Gegner', 'C. Warnung an den Angreifer', 'D. Indirekter Freistoß für den Gegner']",D. Indirekter Freistoß für den Gegner
SBQ,SBQ_Germany.xlsx,Radball (Cycle Ball),Bei einem Elfmeter bewegt sich der Torwart vor dem Schuss nach vorne. Was macht der Schiedsrichter?,A. Wiederholen Sie den Elfmeter B. Elfmeter steht C. Ball fallen lassen D. Warnung an den Torwart,Wiederholen Sie den Elfmeter,0,"The question is factually incorrect. According to FIFA Laws of the Game (Law 14), if the goalkeeper moves forward before the ball is kicked during a penalty kick, the penalty is retaken only if the ball does not enter the goal. If the ball enters the goal, the goal stands. The provided answer 'Wiederholen Sie den Elfmeter' is incomplete and misleading without context. Also, the option phrasing is grammatically incorrect ('Wiederholen Sie den Elfmeter' is an imperative command, not a descriptive outcome). The correct response should be phrased as a statement of what the referee decides.",Bei einem Elfmeter bewegt sich der Torwart vor dem Schuss nach vorne und der Ball geht nicht ins Tor. Was entscheidet der Schiedsrichter?,"['A. Wiederholung des Elfmeters', 'B. Elfmeter gilt als beendet', 'C. Ball fallen lassen', 'D. Warnung an den Torwart']",A. Wiederholung des Elfmeters
SBQ,SBQ_Germany.xlsx,Radball (Cycle Ball),"Ein Spieler behindert einen Gegner, ohne zu versuchen, den Ball zu spielen. Wie lautet das Urteil?",A. Das Spiel geht weiter B. Warnung wegen unsportlichem Verhalten C. Freistoß für den Gegner D. Indirekter Freistoß,Freistoß für den Gegner,0,"The question is factually incorrect because according to FIFA's Laws of the Game, if a player impedes an opponent without contacting the ball and without attempting to play it, this is considered 'obstruction' or 'impeding the progress of an opponent', which results in an indirect free kick for the opposing team, not a direct free kick. The provided answer 'Freistoß für den Gegner' implies a direct free kick, which is wrong.","Ein Spieler behindert einen Gegner, ohne zu versuchen, den Ball zu spielen und ohne körperlichen Kontakt. Wie lautet das Urteil?","['A. Das Spiel geht weiter', 'B. Warnung wegen unsportlichem Verhalten', 'C. Freistoß für den Gegner', 'D. Indirekter Freistoß']",D. Indirekter Freistoß
SBQ,SBQ_Germany.xlsx,Radball (Cycle Ball),"Ein Spieler hebt den Ball absichtlich mit seinem Rad an, um sich einen Vorteil zu verschaffen. Was entscheidet der Schiedsrichter?",A. Freistoß für den Gegner B. Ball fallen lassen C. Warnung an den Spieler D. Das Spiel geht weiter,Freistoß für den Gegner,0,"The question contains a factual error: 'Rad' (wheel) is not a part of a soccer player's equipment. Soccer players use their feet, head, or other body parts (except hands/arms) to play the ball. The term 'Rad' incorrectly suggests a bicycle wheel, which is nonsensical in soccer. The intended term is likely 'Fuß' (foot).","Ein Spieler hebt den Ball absichtlich mit seinem Fuß an, um sich einen Vorteil zu verschaffen. Was entscheidet der Schiedsrichter?","['A. Freistoß für den Gegner', 'B. Ball fallen lassen', 'C. Warnung an den Spieler', 'D. Das Spiel geht weiter']",A. Freistoß für den Gegner
SBQ,SBQ_Germany.xlsx,Radball (Cycle Ball),Bei einem Hochgeschwindigkeitsball prallt der Ball gegen die Rückwand und springt ins Tor. Wie lautet die Entscheidung?,A. Torstände B. Tor nicht anerkannt C. Ball fallen lassen D. Indirekter Freistoß,Torstände,0,"The question describes a scenario where a high-speed ball hits the back wall and goes into the goal, and claims 'Torstände' (goal scored) as the correct answer. However, in standard handball rules (the likely context for 'Rückwand' = back wall), if the ball hits the back wall before entering the goal, it is still a valid goal as long as it was last touched by an attacking player and no rule violation occurred. But 'Torstände' is not a standard decision term in handball rulebooks — the correct term is 'Tor' (goal). Additionally, 'Torstände' appears to be a mistranslation or incorrect term; it might be confused with 'Torstand' (score), which is not a referee decision. The correct decision for a legal goal is 'Tor', not 'Torstände'. The provided answer is factually wrong.",Bei einem Hochgeschwindigkeitsball prallt der Ball gegen die Rückwand und springt ins Tor. Wie lautet die Entscheidung?,"['Tor', 'Tor nicht anerkannt', 'Ball fallen lassen', 'Indirekter Freistoß']",Tor
SBQ,SBQ_Germany.xlsx,Radball (Cycle Ball),"Ein Angreifer spielt den Ball zu seinem Mitspieler, doch dieser trifft den Schiedsrichter und ändert die Richtung. Was geschieht?",A. Das Spiel geht weiter B. Freistoß für den Angreifer C. Ball fallen lassen D. Abstoß,Ball fallen lassen,1,no mistake,no correction needed,no correction needed,Ball fallen lassen
SBQ,SBQ_Germany.xlsx,Radball (Cycle Ball),Der Ball wird durch das Rad eines Verteidigers ins Tor gelenkt. Wie lautet die Entscheidung?,A. Eigentor B. Abstoß C. Freistoß für den Angreifer D. Indirekter Freistoß,Eigentor,1,no mistake,no correction needed,no correction needed,Eigentor
SBQ,SBQ_Germany.xlsx,Radball (Cycle Ball),"Ein Spieler tritt gegen das Fahrradrad seines Gegners, um ihn am Vorrücken zu hindern. Wie lautet das Urteil?",A. Das Spiel geht weiter B. Warnung wegen unsportlichem Verhalten C. Freistoß für den Gegner D. Indirekter Freistoß,Freistoß für den Gegner,0,"The question describes an unrealistic and physically impossible scenario: a player kicking against 'das Fahrradrad' (bicycle wheel) of his opponent. In football (soccer), players do not have bicycle wheels. This is likely a mistranslation or error, and the intended term is 'das Fahrrad' (bicycle) or more probably 'den Ball' (the ball) or 'das Bein' (the leg). The context suggests the intent was to describe a dangerous or unsporting challenge, possibly a 'studs-up' tackle or kicking at an opponent's leg. The term 'Fahrradrad' is nonsensical in football terminology and breaks logical consistency.","Ein Spieler tritt gegen das Bein seines Gegners, um ihn am Vorrücken zu hindern. Wie lautet das Urteil?","['A. Das Spiel geht weiter', 'B. Warnung wegen unsportlichem Verhalten', 'C. Freistoß für den Gegner', 'D. Indirekter Freistoß']",C. Freistoß für den Gegner
SBQ,SBQ_Germany.xlsx,Radball (Cycle Ball),"Ein Spieler versucht einen Weitwurf, aber der Ball wird vom Wind blockiert und bleibt in der Luft stehen. Was passiert als nächstes?",A. Das Spiel geht weiter B. Ball fallen lassen C. Freistoß für den Angreifer D. Starten Sie von der Mitte aus neu,Das Spiel geht weiter,0,"The question is factually incorrect because wind cannot 'block' a ball and make it 'stay in the air' in real sports physics. A ball thrown or kicked will follow a parabolic trajectory affected by wind, but it will not hover or stop mid-air due to wind alone. This makes the scenario unrealistic and invalid as a sports MCQ.","Ein Spieler versucht einen Weitwurf, aber der Ball wird vom Wind abgelenkt und landet außerhalb des Spielfelds. Was passiert als nächstes?","['A. Das Spiel geht weiter', 'B. Ball fallen lassen', 'C. Freistoß für den Angreifer', 'D. Ein Eckstoß wird vergeben']",D. Ein Eckstoß wird vergeben
SBQ,SBQ_Germany.xlsx,Radball (Cycle Ball),"Eine Auswechslung findet statt, während das Spiel live ist. Was entscheidet der Schiedsrichter?",A. Warnung für das Team B. Freistoß für den Gegner C. Das Spiel geht weiter D. Ball fallen lassen,Warnung für das Team,0,"The question is factually incorrect because in football (soccer), a substitution must occur during a stoppage in play, not while the game is live. If a substitution is attempted while the game is live, the referee will not allow it and may caution the player for unsporting behavior. However, the provided answer 'Warnung für das Team' is misleading — the referee cautions the player entering or leaving the field, not the entire team. Also, the correct outcome is not a free kick or drop ball, but a stoppage and potential caution. The question and answer do not align with Law 3 of the IFAB.","Eine Auswechslung wird versucht, während das Spiel läuft. Was entscheidet der Schiedsrichter?","['A. Warnung für den Spieler, der das Feld betritt', 'B. Freistoß für den Gegner', 'C. Das Spiel geht weiter', 'D. Ball fallen lassen']","A. Warnung für den Spieler, der das Feld betritt"
SBQ,SBQ_Germany.xlsx,Radball (Cycle Ball),Der Ball wird zu hoch geschlagen und landet im gegnerischen Bankbereich. Was geschieht?,A. Einwurf für den Gegner B. Freistoß für den Gegner C. Abstoß D. Ball fallen lassen,Einwurf für den Gegner,0,"The question refers to a 'Bankbereich' (bench area), which is not a valid term in any standard sport's ruleset. This suggests a confusion with handball, where 'Bankbereich' might refer to the substitution area, but the action described ('Ball wird zu hoch geschlagen') is inconsistent with handball rules. In handball, the ball is thrown, not 'geschlagen' (struck), and a ball landing in the substitution area is not a standard rule scenario. The provided answer 'Einwurf für den Gegner' (throw-in for the opponent) is also incorrect for handball — in handball, if the ball goes out of bounds over the sideline, it's a throw-in for the opposing team, but if it goes over the goal line after being last touched by an attacker, it's a goal clearance (Abstoß). The question mixes terminology and sport rules incorrectly, likely intending to describe a soccer scenario but using invalid terms.",Der Ball wird zu hoch geschlagen und überschreitet die Grundlinie hinter dem Tor des Angreifers. Was geschieht?,"['A. Einwurf für den Gegner', 'B. Freistoß für den Gegner', 'C. Abstoß', 'D. Ball fallen lassen']",C. Abstoß
SBQ,SBQ_Germany.xlsx,Radball (Cycle Ball),"Ein Spieler steht vor dem Torwart und versperrt ihm die Sicht, während sein Mitspieler schießt. Was geschieht?",A. Tor nicht anerkannt B. Freistoß für den Gegner C. Torstände D. Warnung für den Angreifer,Tor nicht anerkannt,0,"The question describes a situation that violates Law 11 (Offside) and Law 12 (Fouls and Misconduct) of football. However, the provided answer 'Tor nicht anerkannt' (goal not recognized) is not the most precise or complete response under current FIFA rules. The correct outcome is typically an indirect free kick for the defending team due to obstructing the goalkeeper (impeding without contact), and the goal is disallowed. The option 'Tor nicht anerkannt' is partially correct but incomplete as a standalone answer — it does not specify the restart. Additionally, option C 'Torstände' is nonsensical (likely a typo for 'Torstand' or 'Tor erzielt'), and the phrasing of options is inconsistent. The question must be rephrased to reflect the actual rule and provide accurate, clear options.","Ein Spieler steht vor dem Torwart und versperrt ihm die Sicht, während sein Mitspieler schießt. Wie entscheidet der Schiedsrichter?","['A. Tor nicht anerkannt, indirekter Freistoß für den Gegner', 'B. Tor anerkannt', 'C. Freistoß für die angreifende Mannschaft', 'D. Gelbe Karte für den Spieler']","A. Tor nicht anerkannt, indirekter Freistoß für den Gegner"
SBQ,SBQ_Germany.xlsx,Radball (Cycle Ball),"Ein angreifender Spieler kollidiert mit dem Torwart, während sich beide auf den Ball zubewegen. Wie lautet die Aufforderung des Schiedsrichters?",A. Freistoß für den Gegner B. Freistoß für den Angreifer C. Ball fallen lassen D. Das Spiel geht weiter,Ball fallen lassen,1,no mistake,no correction needed,no correction needed,Ball fallen lassen
SBQ,SBQ_Germany.xlsx,Radball (Cycle Ball),Bei einer Strafe rollt der Ball aufgrund von Bodenunebenheiten nach hinten. Wie lautet die Aufforderung des Schiedsrichters?,A. Wiederholen Sie den Elfmeter B. Das Spiel geht weiter C. Abstoß D. Ball fallen lassen,Wiederholen Sie den Elfmeter,0,"The question is factually incorrect. According to FIFA Laws of the Game (Law 14), if the ball rolls backward due to uneven ground during a penalty kick, the kick is retaken only if the ball does not enter the goal and the infringement is by the kicker or goalkeeper. However, if the ball simply rolls back due to ground conditions without any infringement, the referee should not order a retake — the play is considered over and the ball is dead. The correct procedure in such a case is 'Ball fallen lassen' (drop ball), not 'Wiederholen Sie den Elfmeter'. The provided answer is wrong, and the question misrepresents the rule.","Bei einem Elfmeter rollt der Ball aufgrund von Bodenunebenheiten nach hinten, ohne dass ein Regelverstoß vorliegt. Wie lautet die Aufforderung des Schiedsrichters?","['A. Wiederholen Sie den Elfmeter', 'B. Das Spiel geht weiter', 'C. Abstoß', 'D. Ball fallen lassen']",D. Ball fallen lassen
SBQ,SBQ_Germany.xlsx,Radball (Cycle Ball),"Der Torwart nutzt seinen Lenker, um einen Gegner gezielt anzustoßen. Wie lautet das Urteil?",A. Freistoß für den Gegner B. Warnung an den Torwart C. Das Spiel geht weiter D. Indirekter Freistoß,Freistoß für den Gegner,0,"The question is factually incorrect because a goalkeeper does not use a 'Lenker' (handlebar) — this term is associated with bicycles or motorcycles, not football. The scenario described is nonsensical in the context of football rules. Additionally, if a goalkeeper uses his hands or body to intentionally strike an opponent, it would be a foul, but the term 'Lenker' invalidates the entire question.","Der Torwart nutzt seine Hand, um einen Gegner gezielt anzustoßen. Wie lautet das Urteil?","['A. Freistoß für den Gegner', 'B. Warnung an den Torwart', 'C. Das Spiel geht weiter', 'D. Indirekter Freistoß']",A. Freistoß für den Gegner
SBQ,SBQ_Germany.xlsx,Radball (Cycle Ball),Ein Verteidiger wirft den Ball versehentlich ins Aus. Wie wird das Spiel neu gestartet?,A. Einwurf für den Gegner B. Abstoß C. Eckball D. Ball fallen lassen,Eckball,0,"The question is factually incorrect. If a defender accidentally kicks the ball out of bounds over the touchline (side line), the correct restart is a throw-in (Einwurf) for the opposing team, not a corner kick (Eckball). A corner kick is awarded when the defending team last touches the ball before it crosses the goal line (end line), not the touchline. The provided answer 'Eckball' is wrong.",Ein Verteidiger wirft den Ball versehentlich über die Seitenlinie. Wie wird das Spiel neu gestartet?,"['A. Einwurf für den Gegner', 'B. Abstoß', 'C. Eckball', 'D. Ball fallen lassen']",A. Einwurf für den Gegner
SBQ,SBQ_Germany.xlsx,Radball (Cycle Ball),Bei einem Gegenangriff reißt die Fahrradkette eines angreifenden Spielers. Was geschieht?,A. Das Spiel geht weiter B. Freistoß für den Gegner C. Ball fallen lassen D. Auszeit für Reparaturen,Das Spiel geht weiter,0,"The question is factually incorrect because it describes a bicycle chain breaking during a counterattack in a sports context, which is logically incoherent. Bicycle chains are not part of any standard team sport like football or basketball. The scenario is absurd and cannot be a valid multiple-choice question without correction.",Bei einem Gegenangriff bricht die Spielerausrüstung eines angreifenden Spielers (z. B. ein Schuhband). Was geschieht?,"['A. Das Spiel geht weiter', 'B. Freistoß für den Gegner', 'C. Ball fallen lassen', 'D. Auszeit für Reparaturen']",Das Spiel geht weiter
SBQ,SBQ_Germany.xlsx,Radball (Cycle Ball),"Der Schiedsrichter pfeift eine Auswechslung, aber der Spieler, der das Spielfeld betritt, ist nicht bereit. Was geschieht?",A. Das Spiel wird ohne Auswechslung fortgesetzt B. Warnung für das Team C. Ball fallen lassen D. Freistoß für den Gegner,Warnung für das Team,0,"The question incorrectly states that the referee whistles a substitution, but in football (soccer), the referee does not 'pfeift' (whistle) a substitution — substitutions are signaled by the fourth official and approved by the referee, but not whistled. Furthermore, if the incoming player is not ready, the substitution is not completed, and no warning is automatically given. The correct procedure is that the substitution is delayed or canceled, and a warning (yellow card) is only issued if the delay is deemed unsporting behavior by the team, not as an automatic consequence. The original answer 'Warnung für das Team' is misleading without context. The question is factually inaccurate and misrepresents Law 3 of the IFAB.","Der Schiedsrichter genehmigt einen Wechsel, aber der eingewechselte Spieler betritt das Spielfeld, bevor der ausgewechselte Spieler es verlassen hat. Was geschieht?","['A. Das Spiel wird ohne Wechsel fortgesetzt', 'B. Warnung für das Team', 'C. Ball fallen lassen', 'D. Freistoß für den Gegner']",B. Warnung für das Team
SBQ,SBQ_Germany.xlsx,Radball (Cycle Ball),"Der Ball rollt zur Seitenlinie, wenn ein Zuschauer ihn greift. Was macht der Schiedsrichter?",A. Ball fallen B. Freistoß für das betroffene Team C. Das Spiel geht weiter D. Einwerfen für den Gegner,Ball fallen,0,"The question is factually incorrect. According to FIFA Laws of the Game, if a ball is touched by an external agent (e.g., a spectator) while in play, the referee stops play and restarts with a dropped ball (Ball fallen) at the place where the ball was touched. However, the option 'Ball fallen' is not standard terminology in German football rules; the correct term is 'Fallball' or 'Abwurf'. Also, the phrasing 'Der Ball rollt zur Seitenlinie, wenn ein Zuschauer ihn greift' is misleading — the ball does not necessarily roll to the sideline; it's the spectator's interference that matters. The answer 'Ball fallen' is colloquially understood but not technically correct in official terminology.",Ein Zuschauer greift den Ball während des Spiels. Was macht der Schiedsrichter?,"['A. Fallball', 'B. Freistoß für das betroffene Team', 'C. Das Spiel geht weiter', 'D. Einwerfen für den Gegner']",A. Fallball
SBQ,SBQ_Germany.xlsx,Radball (Cycle Ball),Während eines defensiven Manövers schlägt ein Spieler mit seinem Helm den Ball aus dem Torbereich. Was ist das Urteil?,A. Ziel steht vor B. Freistoß für den Gegner C. Strafstoß D. Ball fallen,Strafstoß,0,"The question is factually incorrect because in association football (soccer), a player cannot legally use their helmet to strike the ball — helmets are not part of standard football equipment, and using any part of the body to deliberately handle the ball (including headgear used as a tool) is a handball offense. Moreover, the scenario describes a defensive maneuver where the ball is struck out of the goal area with the helmet, which would be considered deliberate handball by an illegal means, leading to a penalty kick if inside the penalty area. However, the option 'Strafstoß' (penalty kick) is only correct if the incident occurred inside the penalty area, which is not specified. The question is also logically flawed because football players do not wear helmets; this confuses football with American football or ice hockey. The term 'Ball fallen' is not a valid football term. The options contain non-standard or incorrect terminology.",Während eines defensiven Manövers berührt ein Spieler den Ball absichtlich mit der Hand innerhalb des Strafraums. Was ist das Urteil?,"['A. Spiel geht weiter', 'B. Freistoß für den Gegner', 'C. Strafstoß', 'D. Eckstoß']",C. Strafstoß
SBQ,SBQ_Germany.xlsx,Radball (Cycle Ball),"Ein Tor wird erzielt, aber der Schiedsrichter bemerkt, dass der Teamkollegen des Angreifers im Torbereich war. Was geschieht?",A. Ziel nicht zugelassen B. Ziel steht vor C. Freistoß für den Gegner D. Warnung an den Angreifer,Ziel nicht zugelassen,0,"The question is factually incorrect. According to FIFA Laws of the Game, a goal is not disallowed simply because a teammate of the attacker was in the goal area (penalty area). The only relevant offside rule applies to the attacker's position relative to the second-last opponent and the ball at the moment the ball is played to him. Being in the goal area is not an offense. The correct reason for disallowing a goal would be if the attacker was in an offside position and involved in active play. The provided answer 'Ziel nicht zugelassen' is therefore incorrect based on the scenario described.","Ein Tor wird erzielt, aber der Schiedsrichter bemerkt, dass der Angreifer im abseitsigen Stand war, als der Ball gespielt wurde. Was geschieht?","['Ziel nicht zugelassen', 'Ziel steht vor', 'Freistoß für den Gegner', 'Warnung an den Angreifer']",Ziel nicht zugelassen
SBQ,SBQ_Germany.xlsx,Radball (Cycle Ball),Der Ball schlägt die Querlatte und landet knapp außerhalb der Torlinie. Was ist die Entscheidung?,A. Das Spiel geht weiter B. Ziel C. Ball fallen D. Abstoß,Das Spiel geht weiter,0,"The question describes a scenario where the ball hits the crossbar and lands just outside the goal line. According to FIFA Laws of the Game, if the ball crosses the goal line outside the goalposts (even after hitting the crossbar), it is a goal kick or corner kick depending on which team last touched it — not 'Das Spiel geht weiter'. The provided answer 'Das Spiel geht weiter' is incorrect. Additionally, the options contain non-standard German terms like 'Ziel', 'Ball fallen', and 'Abstoß' — 'Abstoß' is incorrect terminology (should be 'Abstoß' for goal kick, but contextually wrong here); 'Ziel' is not a decision term in football; 'Ball fallen' is grammatically incorrect and not a rule term.",Der Ball schlägt die Querlatte und landet knapp außerhalb der Torlinie hinter dem Tor. Was ist die Entscheidung?,"['A. Das Spiel geht weiter', 'B. Eckstoß', 'C. Torwartstoß', 'D. Abstoß']",C. Torwartstoß
SBQ,SBQ_Germany.xlsx,Radball (Cycle Ball),"Ein Spieler versucht einen Fahrradkick, um einen Schuss zu blockieren, verfehlt und kollidiert mit einem Gegner. Wie lautet der Anruf?",A. Das Spiel geht weiter B. Freistoß für den Gegner C. Warnung an den Verteidiger D. Indirekter Freistoß,Freistoß für den Gegner,0,"The question describes a player attempting a bicycle kick to block a shot, missing, and colliding with an opponent. This is not a foul that results in a direct free kick for the opponent. According to FIFA Laws of the Game, if a player commits a reckless or dangerous challenge (such as a bicycle kick that endangers an opponent), it is an indirect free kick for the opposing team, not a direct free kick. The provided answer 'Freistoß für den Gegner' (direct free kick) is incorrect. The correct call is typically an indirect free kick due to playing in a dangerous manner (Law 12).","Ein Spieler versucht einen Fahrradkick, um einen Schuss zu blockieren, verfehlt und gefährdet dabei einen Gegner. Wie lautet der Anruf?","['A. Das Spiel geht weiter', 'B. Freistoß für den Gegner', 'C. Warnung an den Verteidiger', 'D. Indirekter Freistoß']",D. Indirekter Freistoß
SBQ,SBQ_Germany.xlsx,Radball (Cycle Ball),Ein Verteidiger führt einen Backflip durch und lenkt den Ball in sein eigenes Ziel ab. Was geschieht?,A. Eigentor B. Ball fallen C. Freistoß für den Gegner D. Ziel nicht zugelassen,Eigentor,1,no mistake,no correction needed,no correction needed,Eigentor
SBQ,SBQ_Germany.xlsx,Radball (Cycle Ball),Ein Ersatz tritt ohne Erlaubnis des Schiedsrichters ins Feld ein. Was ist die Entscheidung?,A. Warnung an das Team B. Ball fallen C. Freistoß für den Gegner D. Das Spiel geht weiter,Freistoß für den Gegner,0,"The question is factually incorrect. According to FIFA Laws of the Game (Law 3), if a substitute enters the field of play without the referee's permission, the correct decision is a direct free kick for the opposing team if the substitute interferes with play, or an indirect free kick if they do not. However, the most common and standard response is an indirect free kick, not a direct free kick. The provided answer 'Freistoß für den Gegner' is ambiguous and technically incorrect without specifying 'indirekter Freistoß'. Moreover, option C does not specify the type of free kick, which is critical. The question also lacks context on whether the substitute interfered with play.",Ein Ersatztritt ohne Erlaubnis des Schiedsrichters ins Feld ein und greift in das Spiel ein. Was ist die Entscheidung?,"['A. Warnung an das Team', 'B. Ball fallen', 'C. Direkter Freistoß für den Gegner', 'D. Indirekter Freistoß für den Gegner']",Indirekter Freistoß für den Gegner
SBQ,SBQ_Germany.xlsx,Radball (Cycle Ball),"Der Schiedsrichter lässt den Ball zum Neustart des Spiels fallen, aber er trifft das Fahrrad eines Spielers, bevor er den Boden berührt. Was ist das Urteil?",A. Drop Ball zurückerobert B. Freistoß für den Gegner C. Das Spiel geht weiter D. Indirekter Freistoß,Drop Ball zurückerobert,0,"The scenario described is physically implausible and violates the Laws of the Game. A drop ball is performed by the referee dropping the ball from shoulder height, and it must touch the ground before any player can play it. A bicycle (Fahrrad) cannot be on the field during play, and the ball cannot 'hit a bicycle' before touching the ground in a legitimate game context. This makes the question factually incorrect and nonsensical as a valid MCQ.","Der Schiedsrichter lässt den Ball zum Neustart des Spiels fallen, aber er berührt einen Spieler, bevor er den Boden berührt. Was ist das Urteil?","['Drop Ball zurückerobert', 'Freistoß für den Gegner', 'Das Spiel geht weiter', 'Indirekter Freistoß']",Drop Ball zurückerobert
SBQ,SBQ_Germany.xlsx,Radball (Cycle Ball),Ein Spieler schießt direkt aus der Halbzeit und der Ball tritt in das Tor ein. Was geschieht?,A. Ziel steht vor B. Freistoß für den Gegner C. Indirekter Freistoß D. Ziel nicht zugelassen,Ziel steht vor,0,"The question is factually incorrect. According to FIFA Laws of the Game, a goal cannot be scored directly from the kick-off at the start of the second half if the ball goes directly into the opponent's goal — it is allowed. The correct outcome is that the goal stands. However, the option 'Ziel steht vor' is not standard German terminology in football rules; it appears to be a mistranslation or incorrect phrasing. The correct term is 'Tor gilt' or 'Tor'. Additionally, the option 'Ziel nicht zugelassen' is misleading because the goal IS allowed. The question also uses 'Halbzeit' which is ambiguous — it should specify 'Halbzeitbeginn' (start of the second half).",Ein Spieler schießt direkt nach dem Anpfiff der zweiten Halbzeit und der Ball geht ins Tor. Was geschieht?,"['Tor gilt', 'Freistoß für den Gegner', 'Indirekter Freistoß', 'Tor nicht zugelassen']",Tor gilt
SBQ,SBQ_Germany.xlsx,Radball (Cycle Ball),Der Ball wird im Mittelkreis komplett gestoppt. Was macht der Schiedsrichter?,A. Das Spiel geht weiter B. Ball fallen C. Freistoß für das angreifende Team D. Starten Sie mit einem Einwurf neu,Das Spiel geht weiter,0,"The question is factually incorrect. In football (soccer), if the ball is completely stopped in the center circle, the game does not automatically continue — the referee's action depends on why the ball stopped. If it stopped due to a foul or out-of-bounds, different restarts apply. However, if play was simply paused for a legitimate reason (e.g., injury) and the ball was stationary in the center circle, the game resumes with a dropped ball at the location where it was stopped — not necessarily 'continuing'. The provided answer 'Das Spiel geht weiter' is misleading without context. Also, option B 'Ball fallen' is not standard German football terminology; the correct term is 'Fallball' (dropped ball). The question lacks precision and the options contain non-standard or incorrect terminology.",Der Ball wird im Mittelkreis aufgrund einer Unterbrechung vollständig stehen gelassen. Was macht der Schiedsrichter?,"['A. Das Spiel geht weiter', 'B. Fallball', 'C. Freistoß für das angreifende Team', 'D. Einwurf neu starten']",B. Fallball
SBQ,SBQ_Germany.xlsx,Radball (Cycle Ball),"Ein Angreifer schlägt den Ball und er weidet den Schiedsrichter, bevor er in das Tor eintritt. Wie lautet der Anruf?",A. Ziel steht vor B. Ziel nicht zugelassen C. Ball fallen D. Freistoß für den Gegner,Ziel steht vor,0,"The question contains a factual error: 'er weidet den Schiedsrichter' is nonsensical and not a valid term in football rules. It appears to be a mistranslation or typo. The intended phrase is likely 'er trifft den Schiedsrichter' (he hits the referee), which is a common scenario in football. Without this correction, the question is logically incoherent and cannot be properly evaluated.","Ein Angreifer schlägt den Ball und trifft den Schiedsrichter, bevor er in das Tor eintritt. Wie lautet der Anruf?","['Ziel steht vor', 'Ziel nicht zugelassen', 'Ball fallen', 'Freistoß für den Gegner']",Ziel steht vor
SBQ,SBQ_Germany.xlsx,Radball (Cycle Ball),"Ein Torhüter fängt den Ball zwischen ihren Rädern und weigert sich, ihn freizulassen. Was ist die Entscheidung?",A. Freistoß für den Gegner B. Warnung für den Torhüter C. Ball fallen D. Strafstoß,Freistoß für den Gegner,0,"The question is factually incorrect because a goalkeeper cannot have 'Räder' (wheels); this is a nonsensical description. Goalkeepers use their hands to catch the ball, not wheels. The scenario described violates the basic rules and physics of football, making the question invalid. Additionally, the correct consequence for a goalkeeper holding the ball and refusing to release it is an indirect free kick for the opposing team, but the phrasing 'zwischen ihren Rädern' is absurd and misleading.","Ein Torhüter hält den Ball mit den Händen und weigert sich, ihn freizulassen. Was ist die Entscheidung?","['A. Freistoß für den Gegner', 'B. Warnung für den Torhüter', 'C. Ball fallen', 'D. Strafstoß']",A. Freistoß für den Gegner
SBQ,SBQ_Germany.xlsx,Radball (Cycle Ball),"Ein Spieler versucht, einen Pass zu blockieren, tritt jedoch versehentlich das Rad eines Gegners. Was ist das Urteil?",A. Das Spiel geht weiter B. Freistoß für den Gegner C. Warnung an den Spieler D. Indirekter Freistoß,Freistoß für den Gegner,0,"The question describes a scenario that is not logically possible in football (soccer): a player cannot 'tread on the wheel of an opponent' because football players do not use wheels. This suggests a confusion with another sport (e.g., cycling or wheelchair sports), making the question invalid for a football MCQ. The answer 'Freistoß für den Gegner' is also incorrect in context because no standard football rule applies to a 'wheel' incident.","Ein Spieler versucht, einen Pass zu blockieren, trifft jedoch versehentlich den Gegner mit dem Fuß.","['A. Das Spiel geht weiter', 'B. Freistoß für den Gegner', 'C. Warnung an den Spieler', 'D. Indirekter Freistoß']",B. Freistoß für den Gegner
SBQ,SBQ_Germany.xlsx,Radball (Cycle Ball),Der Ball trifft den Schiedsrichter und lenkt in das Ziel ab. Was entscheidet der Schiedsrichter?,A. Ziel nicht zugelassen B. Ball fallen C. Ziel steht vor D. Freistoß für den Gegner,Ziel nicht zugelassen,0,"The question and answer are factually incorrect according to the official Laws of the Game (IFAB). If the ball hits the referee and goes into the goal, the goal is awarded (unless the referee interfered with play in an illegal manner, which is rare and not implied here). The correct decision is 'Ziel steht' (goal awarded), not 'Ziel nicht zugelassen'. The provided answer is wrong and the question misrepresents the rule.",Der Ball trifft den Schiedsrichter und lenkt in das Ziel ab. Was entscheidet der Schiedsrichter?,"['A. Ziel nicht zugelassen', 'B. Ball fallen', 'C. Ziel steht', 'D. Freistoß für den Gegner']",Ziel steht
SBQ,SBQ_Germany.xlsx,Radball (Cycle Ball),"Ein Verteidiger steht im Torbereich stationär, um Schüsse zu blockieren. Ist das erlaubt?","A. Ja, wenn keine Regeln gebrochen sind B. Nein, es ist ein Foul C. Nur wenn er versehentlich D. Nur während einer Strafe","Ja, wenn keine Regeln gebrochen sind",0,"The question is factually incorrect in the context of standard football (soccer) rules. A defender standing stationary in the goal area to block shots is not only allowed but is a common and essential part of defensive play. However, the phrasing 'im Torbereich' (goal area) is ambiguous — in football, the goal area (Sechszehner) is not the same as the penalty area (Elfmeterbereich), and the question does not specify whether it refers to the goalkeeper's restricted zone or general defensive positioning. Moreover, the correct answer 'Ja, wenn keine Regeln gebrochen sind' is overly vague and does not reflect the actual rule: defenders are permitted anywhere on the field except when committing fouls. The question should be rephrased to clarify the context and avoid misleading ambiguity.","Ein Verteidiger steht im Strafraum stationär, um Schüsse zu blockieren. Ist das erlaubt?","['A. Ja, wenn keine Regeln gebrochen sind', 'B. Nein, es ist ein Foul', 'C. Nur wenn er versehentlich dort steht', 'D. Nur während einer Strafe']","A. Ja, wenn keine Regeln gebrochen sind"
SBQ,SBQ_Germany.xlsx,Radball (Cycle Ball),"Der Ball springt beide Torpfosten ab, bevor er das Feld verlässt. Was ist der Neustart?",A. Ecke Kick B. Abstoß C. Ball fallen D. Einwerfen für den Gegner,Abstoß,0,"The scenario described is impossible under official football (soccer) rules. A ball cannot bounce off both goalposts and then leave the field without first crossing the goal line. If the ball hits both goalposts and remains in play, it has not left the field. If it leaves the field after hitting both posts, it must have crossed the goal line between the posts (goal) or outside the posts (goal kick or corner kick). The described sequence violates the laws of the game, making the question logically flawed.",Der Ball trifft beide Torpfosten und verlässt das Feld zwischen den Pfosten. Was ist der Neustart?,"['A. Ecke Kick', 'B. Abstoß', 'C. Ball fallen', 'D. Einwerfen für den Gegner']",Abstoß
SBQ,SBQ_Germany.xlsx,Radball (Cycle Ball),Ein Spieler dribbelt den Ball mit einem Rad über den Platz. Ist das legal?,"A. Ja, wenn richtig kontrolliert B. Nein, es ist ein Foul C. Nur im Defensivbereich D. Nur wenn nicht umstritten","Ja, wenn richtig kontrolliert",0,"The question is factually incorrect because in basketball (or any standard sport), a player cannot dribble a ball with a 'Rad' (wheel). This is nonsensical and not a valid scenario in sports rules. The concept of dribbling with a wheel does not exist, making the entire question logically flawed and misleading.",Ein Spieler dribbelt den Ball mit der Hand über den Platz. Ist das legal?,"['A. Ja, wenn richtig kontrolliert', 'B. Nein, es ist ein Foul', 'C. Nur im Defensivbereich', 'D. Nur wenn nicht umstritten']","A. Ja, wenn richtig kontrolliert"
SBQ,SBQ_Germany.xlsx,Radball (Cycle Ball),"Der Schiedsrichter bemerkt, dass ein Spieler absichtlich den Ball entleert. Was ist die Entscheidung?",A. Warnung an den Spieler B. Freistoß für den Gegner C. Ball fallen D. Sofortiger Auswurf,Sofortiger Auswurf,0,"The question contains a factual error: in football (soccer), a player cannot 'entleert' (empty) the ball — this is not a recognized action. The term likely intends to refer to 'absichtlich den Ball mit der Hand berührt' (intentionally handling the ball) or 'den Ball absichtlich aus dem Spiel nimmt' (deliberately removing the ball from play), but 'entleert' is incorrect and nonsensical in this context. The answer 'Sofortiger Auswurf' (immediate throw-out) is also not a standard football sanction; throw-ins are for ball leaving the touchline, not for handball. The correct sanction for deliberate handball is a direct free kick or penalty, and possibly a yellow card.","Der Schiedsrichter bemerkt, dass ein Spieler absichtlich mit der Hand den Ball berührt. Was ist die Entscheidung?","['A. Warnung an den Spieler', 'B. Freistoß für den Gegner', 'C. Ball fallen', 'D. Sofortiger Auswurf']",B. Freistoß für den Gegner
SBQ,SBQ_Germany.xlsx,Radball (Cycle Ball),"Ein Angreifer füllt einen Schuss und führte dazu, dass der Torhüter die Position herausgreift. Ist das legal?","A. Ja, es ist eine gültige Strategie B. Nein, es ist unsportlich C. Nur während Strafen D. Nur wenn kein Kontakt auftritt","Ja, es ist eine gültige Strategie",0,"The question contains a factual error: in football (soccer), an attacker cannot 'fill a shot' (füllt einen Schuss) — this phrase is nonsensical in German and football terminology. Additionally, 'den Torhüter die Position herausgreift' is grammatically incorrect and unclear. The intended meaning seems to be that the attacker's shot or feint causes the goalkeeper to commit to a position, which is legal. The phrasing must be corrected to reflect standard football terminology.","Ein Angreifer täuscht mit einem Schuss und zwingt den Torhüter, die Position zu verlassen. Ist das legal?","['A. Ja, es ist eine gültige Strategie', 'B. Nein, es ist unsportlich', 'C. Nur während Strafen', 'D. Nur wenn kein Kontakt auftritt']","A. Ja, es ist eine gültige Strategie"
SBQ,SBQ_Germany.xlsx,Klootschießen,"Sie nähern sich einem großen Baum und Ihr Ball rollt darauf zu. Was tun Sie, um einen Schlag zu vermeiden?","A. Zielen Sie auf die rechte Seite des Baumes B. Wirf härter, um ihm auszuweichen C. Zielen Sie auf die linke Seite des Baumes D. Benutze einen Seitenwurf, um ihn zu umgehen","Benutze einen Seitenwurf, um ihn zu umgehen",0,"The question is factually incorrect because in golf (the implied sport), you cannot use a 'Seitenwurf' (side throw) to avoid a tree — throws are not part of golf rules. The correct action is to choose a direction to play around the tree, typically by aiming left or right. The provided answer 'Benutze einen Seitenwurf, um ihn zu umgehen' is invalid in the context of golf. The question also lacks context (e.g., it doesn't specify the sport).","Sie nähern sich einem großen Baum und Ihr Ball rollt darauf zu. Was tun Sie, um den Ball sicher um den Baum herumzuspielen?","['A. Zielen Sie auf die rechte Seite des Baumes', 'B. Schlagen Sie härter, um über den Baum zu kommen', 'C. Zielen Sie auf die linke Seite des Baumes', 'D. Benutzen Sie einen Seitenwurf, um ihn zu umgehen']",A. Zielen Sie auf die rechte Seite des Baumes
SBQ,SBQ_Germany.xlsx,Klootschießen,"Das Gelände ist uneben mit vielen kleinen Steinen. Wie verhindern Sie, dass Ihr Ball zu stark springt?","A. Mit hohem Bogen werfen B. Wirf härter, um Steine ​​zu überspringen C. Verwenden Sie einen sanften Wurf, um die Kontrolle zu behalten D. Zielen Sie auf die Seite, um Steinen auszuweichen","Verwenden Sie einen sanften Wurf, um die Kontrolle zu behalten",0,"The question is about preventing a ball from bouncing too much on uneven ground with stones, which implies a ball-throwing context (e.g., in a sport like bocce, petanque, or similar). However, the options use 'werfen' (throw), which is ambiguous — in many ball sports on uneven terrain, the goal is to roll, not throw, the ball to control bounce. The correct answer ('sanften Wurf') still implies throwing, which is inconsistent with standard practice in such sports. The question should specify rolling the ball to make the context accurate and the answer logically sound.","Das Gelände ist uneben mit vielen kleinen Steinen. Wie verhindern Sie, dass Ihr Ball zu stark springt, wenn Sie ihn rollen?","['A. Mit hohem Bogen rollen', 'B. Rolle härter, um Steine zu überspringen', 'C. Verwenden Sie einen sanften Roll, um die Kontrolle zu behalten', 'D. Zielen Sie auf die Seite, um Steinen auszuweichen']","C. Verwenden Sie einen sanften Roll, um die Kontrolle zu behalten"
SBQ,SBQ_Germany.xlsx,Klootschießen,Der Boden ist weich und schlammig und Ihr Ball sinkt. Wie stellen Sie sich ein?,"A. Wirf härter, um durchzukommen B. Benutze einen Seitenwurf, um es zu beseitigen C. Mit hohem Bogen werfen D. Machen Sie langsamer, um ein Absinken zu verhindern","Machen Sie langsamer, um ein Absinken zu verhindern",0,"The question is about a ball sinking in soft, muddy ground, which implies a golf or similar sport scenario, but the answer 'Machen Sie langsamer, um ein Absinken zu verhindern' (Slow down to prevent sinking) is illogical — slowing down the swing does not prevent a ball from sinking in mud. The correct action in such a scenario (e.g., in golf) is to use a higher trajectory shot to avoid the mud, i.e., 'Mit hohem Bogen werfen'. The provided correct answer is factually wrong. Also, the question uses 'Ihr Ball sinkt' (your ball sinks), but the options use 'Wirf', 'Benutze', 'Machen' — inconsistent pronouns and verb forms. The question lacks clarity on the sport context.","Der Boden ist weich und schlammig, und Ihr Ball könnte einsinken. Wie sollten Sie Ihren Schlag ausführen?","['A. Werfen Sie härter, um durchzukommen', 'B. Benutzen Sie einen Seitenwurf, um es zu beseitigen', 'C. Werfen Sie mit hohem Bogen', 'D. Machen Sie Ihren Schwung langsamer, um ein Absinken zu verhindern']",C. Werfen Sie mit hohem Bogen
SBQ,SBQ_Germany.xlsx,Klootschießen,Es kommt ein Hügel hinauf und Ihr Ball verliert an Geschwindigkeit. Wie hält man den Schwung aufrecht?,"A. Wirf härter, um ihn zu erklimmen B. Wirf schneller, um Geschwindigkeitsverluste zu vermeiden C. Zielen Sie auf die Seite, um den Widerstand zu verringern D. Verwenden Sie einen Seitenschuss, um die Kontrolle zu behalten","Wirf härter, um ihn zu erklimmen",0,"The question is in German and refers to a hill and ball speed, but the context is unclear and not grounded in any standard sport. The phrasing 'Es kommt ein Hügel hinauf und Ihr Ball verliert an Geschwindigkeit' suggests the ball is moving up a hill, which is physically correct, but the options incorrectly frame the solution as 'werfen' (throwing), which implies an action like in baseball or cricket, not something that naturally applies to a ball rolling uphill (e.g., golf, soccer, or bowling). The correct answer 'Wirf härter, um ihn zu erklimmen' is physically misleading — throwing harder doesn't solve rolling resistance on a hill; maintaining momentum or adjusting angle does. The question lacks a clear sport context, making it logically invalid as a sports MCQ.","Ein Ball rollt einen Hügel hinauf und verliert dabei an Geschwindigkeit. Wie kann man den Ball dazu bringen, den Hügel zu erklimmen?","['A. Mehr Kraft aufwenden, um die Geschwindigkeit zu erhöhen', 'B. Den Ball schneller werfen, um Geschwindigkeitsverluste zu vermeiden', 'C. Die Richtung seitlich verändern, um den Widerstand zu verringern', 'D. Einen Seitenschuss verwenden, um die Kontrolle zu behalten']","A. Mehr Kraft aufwenden, um die Geschwindigkeit zu erhöhen"
SBQ,SBQ_Germany.xlsx,Klootschießen,"Ihr Ball kommt vom Kurs ab und bewegt sich auf einen Graben zu. Was tun Sie, um es zu vermeiden?","A. Zielen Sie auf die Mitte, um es zurückzulenken B. Wirf härter, um seinen Weg zu korrigieren C. Verwenden Sie einen Seitenschuss, um dem Graben auszuweichen D. Lassen Sie es los und passen Sie es später an","Verwenden Sie einen Seitenschuss, um dem Graben auszuweichen",0,"The question is about a ball going off-course toward a ditch, but the context is unclear — it does not specify the sport. 'Seitenschuss' (side shot) is a term typically used in soccer/football, but the scenario of a ball going into a ditch is more typical in golf or tennis. The answer 'Verwenden Sie einen Seitenschuss, um dem Graben auszuweichen' is inconsistent with the implied sport. In golf, you wouldn't use a 'Seitenschuss' to avoid a ditch; you'd adjust your aim or club. In soccer, a ball going into a ditch is not a standard scenario. The question lacks sport-specific context, making it logically flawed.","Ihr Ball rollt auf dem Golfplatz vom Fairway ab und bewegt sich auf einen Graben zu. Was tun Sie, um es zu vermeiden?","['A. Zielen Sie auf die Mitte, um es zurückzulenken', 'B. Schlagen Sie härter, um seinen Weg zu korrigieren', 'C. Verwenden Sie einen Seitenschuss, um dem Graben auszuweichen', 'D. Lassen Sie es los und passen Sie es später an']","A. Zielen Sie auf die Mitte, um es zurückzulenken"
SBQ,SBQ_Germany.xlsx,Klootschießen,"Die Strecke ist schmal und man braucht Präzision. Wie passen Sie Ihren Wurf an, um auf dem Weg zu bleiben?","A. Werfen Sie präzise und zielen Sie sorgfältig B. Wirf schneller, um durchzudringen C. Achten Sie darauf, dass die Kanten innen bleiben D. Verwenden Sie einen Seitenschuss, um es durchzuführen",Werfen Sie präzise und zielen Sie sorgfältig,1,no mistake,no correction needed,no correction needed,Werfen Sie präzise und zielen Sie sorgfältig
SBQ,SBQ_Germany.xlsx,Klootschießen,Sie nähern sich einem felsigen Gebiet und Ihr Ball könnte einen großen Stein treffen. Wie gehen Sie damit um?,"A. Werfen Sie langsamer, um den Aufprall zu vermeiden B. Wirf mit maximaler Kraft, um durchzubrechen C. Verwenden Sie einen Seitenschuss, um herumzugehen D. Ziel ist es, den Stein zu treffen, um die Richtung zu ändern","Verwenden Sie einen Seitenschuss, um herumzugehen",0,"The question is about approaching a rocky area where the ball might hit a large stone, but it is phrased in a way that suggests a ball-throwing context (e.g., 'werfen', 'wirf'), which is inconsistent with typical sports where stones are obstacles — such as in curling, golf, or bowling. In curling, for example, stones are the playing pieces, not obstacles. In golf or bowling, hitting a rock is not a standard scenario, and the suggested answer ('Seitenschuss') implies a soccer or team sport context, which is illogical for rocky terrain. The question mixes incompatible sports contexts and lacks realism. The correct answer option 'Verwenden Sie einen Seitenschuss, um herumzugehen' is not a standard or logical response to a rock obstacle in any recognized sport.","Sie nähern sich einem felsigen Gebiet und Ihr Ball könnte einen großen Stein treffen. Wie verhalten Sie sich im Spiel, um den Ball sicher um das Hindernis zu leiten?","['A. Werfen Sie langsamer, um den Aufprall zu vermeiden', 'B. Werfen Sie mit maximaler Kraft, um durchzubrechen', 'C. Spielen Sie einen Seitenschuss, um den Ball um den Stein herumzuleiten', 'D. Zielen Sie bewusst auf den Stein, um die Richtung zu ändern']","C. Spielen Sie einen Seitenschuss, um den Ball um den Stein herumzuleiten"
SBQ,SBQ_Germany.xlsx,Klootschießen,"Die Strecke vor Ihnen ist windig und Ihr Ball wird vom Wind beeinflusst. Was tun Sie, um Ihren Wurf zu kontrollieren?","A. Passen Sie Ihr Ziel an, um den Wind auszugleichen B. Wirf härter, um den Wind zu bekämpfen C. Zielen Sie auf die Seiten, um Seitenwind zu vermeiden D. Machen Sie langsamer, damit sich der Wind stabilisiert","Passen Sie Ihr Ziel an, um den Wind auszugleichen",1,no mistake,no correction needed,no correction needed,"Passen Sie Ihr Ziel an, um den Wind auszugleichen"
SBQ,SBQ_Germany.xlsx,Klootschießen,"Ihr Ball rollt auf einen Sandfleck zu. Was ist Ihr bester Ansatz, um Geschwindigkeitsverluste zu vermeiden?","A. Wirf härter, um es zu durchdringen B. Machen Sie es langsamer, um die Kontrolle zu behalten C. Gleiten Sie mit einem Seitenschuss über den Sand D. Hoch werfen, um nicht zu sinken",Gleiten Sie mit einem Seitenschuss über den Sand,0,"The question is about a ball rolling toward a sand patch, but the correct answer suggests a 'Seitenschuss' (side shot), which is a technique used in soccer to strike the ball with the side of the foot — not applicable to a rolling ball on sand in a general context. The scenario lacks clarity: is this golf, soccer, or another sport? The term 'Seitenschuss' is inconsistent with the action of a rolling ball; it implies an active kick, not a passive roll. The question and answer do not align logically with any standard sport context.","Ihr Ball rollt auf einen Sandfleck zu. Was ist Ihr bester Ansatz, um Geschwindigkeitsverluste zu vermeiden, wenn Sie golfen?","['A. Schlagen Sie härter, um es zu durchdringen', 'B. Machen Sie es langsamer, um die Kontrolle zu behalten', 'C. Spielen Sie einen Sandschlag mit offener Schlägerface über den Sand', 'D. Werfen Sie den Ball hoch, um nicht zu sinken']",C. Spielen Sie einen Sandschlag mit offener Schlägerface über den Sand
SBQ,SBQ_Germany.xlsx,Klootschießen,"Ihr Ball befindet sich in der Nähe eines steilen Abhangs und Sie müssen verhindern, dass er zu weit rollt. Was machst du?","A. Werfen Sie weicher, um es zu verlangsamen B. Wirf härter, um der Schwerkraft entgegenzuwirken C. Verwenden Sie einen Seitenschuss, um ihn zu führen D. Lassen Sie es rollen und passen Sie es später an","Werfen Sie weicher, um es zu verlangsamen",0,"The question is about a ball near a steep slope and preventing it from rolling too far, but the context is ambiguous — it does not specify the sport. The correct answer 'Werfen Sie weicher, um es zu verlangsamen' (Throw softer to slow it down) implies an action of throwing, which is not universally applicable (e.g., in golf or soccer, you don't 'throw' the ball). The options are inconsistent with typical sports actions. The question needs to specify the sport and use appropriate terminology.","Ihr Ball liegt nahe einem steilen Abhang und Sie möchten verhindern, dass er zu weit rollt. Was tun Sie?","['A. Spielen Sie vorsichtiger, um die Rollweite zu reduzieren', 'B. Schlagen Sie härter, um der Schwerkraft entgegenzuwirken', 'C. Spielen Sie einen Seitenschlag, um ihn zu lenken', 'D. Lassen Sie ihn rollen und passen Sie später an']","A. Spielen Sie vorsichtiger, um die Rollweite zu reduzieren"
SBQ,SBQ_Germany.xlsx,Klootschießen,"Sie sind dabei, auf eine nasse Oberfläche zu werfen. Wie stellen Sie sicher, dass Sie nicht ausrutschen oder die Kontrolle verlieren?","A. Wirf härter, um die Geschwindigkeit beizubehalten B. Langsamer werfen, um ein Abrutschen zu verhindern C. Verwenden Sie einen höheren Lichtbogen, um ein Abrutschen zu vermeiden D. Verwenden Sie einen Seitenwurf zur Stabilisierung","Langsamer werfen, um ein Abrutschen zu verhindern",0,"The question is about throwing on a wet surface and avoiding slips, but it lacks context — it does not specify the sport or activity (e.g., curling, shot put, or stone throwing). Without this, the question is ambiguous and not logically valid as a sports MCQ. The answer 'Langsamer werfen, um ein Abrutschen zu verhindern' is plausible but not clearly tied to a recognized sports technique.","Sie sind beim Curling und werfen einen Stein auf eine nasse Eisfläche. Wie stellen Sie sicher, dass Sie nicht ausrutschen oder die Kontrolle verlieren?","['A. Werfen Sie härter, um die Geschwindigkeit beizubehalten', 'B. Werfen Sie langsamer, um ein Abrutschen zu verhindern', 'C. Verwenden Sie einen höheren Bogen, um ein Abrutschen zu vermeiden', 'D. Verwenden Sie einen Seitenwurf zur Stabilisierung']","B. Werfen Sie langsamer, um ein Abrutschen zu verhindern"
SBQ,SBQ_Germany.xlsx,Klootschießen,"Ihr Ball steuert auf eine scharfe Kurve zu. Was ist Ihre Strategie, um die Wende reibungslos zu gestalten?","A. Wirf mit einem hohen Bogen, um es zu beseitigen B. Verwenden Sie einen Seitenschuss, um ihn zu umgehen C. Wirf härter, um durchzudringen D. Fahren Sie langsamer, um durch die Kurve zu navigieren","Verwenden Sie einen Seitenschuss, um ihn zu umgehen",0,"The question refers to 'Ihr Ball' (your ball) and 'Wende' (turn), which suggests a ball in motion, but the options include 'Wirf' (throw) and 'Seitenschuss' (side shot), which are inconsistent with typical ball-handling in sports like soccer or tennis. 'Seitenschuss' is a soccer term for a shot from the side, not a maneuver to navigate a curve. The scenario is ambiguous and lacks a clear sport context. The correct answer option is also not logically aligned with the question's phrasing.","Ihr Ball rollt auf eine scharfe Kurve zu. Was ist Ihre Strategie, um die Kurve reibungslos zu nehmen?","['A. Werfen Sie mit einem hohen Bogen, um ihn zu beseitigen', 'B. Führen Sie einen Seitenschuss aus, um ihn zu umgehen', 'C. Spielen Sie härter, um durchzudringen', 'D. Verlangsamen Sie die Geschwindigkeit, um die Kurve zu nehmen']","D. Verlangsamen Sie die Geschwindigkeit, um die Kurve zu nehmen"
SBQ,SBQ_Germany.xlsx,Klootschießen,"Sie befinden sich auf einer langen Strecke und Ihr Ball wird langsamer. Wie schaffst du es, stark zu werden?","A. Wirf schneller, um schneller zu werden B. Werfen Sie mit Präzision, um einen reibungslosen Abschluss zu erzielen C. Ziel ist es, dass die Mitte den Schwung beibehält D. Machen Sie es langsamer, um Energie zu sparen","Wirf schneller, um schneller zu werden",0,"The question is in German and refers to a sports context, but it is unclear and logically flawed. 'Sie befinden sich auf einer langen Strecke und Ihr Ball wird langsamer' suggests a ball slowing down over a long distance, which could apply to sports like baseball, cricket, or golf — but the answer option 'Wirf schneller, um schneller zu werden' (Throw faster to become faster) is nonsensical: throwing faster doesn't make the ball faster after it's already in motion, and 'stark zu werden' (become strong) is unrelated to ball speed. The question confuses speed with strength and lacks a coherent sports physics basis.",Sie befinden sich auf einer langen Strecke und Ihr Ball verliert an Geschwindigkeit. Wie können Sie die Geschwindigkeit Ihres Balls wiederherstellen?,"['A. Wirf schneller, um die Geschwindigkeit zu erhöhen', 'B. Werfen Sie mit mehr Präzision, um einen reibungslosen Abschluss zu erzielen', 'C. Halten Sie die Mitte stabil, um den Schwung beizubehalten', 'D. Machen Sie die Bewegung langsamer, um Energie zu sparen']","A. Wirf schneller, um die Geschwindigkeit zu erhöhen"
SBQ,SBQ_Germany.xlsx,Klootschießen,Der Ball Ihres Gegners befindet sich in Ihrer Nähe und Sie müssen eine Behinderung vermeiden. Was machst du?,"A. Zielen Sie auf einen Seitenschuss, um Störungen zu vermeiden B. Wirf härter, um den Weg freizumachen C. Lassen Sie es passieren und passen Sie es an D. Zielen Sie darauf, dass das Zentrum ausmanövriert wird","Zielen Sie auf einen Seitenschuss, um Störungen zu vermeiden",0,"The question is ambiguous and lacks context — it does not specify the sport, making it impossible to determine if the actions described are valid or meaningful. 'Behinderung vermeiden' (avoid obstruction) is vague without knowing the rules of the sport. Additionally, option D ('Zentrum ausmanövriert wird') is grammatically incorrect and unclear in context. The correct answer option A is plausible in some sports like handball or soccer, but the question needs clarification to be a valid MCQ.","Der Ball Ihres Gegners befindet sich in Ihrer Nähe im Handballspiel, und Sie müssen eine Behinderung vermeiden. Was tun Sie?","['A. Zielen Sie auf einen Seitenschuss, um Störungen zu vermeiden', 'B. Werfen Sie härter, um den Weg freizumachen', 'C. Lassen Sie es passieren und passen Sie es an', 'D. Versuchen Sie, das Zentrum auszumanövrieren']","A. Zielen Sie auf einen Seitenschuss, um Störungen zu vermeiden"
SBQ,SBQ_Germany.xlsx,Klootschießen,Sie nähern sich dem Ende der Strecke und die Strecke ist steinig. Wie meistern Sie das unwegsame Gelände?,"A. Wirf härter, um durch die Felsen zu dringen B. Verwenden Sie einen Seitenschuss, um den Weg zu glätten C. Machen Sie es langsamer, um die Kontrolle zu behalten D. Werfen Sie mit Präzision, um ein Abprallen zu vermeiden","Verwenden Sie einen Seitenschuss, um den Weg zu glätten",0,"The question and answer are factually incorrect and logically incoherent. The scenario describes a rocky terrain and asks how to navigate it, but the options refer to throwing or shooting actions (e.g., 'Seitenschuss', 'werfen'), which are unrelated to traversing rocky ground. There is no known sport where 'glätten des Weges mit einem Seitenschuss' is a valid technique for rocky terrain. The correct answer provided ('Verwenden Sie einen Seitenschuss, um den Weg zu glätten') is nonsensical in context.",Sie nähern sich dem Ende der Strecke und die Strecke ist steinig. Wie meistern Sie das unwegsame Gelände beim Curling?,"['A. Werfen Sie härter, um durch die Felsen zu dringen', 'B. Verwenden Sie einen Seitenschuss, um den Stein abzulenken', 'C. Machen Sie es langsamer, um die Kontrolle zu behalten', 'D. Werfen Sie mit Präzision, um ein Abprallen zu vermeiden']","C. Machen Sie es langsamer, um die Kontrolle zu behalten"
SBQ,SBQ_Germany.xlsx,Klootschießen,"Der Boden ist fest, aber die Strecke ist kurvig. Wie verhindert man, dass der Ball vom Kurs abkommt?","A. Werfen Sie mit Präzision, um auf dem richtigen Weg zu bleiben B. Wirf schneller, um die Kontrolle zu behalten C. Verwenden Sie einen Seitenschuss zum Lenken D. Machen Sie langsamer, um die Richtung beizubehalten","Werfen Sie mit Präzision, um auf dem richtigen Weg zu bleiben",0,"The question is about preventing a ball from going off course on a curved, firm ground, but the options refer to 'werfen' (throwing), which is inconsistent with typical ball sports on curved courses (e.g., curling, golf, or bowling). Throwing is not the standard action for controlling a ball on a curved ground in most sports. The context implies a rolling or sliding ball, not a thrown one. The answer choice assumes throwing, which misaligns with the physical reality of the scenario.","Der Boden ist fest, aber die Strecke ist kurvig. Wie verhindert man, dass der Ball vom Kurs abkommt, wenn er rollt?","['A. Werfen Sie mit Präzision, um auf dem richtigen Weg zu bleiben', 'B. Rollen Sie schneller, um die Kontrolle zu behalten', 'C. Verwenden Sie einen Seitenschuss zum Lenken', 'D. Machen Sie langsamer, um die Richtung beizubehalten']","D. Machen Sie langsamer, um die Richtung beizubehalten"
SBQ,SBQ_Germany.xlsx,Klootschießen,"Ihr Ball ist dabei, auf eine Unebenheit im Weg zu treffen. Wie gehen Sie damit um?","A. Wirf mit maximaler Kraft, um es zu beseitigen B. Benutzen Sie einen Seitenschuss, um darüber zu gleiten C. Machen Sie langsamer, um den Stoß aufzufangen D. Hoch werfen, um Kontakt zu vermeiden","Benutzen Sie einen Seitenschuss, um darüber zu gleiten",0,"The question refers to 'Ihr Ball' (your ball) and an 'Unebenheit im Weg' (irregularity on the way), but it does not specify the sport. The correct answer 'Benutzen Sie einen Seitenschuss, um darüber zu gleiten' (Use a side shot to glide over it) implies a ball sport with precise shot control, such as curling or bocce, but this is not stated. Without context, the question is ambiguous and not logically complete as a standalone MCQ. Additionally, 'Seitenschuss' is more typical in soccer or hockey, not in sports where one would intentionally glide over an uneven surface — making the answer contextually mismatched.","Ihr Stein ist dabei, auf eine Unebenheit auf der Bahn im Curling zu treffen. Wie gehen Sie damit um?","['Wirf mit maximaler Kraft, um es zu beseitigen', 'Benutzen Sie einen Seitenschuss, um darüber zu gleiten', 'Machen Sie langsamer, um den Stoß aufzufangen', 'Hoch werfen, um Kontakt zu vermeiden']","Benutzen Sie einen Seitenschuss, um darüber zu gleiten"
SBQ,SBQ_Germany.xlsx,Klootschießen,Das Gelände ist uneben und Ihr Ball verliert die Kontrolle. Wie erlangt man es wieder zurück?,"A. Wirf schneller, um es gerade zu halten B. Verwenden Sie einen Seitenwurf, um den Weg anzupassen C. Wirf mit Präzision, um es zu kontrollieren D. Machen Sie langsamer und zielen Sie vorsichtig","Verwenden Sie einen Seitenwurf, um den Weg anzupassen",0,"The question is about a ball losing control on uneven terrain, but it does not specify the sport or context (e.g., discus, frisbee, cricket ball, etc.). The term 'werfen' (throw) and 'Seitenwurf' (side throw) imply a throwing sport, yet none of the options logically fit a typical ball sport scenario. In most ball sports, you don't 'throw' a ball to regain control on uneven ground—you adjust your stance, stop, or retrieve. The correct answer 'Verwenden Sie einen Seitenwurf' is not a standard or logical response to losing control on uneven terrain. The question is factually misleading and lacks context.",Das Gelände ist uneben und Ihr Ball rollt unkontrolliert. Wie können Sie ihn wieder unter Kontrolle bringen?,"['A. Werfen Sie ihn schneller, um ihn gerade zu halten', 'B. Verwenden Sie einen Seitenwurf, um die Richtung zu ändern', 'C. Werfen Sie mit Präzision, um ihn zu kontrollieren', 'D. Gehen Sie langsamer und versuchen Sie, den Ball mit den Händen abzufangen']","D. Gehen Sie langsamer und versuchen Sie, den Ball mit den Händen abzufangen"
SBQ,SBQ_Germany.xlsx,Klootschießen,Sie nähern sich einer Kurve und die Strecke ist eng. Wie gehst du mit der Wende um?,"A. Verwenden Sie eine seitliche Aufnahme, um reibungslos zu navigieren B. Wirf härter, um die Ecke zu meistern C. Fahren Sie langsamer, um sicher abzubiegen D. Achten Sie darauf, dass die Kanten in der Spur bleiben","Verwenden Sie eine seitliche Aufnahme, um reibungslos zu navigieren",0,"The question and answer are factually incorrect and logically inconsistent. The scenario describes a curve and narrow track, which suggests a driving or racing context, but the correct answer mentions 'seitliche Aufnahme' (lateral capture), a term not used in driving or motorsports. This appears to be a mistranslation or misapplication of a term from another context (possibly rowing or sailing). The most logical and correct response in a driving context would be to slow down to safely navigate the turn. Additionally, option C is correct in real-world driving logic, but the provided 'correct answer' is wrong.",Sie nähern sich einer Kurve und die Strecke ist eng. Wie verhalten Sie sich richtig?,"['A. Verwenden Sie eine seitliche Aufnahme, um reibungslos zu navigieren', 'B. Fahren Sie schneller, um die Ecke zu meistern', 'C. Fahren Sie langsamer, um sicher abzubiegen', 'D. Achten Sie darauf, dass die Kanten in der Spur bleiben']","C. Fahren Sie langsamer, um sicher abzubiegen"
SBQ,SBQ_Germany.xlsx,Klootschießen,Das Wetter ist kalt und Ihr Ball rollt langsamer als gewöhnlich. Wie kompensiert man das?,"A. Wirf härter, um den Schwung beizubehalten B. Zum Ausgleich mit einem höheren Bogen werfen C. Zielen Sie auf die Mitte, um die Geschwindigkeit beizubehalten D. Weicher werfen, um ein Rutschen zu verhindern","Wirf härter, um den Schwung beizubehalten",0,"The question is about weather affecting ball roll speed, but the context is unclear — it appears to reference a sport (likely curling or bowling) but does not specify it. The correct answer 'Wirf härter, um den Schwung beizubehalten' (Throw harder to maintain momentum) is logically inconsistent with a rolling ball; throwing is not how you compensate for a slow roll in rolling sports. In curling, for example, you would sweep more or deliver with more weight, not 'throw harder'. The options mix concepts (throwing vs. rolling) and lack sport-specific accuracy.",Das Wetter ist kalt und Ihr Ball rollt langsamer als gewöhnlich. Wie kompensiert man das in einem Rollsport wie Curling?,"['A. Übe mehr Druck aus, um die Geschwindigkeit zu erhöhen', 'B. Verwende einen höheren Wurf, um die Reibung zu überwinden', 'C. Ziele auf die Mitte, um die Geschwindigkeit beizubehalten', 'D. Werfe weicher, um ein Rutschen zu verhindern']","A. Übe mehr Druck aus, um die Geschwindigkeit zu erhöhen"
SBQ,SBQ_Germany.xlsx,Klootschießen,"Sie haben es mit einer holprigen Strecke mit viel Kies zu tun. Was ist Ihre beste Strategie, um die Kontrolle zu behalten?","A. Werfen Sie langsamer, um ein Abprallen zu verhindern B. Verwenden Sie einen Seitenschuss, um den Weg zu glätten C. Wirf härter, um es zu durchdringen D. Ziel ist es, dass das Zentrum auf Kurs bleibt","Verwenden Sie einen Seitenschuss, um den Weg zu glätten",0,"The question and answer are factually incorrect and illogical. The scenario describes a rough, gravelly surface, but the options refer to 'werfen' (throwing) and 'Seitenschuss' (side shot), which are terms from sports like curling or bowling, not appropriate for general control on a gravel path. Moreover, 'einen Seitenschuss verwenden, um den Weg zu glätten' (use a side shot to smooth the path) is physically nonsensical — a side shot cannot smooth a gravel surface. The question lacks context and does not represent a valid real-world sports or physical strategy scenario.","Sie spielen Curling auf einer holprigen Strecke mit viel Kies. Was ist Ihre beste Strategie, um die Steinkontrolle zu behalten?","['A. Werfen Sie langsamer, um ein Abprallen zu verhindern', 'B. Verwenden Sie einen Seitenschuss, um die Bahn zu glätten', 'C. Werfen Sie härter, um den Stein durch den Kies zu treiben', 'D. Ziel ist es, dass der Stein das Zentrum der Bahn bleibt']","A. Werfen Sie langsamer, um ein Abprallen zu verhindern"
SBQ,SBQ_Germany.xlsx,Klootschießen,"Ihr Ball steuert auf eine tiefe Pfütze zu. Was tun Sie, um es zu vermeiden?","A. Wirf mit mehr Kraft, um es zu beseitigen B. Benutze einen Seitenwurf, um daran vorbei zu gleiten C. Machen Sie langsamer und zielen Sie vorsichtig D. Lassen Sie den Ball in die Pfütze fallen","Benutze einen Seitenwurf, um daran vorbei zu gleiten",0,"The question is about a ball moving toward a deep puddle, but the context is unclear — it does not specify the sport. The correct answer suggests a 'side throw' (Seitenwurf), which implies a throwing motion, but the question uses 'Ihr Ball steuert auf...' (Your ball is moving toward...), which suggests the ball is already in motion (e.g., rolling or flying), not being thrown by the player. This creates a logical inconsistency: you cannot perform a 'side throw' to avoid a puddle if the ball is already in flight. The scenario needs to be rephrased to match the action in the correct answer.","Ihr Ball liegt neben einer tiefen Pfütze. Was tun Sie, um ihn sicher daran vorbeizubringen?","['A. Werfen Sie mit mehr Kraft, um ihn zu überspringen', 'B. Benutzen Sie einen Seitenwurf, um ihn daran vorbeizugleiten', 'C. Rollen Sie den Ball langsamer und zielen Sie vorsichtig', 'D. Lassen Sie den Ball in die Pfütze fallen']","Benutzen Sie einen Seitenwurf, um ihn daran vorbeizugleiten"
SBQ,SBQ_Germany.xlsx,Klootschießen,Das Gelände ist leicht geneigt und Ihr Ball dreht zur Seite. Wie korrigiert man es?,"A. Verwenden Sie einen Seitenschuss, um es zurückzulenken B. Wirf härter, um durchzudringen C. Machen Sie langsamer, um die Kontrolle wiederzugewinnen D. Zielen Sie darauf, dass die Gegenseite korrigiert","Verwenden Sie einen Seitenschuss, um es zurückzulenken",0,"The question is about a ball curving due to a sloped terrain, which is not typical in most sports contexts. The phrasing 'Das Gelände ist leicht geneigt' (the terrain is slightly sloped) and the suggested correction 'Seitenschuss' (side shot) imply a soccer context, but a side shot does not correct for terrain slope — it causes curvature. The correct adjustment for a sloped surface would be to aim uphill or adjust stance, not to use a side shot. The provided answer is logically inconsistent with the question. Option D is grammatically broken ('Zielen Sie darauf, dass die Gegenseite korrigiert').",Das Gelände ist leicht geneigt und Ihr Ball rollt zur Seite. Wie korrigiert man es?,"['A. Verwenden Sie einen Seitenschuss, um es zurückzulenken', 'B. Werfen Sie härter, um durchzudringen', 'C. Gehen Sie langsamer, um die Kontrolle wiederzugewinnen', 'D. Zielen Sie leicht auf die höhere Seite, um die Neigung auszugleichen']","D. Zielen Sie leicht auf die höhere Seite, um die Neigung auszugleichen"
SBQ,SBQ_Germany.xlsx,Klootschießen,Ihr Ball nähert sich einer kleinen Steigung. Wie hält man beim Aufstieg am besten die Geschwindigkeit aufrecht?,"A. Wirf härter, um den Schwung beizubehalten B. Weicher werfen, um Energie zu sparen C. Verwenden Sie einen Seitenschuss, um das Gleichgewicht zu halten D. Zielen Sie höher, um Widerstand zu vermeiden","Wirf härter, um den Schwung beizubehalten",0,"The question is about a ball approaching a small slope and maintaining speed, but the context is ambiguous — it does not specify the sport. The answer 'Wirf härter, um den Schwung beizubehalten' (Throw harder to maintain momentum) implies a throwing sport like curling or bocce, but 'werfen' (throw) is not the typical term used in curling (where stones are pushed, not thrown). The phrasing suggests a misunderstanding of physics: on an incline, you don't 'throw harder' to maintain speed — you reduce friction or use momentum from prior motion. The correct physical principle is to maintain or increase initial momentum, but the option wording is misleading and sport-inappropriate.",Ihr Stein nähert sich einer kleinen Steigung. Wie halten Sie beim Aufstieg im Curling am besten die Geschwindigkeit aufrecht?,"['A. Üben Sie mehr Druck aus, um den Schwung beizubehalten', 'B. Verwenden Sie weniger Druck, um Energie zu sparen', 'C. Verwenden Sie einen Seitenschuss, um das Gleichgewicht zu halten', 'D. Zielen Sie höher, um Widerstand zu vermeiden']","A. Üben Sie mehr Druck aus, um den Schwung beizubehalten"
SBQ,SBQ_Germany.xlsx,Klootschießen,"Sie sind kurz vor der Ziellinie, aber es liegt eine schwierige Phase vor Ihnen. Was ist Ihre Strategie?","A. Fahren Sie langsamer, um das unwegsame Gelände zu meistern B. Wirf schneller, um es zu überwinden C. Verwenden Sie einen Seitenwurf zur Stabilisierung D. Ziel ist es, dass das Zentrum auf Kurs bleibt","Fahren Sie langsamer, um das unwegsame Gelände zu meistern",0,"The question is in German and refers to a scenario near the finish line with a difficult phase, but the options include actions like 'Wirf schneller' (throw faster) and 'Seitenwurf' (side throw), which are inconsistent with 'Fahren' (drive). This suggests a mismatch between the context (driving) and the incorrect options (throwing). The correct answer assumes driving, but the other options introduce irrelevant throwing mechanics, making the question logically flawed and not a coherent MCQ.","Sie sind kurz vor der Ziellinie, aber es liegt eine schwierige Passage mit unebenem Gelände vor Ihnen. Was ist Ihre Strategie?","['A. Fahren Sie langsamer, um das unwegsame Gelände zu meistern', 'B. Beschleunigen Sie, um das Hindernis schneller zu überwinden', 'C. Fahren Sie seitlich, um das Gelände zu umgehen', 'D. Halten Sie das Fahrzeug zentriert und fahren Sie mit konstanter Geschwindigkeit']","A. Fahren Sie langsamer, um das unwegsame Gelände zu meistern"
SBQ,SBQ_Germany.xlsx,Klootschießen,"Der Kurs vor Ihnen ist gerade, aber Ihr Ball verliert an Schwung. Was tun Sie, um stark ins Ziel zu kommen?","A. Wirf schneller, um schneller zu werden B. Verwenden Sie einen Seitenschuss, um präzise zu landen C. Werfen Sie mit Präzision, um ein Ausweichen zu vermeiden D. Achten Sie darauf, dass die Kanten den Schwung aufrechterhalten","Wirf schneller, um schneller zu werden",0,"The question is about a sport involving throwing or launching a ball with 'Schwung' (momentum) and 'Kurs' (course/path), but the phrasing is ambiguous and does not clearly match any standard sport. The correct answer 'Wirf schneller, um schneller zu werden' is logically flawed — throwing faster does not necessarily increase momentum if the technique or physics are ignored. Additionally, the options mix concepts from different sports (e.g., 'Seitenschuss' suggests soccer, 'Kanten' suggests ice hockey or curling), making the question incoherent. The context is unclear: is this curling? Bowling? Discus? Without a clear sport context, the MCQ is invalid.","Der Stein gleitet gerade auf der Bahn, verliert aber an Schwung. Was tun Sie, um den Stein stark ins Ziel zu bringen?","['A. Wirf schneller, um mehr Schwung zu erzeugen', 'B. Verwenden Sie einen Seitenschuss, um die Richtung zu korrigieren', 'C. Werfen Sie mit Präzision, um ein Ausweichen zu vermeiden', 'D. Achten Sie darauf, dass die Kanten den Schwung aufrechterhalten']","D. Achten Sie darauf, dass die Kanten den Schwung aufrechterhalten"
SBQ,SBQ_Germany.xlsx,Klootschießen,"Sie stehen vor einer scharfen Kurve. Wie managen Sie Ihren Wurf, um die Kontrolle zu behalten?","A. Verwenden Sie einen Seitenschuss, um ihn zu umgehen B. Wirf härter, um durchzukommen C. Fahren Sie langsamer, um sicher zu navigieren D. Wirf mit einem hohen Bogen, um es zu beseitigen","Verwenden Sie einen Seitenschuss, um ihn zu umgehen",0,"The question is about managing a throw ('Wurf') around a sharp curve, but the context is unclear and inconsistent. The options mix driving-related terms ('Fahren Sie langsamer') with throwing actions, suggesting a confusion between driving and throwing sports (e.g., handball, basketball, or discus). The correct answer 'Verwenden Sie einen Seitenschuss, um ihn zu umgehen' implies a sports throw (like a sidearm pass), but the question does not specify the sport or context. The phrasing 'Sie stehen vor einer scharfen Kurve' is more typical of driving, not throwing. This creates logical inconsistency.","Sie werfen einen Ball in einem Teamspiel und müssen ihn um eine Hindernislinie herumführen. Wie managen Sie Ihren Wurf, um die Kontrolle zu behalten?","['A. Verwenden Sie einen Seitenschuss, um ihn zu umgehen', 'B. Werfen Sie härter, um durchzukommen', 'C. Gehen Sie langsamer, um sicher zu navigieren', 'D. Werfen Sie mit einem hohen Bogen, um es zu beseitigen']","A. Verwenden Sie einen Seitenschuss, um ihn zu umgehen"
SBQ,SBQ_Germany.xlsx,Klootschießen,"Ihr Ball rollt bergab, aber Sie haben Angst, dass er zu weit geht. Wie kontrolliert man es?","A. Machen Sie langsamer, um den Schwung zu reduzieren B. Wirf härter, um schneller zu werden C. Zielen Sie auf die Kanten, um es zu stoppen D. Verwenden Sie einen Seitenwurf, um ihn zu verlangsamen","Machen Sie langsamer, um den Schwung zu reduzieren",0,"The question is about a ball rolling downhill and controlling its speed, but the context is unclear — it lacks a specific sport or scenario (e.g., bowling, curling, golf). The correct answer 'Machen Sie langsamer, um den Schwung zu reduzieren' is logically sound but does not match any of the other options in terms of realism or sport-specific mechanics. Option C ('Zielen Sie auf die Kanten, um es zu stoppen') and D ('Verwenden Sie einen Seitenwurf, um ihn zu verlangsamen') are physically implausible for a rolling ball. Option B is absurd. The question needs to be framed within a clear sport context to be valid.","Ihr Ball rollt bergab auf der Bowlingbahn, aber Sie haben Angst, dass er zu weit geht. Wie kontrollieren Sie seine Geschwindigkeit?","['A. Machen Sie langsamer, um den Schwung zu reduzieren', 'B. Werfen Sie härter, um schneller zu werden', 'C. Zielen Sie auf die Kanten, um es zu stoppen', 'D. Verwenden Sie einen Seitenwurf, um ihn zu verlangsamen']","A. Machen Sie langsamer, um den Schwung zu reduzieren"
SBQ,SBQ_Germany.xlsx,Klootschießen,Der Weg vor uns ist sehr schmal und weist viele Kurven auf. Wie gehen Sie mit den engen Platzverhältnissen um?,"A. Wirf härter, um durchzubrechen B. Verwenden Sie einen hohen Bogen, um Hindernisse zu überwinden C. Ziel ist es, dass das Zentrum auf Kurs bleibt D. Verwenden Sie zum Navigieren eine seitliche Aufnahme",Verwenden Sie zum Navigieren eine seitliche Aufnahme,0,"The question is in German and appears to be about navigating narrow, winding paths, but the options reference sports-related actions (e.g., 'Wirf härter', 'hohen Bogen', 'Zentrum auf Kurs') that are inconsistent with the context. The correct answer 'seitliche Aufnahme' (lateral intake) is not a standard or logical term in navigation or sports contexts. The entire MCQ seems to be a misaligned or mistranslated version, possibly intended for a driving or skiing scenario but uses ambiguous or incorrect terminology. It does not make sense as a valid sports MCQ.","Der Weg vor uns ist sehr schmal und weist viele Kurven auf. Wie verhalten Sie sich in engen, kurvigen Passagen?","['A. Beschleunigen Sie, um schneller durchzukommen', 'B. Fahren Sie mit hohem Bogen, um Kurven zu nehmen', 'C. Halten Sie das Fahrzeug zentriert auf der Fahrbahn', 'D. Nutzen Sie eine seitliche Lenkbewegung, um die Kurven zu navigieren']","D. Nutzen Sie eine seitliche Lenkbewegung, um die Kurven zu navigieren"
SBQ,SBQ_Germany.xlsx,Klootschießen,"Ihr Ball fliegt direkt auf einen großen Baum zu. Was ist Ihre beste Strategie, um dies zu vermeiden?","A. Zielen Sie auf die linke Seite des Baumes B. Verwenden Sie einen Seitenwurf, um eine Kurve zu machen C. Wirf schneller, um ihm auszuweichen D. Zielen Sie auf die rechte Seite des Baumes","Verwenden Sie einen Seitenwurf, um eine Kurve zu machen",0,"The question is about a ball flying toward a tree, implying a throwing or striking scenario (e.g., in golf, baseball, or tennis), but the correct answer 'Verwenden Sie einen Seitenwurf, um eine Kurve zu machen' (Use a sidearm throw to make a curve) is not a universally applicable or logical strategy to avoid a tree. A sidearm throw does not inherently create curve; spin or technique does. Moreover, aiming left or right (options A/D) is a more intuitive and practical avoidance strategy in most sports. The question lacks context (e.g., which sport?) and the correct answer is misleading or inaccurate in real-world sports physics. The best strategy to avoid a tree is to aim around it, not to alter throw mechanics unpredictably.","Ihr Ball fliegt direkt auf einen großen Baum zu. Was ist Ihre beste Strategie, um den Ball an dem Baum vorbeizulenken?","['A. Zielen Sie auf die linke Seite des Baumes', 'B. Zielen Sie auf die rechte Seite des Baumes', 'C. Verwenden Sie einen Seitenwurf, um eine Kurve zu machen', 'D. Wirf schneller, um ihm auszuweichen']",A. Zielen Sie auf die linke Seite des Baumes
SBQ,SBQ_Germany.xlsx,Klootschießen,"Sie nähern sich einer schlammigen Stelle. Was sollten Sie tun, damit Ihr Ball nicht einsinkt?","A. Langsamer werfen, um das Absinken zu reduzieren B. Wirf mit maximaler Kraft, um es zu beseitigen C. Verwenden Sie einen Seitenwurf, um darüber zu gleiten D. Fahren Sie mit einem hohen Bogen darüber","Verwenden Sie einen Seitenwurf, um darüber zu gleiten",0,"The question is about a muddy area and how to prevent a ball from sinking, but it uses the pronoun 'Sie' (you, formal) and verbs like 'werfen' (throw) and 'fahren' (drive), which are inconsistent with the context. A ball is thrown, not driven. Also, the correct answer 'Verwenden Sie einen Seitenwurf, um darüber zu gleiten' (Use a sidearm throw to glide over) is not factually accurate in sports or physics — a sidearm throw does not inherently prevent a ball from sinking in mud; reducing speed or using a flatter trajectory might, but none of the options are grounded in real-world ball physics. The question is misleading and lacks factual basis.","Sie nähern sich einer schlammigen Stelle. Was sollten Sie tun, damit Ihr Ball nicht tief in den Schlamm einsinkt?","['A. Langsamer werfen, um das Absinken zu reduzieren', 'B. Mit maximaler Kraft werfen, um es durch den Schlamm zu drücken', 'C. Einen Seitenwurf verwenden, um eine flachere Flugbahn zu erzielen', 'D. Einen hohen Bogen werfen, damit der Ball darüber gleitet']","A. Langsamer werfen, um das Absinken zu reduzieren"
SBQ,SBQ_Germany.xlsx,Klootschießen,"Sie befinden sich an einem steilen Hang. Wie passen Sie sich an, um die Kontrolle über den Ball zu behalten?","A. Werfen Sie weicher, um einen Kontrollverlust zu verhindern B. Wirf härter, um die Schwerkraft zu überwinden C. Machen Sie langsamer und zielen Sie vorsichtig D. Zielen Sie auf die Mitte des Hangs","Wirf härter, um die Schwerkraft zu überwinden",0,"The question and answer are factually incorrect. On a steep slope, throwing harder does not help control the ball against gravity; instead, it increases the risk of losing control. The correct approach is to throw more gently and with careful aim to account for the slope's effect on ball trajectory and roll. The provided answer contradicts basic physics and sports logic.","Sie befinden sich an einem steilen Hang. Wie passen Sie sich an, um die Kontrolle über den Ball zu behalten?","['A. Werfen Sie weicher, um einen Kontrollverlust zu verhindern', 'B. Werfen Sie härter, um die Schwerkraft zu überwinden', 'C. Machen Sie langsamer und zielen Sie vorsichtig', 'D. Zielen Sie auf die Mitte des Hangs']","A. Werfen Sie weicher, um einen Kontrollverlust zu verhindern"
SBQ,SBQ_Germany.xlsx,Klootschießen,"Ihr Ball ist dabei, auf eine Unebenheit im Weg zu treffen. Wie geht man am besten damit um?","A. Machen Sie langsamer, um den Stoß aufzufangen B. Wirf härter, um darüber zu springen C. Verwenden Sie eine Seitenaufnahme, um darin zu navigieren D. Wirf mit einem hohen Bogen, um es zu beseitigen","Verwenden Sie eine Seitenaufnahme, um darin zu navigieren",0,"The question is about a ball approaching an unevenness, but the context is unclear — it does not specify the sport. The correct answer 'Verwenden Sie eine Seitenaufnahme, um darin zu navigieren' (Use a side catch to navigate it) is not a standard or logical technique for handling an uneven surface in any common sport. 'Seitenaufnahme' (side catch) implies catching the ball, which contradicts the idea of navigating an unevenness. The options are inconsistent with typical sports physics or rules. The question and answer are factually incorrect and illogical.","Ihr Ball rollt auf eine Unebenheit zu. Wie verhalten Sie sich am besten, um die Kontrolle zu behalten?","['A. Machen Sie langsamer, um den Stoß aufzufangen', 'B. Werfen Sie härter, um darüber zu springen', 'C. Lenken Sie den Ball seitlich, um die Unebenheit zu umgehen', 'D. Spielen Sie mit einem hohen Bogen, um die Unebenheit zu überwinden']","C. Lenken Sie den Ball seitlich, um die Unebenheit zu umgehen"
SBQ,SBQ_Germany.xlsx,Klootschießen,"Die vor uns liegende Strecke ist mit Schnee bedeckt, was die Oberfläche rutschig macht. Wie entschädigen Sie?","A. Wirf langsamer, um die Kontrolle zu behalten B. Werfen Sie schneller, um ein Ausrutschen zu verhindern C. Verwenden Sie einen Seitenwurf zur Stabilisierung D. Werfen Sie mit einem höheren Bogen, um ein Abrutschen zu vermeiden","Wirf langsamer, um die Kontrolle zu behalten",0,"The question is about a snowy, slippery surface and asks 'Wie entschädigen Sie?' (How do you compensate?), which is nonsensical in this context. 'Entschädigen' means 'to compensate' financially or as reparation, not to adjust behavior. This is a lexical error that makes the question logically flawed. The intended meaning is likely 'Wie verhalten Sie sich?' or 'Wie handeln Sie?' (How do you act?). Additionally, the options use 'Werfen' (throw), which is unrelated to navigating a snowy path—this suggests the question was meant to be about sports like curling or stone-throwing, but no context is given. The most plausible sport involving a slippery surface and controlled movement is curling, where the stone is 'geschoben' (pushed), not 'geworfen' (thrown). The options should reflect curling technique, not generic throwing.","Die vor uns liegende Strecke ist mit Schnee bedeckt, was die Oberfläche rutschig macht. Wie verhalten Sie sich?","['A. Schieben Sie langsamer, um die Kontrolle zu behalten', 'B. Schieben Sie schneller, um ein Ausrutschen zu verhindern', 'C. Verwenden Sie einen Seitenstoß zur Stabilisierung', 'D. Schieben Sie mit einem höheren Bogen, um ein Abrutschen zu vermeiden']","A. Schieben Sie langsamer, um die Kontrolle zu behalten"
SBQ,SBQ_Germany.xlsx,Klootschießen,"Sie nähern sich einer scharfen Kurve und Ihr Ball verliert an Geschwindigkeit. Was sollten Sie tun, um die Kontrolle zu behalten?","A. Wirf schneller, um an Schwung zu gewinnen B. Fahren Sie langsamer, um einen Kontrollverlust zu vermeiden C. Achten Sie darauf, dass die Kanten die Kontrolle behalten D. Verwenden Sie einen Seitenwurf, um es zu steuern","Verwenden Sie einen Seitenwurf, um es zu steuern",0,"The question is about approaching a sharp curve and a ball losing speed, but the context is unclear — it seems to mix driving terminology ('fahren', 'Kurve') with a ball ('Ball'), suggesting a sport like curling, ice hockey, or bobsleigh, but none of these typically use 'Seitenwurf' (side throw) as a control method for curves. The correct answer 'Verwenden Sie einen Seitenwurf, um es zu steuern' is not logically consistent with the scenario. The question implies a vehicle or object on a track, not a thrown ball. The options also contain mixed metaphors: 'Wirf schneller' (throw faster) contradicts 'Fahren langsamer' (drive slower). The entire question is factually incoherent as presented.","Sie nähern sich einer scharfen Kurve auf der Bahn und Ihr Schlitten verliert an Geschwindigkeit. Was sollten Sie tun, um die Kontrolle zu behalten?","['A. Schneller fahren, um an Schwung zu gewinnen', 'B. Langsamer fahren, um einen Kontrollverlust zu vermeiden', 'C. Achten Sie darauf, dass die Kanten die Kontrolle behalten', 'D. Einen Seitenwurf ausführen, um ihn zu steuern']","C. Achten Sie darauf, dass die Kanten die Kontrolle behalten"
SBQ,SBQ_Germany.xlsx,Klootschießen,"Der Ball fliegt auf eine tiefe Pfütze zu. Was ist der beste Weg, dies zu vermeiden?","A. Werfen Sie mit mehr Kraft, um es zu überspringen B. Zielen Sie nach links, um herumzulenken C. Benutze einen Seitenwurf, um daran vorbei zu gleiten D. Fahren Sie langsamer und vermeiden Sie die Pfütze","Benutze einen Seitenwurf, um daran vorbei zu gleiten",0,"The question is about a ball flying toward a puddle, which implies a throwing or kicking scenario in sports (e.g., football, baseball). However, option D ('Fahren Sie langsamer...') uses 'fahren' (to drive), which is inconsistent with the context of throwing a ball. Also, the correct answer 'Benutze einen Seitenwurf...' assumes a specific technique (sidearm throw) that may not be universally applicable or clearly the 'best' way without context. The question lacks clarity on the sport or action, and option D's verb is mismatched.","Der Ball fliegt auf eine tiefe Pfütze zu. Was ist der beste Weg, dies zu vermeiden?","['A. Werfen Sie mit mehr Kraft, um es zu überspringen', 'B. Zielen Sie nach links, um herumzulenken', 'C. Benutze einen Seitenwurf, um daran vorbei zu gleiten', 'D. Werfen Sie langsamer und vermeiden Sie die Pfütze']","C. Benutze einen Seitenwurf, um daran vorbei zu gleiten"
SBQ,SBQ_Germany.xlsx,Klootschießen,"Das Gelände ist steinig und Ihr Ball springt unvorhersehbar. Was ist Ihre Strategie, um es zu stabilisieren?","A. Wirf mit maximaler Kraft, um es zu beseitigen B. Machen Sie langsamer und zielen Sie präzise C. Verwenden Sie einen Seitenschuss, um den Weg zu glätten D. Werfen Sie mit einem höheren Bogen, um den Steinen auszuweichen","Verwenden Sie einen Seitenschuss, um den Weg zu glätten",0,"The question is not factually or logically correct because it refers to a ball bouncing unpredictably on rocky terrain and suggests a 'Seitenschuss' (side shot) as a strategy to 'glätten den Weg' (smooth the path), which is physically impossible. A side shot cannot smooth rocky terrain. This is not a valid sports strategy in any recognized sport. The correct strategy for unpredictable bounces is to adjust the shot's speed and precision, not to attempt to alter the terrain.","Das Gelände ist steinig und Ihr Ball springt unvorhersehbar. Was ist Ihre Strategie, um den Schlag zu kontrollieren?","['A. Wirf mit maximaler Kraft, um es zu beseitigen', 'B. Machen Sie langsamer und zielen Sie präzise', 'C. Verwenden Sie einen Seitenschuss, um den Weg zu glätten', 'D. Werfen Sie mit einem höheren Bogen, um den Steinen auszuweichen']",Machen Sie langsamer und zielen Sie präzise
SBQ,SBQ_Germany.xlsx,Klootschießen,Sie nähern sich einer steilen Steigung und Ihr Ball verliert an Geschwindigkeit. Was machst du?,"A. Wirf härter, um den Schwung beizubehalten B. Machen Sie es langsamer, um Energie zu sparen C. Wirf mit einem höheren Bogen, um es zu beseitigen D. Benutze einen Seitenwurf, um ihm über den Hügel zu helfen","Wirf härter, um den Schwung beizubehalten",0,"The question is about a ball losing speed on a steep incline, implying a physical scenario like throwing or rolling a ball uphill. However, the correct answer 'Wirf härter, um den Schwung beizubehalten' (Throw harder to maintain momentum) is physically misleading. Throwing harder uphill does not effectively maintain momentum against gravity; instead, a higher arc or adjusted angle is more logical. Additionally, the options contain inconsistent phrasing (e.g., 'um es zu beseitigen' means 'to eliminate it', which is nonsensical). The question lacks real-world sports logic and the answer is factually incorrect for physics-based ball dynamics.","Sie nähern sich einer steilen Steigung und Ihr Ball verliert an Geschwindigkeit. Was sollten Sie tun, um den Ball über den Hügel zu bringen?","['A. Wirf härter, um den Schwung beizubehalten', 'B. Machen Sie den Wurf langsamer, um Energie zu sparen', 'C. Wirf mit einem höheren Bogen, um den Ball über den Hügel zu bringen', 'D. Benutze einen Seitenwurf, um den Ball um den Hügel herum zu leiten']","C. Wirf mit einem höheren Bogen, um den Ball über den Hügel zu bringen"
SBQ,SBQ_Germany.xlsx,Klootschießen,Der vor uns liegende Kurs ist eng und weist viele Kurven und Wendungen auf. Wie bleiben Sie auf dem richtigen Weg?,"A. Wirf schneller, um weiterzukommen B. Benutze einen Seitenwurf, um auf dem richtigen Weg zu bleiben C. Zielen Sie auf die Kanten, um Hindernissen auszuweichen D. Fahren Sie langsamer, um nicht vom Kurs abzukommen","Benutze einen Seitenwurf, um auf dem richtigen Weg zu bleiben",0,"The question and answer are factually incorrect and logically inconsistent. The context describes a course with curves and turns, suggesting a racing or driving scenario, but the correct answer refers to 'Seitenwurf' (side throw), which is a term from curling or throwing sports, not driving or navigation. This mismatch renders the MCQ invalid. The options do not align with the scenario described.","Der vor uns liegende Kurs ist eng und weist viele Kurven und Wendungen auf. Wie halten Sie die Kontrolle über das Fahrzeug, um auf dem richtigen Weg zu bleiben?","['A. Beschleunigen Sie, um schneller durch die Kurven zu kommen', 'B. Halten Sie eine gleichmäßige Geschwindigkeit und nehmen Sie die Kurven mit sanftem Lenken', 'C. Zielen Sie auf die Kanten, um Hindernissen auszuweichen', 'D. Fahren Sie langsamer, um nicht vom Kurs abzukommen']","D. Fahren Sie langsamer, um nicht vom Kurs abzukommen"
SBQ,SBQ_Germany.xlsx,Klootschießen,"Sie befinden sich auf einem langen, geraden Weg, aber Ihr Ball verliert an Schwung. Wie beschleunigt man es?","A. Mit mehr Kraft werfen B. Verwenden Sie einen Seitenwurf für Präzision C. Werfen Sie mit einem höheren Bogen, um an Geschwindigkeit zu gewinnen D. Wirf langsamer, um die Kontrolle zu behalten",Mit mehr Kraft werfen,0,"The question is about a ball losing momentum on a long straight path, which implies a rolling or sliding object (like in curling or bowling), not a thrown object. The answer 'Mit mehr Kraft werfen' (throw with more force) is illogical because throwing harder doesn't accelerate a ball that has already lost momentum on a surface — it would only apply if the ball were in flight. The context and answer are mismatched. The question needs to be rephrased to match a realistic scenario where force application affects motion.","Sie befinden sich auf einem langen, geraden Eisbahn und Ihr Stein verliert an Geschwindigkeit. Wie können Sie die Geschwindigkeit des Steins erhöhen?","['A. Mit mehr Kraft abwerfen', 'B. Einen Seitenwurf für Präzision verwenden', 'C. Mit einem höheren Bogen abwerfen, um an Geschwindigkeit zu gewinnen', 'D. Langsamer abwerfen, um die Kontrolle zu behalten']",A. Mit mehr Kraft abwerfen
SBQ,SBQ_Germany.xlsx,Klootschießen,"Vor uns liegt ein großer Felsbrocken. Wie vermeiden Sie es, ihn mit Ihrem Ball zu treffen?","A. Zielen Sie nach links, um ihm auszuweichen B. Benutze einen Seitenwurf, um vorbei zu gleiten C. Wirf schneller, um den Felsblock zu überwinden D. Streben Sie nach dem Recht, es zu umgehen","Benutze einen Seitenwurf, um vorbei zu gleiten",0,"The question is in German and refers to avoiding a large rock with a ball, but it lacks context of a specific sport. The correct answer 'Benutze einen Seitenwurf, um vorbei zu gleiten' (Use a sidearm throw to glide past) implies a throwing sport like baseball, softball, or cricket, but the question does not specify this. Additionally, 'Seitenwurf' is not standard terminology in most sports for avoiding obstacles — it's more about throwing technique than obstacle avoidance. The phrasing 'vorbei zu gleiten' (to glide past) is unnatural in this context. The options also contain inconsistent grammar and unnatural phrasing (e.g., 'Streben Sie nach dem Recht' should be 'zielen Sie nach rechts'). The question is not factually grounded in a recognized sports rule or technique.","Vor uns liegt ein großer Felsbrocken auf der Wurfbahn. Wie vermeiden Sie es, ihn mit Ihrem Ball zu treffen?","['A. Zielen Sie nach links, um ihn auszuweichen', 'B. Verwenden Sie einen Seitenwurf, um den Ball vorbei zu leiten', 'C. Werfen Sie schneller, um den Felsbrocken zu überwinden', 'D. Zielen Sie nach rechts, um ihn zu umgehen']","B. Verwenden Sie einen Seitenwurf, um den Ball vorbei zu leiten"
SBQ,SBQ_Germany.xlsx,Klootschießen,"Ihr Ball fliegt direkt auf einen Schlammfleck zu. Wie verhindern Sie, dass es einsinkt?","A. Wirf schneller, um durchzudringen B. Machen Sie langsamer, um den Ball zu kontrollieren C. Verwenden Sie einen Seitenwurf, um dies zu vermeiden D. Streben Sie einen hohen Bogen an, um den Schlamm zu beseitigen","Machen Sie langsamer, um den Ball zu kontrollieren",0,"The question is factually incorrect and logically flawed. In sports like football (soccer) or rugby, if a ball is rolling or flying toward a muddy patch, slowing down the ball (option B) does not prevent it from sinking; instead, it increases the chance of it getting stuck. The correct technique is to play the ball with more pace or a lofted pass to avoid the mud entirely. Also, the phrasing 'Ihr Ball fliegt direkt auf einen Schlammfleck zu' implies the ball is in flight (e.g., a pass or kick), so 'Machen Sie langsamer' (slow down) is ambiguous — slow down what? The kick? The ball? The player? The question lacks clarity and technical accuracy.","Ihr Ball fliegt direkt auf einen Schlammfleck zu. Wie verhindern Sie, dass er im Schlamm stecken bleibt?","['A. Treten Sie mit mehr Kraft, um den Ball schnell über den Schlamm zu bringen', 'B. Treten Sie langsamer, um den Ball besser zu kontrollieren', 'C. Verwenden Sie einen Seitenwurf, um dies zu vermeiden', 'D. Spielen Sie einen hohen Bogen, um den Schlamm zu umgehen']","D. Spielen Sie einen hohen Bogen, um den Schlamm zu umgehen"
SBQ,SBQ_Germany.xlsx,Klootschießen,"Sie nähern sich der Ziellinie, aber vor Ihnen liegt ein kleines Hindernis. Wie navigieren Sie darin?","A. Wirf schneller, um das Hindernis zu überwinden B. Verwenden Sie einen Seitenwurf, um dies zu vermeiden C. Machen Sie es langsamer, um vorsichtig damit umzugehen D. Werfen Sie mit Präzision, um auf dem richtigen Weg zu bleiben","Verwenden Sie einen Seitenwurf, um dies zu vermeiden",0,"The question is ambiguous and lacks context. It mentions 'Sie nähern sich der Ziellinie' (you are approaching the finish line) and a 'kleines Hindernis' (small obstacle), but does not specify the sport or activity. The options refer to 'werfen' (throwing), which implies a throwing sport like discus, javelin, or cricket, but these are not typically associated with approaching a finish line with an obstacle. The correct answer 'Verwenden Sie einen Seitenwurf, um dies zu vermeiden' (Use a side throw to avoid it) is not logically consistent with the scenario. The question does not make sense as a valid MCQ without clarifying the context.","Sie werfen einen Diskus und nähern sich der Ziellinie, aber vor Ihnen liegt ein kleines Hindernis. Wie navigieren Sie darin?","['A. Werfen Sie schneller, um das Hindernis zu überwinden', 'B. Verwenden Sie einen Seitenwurf, um dies zu vermeiden', 'C. Machen Sie es langsamer, um vorsichtig damit umzugehen', 'D. Werfen Sie mit Präzision, um auf dem richtigen Weg zu bleiben']","B. Verwenden Sie einen Seitenwurf, um dies zu vermeiden"
SBQ,SBQ_Germany.xlsx,Klootschießen,"Der Kurs ist nach einem kürzlichen Regen sehr nass. Wie stellen Sie sicher, dass Ihr Ball nicht verrutscht?","A. Verwenden Sie einen Seitenwurf, um die Kontrolle zu behalten B. Wirf schneller, um durchzudringen C. Fahren Sie langsamer, um ein Ausrutschen zu verhindern D. Werfen Sie mit einem höheren Bogen, um das Wasser zu klären","Verwenden Sie einen Seitenwurf, um die Kontrolle zu behalten",0,"The question is about a wet course and preventing a ball from slipping, but the options refer to throwing or pitching actions (Seitenwurf, werfen, wirft), which are inconsistent with typical golf or ball sports on a wet course. The correct action to prevent a ball from slipping on a wet surface is usually adjusting the stance or using a different type of shot, but 'Seitenwurf' (sidearm throw) is not a standard or logical solution in most sports contexts like golf or football. The question and answer do not align with real-world sports mechanics.","Der Platz ist nach einem kürzlichen Regen sehr nass. Wie stellen Sie sicher, dass Ihr Ball nicht verrutscht, wenn Sie anschlagen?","['A. Verwenden Sie einen Seitenwurf, um die Kontrolle zu behalten', 'B. Schlagen Sie härter, um durchzudringen', 'C. Verwenden Sie einen höheren Schlag, um das Wasser zu umgehen', 'D. Stellen Sie den Ball auf einen trockeneren Fleck und nutzen Sie eine stabilere Schlagtechnik']",D. Stellen Sie den Ball auf einen trockeneren Fleck und nutzen Sie eine stabilere Schlagtechnik
SBQ,SBQ_Germany.xlsx,Klootschießen,Sie nähern sich einer scharfen Ecke und Ihr Ball verliert an Geschwindigkeit. Was sollten Sie tun?,"A. Wirf härter, um die Geschwindigkeit beizubehalten B. Verwenden Sie einen Seitenwurf, um herumzusteuern C. Machen Sie langsamer und passen Sie den Winkel an D. Wirf mit hohem Bogen, um die Ecke zu klären","Verwenden Sie einen Seitenwurf, um herumzusteuern",0,"The question is about approaching a sharp corner and the ball losing speed, but the correct answer 'Verwenden Sie einen Seitenwurf, um herumzusteuern' (Use a side throw to steer around) is not logically consistent with the context. In sports like curling, shuffleboard, or similar ball games, a 'Seitenwurf' (side throw) is not a standard or effective technique to navigate a corner when the ball is losing speed. The correct action should involve adjusting technique to maintain control, not changing the type of throw arbitrarily. The intended correct answer seems to misalign with realistic sports physics or rules.","Sie nähern sich einer scharfen Ecke und Ihr Ball verliert an Geschwindigkeit. Wie sollten Sie Ihre Wurftechnik anpassen, um die Ecke sicher zu nehmen?","['A. Wirf härter, um die Geschwindigkeit beizubehalten', 'B. Verwenden Sie einen Seitenwurf, um herumzusteuern', 'C. Machen Sie langsamer und passen Sie den Winkel an', 'D. Wirf mit hohem Bogen, um die Ecke zu klären']",Machen Sie langsamer und passen Sie den Winkel an
SBQ,SBQ_Germany.xlsx,Klootschießen,Der Ball fliegt auf einen Graben zu. Wie gehen Sie mit dieser Situation um?,"A. Wirf schneller, um ihm auszuweichen B. Verwenden Sie einen Seitenwurf, um dem Graben auszuweichen C. Ziel ist es, dass das Zentrum auf Kurs bleibt D. Fahren Sie langsamer, um dem Graben auszuweichen","Verwenden Sie einen Seitenwurf, um dem Graben auszuweichen",0,"The question is in German and refers to a ball flying toward a ditch, but the context is unclear — it does not specify the sport or scenario (e.g., baseball, cricket, golf, or throwing in athletics). The correct answer suggests a 'side throw' (Seitenwurf), which implies a throwing motion, yet the question does not establish who is throwing or what action is expected. This makes the question ambiguous and not logically coherent as a sports MCQ. Additionally, option C ('Zentrum auf Kurs bleibt') is irrelevant and nonsensical in this context.","Der Ball fliegt auf einen Graben zu. Was tun Sie, um den Ball sicher zu werfen und den Graben zu umgehen?","['A. Werfen Sie schneller, um den Ball über den Graben zu bringen', 'B. Verwenden Sie einen Seitenwurf, um dem Graben auszuweichen', 'C. Versuchen Sie, das Zentrum der Bahn zu halten', 'D. Gehen Sie langsamer, um den Graben zu umgehen']","B. Verwenden Sie einen Seitenwurf, um dem Graben auszuweichen"
SBQ,SBQ_Germany.xlsx,Klootschießen,"Sie spielen auf einem Platz mit losem Kies. Was ist Ihr bester Ansatz, um die Kontrolle zu behalten?","A. Wirf schneller, um durchzudringen B. Machen Sie es langsamer, um ein Aufprallen zu vermeiden C. Verwenden Sie einen seitlichen Schuss, um Störungen zu vermeiden D. Werfen Sie mit einem hohen Bogen, um Kies zu vermeiden","Verwenden Sie einen seitlichen Schuss, um Störungen zu vermeiden",0,"The question refers to playing on a gravel surface ('losem Kies'), which is not typical for any standard sport. The correct answer mentions a 'seitlicher Schuss' (side shot), which implies a ball sport like tennis or padel, but gravel courts are not used in professional tennis or similar sports. The context is factually inconsistent — gravel courts are not standard, and 'seitlicher Schuss' is not the primary technique for controlling play on loose surfaces. The question lacks a clear sport context, making it logically flawed. The answer choice is also not the most logical: slowing down the shot (option B) would better reduce unpredictable bounces on gravel.","Sie spielen auf einem Platz mit losem Kies. Was ist Ihr bester Ansatz, um die Kontrolle über den Ball zu behalten?","['A. Werfen Sie schneller, um durchzudringen', 'B. Machen Sie den Schlag langsamer, um ein unvorhersehbares Aufprallen zu vermeiden', 'C. Verwenden Sie einen seitlichen Schuss, um Störungen zu vermeiden', 'D. Werfen Sie mit einem hohen Bogen, um Kies zu vermeiden']","Machen Sie den Schlag langsamer, um ein unvorhersehbares Aufprallen zu vermeiden"
SBQ,SBQ_Germany.xlsx,Klootschießen,Das Gelände ist extrem steinig und Ihr Ball springt unvorhersehbar. Was machst du?,"A. Wirf schneller, um die Steine ​​zu beseitigen B. Verwenden Sie einen Seitenwurf, um den Weg zu glätten C. Machen Sie es langsamer, um die Kontrolle zu behalten D. Werfen Sie mit Präzision, um ein Abprallen zu vermeiden","Verwenden Sie einen Seitenwurf, um den Weg zu glätten",0,"The question and answer are factually incorrect in the context of sports. The scenario describes a rocky terrain affecting a ball's bounce, which suggests a sport like baseball, cricket, or golf, but the suggested answer 'Verwenden Sie einen Seitenwurf, um den Weg zu glätten' (Use a sidearm throw to smooth the path) is nonsensical — a throw cannot smooth a rocky path. Also, 'Seitenwurf' (sidearm throw) is a throwing technique, not a terrain modification tool. The correct action in sports on uneven ground is to adjust technique for control, not to 'smooth the path' by throwing.","Das Gelände ist extrem steinig und Ihr Ball springt unvorhersehbar. Was tun Sie, um die Kontrolle zu behalten?","['A. Werfen Sie schneller, um die Steine zu beseitigen', 'B. Verwenden Sie einen Seitenwurf, um den Ball zu lenken', 'C. Machen Sie Ihren Wurf langsamer, um die Kontrolle zu behalten', 'D. Werfen Sie mit Präzision, um ein Abprallen zu vermeiden']","C. Machen Sie Ihren Wurf langsamer, um die Kontrolle zu behalten"
SBQ,SBQ_Germany.xlsx,Klootschießen,"Ihr Ball ist dabei, einen großen Stein zu treffen. Was sollten Sie tun, um eine schwere Kollision zu vermeiden?","A. Zielen Sie nach links, um ihm auszuweichen B. Verwenden Sie einen Seitenwurf, um herumzusteuern C. Wirf schneller, um durchzudringen D. Machen Sie langsamer, um eine Kollision zu vermeiden","Verwenden Sie einen Seitenwurf, um herumzusteuern",0,"The question is about avoiding a collision with a large stone while throwing a ball, but the context is unclear and not grounded in any standard sport. The correct answer 'Verwenden Sie einen Seitenwurf, um herumzusteuern' (Use a side throw to steer around) implies a throwing motion, yet the question says 'Ihr Ball ist dabei, einen großen Stein zu treffen' (Your ball is about to hit a large stone), which suggests the ball is already in motion. This is logically inconsistent — you cannot 'use a side throw' to steer a ball that is already in flight. The scenario lacks a clear sport context (e.g., curling, bowling, or cricket) where such a maneuver would make sense.","Ihr Ball rollt auf einen großen Stein zu. Was sollten Sie tun, um eine Kollision zu vermeiden?","['A. Zielen Sie nach links, um ihm auszuweichen', 'B. Verwenden Sie einen Seitenwurf, um herumzusteuern', 'C. Wirf schneller, um durchzudringen', 'D. Machen Sie langsamer, um eine Kollision zu vermeiden']","A. Zielen Sie nach links, um ihm auszuweichen"
SBQ,SBQ_Germany.xlsx,Klootschießen,Der Weg vor Ihnen weist scharfe Kurven und Unebenheiten auf. Wie gehen Sie diesen schwierigen Abschnitt an?,"A. Wirf härter, um Hindernissen auszuweichen B. Machen Sie langsamer und nehmen Sie jede Kurve vorsichtig C. Verwenden Sie einen Seitenwurf, um darin zu navigieren D. Werfen Sie mit Präzision, um Stößen auszuweichen","Verwenden Sie einen Seitenwurf, um darin zu navigieren",0,"The question is in German and describes a driving or navigation scenario with sharp curves and uneven terrain, but the correct answer provided ('Verwenden Sie einen Seitenwurf, um darin zu navigieren') refers to a 'side throw', which is nonsensical in this context. This is not a sports-related MCQ — it's a driving safety question with completely mismatched options. The term 'Seitenwurf' (side throw) is irrelevant to navigating road conditions and belongs to sports like handball or baseball, not driving. The question and answer are factually and logically inconsistent.",Sie fahren auf einem schmalen Pfad mit scharfen Kurven und Unebenheiten. Wie verhalten Sie sich richtig?,"['A. Beschleunigen Sie, um Hindernisse schneller zu überwinden', 'B. Verlangsamen Sie und nehmen Sie jede Kurve vorsichtig', 'C. Fahren Sie seitlich aus, um Kurven zu umgehen', 'D. Nutzen Sie einen Seitenwurf, um das Fahrzeug zu steuern']",B. Verlangsamen Sie und nehmen Sie jede Kurve vorsichtig
SBQ,SBQ_Germany.xlsx,Klootschießen,"Der Kurs ist größtenteils flach, aber der Untergrund ist holprig. Was tun Sie, um die Stabilität aufrechtzuerhalten?","A. Wirf mit maximaler Kraft, um es zu beseitigen B. Machen Sie es langsamer, um die Kontrolle zu behalten C. Verwenden Sie einen Seitenwurf, um den Weg zu glätten D. Achten Sie auf die Kanten, um raue Stellen zu vermeiden","Verwenden Sie einen Seitenwurf, um den Weg zu glätten",0,"The question is about maintaining stability on a rough ground, but the correct answer mentions 'Seitenwurf' (side throw), which is irrelevant to the context. None of the options logically address stability on uneven terrain in a sports or physical activity context. The question appears to be misaligned with the answer, likely intended for a different scenario (e.g., discus or shot put), but the phrasing suggests general stability, not throwing. The correct answer does not make sense with the question.","Der Kurs ist größtenteils flach, aber der Untergrund ist holprig. Was tun Sie, um die Stabilität während der Bewegung aufrechtzuerhalten?","['A. Wirf mit maximaler Kraft, um es zu beseitigen', 'B. Machen Sie es langsamer, um die Kontrolle zu behalten', 'C. Verwenden Sie einen Seitenwurf, um den Weg zu glätten', 'D. Achten Sie auf die Kanten, um raue Stellen zu vermeiden']","B. Machen Sie es langsamer, um die Kontrolle zu behalten"
SBQ,SBQ_Germany.xlsx,Klootschießen,Sie müssen sich auf starken Seitenwind einstellen. Was ist Ihre beste Strategie?,"A. Zielen Sie nach links, um dem Wind entgegenzuwirken B. Wirf härter, um den Wind zu bekämpfen C. Verwenden Sie einen Seitenwurf, um die Richtung anzupassen D. Fahren Sie langsamer, um ein Abdriften zu verhindern","Verwenden Sie einen Seitenwurf, um die Richtung anzupassen",0,"The question is about 'starken Seitenwind' (strong crosswind), which implies a wind coming from the side, but the context is unclear — it does not specify the sport or activity (e.g., throwing, driving, flying). The correct answer 'Verwenden Sie einen Seitenwurf, um die Richtung anzupassen' (Use a side throw to adjust direction) assumes a throwing sport (like American football, baseball, or discus), but the question does not mention throwing at all. This makes the question ambiguous and logically incomplete. The option 'Fahren Sie langsamer' (Drive slower) suggests a driving context, creating inconsistency. The question must specify the activity to be valid.",Sie müssen bei starkem Seitenwind einen Ball werfen. Was ist Ihre beste Strategie?,"['A. Zielen Sie nach links, um dem Wind entgegenzuwirken', 'B. Werfen Sie härter, um den Wind zu bekämpfen', 'C. Verwenden Sie einen Seitenwurf, um die Richtung anzupassen', 'D. Fahren Sie langsamer, um ein Abdriften zu verhindern']","C. Verwenden Sie einen Seitenwurf, um die Richtung anzupassen"
SBQ,SBQ_Germany.xlsx,Klootschießen,"Ihr Ball nähert sich einer scharfen Kurve, rollt aber zu schnell. Wie reduziert man die Geschwindigkeit?","A. Machen Sie langsamer und zielen Sie vorsichtig B. Wirf schneller, um die Kurve zu überwinden C. Verwenden Sie einen Seitenwurf, um die Geschwindigkeit zu kontrollieren D. Zielen Sie auf die Kanten, um das Tempo zu verlangsamen","Verwenden Sie einen Seitenwurf, um die Geschwindigkeit zu kontrollieren",0,"The question refers to a ball approaching a sharp curve and rolling too fast, implying a ground-based sport like curling, bowling, or similar. However, the correct answer mentions 'Seitenwurf' (side throw), which is a throwing motion inconsistent with a rolling ball. This creates a logical contradiction: you cannot 'throw' a ball that is already 'rolling'. The options and question are mismatched in mechanics.","Ihr Ball nähert sich einer scharfen Kurve, aber Sie haben zu viel Geschwindigkeit. Wie können Sie die Geschwindigkeit kontrollieren, ohne den Ball zu werfen?","['A. Machen Sie langsamer und zielen Sie vorsichtig', 'B. Wirf schneller, um die Kurve zu überwinden', 'C. Verwenden Sie einen Seitenwurf, um die Geschwindigkeit zu kontrollieren', 'D. Zielen Sie auf die Kanten, um das Tempo zu verlangsamen']",A. Machen Sie langsamer und zielen Sie vorsichtig
SBQ,SBQ_Germany.xlsx,Klootschießen,Sie befinden sich in der Nähe eines Hügels und das Gelände fällt ab. Wie behält man die Kontrolle über den Ball?,"A. Wirf härter, um ein Herunterrollen zu vermeiden B. Werfen Sie mit Präzision, um die Geschwindigkeit zu kontrollieren C. Fahren Sie langsamer, um eine Beschleunigung zu verhindern D. Versuchen Sie, die linke Seite auszubalancieren","Werfen Sie mit Präzision, um die Geschwindigkeit zu kontrollieren",0,"The question is about maintaining control over a ball near a hill with descending terrain, but the context is ambiguous — it does not specify the sport or the action being performed (e.g., throwing, rolling, kicking). The correct answer refers to 'Werfen' (throwing), yet other options mention 'Fahren' (driving) and 'ausbalancieren' (balancing), which are inconsistent. The question mixes actions from different sports (e.g., driving suggests a vehicle, throwing suggests baseball or football), making it logically flawed. Additionally, option C ('Fahren Sie langsamer') is irrelevant to ball control in most sports contexts.","Sie befinden sich in der Nähe eines Hügels, und das Gelände fällt ab. Wie behält man die Kontrolle über einen rollenden Ball?","['A. Werfen Sie härter, um ein Herunterrollen zu vermeiden', 'B. Werfen Sie mit Präzision, um die Geschwindigkeit zu kontrollieren', 'C. Lassen Sie den Ball langsamer rollen, um eine Beschleunigung zu verhindern', 'D. Versuchen Sie, die linke Seite auszubalancieren']","C. Lassen Sie den Ball langsamer rollen, um eine Beschleunigung zu verhindern"
SBQ,SBQ_Germany.xlsx,Klootschießen,"Ihr Ball bewegt sich auf einen kleinen Bach im Weg zu. Was ist der beste Weg, dies zu vermeiden?","A. Wirf schneller, um den Strom freizumachen B. Verwenden Sie einen Seitenwurf, um ihn zu umgehen C. Machen Sie langsamer und zielen Sie nach links D. Werfen Sie mit einem höheren Bogen, um darüber zu springen","Verwenden Sie einen Seitenwurf, um ihn zu umgehen",0,"The question is about a ball moving toward a small stream, but the context is unclear — it does not specify the sport or activity (e.g., golf, cricket, throwing a disc, etc.). Without this, the scenario is ambiguous and the options lack logical grounding. The correct answer 'Verwenden Sie einen Seitenwurf, um ihn zu umgehen' assumes a throwing context, but the question does not state that the user is throwing the ball. The verb 'bewegt sich' (is moving) implies passive motion, not active control. This makes the question illogical as a decision-making MCQ.","Sie werfen einen Ball, der auf einen kleinen Bach zubewegt. Was ist der beste Weg, dies zu vermeiden?","['A. Werfen Sie schneller, um den Strom zu überwinden', 'B. Verwenden Sie einen Seitenwurf, um ihn zu umgehen', 'C. Machen Sie den Wurf langsamer und zielen Sie nach links', 'D. Werfen Sie mit einem höheren Bogen, um darüber zu springen']","Verwenden Sie einen Seitenwurf, um ihn zu umgehen"
SBQ,SBQ_Germany.xlsx,Klootschießen,"Der Kurs hat viele enge Kurven. Was ist Ihr bester Ansatz, um auf dem richtigen Weg zu bleiben?","A. Wirf härter, um durchzubrechen B. Zielen Sie auf die linke oder rechte Seite C. Verwenden Sie einen Seitenschlag, um durch die Kurven zu steuern D. Werfen Sie mit einem hohen Bogen, um Kurven freizumachen","Verwenden Sie einen Seitenschlag, um durch die Kurven zu steuern",0,"The question is about a course with many tight curves and asks for the best approach to stay on track, but the options refer to throwing or striking actions (e.g., 'Wirf härter', 'Seitenschlag', 'hohen Bogen'), which are inconsistent with the context of driving or navigating a course. 'Seitenschlag' is a tennis term, not a driving or navigation technique. The question and options are mismatched in domain — likely intended for a sport like curling, golf, or racing, but the phrasing is ambiguous and incorrect. The correct answer option does not logically fit the scenario described.","Der Kurs hat viele enge Kurven. Was ist Ihr bester Ansatz, um in der Kurve die Kontrolle zu behalten?","['A. Beschleunigen Sie, um durch die Kurve zu brechen', 'B. Zielen Sie auf die linke oder rechte Seite der Strecke', 'C. Nutzen Sie eine sanfte Lenkbewegung, um durch die Kurven zu steuern', 'D. Fahren Sie mit hohem Tempo und großem Abstand']","C. Nutzen Sie eine sanfte Lenkbewegung, um durch die Kurven zu steuern"
SBQ,SBQ_Germany.xlsx,Klootschießen,"Die Oberfläche vor uns ist mit Schlamm bedeckt. Was sollten Sie tun, um den Ball in Bewegung zu halten?","A. Wirf schneller, um kraftvoll durch den Schlamm zu dringen B. Machen Sie es langsamer, um nicht zu sinken C. Mit einem Seitenwurf gleiten Sie am Schlamm vorbei D. Zielen Sie nach rechts, um dem Schlamm auszuweichen",Mit einem Seitenwurf gleiten Sie am Schlamm vorbei,0,"The question is not factually or logically correct because it describes a muddy surface 'vor uns' (in front of us) and asks how to 'den Ball in Bewegung zu halten' (keep the ball in motion), but it does not specify the sport or context. In most sports (e.g., soccer, American football, rugby), you don't 'throw' a ball to keep it moving over mud — you kick, pass, or dribble. The correct answer suggests a 'Seitenwurf' (side throw), which implies a throwing sport like baseball or handball, but the scenario is ambiguous. The answer also lacks logical grounding: a side throw does not inherently 'gleiten am Schlamm vorbei' (glide past the mud) in a way that's universally valid or sport-specific.","Die Oberfläche vor uns ist mit Schlamm bedeckt. Wie sollten Sie den Ball spielen, um ihn über den Schlamm zu bewegen?","['A. Werfen Sie schneller, um kraftvoll durch den Schlamm zu dringen', 'B. Machen Sie den Schuss langsamer, um nicht im Schlamm zu stecken', 'C. Spielen Sie einen Seitenpass, damit der Ball am Schlamm vorbeigleitet', 'D. Zielen Sie nach rechts, um dem Schlamm auszuweichen']","C. Spielen Sie einen Seitenpass, damit der Ball am Schlamm vorbeigleitet"
SBQ,SBQ_Germany.xlsx,Klootschießen,"Das Gelände ist steinig und Ihr Ball springt unvorhersehbar. Wie stellen Sie es ein, um es zu stabilisieren?","A. Wirf härter, um es zu stabilisieren B. Machen Sie langsamer und zielen Sie präzise C. Verwenden Sie einen Seitenschuss, um den Weg zu glätten D. Zielen Sie darauf, dass das Zentrum es kontrolliert","Verwenden Sie einen Seitenschuss, um den Weg zu glätten",0,"The question is about a rocky terrain affecting ball behavior, but it lacks context about the sport being played. The correct answer ('Use a side shot to smooth the path') is not logically valid in any known sport — side shots do not 'smooth' rocky terrain. The options are nonsensical in a real sports context, and the question fails as a factual MCQ.","Das Gelände ist steinig und Ihr Ball springt unvorhersehbar. Wie sollten Sie Ihren Schlag anpassen, um die Kontrolle zu behalten?","['A. Schlag härter, um den Ball zu stabilisieren', 'B. Machen Sie den Schlag langsamer und zielen Sie präzise', 'C. Verwenden Sie einen Seitenschuss, um die Bahn zu beeinflussen', 'D. Zielen Sie auf das Zentrum des Feldes']",B. Machen Sie den Schlag langsamer und zielen Sie präzise
SBQ,SBQ_Germany.xlsx,Klootschießen,"Der Weg hat viele Wendungen. Welche Strategie hilft Ihnen dabei, die Kontrolle zu behalten?","A. Wirf schneller, um weiterzukommen B. Benutze einen Seitenwurf, um auf Kurs zu bleiben C. Zielen Sie auf die Kanten, um Hindernissen auszuweichen D. Machen Sie es langsamer und passen Sie es bei jeder Drehung an","Benutze einen Seitenwurf, um auf Kurs zu bleiben",0,"The question 'Der Weg hat viele Wendungen. Welche Strategie hilft Ihnen dabei, die Kontrolle zu behalten?' is ambiguous and does not clearly refer to any specific sport or activity. The correct answer 'Benutze einen Seitenwurf, um auf Kurs zu bleiben' (Use a side throw to stay on course) is illogical in this context — a 'Seitenwurf' (side throw) is not a standard technique for maintaining control on a winding path. This appears to be a misapplication of discus or frisbee terminology to a non-throwing scenario. The question likely intends to refer to a sport like curling, skiing, or racing on a winding track, but the phrasing and answer do not align.","Der Weg hat viele Wendungen. Welche Strategie hilft Ihnen dabei, die Kontrolle beim Fahren zu behalten?","['A. Fahren Sie schneller, um schneller durch die Kurven zu kommen', 'B. Benutzen Sie einen Seitenwurf, um auf Kurs zu bleiben', 'C. Zielen Sie auf die Kanten, um Hindernissen auszuweichen', 'D. Machen Sie es langsamer und passen Sie die Geschwindigkeit bei jeder Drehung an']",D. Machen Sie es langsamer und passen Sie die Geschwindigkeit bei jeder Drehung an
SBQ,SBQ_Germany.xlsx,Klootschießen,"Ihr Ball fliegt auf einen großen Busch zu. Was ist die beste Strategie, um dies zu vermeiden?","A. Verwenden Sie einen Seitenwurf, um herumzusteuern B. Wirf schneller, um durchzubrechen C. Machen Sie langsamer und zielen Sie vorsichtig D. Zielen Sie auf die Kanten, um dies zu vermeiden","Verwenden Sie einen Seitenwurf, um herumzusteuern",0,"The question is logically flawed because it asks how to 'avoid' a ball flying into a bush, but the context implies the ball has already been hit and is heading toward the bush. The correct strategy would be how to respond to a ball already in flight toward a bush, not how to avoid it entirely. Additionally, the phrasing 'um dies zu vermeiden' (to avoid this) refers to the ball flying into the bush, which cannot be avoided after it's hit — so the question should instead ask for the best action when the ball is heading toward a bush.","Ihr Ball fliegt auf einen großen Busch zu. Was ist die beste Strategie, um den Ball trotzdem zu spielen?","['A. Verwenden Sie einen Seitenwurf, um herumzusteuern', 'B. Wirf schneller, um durchzubrechen', 'C. Machen Sie langsamer und zielen Sie vorsichtig', 'D. Zielen Sie auf die Kanten, um dies zu vermeiden']","A. Verwenden Sie einen Seitenwurf, um herumzusteuern"
SBQ,SBQ_Germany.xlsx,Klootschießen,Der Weg vor uns ist sehr windig. Wie passen Sie Ihren Wurf an den Wind an?,"A. Zielen Sie nach links, um dem Wind entgegenzuwirken B. Werfen Sie mit einem höheren Bogen, um den Wind zu vertreiben C. Verwenden Sie einen Seitenwurf, um es zu stabilisieren D. Wirf schneller, um durch den Wind zu dringen","Verwenden Sie einen Seitenwurf, um es zu stabilisieren",0,"The question is about wind affecting a throw in sports, but the correct answer ('Verwenden Sie einen Seitenwurf, um es zu stabilisieren') is not logically or factually consistent with standard sports techniques. In wind conditions, athletes typically adjust aim (into or with the wind) or trajectory (higher or lower arc), not use a 'side throw' as a general stabilization method. 'Seitenwurf' (sidearm throw) is a throwing mechanics style, not a wind-adaptation technique. The correct adjustment for headwind is usually to throw with a lower trajectory or aim slightly into the wind, not a sidearm motion. The provided correct answer is misleading and incorrect in sports science context.",Der Weg vor uns ist sehr windig. Wie passen Sie Ihren Wurf an den Wind an?,"['A. Zielen Sie nach links, um dem Wind entgegenzuwirken', 'B. Werfen Sie mit einem höheren Bogen, um den Wind zu vertreiben', 'C. Verwenden Sie einen Seitenwurf, um es zu stabilisieren', 'D. Werfen Sie mit einem niedrigeren Bogen und etwas stärker, um den Wind zu überwinden']","D. Werfen Sie mit einem niedrigeren Bogen und etwas stärker, um den Wind zu überwinden"
SBQ,SBQ_Germany.xlsx,Klootschießen,Die Oberfläche ist weich und Ihr Ball sinkt beim Rollen. Was ist die beste Vorgehensweise?,"A. Wirf härter, um aus der Schwachstelle herauszukommen B. Machen Sie langsamer und zielen Sie präzise C. Benutzen Sie einen Seitenschuss, um darüber zu gleiten D. Achten Sie auf die Kanten, um ein Einsinken zu vermeiden","Benutzen Sie einen Seitenschuss, um darüber zu gleiten",0,"The question describes a soft surface where the ball sinks while rolling, which suggests a situation in golf (e.g., a ball sinking into soft turf or a bunker). However, the correct answer 'Benutzen Sie einen Seitenschuss, um darüber zu gleiten' (Use a side shot to glide over) is not a standard or logical technique for this scenario. In golf, a soft surface causing the ball to sink would typically require a higher-lofted shot (e.g., pitch or chip) to lift the ball out, not a 'Seitenschuss' (side shot). The term 'Seitenschuss' is ambiguous and misleading — it could imply a hook or slice, which worsens control on soft ground. The correct approach is to play slower and more precisely to avoid excessive sinking, making option B more logically sound. The question and answer are factually inconsistent with real sports mechanics.",Die Oberfläche ist weich und Ihr Ball sinkt beim Rollen. Was ist die beste Vorgehensweise?,"['A. Wirf härter, um aus der Schwachstelle herauszukommen', 'B. Machen Sie langsamer und zielen Sie präzise', 'C. Benutzen Sie einen Hochschlag, um den Ball über die weiche Stelle zu heben', 'D. Achten Sie auf die Kanten, um ein Einsinken zu vermeiden']","C. Benutzen Sie einen Hochschlag, um den Ball über die weiche Stelle zu heben"
SBQ,SBQ_Germany.xlsx,Klootschießen,Der Weg ist schmal und ein Baum versperrt den Weg. Wie gehen Sie mit diesem Hindernis um?,"A. Zielen Sie auf die linke Seite des Baumes B. Wirf schneller, um den Baum zu beseitigen C. Verwenden Sie einen Seitenwurf, um herumzunavigieren D. Fahren Sie langsamer, um einen Aufprall auf den Baum zu vermeiden","Verwenden Sie einen Seitenwurf, um herumzunavigieren",0,"The question and options are inconsistent with a sports context. The scenario describes a narrow path blocked by a tree, and the options involve actions like 'throw faster', 'side throw', and 'navigating around' — which suggest a disc sport (e.g., disc golf), but the question does not specify the sport or activity. Without context, the MCQ is logically flawed. The correct answer 'Verwenden Sie einen Seitenwurf, um herumzunavigieren' implies a throwing motion, yet the question does not mention any thrown object.",Sie werfen eine Disc auf einem engen Pfad und ein Baum versperrt den Weg. Wie gehen Sie mit diesem Hindernis um?,"['A. Zielen Sie auf die linke Seite des Baumes', 'B. Werfen Sie schneller, um den Baum zu durchbrechen', 'C. Verwenden Sie einen Seitenwurf, um herumzunavigieren', 'D. Fahren Sie langsamer, um einen Aufprall auf den Baum zu vermeiden']","C. Verwenden Sie einen Seitenwurf, um herumzunavigieren"
SBQ,SBQ_Germany.xlsx,Klootschießen,Der Kurs ist stark bewaldet und weist viele Hindernisse im Weg auf. Was ist Ihre beste Strategie?,"A. Wirf mit maximaler Kraft, um es zu beseitigen B. Verwenden Sie einen Seitenwurf, um um Bäume herumzusteuern C. Wirf langsamer, um die Kontrolle zu behalten D. Zielen Sie auf die Lücken, um Hindernissen auszuweichen","Verwenden Sie einen Seitenwurf, um um Bäume herumzusteuern",0,"The question is about a 'Kurs' (course) that is heavily wooded and has many obstacles, which implies a disc golf or similar sport context. However, the term 'Kurs' is ambiguous and not standard in sports MCQs. Additionally, the correct answer 'Verwenden Sie einen Seitenwurf, um um Bäume herumzusteuern' assumes a throwing sport (like disc golf), but the question does not specify the sport or action (e.g., 'werfen' or 'werfen Sie'). This makes the question logically incomplete and not self-contained as a valid MCQ.",Der Disc-Golf-Kurs ist stark bewaldet und weist viele Hindernisse auf. Was ist Ihre beste Strategie beim Werfen?,"['A. Werfen Sie mit maximaler Kraft, um Hindernisse zu überwinden', 'B. Verwenden Sie einen Seitenwurf, um um Bäume herumzusteuern', 'C. Werfen Sie langsamer, um die Kontrolle zu behalten', 'D. Zielen Sie auf die Lücken, um Hindernissen auszuweichen']","B. Verwenden Sie einen Seitenwurf, um um Bäume herumzusteuern"
SBQ,SBQ_Germany.xlsx,Klootschießen,"Der Ball fliegt auf einen großen Stein zu, der Ihnen im Weg steht. Wie vermeidet man es zu treffen?","A. Verwenden Sie einen Seitenwurf, um ihn zu umgehen B. Wirf schneller, um es zu umgehen C. Zielen Sie auf die rechte Seite, um dem auszuweichen D. Fahren Sie langsamer, um eine Kollision zu vermeiden","Verwenden Sie einen Seitenwurf, um ihn zu umgehen",0,"The question is illogical because it describes a ball flying toward a large stone that 'stands in your way,' implying the person is not the one throwing the ball, yet the options suggest actions the person should take to avoid hitting the stone — which would only make sense if the person is throwing the ball. The phrasing is inconsistent with the context of the options. Additionally, option D ('Fahren Sie langsamer') uses 'fahren' (to drive), which is inappropriate for throwing a ball.","Sie werfen einen Ball, der auf einen großen Stein zufliegt, der im Weg steht. Wie vermeiden Sie, dass der Ball den Stein trifft?","['A. Verwenden Sie einen Seitenwurf, um ihn zu umgehen', 'B. Werfen Sie schneller, um ihn zu umgehen', 'C. Zielen Sie auf die rechte Seite, um dem auszuweichen', 'D. Werfen Sie langsamer, um eine Kollision zu vermeiden']","A. Verwenden Sie einen Seitenwurf, um ihn zu umgehen"
SBQ,SBQ_Germany.xlsx,Klootschießen,"Das Gelände vor uns besteht aus einer Reihe kleiner Unebenheiten. Wie verhindert man, dass der Ball zu stark springt?","A. Wirf schneller, um durchzudringen B. Verwenden Sie einen Seitenwurf, um den Weg zu glätten C. Wirf mit Präzision, um es zu kontrollieren D. Machen Sie es langsamer, um ein Abprallen zu verhindern","Verwenden Sie einen Seitenwurf, um den Weg zu glätten",0,"The question describes a terrain with small irregularities and asks how to prevent the ball from bouncing too much. The provided correct answer, 'Verwenden Sie einen Seitenwurf, um den Weg zu glätten' (Use a sidearm throw to smooth the path), is factually incorrect. A sidearm throw does not smooth the terrain; it is a throwing technique, not a method to alter the ground. The correct physical principle is to reduce the ball's speed to minimize bounce, making option D logically and factually correct. The question is misleading because the answer does not match the scenario.","Das Gelände vor uns besteht aus einer Reihe kleiner Unebenheiten. Wie verhindert man, dass der Ball zu stark springt?","['A. Wirf schneller, um durchzudringen', 'B. Verwenden Sie einen Seitenwurf, um den Weg zu glätten', 'C. Wirf mit Präzision, um es zu kontrollieren', 'D. Machen Sie es langsamer, um ein Abprallen zu verhindern']","Machen Sie es langsamer, um ein Abprallen zu verhindern"
SBQ,SBQ_Germany.xlsx,Klootschießen,"Ihr Ball fliegt bergab zu schnell. Was sollten Sie tun, um es zu verlangsamen?","A. Wirf mit einem höheren Bogen, um es zu beseitigen B. Machen Sie langsamer und zielen Sie vorsichtig C. Verwenden Sie einen Seitenwurf, um die Geschwindigkeit zu reduzieren D. Wirf härter, um den Schwung beizubehalten","Verwenden Sie einen Seitenwurf, um die Geschwindigkeit zu reduzieren",0,"The question is about a ball rolling or flying downhill too fast, likely in a sport like bowling, cricket, or similar. The correct answer claims a 'Seitenwurf' (sidearm throw) reduces speed, but a sidearm throw does not inherently reduce speed—it changes trajectory. Moreover, a sidearm throw is typically used for different purposes (e.g., avoiding obstacles or changing release angle), not for slowing down a ball. The most logical action to slow a ball rolling downhill is to reduce force or use a controlled, slower motion. Option B is factually correct but was marked wrong. The provided correct answer is misleading and not sport-appropriate. The question and answer are factually inconsistent.","Ihr Ball rollt bergab zu schnell. Was sollten Sie tun, um ihn zu verlangsamen?","['A. Werfen Sie mit einem höheren Bogen, um ihn zu beseitigen', 'B. Machen Sie langsamer und zielen Sie vorsichtig', 'C. Verwenden Sie einen Seitenwurf, um die Geschwindigkeit zu reduzieren', 'D. Werfen Sie härter, um den Schwung beizubehalten']",Machen Sie langsamer und zielen Sie vorsichtig
SBQ,SBQ_Germany.xlsx,Klootschießen,"Vor Ihnen liegt eine leichte Kurve, und Ihr Ball verliert die Richtung. Wie stellen Sie sich ein?","A. Wirf härter, um die Kontrolle wiederzugewinnen B. Verwenden Sie einen Seitenwurf, um es zu steuern C. Machen Sie langsamer und zielen Sie präziser D. Werfen Sie mit einem höheren Bogen, um ein Abweichen zu vermeiden","Verwenden Sie einen Seitenwurf, um es zu steuern",0,"The question is about a ball losing direction on a curve, but the context is unclear — it does not specify the sport. The correct answer ('Verwenden Sie einen Seitenwurf, um es zu steuern') implies a throwing sport like handball or baseball, but the question does not mention any equipment or sport. This makes the MCQ ambiguous and logically incomplete. Additionally, the phrasing 'Wie stellen Sie sich ein?' is grammatically incorrect and nonsensical in German; it should be 'Wie verhalten Sie sich?' or 'Was tun Sie?'.","Sie werfen einen Ball auf eine leichte Kurve, und der Ball verliert die Richtung. Was tun Sie?","['A. Werfen Sie härter, um die Kontrolle wiederzugewinnen', 'B. Verwenden Sie einen Seitenwurf, um ihn zu steuern', 'C. Machen Sie langsamer und zielen Sie präziser', 'D. Werfen Sie mit einem höheren Bogen, um ein Abweichen zu vermeiden']","B. Verwenden Sie einen Seitenwurf, um ihn zu steuern"
SBQ,SBQ_Germany.xlsx,Klootschießen,Sie treffen auf eine weiche Grasfläche. Wie gehen Sie mit der Situation um?,"A. Wirf härter, um durchzudringen B. Machen Sie langsamer und behalten Sie die Kontrolle C. Benutze einen Seitenwurf, um darüber zu gleiten D. Werfen Sie mit Präzision, um ein Absinken zu vermeiden","Benutze einen Seitenwurf, um darüber zu gleiten",0,"The question is about encountering a soft grass surface and how to respond, but the correct answer ('Benutze einen Seitenwurf, um darüber zu gleiten') implies a throwing action, which is not mentioned or contextualized in the question. The question lacks clarity on what activity is being performed (e.g., throwing a ball, disc, etc.), making it logically incomplete and ambiguous as a sports MCQ.",Sie werfen einen Diskus auf eine weiche Grasfläche. Wie gehen Sie mit der Situation um?,"['Wirf härter, um durchzudringen', 'Machen Sie langsamer und behalten Sie die Kontrolle', 'Benutze einen Seitenwurf, um darüber zu gleiten', 'Werfen Sie mit Präzision, um ein Absinken zu vermeiden']","Benutze einen Seitenwurf, um darüber zu gleiten"
SBQ,SBQ_Germany.xlsx,Klootschießen,Der Platz ist holprig und Ihr Ball kommt vom Kurs ab. Was machst du?,"A. Wirf härter, um die Kontrolle wiederzugewinnen B. Führen Sie es mit einem Seitenwurf zurück C. Machen Sie langsamer, um Ihr Ziel anzupassen D. Werfen Sie mit einem höheren Bogen, um Unebenheiten zu beseitigen",Führen Sie es mit einem Seitenwurf zurück,0,"The question describes a situation on a rough surface where the ball goes off course, but the context is unclear — it does not specify the sport. The correct answer 'Führen Sie es mit einem Seitenwurf zurück' (Perform it with a side throw) implies a throwing sport like handball or baseball, but the term 'Ball' and 'Kurs' (course) suggest golf or similar. This inconsistency makes the question logically flawed. Additionally, 'Kurs' is inappropriate for most throwing sports; 'Spielbahn' or 'Zielrichtung' would be better. The answer choice also uses 'führen', which is vague without context.",Der Platz ist holprig und dein Ball fliegt von der gewünschten Bahn ab. Was machst du?,"['A. Wirf härter, um die Kontrolle wiederzugewinnen', 'B. Führe es mit einem Seitenwurf zurück', 'C. Mach langsamer, um dein Ziel anzupassen', 'D. Wirf mit einem höheren Bogen, um Unebenheiten zu überwinden']",B. Führe es mit einem Seitenwurf zurück
SBQ,SBQ_Germany.xlsx,Klootschießen,"Sie befinden sich auf einer langen, geraden Strecke, aber Ihr Ball verliert an Geschwindigkeit. Was sollten Sie tun?","A. Wirf härter, um den Schwung beizubehalten B. Verwenden Sie einen Seitenschuss, um es zu stabilisieren C. Machen Sie es langsamer, um Energie zu sparen D. Werfen Sie mit einem hohen Bogen, um an Geschwindigkeit zu gewinnen","Wirf härter, um den Schwung beizubehalten",0,"The question is not factually or logically correct in the context of any standard sport. The scenario describes a ball losing speed on a long straight stretch, but no sport is specified, and the options do not align with realistic sports mechanics. For example, throwing harder to maintain momentum is not a standard technique in sports like baseball, cricket, or football. Additionally, 'Schwung' (swing/momentum) is not preserved by throwing harder in most contexts — it's about aerodynamics, spin, or surface friction. The question lacks context and the correct answer is scientifically dubious.","Sie spielen Baseball und werfen den Ball über eine lange Strecke, aber er verliert an Geschwindigkeit. Was sollten Sie tun?","['A. Wirf härter, um den Schwung beizubehalten', 'B. Verwenden Sie einen Seitenschuss, um ihn zu stabilisieren', 'C. Machen Sie den Wurf langsamer, um Energie zu sparen', 'D. Werfen Sie mit einem hohen Bogen, um die Flugdistanz zu erhöhen']","D. Werfen Sie mit einem hohen Bogen, um die Flugdistanz zu erhöhen"
SBQ,SBQ_Germany.xlsx,Klootschießen,Sie befinden sich auf einem schmalen Pfad mit einer scharfen Kurve vor Ihnen. Wie stellst du deinen Wurf ein?,"A. Wirf schneller, um die Kurve freizumachen B. Verwenden Sie einen Seitenwurf, um ihn herumzuführen C. Fahren Sie langsamer, um vorsichtig abzubiegen D. Ziel ist es, dass das Zentrum auf Kurs bleibt","Verwenden Sie einen Seitenwurf, um ihn herumzuführen",0,"The question is in German but refers to 'Wurf' (throw), which is inconsistent with the context of navigating a narrow path with a sharp curve — this suggests a vehicle or sports equipment like a disc, ball, or frisbee is involved, but the phrasing is ambiguous and not clearly a sports scenario. The correct answer 'Verwenden Sie einen Seitenwurf, um ihn herumzuführen' implies throwing something (e.g., a frisbee or disc), yet the question does not specify what is being thrown or controlled. The question lacks clarity and context to be a valid sports MCQ.",Sie fahren mit einem Diskus auf einem schmalen Pfad mit einer scharfen Kurve vor Ihnen. Wie sollten Sie Ihren Wurf anpassen?,"['A. Werfen Sie schneller, um die Kurve freizumachen', 'B. Verwenden Sie einen Seitenwurf, um ihn herumzuführen', 'C. Fahren Sie langsamer, um vorsichtig abzubiegen', 'D. Ziel ist es, dass das Zentrum auf Kurs bleibt']","B. Verwenden Sie einen Seitenwurf, um ihn herumzuführen"
SBQ,SBQ_Germany.xlsx,Klootschießen,"Ihr Ball ist dabei, auf eine steile Schräge zu treffen und verliert an Geschwindigkeit. Was sollten Sie tun?","A. Wirf härter, um den Schwung beizubehalten B. Verwenden Sie einen seitlichen Schlag, um es ruhig zu halten C. Machen Sie langsamer, um die Kontrolle zu behalten D. Achten Sie auf die Kanten, um ein Verrutschen zu vermeiden","Wirf härter, um den Schwung beizubehalten",0,"The question is about a ball moving toward a steep slope and losing speed, but the correct answer 'Wirf härter, um den Schwung beizubehalten' (Throw harder to maintain momentum) is physically illogical and contextually inappropriate. Throwing harder does not apply to a ball already in motion on a slope; it suggests an action that contradicts the scenario. The question also lacks clear sport context (e.g., curling, bocce, or lawn bowls), making it ambiguous. The correct response should involve adjusting technique to manage the slope, not increasing force.",Ihr Ball rollt eine steile Schräge hinauf und verliert an Geschwindigkeit. Was sollten Sie tun?,"['A. Wirf härter, um den Schwung beizubehalten', 'B. Verwenden Sie einen seitlichen Schlag, um es ruhig zu halten', 'C. Machen Sie langsamer, um die Kontrolle zu behalten', 'D. Achten Sie auf die Kanten, um ein Verrutschen zu vermeiden']","C. Machen Sie langsamer, um die Kontrolle zu behalten"
SBQ,SBQ_Germany.xlsx,Klootschießen,"Der Kurs weist viele enge Passagen mit Hindernissen auf. Was ist Ihre beste Strategie, um sie zu vermeiden?","A. Verwenden Sie einen Seitenwurf, um hindurch zu navigieren B. Wirf härter, um Hindernisse zu überwinden C. Verlangsamen Sie die Geschwindigkeit und passen Sie das Ziel sorgfältig an D. Zielen Sie auf die linke Seite, um Hindernissen auszuweichen","Verwenden Sie einen Seitenwurf, um hindurch zu navigieren",0,"The question describes a course with tight passages and obstacles, which is typical of a golf hole or obstacle course, but the correct answer 'Use a side shot to navigate through' is not logically consistent with standard sports terminology. In golf, a 'side shot' is not a recognized term; the correct technique for navigating tight, obstacle-filled fairways is typically a 'fade' or 'draw' (controlled curve), not a vague 'side throw'. Additionally, the term 'Wurf' (throw) is inappropriate for golf — it implies a throwing motion, not a strike with a club. The question mixes sports contexts (possibly golf with throwing terminology), making it factually incorrect.","Der Platz weist viele enge Passagen mit Hindernissen auf. Was ist Ihre beste Strategie, um sie zu umgehen?","['A. Verwenden Sie einen Slice oder Draw, um hindurch zu navigieren', 'B. Schlagen Sie härter, um Hindernisse zu überwinden', 'C. Verlangsamen Sie die Geschwindigkeit und passen Sie das Ziel sorgfältig an', 'D. Zielen Sie auf die linke Seite, um Hindernissen auszuweichen']","A. Verwenden Sie einen Slice oder Draw, um hindurch zu navigieren"
SBQ,SBQ_Germany.xlsx,Klootschießen,"Ihr Ball steht kurz davor, mit einem großen Hindernis zusammenzustoßen, aber Sie möchten ihn nicht direkt treffen. Wie vermeidet man es?","A. Wirf schneller, um es zu durchbrechen B. Verwenden Sie einen Seitenwurf, um ihn zu umgehen C. Zielen Sie auf die rechte Seite, um dem auszuweichen D. Machen Sie langsamer, um die Richtung zu kontrollieren","Verwenden Sie einen Seitenwurf, um ihn zu umgehen",0,"The question refers to a ball about to collide with an obstacle and asks how to avoid it, but the phrasing 'Ihr Ball steht kurz davor, mit einem großen Hindernis zusammenzustoßen' is ambiguous in sports context — it sounds like the ball is stationary or about to roll into an obstacle, which doesn't align with typical sports actions like throwing or hitting. Also, the correct answer 'Verwenden Sie einen Seitenwurf' implies an active throw, but the question doesn't specify the action being performed (e.g., throwing, kicking). The options mix throwing and aiming concepts inconsistently. The scenario lacks clear context (e.g., golf, bowling, basketball), making it logically flawed.","Ihr Ball wird gerade geworfen und steht kurz davor, mit einem großen Hindernis zusammenzustoßen, aber Sie möchten ihn nicht direkt treffen. Wie vermeiden Sie das?","['A. Werfen Sie schneller, um es zu durchbrechen', 'B. Verwenden Sie einen Seitenwurf, um ihn zu umgehen', 'C. Zielen Sie auf die rechte Seite, um dem auszuweichen', 'D. Werfen Sie langsamer, um die Richtung zu kontrollieren']","Verwenden Sie einen Seitenwurf, um ihn zu umgehen"
SBQ,SBQ_Germany.xlsx,Klootschießen,"Der Kurs hat viele Kurven und Wendungen. Was ist Ihre beste Strategie, um auf dem richtigen Weg zu bleiben?","A. Wirf schneller, um Kurven zu überwinden B. Verwenden Sie einen Seitenwurf, um in der Linie zu bleiben C. Machen Sie langsamer, um sich an jede Kurve anzupassen D. Ziel ist es, dass das Zentrum auf Kurs bleibt","Verwenden Sie einen Seitenwurf, um in der Linie zu bleiben",0,"The question is about a course with many curves and turns, but the correct answer refers to a 'Seitenwurf' (side throw), which is unrelated to navigating a course. This suggests the question is either misworded or intended for a different context (e.g., discus, frisbee, or curling), but the phrasing implies general navigation. The options are inconsistent with the question's context. The correct strategy for staying on a curved course is not a 'side throw'.","Der Kurs hat viele Kurven und Wendungen. Was ist Ihre beste Strategie, um auf dem richtigen Weg zu bleiben?","['A. Beschleunigen, um Kurven schneller zu durchfahren', 'B. Den Kurs mit einem seitlichen Ausweichmanöver verlassen', 'C. Langsam fahren, um jede Kurve sicher zu nehmen', 'D. Das Fahrzeug im Zentrum der Strecke halten']","C. Langsam fahren, um jede Kurve sicher zu nehmen"
SBQ,SBQ_Germany.xlsx,Klootschießen,Nach einem Regenschauer ist das Gelände sehr nass und Ihr Ball rutscht. Was machst du?,"A. Wirf schneller, um durchzudringen B. Machen Sie es langsamer, um die Kontrolle zu behalten C. Verwenden Sie einen Seitenwurf, um es zu stabilisieren D. Werfen Sie mit einem höheren Bogen, um ein Abrutschen zu vermeiden","Verwenden Sie einen Seitenwurf, um es zu stabilisieren",0,"The question is about a ball slipping after rain, implying a throwing or playing situation in sports, but the correct answer 'Verwenden Sie einen Seitenwurf, um es zu stabilisieren' (Use a sidearm throw to stabilize it) is not logically consistent with the context. A sidearm throw does not 'stabilize' a slipping ball — it's a throwing technique, not a solution to prevent slippage. The question lacks a clear sport context (e.g., football, baseball, cricket), making the answer arbitrary. The correct physical response to a wet, slipping ball is to adjust grip or reduce force, not change throwing style to stabilize the ball itself.",Nach einem Regenschauer ist das Gelände sehr nass und Ihr Ball rutscht aus der Hand. Was tun Sie?,"['A. Werfen Sie schneller, um durchzudringen', 'B. Halten Sie den Ball fester und werfen Sie langsamer, um die Kontrolle zu behalten', 'C. Verwenden Sie einen Seitenwurf, um die Kontrolle zu verbessern', 'D. Werfen Sie mit einem höheren Bogen, um ein Abrutschen zu vermeiden']","B. Halten Sie den Ball fester und werfen Sie langsamer, um die Kontrolle zu behalten"
SBQ,SBQ_Germany.xlsx,Klootschießen,"Sie nähern sich dem Ende des Kurses und Ihr Ball ist dabei, einen großen Stein zu treffen. Was sollten Sie tun?","A. Verwenden Sie einen Seitenwurf, um herumzunavigieren B. Wirf schneller, um es zu durchbrechen C. Zielen Sie auf die linke Seite, um ihm auszuweichen D. Machen Sie es langsamer und passen Sie Ihr Ziel an","Verwenden Sie einen Seitenwurf, um herumzunavigieren",0,"The question is about approaching a stone on a course, but it does not specify the sport. The correct answer ('Use a side throw to navigate around') implies a sport like curling or similar, where a side throw is a valid technique. However, in standard sports like golf, basketball, or soccer, 'Seitenwurf' (side throw) is not a standard term or technique for avoiding obstacles. The question lacks context, making it ambiguous and logically flawed. Additionally, 'Seitenwurf' is not a recognized term in curling — the correct term would be 'draw shot' or 'takeout', and avoiding a stone is done by aiming around it, not with a 'side throw'. The answer is therefore not factually accurate for any mainstream sport.","Sie nähern sich dem Ende des Kurses und Ihr Stein ist dabei, einen großen Stein zu treffen. Was sollten Sie tun?","['A. Führen Sie einen Draw-Shot aus, um um den Stein herumzuspielen', 'B. Werfen Sie mit mehr Kraft, um ihn zu durchbrechen', 'C. Zielen Sie auf die linke Seite, um ihm auszuweichen', 'D. Machen Sie es langsamer und passen Sie Ihr Ziel an']","A. Führen Sie einen Draw-Shot aus, um um den Stein herumzuspielen"
SBQ,SBQ_Germany.xlsx,Klootschießen,"Ihr Ball ist dabei, in einen dicken Schlammfleck zu rollen. Was ist der beste Weg, dies zu vermeiden?","A. Wirf härter, um den Schlamm zu beseitigen B. Verwenden Sie einen Seitenwurf, um herumzusteuern C. Fahren Sie langsamer, um dem Schlamm auszuweichen D. Zielen Sie darauf, dass die Kanten es umgehen","Verwenden Sie einen Seitenwurf, um herumzusteuern",0,"The question refers to a ball rolling into a mud patch, but the suggested solutions (side throw, throw harder, drive slower, aim at edges) are inconsistent with typical ball sports terminology and logic. 'Seitenwurf' (side throw) implies throwing the ball, not controlling its roll. The context lacks clarity — it appears to be about a ball in motion (e.g., in golf, bowling, or soccer), but the options mix throwing and driving actions. The correct answer 'Verwenden Sie einen Seitenwurf, um herumzusteuern' is illogical if the ball is already rolling — you don't throw it to avoid mud while it's rolling. The scenario needs to be clarified to match the answer.","Ihr Ball rollt auf einen dicken Schlammfleck zu. Was ist der beste Weg, ihn davon abzuhalten, hineinzugelangen?","['A. Werfen Sie härter, um den Schlamm zu überwinden', 'B. Verwenden Sie einen Seitenwurf, um den Ball um den Schlammfleck herumzuleiten', 'C. Fahren Sie langsamer, um dem Schlammfleck auszuweichen', 'D. Zielen Sie darauf, dass die Kanten des Balls den Schlamm umgehen']","Verwenden Sie einen Seitenwurf, um den Ball um den Schlammfleck herumzuleiten"
SBQ,SBQ_Germany.xlsx,Klootschießen,"Der Kurs ist uneben und Ihr Ball verliert an Geschwindigkeit. Was sollten Sie tun, um es in Bewegung zu halten?","A. Wirf härter, um durchzudringen B. Verwenden Sie einen Seitenschuss, um ihn über unebenen Boden zu führen C. Machen Sie es langsamer, um die Kontrolle zu behalten D. Werfen Sie mit einem höheren Bogen, um an Schwung zu gewinnen","Verwenden Sie einen Seitenschuss, um ihn über unebenen Boden zu führen",0,"The question refers to a 'Kurs' (course) and 'Ball' (ball), suggesting a ball sport, but the correct answer mentions 'Seitenschuss' (side shot), which is a term used in soccer/football for a type of kick, not a throw. The phrasing 'werfen' (to throw) in options A, D, and the context of 'Ball verliert an Geschwindigkeit' (ball loses speed) on uneven terrain is inconsistent with soccer — in soccer, you kick, not throw. The question implies a throwing motion, but the correct answer implies a kicking motion. This is a logical inconsistency. Additionally, 'Seitenschuss' is not typically used to navigate uneven ground; it's a directional shot. The scenario better fits a sport like golf or bowling, where you might adjust trajectory or technique on uneven terrain, but 'Seitenschuss' is not a standard term in those sports either. The question and answer are mismatched in sport context and terminology.","Der Platz ist uneben und Ihr Ball verliert an Geschwindigkeit. Was sollten Sie tun, um den Ball weiterzubewegen?","['A. Schlagen Sie härter, um durchzudringen', 'B. Verwenden Sie einen Seitenschuss, um ihn über unebenen Boden zu führen', 'C. Machen Sie es langsamer, um die Kontrolle zu behalten', 'D. Spielen Sie mit einem höheren Bogen, um an Schwung zu gewinnen']","D. Spielen Sie mit einem höheren Bogen, um an Schwung zu gewinnen"
SBQ,SBQ_Germany.xlsx,Klootschießen,"Ihr Ball bewegt sich auf eine leichte Steigung zu. Was sollten Sie tun, damit es weitergeht?","A. Wirf schneller, um die Steigung zu überwinden B. Verwenden Sie einen Seitenschuss, um die Kontrolle zu behalten C. Machen Sie es langsamer, um Energie zu sparen D. Zielen Sie auf die rechte Seite, um Geschwindigkeitsverluste zu vermeiden","Verwenden Sie einen Seitenschuss, um die Kontrolle zu behalten",0,"The question describes a ball moving up a slight incline and asks what to do to make it continue, but the correct answer refers to a 'Seitenschuss' (side shot), which is a tennis or soccer term implying an intentional strike with the side of the body or racket — not applicable to a ball already in motion on a slope. This is logically inconsistent. The scenario implies passive motion (ball rolling), not active play requiring a shot. The correct action for a rolling ball on an incline would be to apply force to maintain momentum, not use a side shot.","Ihr Ball rollt eine leichte Steigung hinauf. Was sollten Sie tun, damit er weiterrollt?","['A. Werfen Sie ihn schneller, um die Steigung zu überwinden', 'B. Verwenden Sie einen Seitenschuss, um die Kontrolle zu behalten', 'C. Machen Sie ihn langsamer, um Energie zu sparen', 'D. Zielen Sie auf die rechte Seite, um Geschwindigkeitsverluste zu vermeiden']","A. Werfen Sie ihn schneller, um die Steigung zu überwinden"
SBQ,SBQ_Germany.xlsx,Klootschießen,"Der Ball fliegt auf einen Sandfleck zu. Wie verhindern Sie, dass es hängen bleibt?","A. Wirf schneller, um durchzudringen B. Benutze einen Seitenwurf, um darüber zu gleiten C. Machen Sie es langsamer, um die Kontrolle zu behalten D. Achten Sie auf die Kanten, um ein Einsinken zu vermeiden","Benutze einen Seitenwurf, um darüber zu gleiten",0,"The question is in German and refers to a ball rolling toward a sand spot, but the context is unclear — it lacks sport-specific context (e.g., golf, baseball, etc.). The correct answer 'Benutze einen Seitenwurf, um darüber zu gleiten' (Use a side throw to glide over) implies a throwing motion, but the question uses 'fliegt' (flies), suggesting aerial motion, not a throw. This creates logical inconsistency. Also, 'Sandfleck' is vague; in sports like golf, it's 'Bunker'. The answer option is not the most accurate or standard technique for sand in sports — in golf, the correct technique is to open the clubface and hit behind the ball, not a side throw. The options are poorly aligned with real-world sports mechanics.","Der Ball landet in einem Sandbunker. Wie verhindern Sie, dass er stecken bleibt?","['A. Wirf schneller, um durchzudringen', 'B. Benutze einen Seitenwurf, um darüber zu gleiten', 'C. Machen Sie es langsamer, um die Kontrolle zu behalten', 'D. Schlagen Sie hinter dem Ball, um ihn herauszuholen']","D. Schlagen Sie hinter dem Ball, um ihn herauszuholen"
SBQ,SBQ_Germany.xlsx,Klootschießen,Ihr Ball rollt auf einen steilen Hügel zu. Wie geht man am besten mit der Situation um?,"A. Wirf schneller, um den Hügel zu überwinden B. Verwenden Sie einen Seitenwurf, um die Geschwindigkeit zu kontrollieren C. Zielen Sie darauf, dass die rechte Seite langsamer wird D. Werfen Sie einen höheren Bogen, um an Geschwindigkeit zu gewinnen","Verwenden Sie einen Seitenwurf, um die Geschwindigkeit zu kontrollieren",0,"The question is about a ball rolling up a steep hill, which implies a physical scenario (e.g., in curling, bowling, or similar sports), but the options refer to 'werfen' (throwing), which is inconsistent with a rolling ball. A rolling ball cannot be 'thrown' in the moment it is already rolling. The terminology and logic are flawed. The correct action for a rolling ball on a hill is to control its speed or direction, but 'Seitenwurf' (side throw) is not applicable to a rolling ball — it implies an active throw, not a passive roll.",Ihr Ball rollt auf einen steilen Hügel zu. Wie können Sie die Bewegung des Balls am besten beeinflussen?,"['A. Drücken Sie den Ball stärker, um den Hügel zu überwinden', 'B. Nutzen Sie einen Seitenwurf, um die Richtung zu ändern', 'C. Beeinflussen Sie die Drehung, damit die rechte Seite langsamer wird', 'D. Erhöhen Sie die Höhe des Balls, um an Geschwindigkeit zu gewinnen']","C. Beeinflussen Sie die Drehung, damit die rechte Seite langsamer wird"
SBQ,SBQ_Germany.xlsx,Klootschießen,Der Ball nähert sich einem großen Stein auf dem Weg. Wie vermeidet man es zu treffen?,"A. Wirf härter, um es zu durchbrechen B. Verwenden Sie einen Seitenwurf, um dies zu vermeiden C. Werfen Sie mit einem hohen Bogen, um es zu umgehen D. Zielen Sie auf die rechte Seite, um dem auszuweichen","Verwenden Sie einen Seitenwurf, um dies zu vermeiden",0,"The question mentions 'Ball' (Ball) and 'Stein' (stone), but the context is unclear — it seems to describe a scenario from a sport like curling or bowling, but the options refer to 'werfen' (throwing), which is inconsistent with a ball approaching a stone in typical sports. Also, the correct answer 'Verwenden Sie einen Seitenwurf' implies a throwing action, but the question does not specify the action being performed. The scenario is logically inconsistent: a ball approaching a stone is not something one 'avoids hitting' by throwing — the ball is already in motion. The question should specify that the player is about to throw the ball and must avoid a stone.","Der Ball soll auf einem Weg geworfen werden, auf dem ein großer Stein liegt. Wie vermeidet man es, den Stein zu treffen?","['A. Wirf härter, um es zu durchbrechen', 'B. Verwenden Sie einen Seitenwurf, um dies zu vermeiden', 'C. Werfen Sie mit einem hohen Bogen, um es zu umgehen', 'D. Zielen Sie auf die rechte Seite, um dem auszuweichen']","B. Verwenden Sie einen Seitenwurf, um dies zu vermeiden"
SBQ,SBQ_Germany.xlsx,Klootschießen,"Ihr Ball ist dabei, mitten auf dem Weg gegen einen Baum zu prallen. Was ist Ihr bester Schachzug?","A. Verwenden Sie einen Seitenwurf, um ihn zu umgehen B. Wirf schneller, um daran vorbeizukommen C. Machen Sie es langsamer, um es zu vermeiden D. Wirf mit einem höheren Bogen, um es zu beseitigen","Verwenden Sie einen Seitenwurf, um ihn zu umgehen",0,"The question is about a ball about to hit a tree, but the context is unclear — it does not specify the sport. The options use terms like 'Seitenwurf' (side throw) and 'höheren Bogen' (higher arc), which are relevant in sports like baseball, cricket, or golf, but not universally clear. The correct answer 'Verwenden Sie einen Seitenwurf, um ihn zu umgehen' implies a throwing motion, yet the scenario 'mitten auf dem Weg gegen einen Baum zu prallen' suggests a ball in flight, possibly struck, not thrown. This creates logical inconsistency. Additionally, 'Wirf schneller'/'Machen Sie es langsamer' are grammatically inconsistent (mix of imperative 'wirf' and polite 'machen Sie'). The answer is plausible in golf or cricket if interpreted as a shot to avoid a tree, but the question lacks sport context.",Ihr Golfball fliegt direkt auf einen Baum zu. Was ist Ihr bester Schlag?,"['A. Verwenden Sie einen Seitenwurf, um ihn zu umgehen', 'B. Schlagen Sie schneller, um daran vorbeizukommen', 'C. Schlagen Sie langsamer, um ihn zu vermeiden', 'D. Schlagen Sie mit einem höheren Bogen, um ihn zu überfliegen']","D. Schlagen Sie mit einem höheren Bogen, um ihn zu überfliegen"
SBQ,SBQ_Germany.xlsx,Klootschießen,Das Gelände ist steinig und Ihr Ball springt vom Kurs ab. Wie erlangt man die Kontrolle zurück?,"A. Wirf härter, um wieder in Schwung zu kommen B. Verwenden Sie einen Seitenwurf, um ihn zu führen C. Machen Sie es langsamer, um es zu kontrollieren D. Zielen Sie auf die Mitte, um es zu stabilisieren","Verwenden Sie einen Seitenwurf, um ihn zu führen",0,"The question refers to a 'steiniges Gelände' (rocky terrain) and a ball bouncing off course, which suggests a field sport like golf, cricket, or baseball. However, the correct answer 'Verwenden Sie einen Seitenwurf, um ihn zu führen' (Use a sidearm throw to guide it) implies a throwing action, which is inconsistent with the context of a ball bouncing on terrain — you don't 'throw' a ball that's already in play on the ground. The scenario is about ground ball control, not throwing. The answer does not logically match the question.",Das Gelände ist steinig und Ihr Ball springt unvorhersehbar vom Kurs ab. Wie können Sie die Kontrolle über Ihren Schlag zurückgewinnen?,"['A. Schlagen Sie härter, um wieder in Schwung zu kommen', 'B. Verwenden Sie einen Seitenwurf, um ihn zu führen', 'C. Machen Sie Ihren Schlag langsamer, um ihn besser zu kontrollieren', 'D. Zielen Sie auf die Mitte, um ihn zu stabilisieren']","C. Machen Sie Ihren Schlag langsamer, um ihn besser zu kontrollieren"
SBQ,SBQ_Germany.xlsx,Klootschießen,Ihr Ball fliegt auf einen großen Busch zu. Wie vermeidet man es?,"A. Wirf härter, um es zu durchbrechen B. Zielen Sie auf die linke Seite, um ihm auszuweichen C. Verwenden Sie einen Seitenwurf, um ihn zu umgehen D. Verlangsamen Sie die Geschwindigkeit und passen Sie das Ziel sorgfältig an","Verwenden Sie einen Seitenwurf, um ihn zu umgehen",0,"The question is factually incorrect and logically flawed. In golf or similar sports, if a ball is heading toward a bush, the correct action is not to 'use a side throw' (Seitenwurf), which is not a standard or valid technique in golf. 'Seitenwurf' implies throwing, which is not allowed in golf — players strike the ball with a club, not throw it. The correct strategy is to adjust aim and swing to avoid the obstacle, making option D more appropriate. The provided answer is therefore wrong and the question misrepresents sport rules.",Ihr Ball fliegt auf einen großen Busch zu. Wie verhalten Sie sich korrekt?,"['A. Schlagen Sie härter, um es zu durchbrechen', 'B. Zielen Sie auf die linke Seite, um ihm auszuweichen', 'C. Verwenden Sie einen Seitenwurf, um ihn zu umgehen', 'D. Verlangsamen Sie die Geschwindigkeit und passen Sie das Ziel sorgfältig an']",D. Verlangsamen Sie die Geschwindigkeit und passen Sie das Ziel sorgfältig an
SBQ,SBQ_Germany.xlsx,Klootschießen,"Vor uns liegt eine scharfe Kurve. Was sollten Sie tun, um Ihren Ball auf Kurs zu halten?","A. Verwenden Sie einen Seitenwurf, um ihn zu führen B. Wirf schneller, um die Kurve freizumachen C. Verlangsamen Sie die Geschwindigkeit und passen Sie das Ziel sorgfältig an D. Ziel ist es, dass das Zentrum auf Kurs bleibt","Verwenden Sie einen Seitenwurf, um ihn zu führen",0,"The question is about maintaining ball trajectory around a sharp curve, likely in a sport like golf or curling, but the correct answer 'Verwenden Sie einen Seitenwurf, um ihn zu führen' (Use a side throw to guide it) is not logically consistent with typical ball sports. A 'Seitenwurf' (side throw) is not a standard technique for navigating curves in sports like golf (where you use spin or club angle) or curling (where you sweep and release with rotation). The most factually correct approach is to slow down and adjust aim, making option C the correct answer. The provided answer is wrong, and the question is misleading.","Vor uns liegt eine scharfe Kurve. Was sollten Sie tun, um Ihren Ball auf Kurs zu halten?","['A. Verwenden Sie einen Seitenwurf, um ihn zu führen', 'B. Wirf schneller, um die Kurve freizumachen', 'C. Verlangsamen Sie die Geschwindigkeit und passen Sie das Ziel sorgfältig an', 'D. Ziel ist es, dass das Zentrum auf Kurs bleibt']",Verlangsamen Sie die Geschwindigkeit und passen Sie das Ziel sorgfältig an
SBQ,SBQ_Germany.xlsx,Klootschießen,"Der Ball nähert sich einem Schlammfleck. Was ist Ihre Strategie, um dies zu vermeiden?","A. Wirf schneller, um den Schlamm zu beseitigen B. Verwenden Sie einen Seitenwurf, um ihn zu umgehen C. Zielen Sie auf die linke Seite, um ihm auszuweichen D. Machen Sie langsamer, um das Sinkrisiko zu verringern","Verwenden Sie einen Seitenwurf, um ihn zu umgehen",0,"The question is not factually or logically correct because 'Schlammfleck' (mud spot) is not a relevant concept in any standard sports context involving a ball. The scenario implies a real-world physical obstacle, but no mainstream sport uses such terminology or requires strategy to avoid mud spots in the described manner. Additionally, the options mix physical actions (throwing, aiming, slowing) without clear sport context, making the question nonsensical as a sports MCQ.","Der Ball nähert sich einem Pfütze auf dem Feld. Was ist Ihre Strategie, um das Ballverhalten zu kontrollieren?","['A. Wirf schneller, um die Pfütze zu überwinden', 'B. Verwenden Sie einen Seitenwurf, um sie zu umgehen', 'C. Zielen Sie auf die linke Seite, um ihr auszuweichen', 'D. Machen Sie langsamer, um das Rutschen zu verringern']","Verwenden Sie einen Seitenwurf, um sie zu umgehen"
SBQ,SBQ_Germany.xlsx,Klootschießen,Ihr Ball rollt einen steilen Hang hinunter. Wie kontrollierst du seine Geschwindigkeit?,"A. Wirf härter, um die Geschwindigkeit beizubehalten B. Verwenden Sie einen Seitenwurf, um die Geschwindigkeit zu reduzieren C. Machen Sie langsamer, um ein Überschießen zu verhindern D. Zielen Sie darauf, dass die rechte Seite langsamer wird","Verwenden Sie einen Seitenwurf, um die Geschwindigkeit zu reduzieren",0,"The question is about a ball rolling down a steep hill and how to control its speed, but the correct answer mentions 'Seitenwurf' (side throw), which is irrelevant to a rolling ball. A ball rolling down a hill cannot be controlled by throwing it sideways; this is a logical inconsistency. The scenario implies physical control of motion, not an action like throwing.",Ihr Ball rollt einen steilen Hang hinunter. Wie können Sie seine Geschwindigkeit kontrollieren?,"['A. Treten Sie den Ball härter, um die Geschwindigkeit zu erhöhen', 'B. Verwenden Sie einen Seitenwurf, um die Geschwindigkeit zu reduzieren', 'C. Bremsen Sie den Ball mit Ihrem Fuß, um ein Überschießen zu verhindern', 'D. Zielen Sie darauf, dass die rechte Seite langsamer wird']","C. Bremsen Sie den Ball mit Ihrem Fuß, um ein Überschießen zu verhindern"
SBQ,SBQ_Germany.xlsx,Klootschießen,"Der Ball ist dabei, in einem kleinen Bach auf dem Weg zu landen. Was sollten Sie tun?","A. Verwenden Sie einen Seitenwurf, um ihn zu umgehen B. Wirf schneller, um es zu umgehen C. Zielen Sie auf die rechte Seite, um dem auszuweichen D. Verlangsamen Sie die Geschwindigkeit, um das Ziel sorgfältig anzupassen","Verwenden Sie einen Seitenwurf, um ihn zu umgehen",0,"The question is factually incorrect and logically flawed because it describes a ball rolling toward a small stream, which implies a golf or similar context, but the options suggest throwing or aiming actions that are inconsistent with the scenario. In sports like golf, you don't 'throw' the ball; you strike it with a club. The correct action when a ball is heading toward a water hazard is to play it as it lies or take a penalty, not to use a 'side throw' or similar throwing actions. The options misuse terminology from throwing sports (e.g., baseball, football) in a context where throwing is not allowed.",Der Ball rollt auf einen kleinen Bach zu. Was sollten Sie tun?,"['A. Verwenden Sie einen Seitenwurf, um ihn zu umgehen', 'B. Schlagen Sie mit mehr Kraft, um ihn über den Bach zu bringen', 'C. Zielen Sie auf die rechte Seite, um dem auszuweichen', 'D. Verlangsamen Sie den Schwung, um das Ziel sorgfältig anzupassen']","B. Schlagen Sie mit mehr Kraft, um ihn über den Bach zu bringen"
SBQ,SBQ_Germany.xlsx,Klootschießen,"Sie befinden sich in der Nähe eines schmalen Abschnitts mit Bäumen auf beiden Seiten. Wie stellen Sie sicher, dass der Ball auf Kurs bleibt?","A. Wirf schneller, um die Bäume zu beseitigen B. Verwenden Sie einen Seitenwurf, um ihn zu führen C. Machen Sie es langsamer, um in der Mitte zu bleiben D. Achten Sie auf die Kanten, um Bäumen auszuweichen","Verwenden Sie einen Seitenwurf, um ihn zu führen",0,"The question is about ensuring the ball stays on course near trees, but the phrasing 'Wie stellen Sie sicher, dass der Ball auf Kurs bleibt?' implies a ball is being thrown or played, yet none of the options clearly describe a sport context. Option B 'Verwenden Sie einen Seitenwurf, um ihn zu führen' suggests a throw, but the term 'Seitenwurf' is ambiguous and not standard in common sports like golf, baseball, or soccer. The question lacks clarity on what sport or activity is involved, making it logically flawed. Also, option A 'um die Bäume zu beseitigen' is absurd — you cannot eliminate trees by throwing faster. The correct answer provided does not logically follow from the question due to poor context.","Sie befinden sich in der Nähe eines schmalen Abschnitts mit Bäumen auf beiden Seiten und müssen einen Ball sicher durchführen. Wie stellen Sie sicher, dass der Ball auf Kurs bleibt?","['A. Werfen Sie schneller, um die Bäume zu überwinden', 'B. Verwenden Sie einen Seitenwurf, um den Ball zwischen den Bäumen zu führen', 'C. Werfen Sie langsamer, um den Ball in der Mitte zu halten', 'D. Achten Sie auf die Baumkanten, um den Ball von den Bäumen fernzuhalten']","B. Verwenden Sie einen Seitenwurf, um den Ball zwischen den Bäumen zu führen"
SBQ,SBQ_Germany.xlsx,Klootschießen,Ihr Ball nähert sich dem Ende des Kurses und vor Ihnen liegt ein großes Hindernis. Was sollten Sie tun?,"A. Verwenden Sie einen Seitenwurf, um ihn zu umgehen B. Wirf härter, um es zu durchbrechen C. Fahren Sie langsamer, um eine Kollision zu vermeiden D. Zielen Sie auf die Kanten, um dies zu vermeiden","Verwenden Sie einen Seitenwurf, um ihn zu umgehen",0,"The question refers to 'Ihr Ball' (your ball) approaching the end of a course with an obstacle, but the context is ambiguous. The correct answer suggests a 'Seitenwurf' (side throw), which implies a throwing sport like bowling, discus, or possibly curling, but none of the other options logically fit a throwing context. Option C ('Fahren Sie langsamer') uses 'fahren' (drive), which is inconsistent with throwing. The question mixes driving and throwing terminology, making it logically incoherent. The sport context must be clarified.",Ihr Ball nähert sich dem Ende der Bahn und vor Ihnen liegt ein großes Hindernis. Was sollten Sie tun?,"['A. Verwenden Sie einen Seitenwurf, um ihn zu umgehen', 'B. Werfen Sie härter, um es zu durchbrechen', 'C. Halten Sie an, um eine Kollision zu vermeiden', 'D. Zielen Sie auf die Kanten, um dies zu vermeiden']","A. Verwenden Sie einen Seitenwurf, um ihn zu umgehen"
SBQ,SBQ_Germany.xlsx,Klootschießen,Über die Strecke weht ein starker Wind. Wie stellst du deinen Wurf ein?,"A. Wirf härter, um Kraft durch den Wind zu bekommen B. Verwenden Sie einen Seitenwurf, um dem Wind entgegenzuwirken C. Fahren Sie langsamer, um Windstörungen zu vermeiden D. Streben Sie einen höheren Bogen an, um ihn zu beseitigen","Verwenden Sie einen Seitenwurf, um dem Wind entgegenzuwirken",0,"The question is about wind affecting a throw, but the correct answer ('Verwenden Sie einen Seitenwurf, um dem Wind entgegenzuwirken') implies a specific sport context (like discus or javelin) that is not mentioned. The question is ambiguous and lacks context, making it logically incomplete. Also, option D ('Streben Sie einen höheren Bogen an, um ihn zu beseitigen') is grammatically flawed ('um ihn zu beseitigen' incorrectly refers to the wind as something to 'eliminate', which doesn't make sense). The answer choice B is plausible in sports like javelin or discus, but the question does not specify the sport, reducing validity.",Über die Strecke weht ein starker Wind. Wie stellst du deinen Wurf beim Speerwurf ein?,"['A. Wirf härter, um Kraft durch den Wind zu kompensieren', 'B. Verwenden Sie einen Seitenwurf, um dem Wind entgegenzuwirken', 'C. Wirf langsamer, um Windstörungen zu vermeiden', 'D. Streben Sie einen höheren Bogen an, um den Wind zu überwinden']","D. Streben Sie einen höheren Bogen an, um den Wind zu überwinden"
SBQ,SBQ_Germany.xlsx,Klootschießen,Der Boden ist weich und Ihr Ball sinkt ein. Wie lässt sich das Einsinken am besten verhindern?,"A. Wirf schneller, um durchzudringen B. Benutze einen Seitenwurf, um darüber zu gleiten C. Verlangsamen Sie die Geschwindigkeit, um die Sinkgeschwindigkeit zu verringern D. Zielen Sie auf die rechte Seite, um es zu umgehen","Benutze einen Seitenwurf, um darüber zu gleiten",0,"The question is about a ball sinking into soft ground, which implies a throwing or landing scenario (e.g., in golf or tennis). However, the correct answer 'Benutze einen Seitenwurf, um darüber zu gleiten' (Use a sidearm throw to glide over) is not logically consistent with the context. A sidearm throw does not prevent sinking — it changes trajectory, but the core issue is impact force and surface interaction. The question is also ambiguous: it doesn't specify the sport or the action (throwing? dropping? rolling?). The correct physical principle to prevent sinking is reducing impact force, which aligns with option C ('Verlangsamen Sie die Geschwindigkeit'), not B. Thus, the provided answer is factually incorrect.","Der Boden ist weich und Ihr Ball sinkt ein, wenn er auftrifft. Wie lässt sich das Einsinken am besten verhindern?","['A. Erhöhen Sie die Wurfgeschwindigkeit, um durchzudringen', 'B. Benutzen Sie einen Seitenwurf, um den Ball über die Oberfläche gleiten zu lassen', 'C. Verlangsamen Sie die Geschwindigkeit, um die Aufprallkraft zu verringern', 'D. Zielen Sie auf die rechte Seite, um den weichen Bereich zu umgehen']","C. Verlangsamen Sie die Geschwindigkeit, um die Aufprallkraft zu verringern"
SBQ,SBQ_Germany.xlsx,Klootschießen,Ihr Ball springt unvorhersehbar über unebenen Boden. Was machst du?,"A. Wirf härter, um es zu kontrollieren B. Verwenden Sie einen Seitenwurf, um ihn zu führen C. Machen Sie es langsamer, um ein weiteres Hüpfen zu vermeiden D. Zielen Sie auf die Mitte, um es zu stabilisieren","Verwenden Sie einen Seitenwurf, um ihn zu führen",0,"The question is about a ball bouncing unpredictably over uneven ground, which implies a situation in sports like baseball, cricket, or softball where fielders handle ground balls. However, the correct answer 'Verwenden Sie einen Seitenwurf, um ihn zu führen' (Use a sidearm throw to guide it) is not a logical or standard response to an unpredictable bounce — it describes a throwing technique, not a fielding or controlling technique. The proper action when a ball bounces unpredictably is to adjust fielding posture or slow down the ball's movement, not to throw it. The options confuse fielding with throwing, making the question invalid. The correct fielding response would be to let the ball bounce and control it with the glove, not throw it immediately.","Ihr Ball springt unvorhersehbar über unebenen Boden. Wie reagieren Sie, um ihn sicher zu fangen?","['A. Werfen Sie härter, um es zu kontrollieren', 'B. Verwenden Sie einen Seitenwurf, um ihn zu führen', 'C. Machen Sie es langsamer, um ein weiteres Hüpfen zu vermeiden', 'D. Senken Sie Ihren Körper und fangen Sie es mit beiden Händen']",D. Senken Sie Ihren Körper und fangen Sie es mit beiden Händen
SBQ,SBQ_Germany.xlsx,Klootschießen,"Es gibt einen Baum direkt in Ihrem Weg, und Ihr Ball geht direkt darauf auf. Wie gehen Sie damit um?","A. Verwenden Sie einen Seitenwurf, um es zu vermeiden B. Wirf schneller, um es zu räumen C. Verlangsamen Sie und passen Sie Ihr Ziel sorgfältig an D. Ziehen Sie die linke Seite an, um sie zu vermeiden","Verwenden Sie einen Seitenwurf, um es zu vermeiden",0,"The question describes a tree in the way of a ball, implying a sports context (likely golf or similar), but the correct answer 'Verwenden Sie einen Seitenwurf, um es zu vermeiden' (Use a side throw to avoid it) is not a valid or standard technique in any mainstream sport where a ball hits a tree. In golf, for example, you cannot 'throw' the ball; you strike it with a club. The term 'Seitenwurf' (side throw) is inappropriate for ball-striking sports and suggests a misunderstanding of the sport's rules. The question and answer are factually inconsistent with real sports mechanics.","Es gibt einen Baum direkt in Ihrem Weg, und Ihr Ball schlägt darauf. Wie verfahren Sie gemäß den Regeln des Golfsports?","['A. Verwenden Sie einen Seitenwurf, um es zu vermeiden', 'B. Schlagen Sie mit mehr Kraft, um es zu durchbrechen', 'C. Spielen Sie den Ball von dort, wo er liegen geblieben ist, oder nehmen Sie eine Strafe ab', 'D. Ziehen Sie die linke Seite an, um sie zu vermeiden']","C. Spielen Sie den Ball von dort, wo er liegen geblieben ist, oder nehmen Sie eine Strafe ab"
SBQ,SBQ_Germany.xlsx,Klootschießen,Der Kurs ist nass nach dem Regen und der Ball gleitet zu viel. Wie passen Sie Ihren Wurf an?,"A. Wirf schneller, um die nasse Oberfläche durchzuführen B. Verwenden Sie einen Seitenwurf, um es kontrolliert zu halten C. Langsamer werden, um nicht zu viel zu rutschen D. Mit einem höheren Bogen werfen, um zu vermeiden, um zu gleiten","Verwenden Sie einen Seitenwurf, um es kontrolliert zu halten",0,"The question is about a wet course causing the ball to slide too much, but the context is unclear — it doesn't specify the sport or type of throw (e.g., in baseball, basketball, or discus?). The provided correct answer 'Verwenden Sie einen Seitenwurf, um es kontrolliert zu halten' (Use a sidearm throw to keep it controlled) is not logically the best or most universally correct response for a wet surface causing slippage. A higher arc (Option D) is more scientifically sound to reduce ground contact and slippage. Also, Option A and C contradict each other without context. The question lacks clarity and the answer is misleading.",Der Platz ist nass nach dem Regen und der Ball rutscht zu stark beim Bodenkontakt. Wie passen Sie Ihren Wurf an?,"['A. Wirf schneller, um die nasse Oberfläche durchzuführen', 'B. Verwenden Sie einen Seitenwurf, um es kontrolliert zu halten', 'C. Werfen Sie langsamer, um nicht zu viel zu rutschen', 'D. Werfen Sie mit einem höheren Bogen, um den Bodenkontakt zu vermeiden']","D. Werfen Sie mit einem höheren Bogen, um den Bodenkontakt zu vermeiden"
SBQ,SBQ_Germany.xlsx,Klootschießen,"Sie begegnen einer scharfen Kurve, und Ihr Ball weicht vom Kurs ab. Was machst du, um es zu korrigieren?","A. Verwenden Sie einen Seitenwurf, um ihn zurück zu steuern B. Härter werfen, um die Kontrolle zurückzugewinnen C. Verlangsamen Sie das Ziel und passen Sie das Ziel sorgfältig an D. Ziel ist das Zentrum, es zu stabilisieren","Verwenden Sie einen Seitenwurf, um ihn zurück zu steuern",0,"The question is about a ball deviating from a course in a sharp curve, but it does not specify the sport. The term 'Seitenwurf' (side throw) is ambiguous and not a standard corrective technique in most sports. The context suggests a sport like curling, golf, or bowling, but none of these typically use 'Seitenwurf' as a correction method. The answer choice A is not logically consistent with common sports mechanics. The question lacks clarity and realism for a valid MCQ.","Sie spielen Curling und Ihr Stein weicht bei einer scharfen Kurve vom gewünschten Kurs ab. Was tun Sie, um ihn zu korrigieren?","['A. Verwenden Sie einen Seitenwurf, um ihn zurück zu steuern', 'B. Härter werfen, um die Kontrolle zurückzugewinnen', 'C. Verlangsamen Sie das Ziel und passen Sie das Ziel sorgfältig an', 'D. Ziel ist das Zentrum, es zu stabilisieren']","A. Verwenden Sie einen Seitenwurf, um ihn zurück zu steuern"
SBQ,SBQ_Germany.xlsx,Klootschießen,Sie befinden sich in der Nähe eines großen Felsbrockens in der Mitte des Pfades. Wie vermeiden Sie es zu treffen?,"A. Verwenden Sie einen Seitenwurf, um um ihn herum zu steuern B. Werfen Sie härter, um es durchzubrechen C. Verlangsamen Sie, um Ihren Weg anzupassen D. Ziehen Sie die Kanten an, um dies zu vermeiden","Verwenden Sie einen Seitenwurf, um um ihn herum zu steuern",0,"The question is in German and appears to be about avoiding a large rock on a path, but it lacks context about the sport or activity (e.g., golf, bowling, cricket). Without knowing the sport, the options (especially 'Seitenwurf' — side throw) are ambiguous and not logically tied to a standard athletic action. The correct answer assumes a throwing sport, but the question does not specify one, making it invalid as a sports MCQ.","Sie spielen Golf und befinden sich in der Nähe eines großen Felsbrockens auf der Fairway-Mitte. Wie vermeiden Sie es, den Ball dagegen zu schlagen?","['A. Verwenden Sie einen Seitenwurf, um um ihn herum zu steuern', 'B. Werfen Sie härter, um es durchzubrechen', 'C. Verlangsamen Sie, um Ihren Weg anzupassen', 'D. Ziehen Sie die Kanten an, um dies zu vermeiden']","A. Verwenden Sie einen Seitenwurf, um um ihn herum zu steuern"
SBQ,SBQ_Germany.xlsx,Klootschießen,"Ihr Ball nähert sich einem steilen Hügel. Was sollten Sie tun, um die Kontrolle zu behalten?","A. Wirf schneller, um den Hügel zu räumen B. Verwenden Sie einen Seitenwurf, um es zu kontrollieren C. Verlangsamt, um zu verhindern, dass die Geschwindigkeit verloren geht D. Mit einem höheren Bogen werfen, um Geschwindigkeit zu gewinnen","Verwenden Sie einen Seitenwurf, um es zu kontrollieren",0,"The question is about a ball approaching a steep hill and asks what to do to maintain control, but the context is unclear — it does not specify the sport. The correct answer 'Verwenden Sie einen Seitenwurf, um es zu kontrollieren' (Use a side throw to control it) implies a throwing sport like disc golf or frisbee, but the question does not mention any object or sport. The options also contain contradictory physics: 'mit einem höheren Bogen werfen, um Geschwindigkeit zu gewinnen' (throw with a higher arc to gain speed) is incorrect, as higher arcs reduce speed due to gravity. The question lacks context to be a valid MCQ.","Ihr Frisbee nähert sich einem steilen Hügel. Was sollten Sie tun, um die Kontrolle zu behalten?","['A. Werfen Sie schneller, um den Hügel zu überwinden', 'B. Verwenden Sie einen Seitenwurf, um es zu kontrollieren', 'C. Verlangsamen Sie den Wurf, um die Geschwindigkeit nicht zu verlieren', 'D. Werfen Sie mit einem höheren Bogen, um mehr Geschwindigkeit zu gewinnen']","Verwenden Sie einen Seitenwurf, um es zu kontrollieren"
SBQ,SBQ_Germany.xlsx,Klootschießen,Der vor uns liegende Weg wird durch ein großes Stück großes Gras blockiert. Wie navigieren Sie durch das?,"A. Wirf härter, um durch das Gras zu brechen B. Verwenden Sie einen Seitenwurf, um darüber zu gleiten C. Langsamer werden, um zu vermeiden, dass sie stecken bleiben D. Zielen Sie darauf ab, dass die Kanten es umgehen können","Verwenden Sie einen Seitenwurf, um darüber zu gleiten",0,"The question is not factually or logically correct in a sports context. It describes a scenario with 'großes Gras' (tall grass) blocking a path, which is ambiguous and does not clearly relate to any standard sports rule, technique, or equipment. The answer option 'Verwenden Sie einen Seitenwurf, um darüber zu gleiten' (Use a sidearm throw to glide over it) implies a throwing action, but the question does not specify what is being thrown or in which sport this occurs. This makes the MCQ invalid as a sports question.",Beim Golf liegt der Ball im hohen Gras nahe des Greens. Wie navigieren Sie den Ball aus dem hohen Gras?,"['A. Schlagen Sie härter, um durch das Gras zu brechen', 'B. Verwenden Sie einen Seitenwurf, um darüber zu gleiten', 'C. Langsamer werden, um zu vermeiden, dass der Ball stecken bleibt', 'D. Zielen Sie auf die Kanten, um das Gras zu umgehen']","A. Schlagen Sie härter, um durch das Gras zu brechen"
SBQ,SBQ_Germany.xlsx,Klootschießen,"Der Ball ist kurz davor, einen kleinen Graben auf dem Weg zu treffen. Wie vermeiden Sie es?","A. Verwenden Sie einen Seitenwurf, um es zu vermeiden B. Wirf schneller, um es zu räumen C. Langsamer werden, um zu vermeiden, dass es hineinfällt D. Ziehen Sie die linke Seite an, um sie zu umgehen","Verwenden Sie einen Seitenwurf, um es zu vermeiden",0,"The question is about a ball approaching a small ditch, but the context is unclear — it lacks sport-specific context (e.g., golf, cricket, baseball). The correct answer suggests a 'side throw' (Seitenwurf), which is not a standard or logical technique to avoid a ditch in most sports. Throwing faster or slower is more plausible. Also, 'Seitenwurf' implies an intentional lateral throw, which doesn't make sense as a defensive maneuver to avoid a ditch — you'd adjust trajectory or speed, not throw sideways. The options are inconsistent with real-world sports physics.","Der Ball ist kurz davor, einen kleinen Graben auf dem Weg zu überqueren. Wie vermeiden Sie es, dass er hineinfällt?","['A. Verwenden Sie einen Seitenwurf, um es zu vermeiden', 'B. Werfen Sie schneller, um es zu überwinden', 'C. Werfen Sie langsamer, um zu vermeiden, dass es hineinfällt', 'D. Ziehen Sie die linke Seite an, um sie zu umgehen']","C. Werfen Sie langsamer, um zu vermeiden, dass es hineinfällt"
SBQ,SBQ_Germany.xlsx,Klootschießen,Ihr Ball rollt zu einem kleinen Loch im Pfad. Wie passen Sie sich an?,"A. Wirf schneller, um das Loch zu räumen B. Verwenden Sie einen Seitenwurf, um es zu führen C. Verlangsamen Sie, um das Loch zu vermeiden D. Ziel ist das Zentrum, es zu stabilisieren","Verwenden Sie einen Seitenwurf, um es zu führen",0,"The question refers to a 'small hole in the path' and asks how to adapt, but the context is unclear — it seems to imply a sport like golf or bowling, yet the options use vague or incorrect terminology (e.g., 'Seitenwurf' is not standard in golf, and 'Ball rollt zu einem kleinen Loch' suggests a hole in the ground, not a path obstacle). The correct answer 'Verwenden Sie einen Seitenwurf, um es zu führen' is not logically consistent with typical sports rules. In golf, a hole is the target, not an obstacle; in bowling or similar, a hole in the path would be a defect, not something to 'steer with a side throw'. The question lacks clear sport context and the answer is misleading.",Ihr Ball rollt auf einem Golfplatz zu einem Loch. Wie passen Sie sich an?,"['A. Schlagen Sie härter, um das Loch zu überwinden', 'B. Verwenden Sie einen Seitenwurf, um den Ball zu lenken', 'C. Verlangsamen Sie den Schwung, um das Loch zu vermeiden', 'D. Zielen Sie auf das Loch, um es zu treffen']","D. Zielen Sie auf das Loch, um es zu treffen"
SBQ,SBQ_Germany.xlsx,Klootschießen,Sie nähern sich einer schmalen Brücke und der Weg ist instabil. Wie behält man die Kontrolle über den Ball?,"A. Verwenden Sie einen Seitenwurf, um es zu führen B. Wirf schneller die Brücke ab C. Langsamer werden, um es zu stabilisieren D. Ziehen Sie die Ränder ab, um zu vermeiden, dass abfällt","Verwenden Sie einen Seitenwurf, um es zu führen",0,"The question is nonsensical in a sports context. It describes approaching a narrow bridge with an unstable path, which is not a typical scenario in any recognized sport. The options also contain grammatical and logical errors (e.g., 'Wirf schneller die Brücke ab' means 'Throw the bridge faster', which is absurd). The correct answer option 'Verwenden Sie einen Seitenwurf, um es zu führen' assumes the ball can be 'geführt' (led) with a sidearm throw, but the context is unrealistic. The entire scenario does not align with any standard sports rule or skill.",Sie nähern sich einer engen Stelle auf dem Feld und müssen den Ball unter Kontrolle halten. Wie behalten Sie die Kontrolle über den Ball?,"['A. Verwenden Sie einen Seitenwurf, um den Ball zu führen', 'B. Werfen Sie den Ball schnell über die enge Stelle', 'C. Verlangsamen Sie Ihre Bewegung, um den Ball zu stabilisieren', 'D. Ziehen Sie den Ball an Ihre Körperseite, um ihn nicht verlieren']","C. Verlangsamen Sie Ihre Bewegung, um den Ball zu stabilisieren"
SBQ,SBQ_Germany.xlsx,Klootschießen,"Das Gelände ist ungleichmäßig und Ihr Ball ist kurz davor, einen kleinen Hügel zu treffen. Was machst du?","A. Verwenden Sie einen Seitenwurf, um es zu kontrollieren B. Wirf schneller, um es zu räumen C. Langsamer werden, um zu vermeiden, abprallt D. Zielen Sie darauf ab, dass die Kanten es umgehen können","Verwenden Sie einen Seitenwurf, um es zu kontrollieren",0,"The question is about a ball approaching a small hill on uneven ground, but the context is unclear — it does not specify the sport. The correct answer mentions 'Seitenwurf' (side throw), which is not a standard term in most ball sports for handling hills. In golf, for example, one would use a lob shot or adjust swing, not a 'side throw.' In soccer or handball, 'Seitenwurf' means a throw-in, which is irrelevant to a ball on a hill. The options are inconsistent with realistic sports mechanics. The question lacks context and the answer is not logically valid for any standard sport.","Das Gelände ist ungleichmäßig und Ihr Ball rollt auf einen kleinen Hügel zu. Was tun Sie im Golf, um den Ball sicher über den Hügel zu bringen?","['A. Verwenden Sie einen Seitenwurf, um es zu kontrollieren', 'B. Schlagen Sie mit mehr Kraft, um es über den Hügel zu bringen', 'C. Verringern Sie die Schlagkraft, um ein Abprallen zu vermeiden', 'D. Zielen Sie seitlich, um den Hügel zu umgehen']","B. Schlagen Sie mit mehr Kraft, um es über den Hügel zu bringen"
SBQ,SBQ_Germany.xlsx,Klootschießen,Ihr Ball geht auf einen Fleck von Felsen auf dem Weg. Wie meiden Sie sie?,"A. Wirf schneller ab, um durchzubrechen B. Verwenden Sie einen Seitenwurf, um herumzulaufen C. Verlangsamen Sie, um zu vermeiden, Steine ​​zu treffen D. Ziehen Sie die rechte Seite an, um sie zu umgehen","Verwenden Sie einen Seitenwurf, um herumzulaufen",0,"The question is unclear and logically flawed. It mentions 'Ihr Ball geht auf einen Fleck von Felsen auf dem Weg' (Your ball goes to a spot of rocks on the way), which is ambiguous — balls don't 'go to' rocks in a way that requires avoidance in sports context. It seems to imply a ball is rolling toward rocks, but the action to avoid them is phrased as if the player is throwing or moving the ball, without specifying the sport. The correct answer 'Verwenden Sie einen Seitenwurf, um herumzulaufen' (Use a side throw to run around) is nonsensical — you don't 'run around' with a side throw; you throw to go around. The phrasing confuses action with motion.","Ihr Ball rollt auf einen Fleck mit Felsen zu. Wie vermeiden Sie, dass der Ball die Felsen trifft?","['A. Werfen Sie schneller, um durchzubrechen', 'B. Verwenden Sie einen Seitenwurf, um den Ball um die Felsen herum zu leiten', 'C. Verlangsamen Sie, um die Felsen zu vermeiden', 'D. Ziehen Sie die rechte Seite an, um sie zu umgehen']","Verwenden Sie einen Seitenwurf, um den Ball um die Felsen herum zu leiten"
SBQ,SBQ_Germany.xlsx,Klootschießen,Der Ball rollt in eine kleine Depression. Was solltest du tun?,"A. Verwenden Sie einen Seitenwurf, um um ihn herum zu steuern B. Wirf schneller um, um es zu umgehen C. Verlangsamen Sie, um zu vermeiden, darin zu sinken D. Ziehen Sie die linke Seite an, um sie zu vermeiden","Verwenden Sie einen Seitenwurf, um um ihn herum zu steuern",0,"The question refers to 'Der Ball rollt in eine kleine Depression' (The ball rolls into a small depression), which implies a ball in motion, likely in a sport like golf, soccer, or bowling. However, the correct answer 'Verwenden Sie einen Seitenwurf, um um ihn herum zu steuern' (Use a side throw to steer around it) is inconsistent with typical ball sports — you don't 'throw' a ball that is already rolling to avoid a depression. This suggests the question may be misaligned with the answer. The answer implies an action like steering a vehicle or a craft, not handling a rolling ball. The context is unclear and logically inconsistent.","Der Ball rollt in eine kleine Vertiefung. Was solltest du tun, um ihn nicht in der Vertiefung stecken zu lassen?","['A. Verwenden Sie einen Seitenwurf, um ihn um die Vertiefung herum zu leiten', 'B. Werfen Sie schneller, um ihn über die Vertiefung zu bringen', 'C. Verlangsamen Sie die Bewegung, um zu vermeiden, dass er in der Vertiefung stecken bleibt', 'D. Ziehen Sie die linke Seite an, um ihn abzulenken']","C. Verlangsamen Sie die Bewegung, um zu vermeiden, dass er in der Vertiefung stecken bleibt"
SBQ,SBQ_Germany.xlsx,Klootschießen,"Dein Ball geht auf einen schlammigen Fleck zu. Wie passen Sie Ihren Wurf an, um zu vermeiden, dass Sie stecken bleiben?","A. Wirf schneller ab, um durchzubrechen B. Verwenden Sie einen Seitenwurf, um es zu vermeiden C. Werfen Sie mit einem höheren Bogen, um es zu umgehen D. Langsamer werden, um zu verhindern","Verwenden Sie einen Seitenwurf, um es zu vermeiden",0,"The question is about a ball moving toward a muddy spot and how to adjust a 'Wurf' (throw), but in sports contexts like soccer or American football, 'Ball geht auf einen schlammigen Fleck zu' implies the ball is rolling or flying toward mud, not the player throwing. The correct action to avoid getting stuck would involve the player's movement, not the throw. The answer 'Seitenwurf' (side throw) does not logically prevent a player from getting stuck in mud — it's irrelevant. The question confuses ball trajectory with player action. Also, option D says 'Langsamer werden' (become slower), which is grammatically incorrect and ambiguous — slower what? The player? The throw?","Dein Fuß geht auf einen schlammigen Fleck zu. Wie passt du deine Bewegung an, um zu vermeiden, dass du stecken bleibst?","['A. Laufe schneller, um durchzubrechen', 'B. Verwende einen Seitenwurf, um es zu vermeiden', 'C. Springe höher, um es zu umgehen', 'D. Werde langsamer, um zu verhindern, dass du stecken bleibst']","D. Werde langsamer, um zu verhindern, dass du stecken bleibst"
SBQ,SBQ_Germany.xlsx,Klootschießen,"Der Ball nähert sich einem Abschnitt und Sie befürchten, dass er zu weit rollen könnte. Was solltest du tun?","A. Verlangsamen Sie Ihren Wurf, um die Geschwindigkeit zu kontrollieren B. Wirf härter, um den Schwung aufrechtzuerhalten C. Ziehen Sie die linke Seite an, um sie zu steuern D. Verwenden Sie einen Seitenwurf, um die Geschwindigkeit zu reduzieren","Verlangsamen Sie Ihren Wurf, um die Geschwindigkeit zu kontrollieren",0,"The question is unclear and contains a logical error. 'Der Ball nähert sich einem Abschnitt' is ambiguous — 'Abschnitt' (section) is not a standard term in sports ball games like bowling, cricket, or golf. It likely intends to refer to a 'hole' (Loch) in bowling or a target area, but the phrasing is misleading. Additionally, the context of 'Wurf' (throw) suggests bowling or similar, but the options include 'linke Seite anziehen' (pull left side), which is not a standard technique in bowling. The correct answer is plausible but the question does not clearly define the sport or the scenario.","Der Ball nähert sich einem Loch und Sie befürchten, dass er zu weit rollen könnte. Was solltest du tun?","['A. Verlangsamen Sie Ihren Wurf, um die Geschwindigkeit zu kontrollieren', 'B. Wirf härter, um den Schwung aufrechtzuerhalten', 'C. Ziehen Sie die linke Seite an, um sie zu steuern', 'D. Verwenden Sie einen Seitenwurf, um die Geschwindigkeit zu reduzieren']","A. Verlangsamen Sie Ihren Wurf, um die Geschwindigkeit zu kontrollieren"
SBQ,SBQ_Germany.xlsx,Klootschießen,"Ihr Ball geht zu einem Stück großer Gras. Wie stellen Sie sicher, dass es auf Kurs bleibt?","A. Verwenden Sie einen Seitenwurf, um darüber zu gleiten B. Wirf härter durch, um durchzusetzen C. Verlangsamen Sie, um seinen Weg einzustellen D. Ziehen Sie die richtige Seite an, um sie zu vermeiden","Verwenden Sie einen Seitenwurf, um darüber zu gleiten",0,"The question contains a non-standard and unclear phrase 'zu einem Stück großer Gras' (to a piece of big grass), which is grammatically incorrect and semantically confusing in German. Grass is not typically referred to as 'Stück' (piece). Additionally, the context of the question is ambiguous — it does not specify the sport or the situation (e.g., golf, football, tennis), making it impossible to determine a logical or factual correct answer. The provided answer 'Verwenden Sie einen Seitenwurf, um darüber zu gleiten' (Use a sidearm throw to glide over) implies a throwing motion, but the question does not mention throwing at all. The options are inconsistent with the question’s phrasing.","Ihr Ball landet in hohem Gras. Wie stellen Sie sicher, dass er wieder auf Kurs kommt?","['A. Verwenden Sie einen Seitenwurf, um darüber zu gleiten', 'B. Werfen Sie härter, um durch das Gras zu brechen', 'C. Verlangsamen Sie den Schwung, um seine Bahn zu stabilisieren', 'D. Ziehen Sie die Schlägerseite an, um das Gras zu vermeiden']","C. Verlangsamen Sie den Schwung, um seine Bahn zu stabilisieren"
SBQ,SBQ_Germany.xlsx,Klootschießen,"Der Ball ist kurz davor, einen großen Felsen zu treffen. Wie verhindern Sie, dass es vom Kurs abprallt?","A. Mit mehr Kraft werfen B. Verwenden Sie einen Seitenwurf, um sich um sie herum zu krümmen C. Werfen Sie mit einem höheren Bogen, um es zu klären D. Langsamer werden, um Auswirkungen zu vermeiden","Verwenden Sie einen Seitenwurf, um sich um sie herum zu krümmen",0,"The question is factually incorrect and logically flawed. In sports contexts (e.g., golf, baseball, soccer), a ball cannot be 'prevented from bouncing off a rock' by curving around it with a side throw in a realistic or rule-compliant way. The scenario is nonsensical — rocks are solid obstacles; you don't 'curve around' them in ball sports like you would around a defender. The correct physical response to avoid a rock would be to aim around it (if possible) or change trajectory via height or angle, but 'Seitenwurf... um sie herum zu krümmen' implies a magical curve, not a realistic sports technique. Also, 'Der Ball ist kurz davor, einen großen Felsen zu treffen' is ambiguous — is the ball rolling, flying, or being thrown? No context is given. The answer choice is not grounded in real sports physics.","Der Ball fliegt auf einen großen Felsen zu. Wie können Sie den Ball so werfen, dass er den Felsen umgeht, ohne ihn zu treffen?","['A. Mit mehr Kraft werfen', 'B. Verwenden Sie einen Seitenwurf, um den Ball um den Felsen herum zu lenken', 'C. Werfen Sie mit einem höheren Bogen, um den Ball über den Felsen zu klären', 'D. Langsamer werfen, um die Auswirkung zu minimieren']","C. Werfen Sie mit einem höheren Bogen, um den Ball über den Felsen zu klären"
SBQ,SBQ_Germany.xlsx,Klootschießen,"Sie begegnen einer scharfen Kurve im Pfad. Wie passen Sie sich an, um den Ball auf der Strecke zu halten?","A. Wirf schneller, um es durchzuführen B. Verwenden Sie einen Seitenwurf, um es zu führen C. Verlangsamen Sie, um Ihr Ziel anzupassen D. Zielen Sie darauf ab, dass die Kanten auf dem richtigen Weg bleiben","Verwenden Sie einen Seitenwurf, um es zu führen",0,"The question is in German and refers to a 'scharfe Kurve im Pfad' (sharp curve on a path), which is ambiguous in a sports context. It does not specify the sport or the object being thrown/controlled (e.g., ball, disc, etc.). The correct answer mentions 'Seitenwurf' (sidearm throw), which implies a throwing sport like baseball, softball, or disc golf, but the question does not establish this context. The phrasing 'um den Ball auf der Strecke zu halten' (to keep the ball on the track) is also unclear — 'Strecke' typically means a straight track or course, not a curve. The options are poorly aligned with the question’s ambiguity. The answer 'Verwenden Sie einen Seitenwurf, um es zu führen' uses 'es' (it), which does not match 'den Ball' (the ball) in the question, creating a pronoun inconsistency.","Sie begegnen einer scharfen Kurve auf einem Baseball-Feld. Wie passen Sie sich an, um den Ball auf der gewünschten Bahn zu halten?","['A. Werfen Sie schneller, um den Ball durch die Kurve zu bringen', 'B. Verwenden Sie einen Seitenwurf, um den Ball präzise zu leiten', 'C. Verlangsamen Sie, um Ihr Ziel besser anzupassen', 'D. Zielen Sie darauf ab, dass die Kanten des Balls auf dem richtigen Weg bleiben']","Verwenden Sie einen Seitenwurf, um den Ball präzise zu leiten"
SBQ,SBQ_Germany.xlsx,Klootschießen,Der Kurs ist nass und der Ball gleitet zu viel. Wie können Sie die Kontrolle wiedererlangen?,"A. Wirf härter, um Traktion zu erlangen B. Verwenden Sie einen Seitenwurf, um das Gleiten zu reduzieren C. Verlangsamen Sie, um ein weiteres Gleiten zu vermeiden D. Anstreben Sie einen höheren Bogen, um das Gleiten zu verringern","Verwenden Sie einen Seitenwurf, um das Gleiten zu reduzieren",0,"The question refers to 'Kurs' (course) and 'Ball gleitet' (ball slides), which is ambiguous and inconsistent with typical sports terminology. 'Kurs' usually refers to a route or course, not a surface like a wet field or court. The context suggests a wet playing surface (e.g., soccer field, basketball court), but the term 'Kurs' is misleading. Also, the correct answer mentions 'Seitenwurf' (sidearm throw), which implies a throwing motion — but the question does not specify any throwing activity. This mismatch makes the question illogical. The scenario should refer to a ball sliding on a wet surface during a pass or kick, not a throw.",Der Platz ist nass und der Ball gleitet zu viel. Wie können Sie die Kontrolle wiedererlangen?,"['A. Werfen Sie härter, um Traktion zu erlangen', 'B. Verwenden Sie einen Seitenwurf, um das Gleiten zu reduzieren', 'C. Verlangsamen Sie, um ein weiteres Gleiten zu vermeiden', 'D. Anstreben Sie einen höheren Bogen, um das Gleiten zu verringern']","C. Verlangsamen Sie, um ein weiteres Gleiten zu vermeiden"
SBQ,SBQ_Germany.xlsx,Klootschießen,"Der Ball rollt zu einem kleinen Bach. Wie vermeiden Sie es, wenn Sie hineinfallen?","A. Wirf schneller um, um es zu umgehen B. Verwenden Sie einen Seitenwurf, um ihn wegzusperren C. Ziehen Sie die linke Seite an, um sie zu vermeiden D. Verlangsamen und sorgfältig einstellen","Verwenden Sie einen Seitenwurf, um ihn wegzusperren",0,"The question is about a ball rolling toward a small stream and asks how to avoid falling in, but the options refer to actions like 'Seitenwurf' (side throw) and 'zusperren' (seal off), which are unrelated to avoiding falling into a stream. The scenario is inconsistent with the answer — these are soccer/football techniques, not safety measures for a stream. The correct answer does not logically follow from the question.","Der Ball rollt zu einem kleinen Bach. Wie vermeiden Sie, dass Sie hineinfallen?","['A. Schneller laufen, um den Ball zu erreichen', 'B. Den Bach umgehen, indem Sie seitlich ausweichen', 'C. Den Ball mit dem Fuß wegschlagen', 'D. Anhalten und vorsichtig näher treten']","B. Den Bach umgehen, indem Sie seitlich ausweichen"
SBQ,SBQ_Germany.xlsx,Klootschießen,"Ihr Ball geht zu einem engen Raum zwischen zwei Bäumen. Wie stellt man sicher, dass es durchgeht?","A. Wirf härter, um es zu räumen B. Verwenden Sie einen Seitenwurf, um sich durchzudrücken C. Langsamer werden, um das Ziel anzupassen D. Ziehen Sie die richtige Seite an, um es zu bestehen","Verwenden Sie einen Seitenwurf, um sich durchzudrücken",0,"The question is not factually correct in the context of sports. The phrasing 'Ihr Ball geht zu einem engen Raum zwischen zwei Bäumen' implies the ball is already in motion and going to a narrow space, which is not a typical scenario for decision-making in sports like golf or tennis. Moreover, the options use inconsistent and vague terminology (e.g., 'Ziehen Sie die richtige Seite an', 'Langsamer werden') that do not clearly relate to standard sports techniques. The correct answer option 'Verwenden Sie einen Seitenwurf, um sich durchzudrücken' is also not a standard or logical technique for navigating a ball between trees — a sidearm throw is not typically used in ball sports like golf or tennis for this purpose. The entire question lacks a clear sport context and technical accuracy.","Ihr Ball liegt zwischen zwei Bäumen mit nur wenig Platz zum Schlag. Was ist die beste Technik, um den Ball sicher durchzubringen?","['A. Schlagen Sie härter, um den Ball durchzupressen', 'B. Verwenden Sie einen Seitenwurf, um den Ball zwischen den Bäumen zu leiten', 'C. Spielen Sie einen sanften, kontrollierten Schlag mit einer höheren Bahn', 'D. Ziehen Sie die Schlägerseite nach außen, um den Ball zu lenken']","C. Spielen Sie einen sanften, kontrollierten Schlag mit einer höheren Bahn"
SBQ,SBQ_Germany.xlsx,Klootschießen,"Der Ball geht zu einem Hügel. Wie stellen Sie sicher, dass es nicht wieder nach unten rollt?","A. Werfen Sie härter, um bergauf zu schieben B. Verwenden Sie einen Seitenwurf, um die Geschwindigkeit zu steuern C. Verlangsamen Sie, um zu vermeiden, den Schwung zu verlieren D. Ziehen Sie die linke Seite langsam ab","Verwenden Sie einen Seitenwurf, um die Geschwindigkeit zu steuern",0,"The question 'Der Ball geht zu einem Hügel. Wie stellen Sie sicher, dass es nicht wieder nach unten rollt?' is factually incorrect and illogical because a ball rolling toward a hill will naturally roll back down due to gravity unless acted upon by external forces. The phrasing 'es nicht wieder nach unten rollt' (it doesn't roll back down) implies preventing rollback after reaching the top, which is physically implausible for a ball without anchoring or continuous force. Additionally, none of the options address realistic physics-based solutions (e.g., stopping the ball, using friction, or securing it). The provided answer 'Verwenden Sie einen Seitenwurf, um die Geschwindigkeit zu steuern' (Use a side throw to control speed) is irrelevant to preventing rollback after reaching a hill.","Der Ball rollt einen Hügel hinauf. Wie können Sie verhindern, dass er nach dem Erreichen des Gipfels zurückrollt?","['A. Werfen Sie härter, um bergauf zu schieben', 'B. Verwenden Sie einen Seitenwurf, um die Geschwindigkeit zu steuern', 'C. Halten Sie den Ball am Gipfel mit Ihrer Hand fest', 'D. Ziehen Sie die linke Seite langsam ab']",C. Halten Sie den Ball am Gipfel mit Ihrer Hand fest
SBQ,SBQ_Germany.xlsx,Klootschießen,"Es gibt einen großen Felsbrocken, der den Weg blockiert. Wie vermeiden Sie es?","A. Werfen Sie härter, um es durchzubrechen B. Verwenden Sie einen Seitenwurf, um um ihn herum zu steuern C. Langsamer werden, um das Ziel anzupassen D. Ziel ist das Zentrum, es zu klären","Verwenden Sie einen Seitenwurf, um um ihn herum zu steuern",0,"The question is about avoiding a large rock blocking a path, but it lacks context of the sport or activity (e.g., curling, bowling, soccer, etc.). Without this, the options are ambiguous and not logically tied to any specific sport. Option D is grammatically incorrect and nonsensical ('Ziel ist das Zentrum, es zu klären'). The correct answer implies a throwing motion (Seitenwurf), which suggests curling or similar, but the question doesn't state that.","Beim Curling blockiert ein großer Stein den Weg zur Zielzone. Wie vermeiden Sie es, den Stein zu treffen?","['A. Werfen Sie härter, um ihn durchzubrechen', 'B. Verwenden Sie einen Seitenwurf, um um ihn herum zu steuern', 'C. Langsamer werden, um das Ziel anzupassen', 'D. Ziel ist das Zentrum, es zu klären']","B. Verwenden Sie einen Seitenwurf, um um ihn herum zu steuern"
SBQ,SBQ_Germany.xlsx,Klootschießen,"Ihr Ball ist kurz davor, einen Blätterhaufen in der Mitte des Pfades zu treffen. Wie passen Sie Ihren Wurf an?","A. Sich schneller werfen, um durchzudrücken B. Verwenden Sie einen Seitenwurf, um ihn herumzuleiten C. Langsamer werden, um zu vermeiden, dass sie stecken bleiben D. Ziehen Sie die linke Seite an, um sie zu umgehen","Verwenden Sie einen Seitenwurf, um ihn herumzuleiten",0,"The question is about a ball about to hit a pile of leaves on a path, but the context is ambiguous — it does not specify the sport. In golf, leaves on a path are common, and a side shot is a valid strategy, but in other sports like tennis or baseball, this scenario doesn't make sense. Additionally, the correct answer option uses 'sie' (they) instead of 'es' (it), which is a grammatical error in German. The pronoun reference is inconsistent with 'Ball' (masculine). Also, option D uses 'linke Seite' (left side), which is unclear without context of the player's stance.","Ihr Ball ist kurz davor, einen Blätterhaufen auf dem Fairway zu treffen. Wie passen Sie Ihren Wurf an?","['A. Schneller werfen, um durchzudrücken', 'B. Einen Seitenwurf verwenden, um ihn herumzuleiten', 'C. Langsamer werfen, um zu vermeiden, dass er stecken bleibt', 'D. Die linke Seite anziehen, um ihn zu umgehen']","B. Einen Seitenwurf verwenden, um ihn herumzuleiten"
SBQ,SBQ_Germany.xlsx,Klootschießen,Sie nähern sich dem Ende des Kurses und möchten die letzte Rolle des Balls kontrollieren. Was solltest du tun?,"A. Wirf härter, um es zu stoppen B. Verwenden Sie einen Seitenwurf, um es zu verlangsamen C. Ziel ist das Zentrum, es zu stabilisieren D. Verlangsamen Sie, um seinen Weg einzustellen","Verwenden Sie einen Seitenwurf, um es zu verlangsamen",0,"The question is ambiguous and lacks context — it does not specify the sport or the type of 'Kurs' (course) being referred to. The term 'letzte Rolle des Balls' (last roll of the ball) suggests a bowling or curling context, but the suggested answer ('Seitenwurf' — side throw) is inconsistent with rolling motion; a side throw implies a projectile motion, not controlling a rolling ball. The correct technique to control the final roll of a ball in sports like curling or bowling is not a 'Seitenwurf' but rather adjusting speed, direction, or applying spin. The provided answer is factually incorrect for any standard ball-rolling sport.","Sie nähern sich dem Ende des Kurses und möchten die letzte Rolle des Balls kontrollieren. Was solltest du tun, um den Ball sanft zum Stillstand zu bringen?","['A. Wirf härter, um es zu stoppen', 'B. Verwenden Sie einen Seitenwurf, um es zu verlangsamen', 'C. Ziel auf das Zentrum, um es zu stabilisieren', 'D. Verlangsamen Sie Ihre Bewegung, um seinen Weg einzustellen']","D. Verlangsamen Sie Ihre Bewegung, um seinen Weg einzustellen"
SBQ,SBQ_Germany.xlsx,Klootschießen,Ihr Ball geht zu einer großen Pfütze. Wie vermeiden Sie es?,"A. Verwenden Sie einen Seitenwurf, um um ihn herum zu steuern B. Werfen Sie härter, um es zu umgehen C. Verlangsamen Sie, um zu spritzen D. Ziehen Sie die Kanten an, um dies zu vermeiden","Verwenden Sie einen Seitenwurf, um um ihn herum zu steuern",0,"The question is unclear and contextually incorrect. It mentions 'Ihr Ball geht zu einer großen Pfütze' (Your ball goes to a large puddle), but in sports like soccer, football, or rugby, a ball does not 'go to' a puddle as an action to be avoided — it's an accidental occurrence. The phrasing implies the ball is moving toward the puddle intentionally, which is illogical. Additionally, the correct answer 'Verwenden Sie einen Seitenwurf, um um ihn herum zu steuern' (Use a side throw to steer around it) suggests a throwing action, which is not typical in soccer (the most likely context for a puddle on a field). The question lacks sport-specific context and the answer implies an incorrect action (throwing).",Ihr Ball rollt in eine große Pfütze. Wie vermeiden Sie das?,"['A. Verwenden Sie einen Seitenwurf, um um sie herum zu spielen', 'B. Treten Sie härter, um ihn zu überspringen', 'C. Verlangsamen Sie, um nicht hineinzurutschen', 'D. Ziehen Sie die Kanten an, um dies zu vermeiden']","C. Verlangsamen Sie, um nicht hineinzurutschen"
SBQ,SBQ_Germany.xlsx,Klootschießen,"Der Ball ist kurz davor, auf einem Stück weicher Gras zu landen. Was tun Sie, um die Geschwindigkeit aufrechtzuerhalten?","A. Wirf schneller, um es durchzuführen B. Verwenden Sie einen Seitenwurf, um die Geschwindigkeit zu steuern C. Langsamer werden, um das Ziel anzupassen D. Zielen Sie darauf ab, dass das Zentrum es stabil hält","Verwenden Sie einen Seitenwurf, um die Geschwindigkeit zu steuern",0,"The question is factually incorrect and logically flawed. It describes a ball about to land on soft grass and asks how to 'maintain speed', but the context implies a throwing or passing scenario without specifying the sport or action. The correct answer mentions 'Seitenwurf' (sidearm throw), which is not a standard technique to maintain speed on soft grass — it's typically used for trajectory control, not speed maintenance. Also, soft grass would naturally slow a ball down; the question implies an action to counteract this, but none of the options logically address physics or sport-specific technique correctly. The scenario is ambiguous and not grounded in any clear sport rule or physical principle.","Der Ball ist kurz davor, auf einem Stück weichem Gras zu landen. Was tun Sie, um die Flugbahn zu kontrollieren und den Ball nicht zu sehr abzubremsen?","['A. Werfen Sie schneller, um die Geschwindigkeit zu erhalten', 'B. Verwenden Sie einen Seitenwurf, um die Flugbahn zu steuern', 'C. Verringern Sie die Wurfkraft, um das Ziel besser anzupassen', 'D. Zielen Sie auf das Zentrum, damit der Ball stabil bleibt']","B. Verwenden Sie einen Seitenwurf, um die Flugbahn zu steuern"
SBQ,SBQ_Germany.xlsx,Klootschießen,"Der Weg vor uns ist eng und kurvenreich. Wie stellen Sie sicher, dass Ihr Ball auf Kurs bleibt?","A. Wirf härter, um den Schwung aufrechtzuerhalten B. Verwenden Sie einen Seitenwurf, um Kurven zu navigieren C. Verlangsamen Sie, um Ihren Weg anzupassen D. Zielen Sie darauf ab, dass die Kanten auf dem richtigen Weg bleiben","Verwenden Sie einen Seitenwurf, um Kurven zu navigieren",0,"The question is in German and refers to a ball navigating a narrow, winding path, but it lacks any clear sport context. The correct answer ('Verwenden Sie einen Seitenwurf, um Kurven zu navigieren') suggests a throwing sport like disc golf or curling, but none of the options are sport-specific or logically tied to a known rule or technique. The phrasing 'Der Weg vor uns ist eng und kurvenreich' is metaphorical and not grounded in any standard sports scenario, making the question ambiguous and factually invalid. Additionally, option D is grammatically unclear ('die Kanten auf dem richtigen Weg bleiben') and does not make sense in any sport context.","Beim Disc-Golf müssen Sie Ihren Disc durch eine enge, kurvenreiche Strecke führen. Wie stellen Sie sicher, dass die Disc auf Kurs bleibt?","['A. Werfen Sie härter, um den Schwung aufrechtzuerhalten', 'B. Verwenden Sie einen Seitenwurf, um Kurven zu navigieren', 'C. Verlangsamen Sie, um Ihren Weg anzupassen', 'D. Zielen Sie darauf ab, dass die Kanten auf dem richtigen Weg bleiben']","Verwenden Sie einen Seitenwurf, um Kurven zu navigieren"
SBQ,SBQ_Germany.xlsx,Klootschießen,"Ihr Ball rollt zu einer scharfen Kurve. Wie stellen Sie sich ein, um das Überschwingen der Kurve zu verhindern?","A. Verwenden Sie einen Seitenwurf, um es zu führen B. Wirf schneller, um die Wendung zu räumen C. Verlangsamen Sie, um den Pfad anzupassen D. Ziehen Sie die Kanten an, um dies zu vermeiden","Verwenden Sie einen Seitenwurf, um es zu führen",0,"The question is factually incorrect and logically flawed. In sports such as soccer or hockey, a ball rolling toward a sharp curve (turn) cannot be 'led' with a 'side throw' (Seitenwurf) to prevent overshooting — this is not a standard or logical technique. The correct action to prevent overshooting a curve is to slow down or adjust trajectory, not throw the ball. Additionally, 'Seitenwurf' typically refers to a throw-in in soccer, which is irrelevant to controlling a rolling ball around a curve. The answer provided is not valid in any standard sports context.","Ihr Ball rollt zu einer scharfen Kurve. Wie verhalten Sie sich, um das Überschwingen der Kurve zu vermeiden?","['A. Verwenden Sie einen Seitenwurf, um es zu führen', 'B. Wirf schneller, um die Wendung zu räumen', 'C. Verlangsamen Sie, um den Pfad anzupassen', 'D. Ziehen Sie die Kanten an, um dies zu vermeiden']","C. Verlangsamen Sie, um den Pfad anzupassen"
SBQ,SBQ_Germany.xlsx,Klootschießen,Ihr Ball geht zu einem Baumstumpf. Wie vermeiden Sie es?,"A. Wirf schneller, um es zu räumen B. Verwenden Sie einen Seitenwurf, um um ihn herum zu steuern C. Verlangsamen Sie, um zu vermeiden, es zu treffen D. Ziehen Sie die linke Seite an, um sie zu vermeiden","Verwenden Sie einen Seitenwurf, um um ihn herum zu steuern",0,"The question is about a ball going to a tree stump, but the context is unclear — it does not specify the sport. The options include terms like 'Seitenwurf' (side throw) and 'werfen' (throw), which suggest a throwing sport like baseball, softball, or cricket, but none of these sports typically involve 'tree stumps' as obstacles in standard play. The scenario is unrealistic and not grounded in any recognized sports rule or common training situation. Additionally, option D ('Ziehen Sie die linke Seite an') is grammatically unclear and does not logically relate to avoiding a tree stump in a throwing context.","Ihr Ball rollt auf dem Feld zu einem Hindernis. Wie vermeiden Sie es, das Hindernis zu treffen?","['A. Werfen Sie schneller, um es zu überwinden', 'B. Verwenden Sie einen Seitenwurf, um um es herum zu steuern', 'C. Verlangsamen Sie, um zu vermeiden, es zu treffen', 'D. Ziehen Sie die linke Seite an, um es zu vermeiden']","Verwenden Sie einen Seitenwurf, um um es herum zu steuern"
SBQ,SBQ_Germany.xlsx,Klootschießen,Die Kugel geht auf einen Stück Eis auf dem Weg. Was solltest du tun?,"A. Härter werfen, um durchzubrechen B. Verwenden Sie einen Seitenwurf, um das Gleiten zu vermeiden C. Langsamer werden, um das Ausrutschen zu verringern D. Ziehen Sie die Kanten an, um dies zu vermeiden","Verwenden Sie einen Seitenwurf, um das Gleiten zu vermeiden",0,"The question is factually incorrect and nonsensical. 'Die Kugel geht auf einen Stück Eis auf dem Weg' translates to 'The ball goes on a piece of ice on the way,' which is not a coherent scenario in any known sport. It appears to confuse curling terminology (where stones are slid on ice) with incorrect phrasing. The term 'Kugel' (ball) is not used in curling; 'Stein' (stone) is. Also, 'Stück Eis' (piece of ice) is not a standard surface description. The correct context should be curling on ice, and the action should relate to delivering the stone properly.",Die Stein geht auf einem Eisstück auf dem Weg. Was solltest du tun?,"['Härter werfen, um durchzubrechen', 'Verwenden Sie einen Seitenwurf, um das Gleiten zu vermeiden', 'Langsamer werden, um das Ausrutschen zu verringern', 'Ziehen Sie die Kanten an, um dies zu vermeiden']","Verwenden Sie einen Seitenwurf, um das Gleiten zu vermeiden"
SBQ,SBQ_Germany.xlsx,Klootschießen,"Sie nähern sich einer schmalen Lücke zwischen zwei Felsen. Wie stellt man sicher, dass der Ball durchgeht?","A. Werfen Sie härter, um die Lücke zu räumen B. Verwenden Sie einen Seitenwurf, um ihn durchzuführen C. Langsamer werden, um sorgfältig einzustellen D. Ziel ist das Zentrum, es zu bestehen","Verwenden Sie einen Seitenwurf, um ihn durchzuführen",0,"The question is about approaching a narrow gap between rocks and how to ensure the ball passes through, but the correct answer 'Verwenden Sie einen Seitenwurf, um ihn durchzuführen' (Use a side throw to get it through) is not logically consistent with the context. A side throw is typically used to avoid obstacles or curve around them, not to pass through a narrow gap between rocks — which requires precision and control, not lateral trajectory. The most logical answer should be to slow down and aim carefully. Also, option D ('Ziel ist das Zentrum, es zu bestehen') is grammatically incorrect and unclear. The question lacks clarity and the correct answer is factually misleading.","Sie nähern sich einer schmalen Lücke zwischen zwei Felsen. Wie stellen Sie sicher, dass der Ball durch die Lücke hindurchgeht?","['A. Werfen Sie härter, um die Lücke zu räumen', 'B. Verwenden Sie einen Seitenwurf, um ihn durchzuführen', 'C. Verlangsamen Sie, um präzise zu zielen', 'D. Zielen Sie auf das Zentrum der Lücke']",D. Zielen Sie auf das Zentrum der Lücke
SBQ,SBQ_Germany.xlsx,Klootschießen,"Der Ball geht zu einer steilen Steigung. Wie stellen Sie sicher, dass es nicht wieder nach unten rollt?","A. Werfen Sie härter, um die Steigung zu räumen B. Verwenden Sie einen Seitenwurf, um die Kontrolle aufrechtzuerhalten C. Langsamer werden, um Schwung zu halten D. Ziehen Sie die linke Seite langsam ab","Verwenden Sie einen Seitenwurf, um die Kontrolle aufrechtzuerhalten",0,"The question is factually incorrect and nonsensical in a sports context. 'Der Ball geht zu einer steilen Steigung' (The ball goes to a steep slope) is not a standard sports scenario, and none of the options logically relate to controlling a ball on a slope in any recognized sport. The correct answer provided ('Verwenden Sie einen Seitenwurf...') implies a throwing motion, which contradicts the premise of a ball rolling downhill. The entire setup lacks real-world sports validity.","Der Ball rollt eine steile Hangfläche hinunter. Wie können Sie verhindern, dass er weiterrollt?","['A. Werfen Sie härter, um die Steigung zu räumen', 'B. Verwenden Sie einen Seitenwurf, um die Kontrolle aufrechtzuerhalten', 'C. Halten Sie den Ball mit den Händen fest', 'D. Ziehen Sie die linke Seite langsam ab']",C. Halten Sie den Ball mit den Händen fest
SBQ,SBQ_Germany.xlsx,Klootschießen,Der Weg ist felsig und Ihr Ball hüpft vom Kurs ab. Wie können Sie die Kontrolle wiedererlangen?,"A. Härter werfen, um die Kontrolle zurückzugewinnen B. Verwenden Sie einen Seitenwurf, um ihn zu stabilisieren C. Verlangsamen Sie, um die Geschwindigkeit einzustellen D. Ziel ist das Zentrum, es zu stabilisieren","Verwenden Sie einen Seitenwurf, um ihn zu stabilisieren",0,"The question is about a ball bouncing off course on a rocky path, but the context is unclear — it does not specify the sport. The term 'Seitenwurf' (side throw) is not a standard technique in any major sport for stabilizing a bouncing ball on rocky terrain. The options mix concepts from different sports (e.g., throwing, aiming, speed control), making the question logically inconsistent. The correct answer provided ('Verwenden Sie einen Seitenwurf...') is not factually valid in any recognized sport context.",Der Weg ist felsig und Ihr Ball hüpft unkontrolliert ab. Wie können Sie die Kontrolle über den Ball wiedererlangen?,"['A. Härter werfen, um die Kontrolle zurückzugewinnen', 'B. Einen unteren Wurf mit mehr Kontrolle verwenden, um den Ball zu stabilisieren', 'C. Verlangsamen Sie die Bewegung, um die Geschwindigkeit einzustellen', 'D. Ziel auf das Zentrum des Pfades, um den Ball zu stabilisieren']","C. Verlangsamen Sie die Bewegung, um die Geschwindigkeit einzustellen"
SBQ,SBQ_Germany.xlsx,Klootschießen,Der bevorstehende Kurs ist voller Hindernisse. Wie navigieren Sie durch sie?,"A. Verwenden Sie einen Seitenwurf, um jedes Hindernis umzugehen B. Wirf härter, um es durchzuführen C. Verlangsamen Sie und passen Sie Ihr Ziel sorgfältig an D. Ziehen Sie die Kanten an, um dies zu vermeiden","Verwenden Sie einen Seitenwurf, um jedes Hindernis umzugehen",0,"The question is about navigating obstacles in a course, but it is not clearly tied to any specific sport. The correct answer mentions 'Seitenwurf' (side throw), which is not a standard or logical technique for navigating obstacles in most sports. This makes the question ambiguous and factually inconsistent. The options do not align with any recognized sports technique for obstacle navigation.",Beim Kugelstoßen müssen Sie eine Hindernisbahn überwinden. Wie gehen Sie vor?,"['A. Verwenden Sie einen Seitenwurf, um jedes Hindernis umzugehen', 'B. Werfen Sie härter, um es durchzuführen', 'C. Verlangsamen Sie und passen Sie Ihr Ziel sorgfältig an', 'D. Ziehen Sie die Kanten an, um dies zu vermeiden']",C. Verlangsamen Sie und passen Sie Ihr Ziel sorgfältig an
SBQ,SBQ_Germany.xlsx,Klootschießen,"Der Ball ist kurz davor, eine große Pfütze zu treffen. Wie passen Sie Ihren Wurf an?","A. Verwenden Sie einen Seitenwurf, um es zu vermeiden B. Wirf schneller um, um es zu umgehen C. Verlangsamen Sie, um zu spritzen D. Ziel ist das Zentrum, es zu klären","Verwenden Sie einen Seitenwurf, um es zu vermeiden",0,"The question is logically flawed because it describes a ball about to hit a puddle, but the context of 'Wurf' (throw) implies the player is throwing something (likely the ball), not the ball itself being thrown. This creates confusion: is the player throwing the ball toward the puddle, or is the ball in motion? The phrasing 'Der Ball ist kurz davor, eine große Pfütze zu treffen' suggests the ball is the subject moving toward the puddle, but then the options refer to 'Ihren Wurf' (your throw), which implies the player is making a throw. This mismatch makes the question incoherent. Additionally, option D is grammatically incorrect and unclear ('Zentrum, es zu klären').","Sie werfen den Ball, und er ist kurz davor, eine große Pfütze zu treffen. Wie passen Sie Ihren Wurf an?","['A. Verwenden Sie einen Seitenwurf, um es zu vermeiden', 'B. Werfen Sie schneller, um es zu umgehen', 'C. Verlangsamen Sie den Wurf, um zu spritzen', 'D. Ziel auf das Zentrum, um es zu klären']","A. Verwenden Sie einen Seitenwurf, um es zu vermeiden"
SBQ,SBQ_Germany.xlsx,Klootschießen,"Sie nähern sich einem Stück Schlamm. Wie passen Sie Ihren Wurf an, um zu vermeiden, dass Sie stecken bleiben?","A. Sich härter machen, um durchzuführen B. Verwenden Sie einen Seitenwurf, um es zu vermeiden C. Langsamer werden, um die Geschwindigkeit zu reduzieren D. Ziehen Sie die linke Seite an, um sie zu vermeiden","Verwenden Sie einen Seitenwurf, um es zu vermeiden",0,"The question is not factually or logically correct in the context of sports. 'Schlamm' (mud) and 'Wurf' (throw) suggest a scenario that does not align with any standard sports rule or technique. In sports like American football, rugby, or baseball, players do not typically adjust throws to avoid getting stuck in mud by using a side throw — this is not a recognized or logical sports technique. The question is nonsensical in a sports context.","Sie nähern sich einem Pfützenbereich auf dem Feld. Wie passen Sie Ihren Wurf an, um die Kontrolle und Genauigkeit zu bewahren?","['A. Sich härter machen, um durchzuführen', 'B. Verwenden Sie einen Seitenwurf, um die Kontrolle zu verbessern', 'C. Langsamer werden, um die Geschwindigkeit zu reduzieren', 'D. Ziehen Sie die linke Seite an, um sie zu vermeiden']","B. Verwenden Sie einen Seitenwurf, um die Kontrolle zu verbessern"
SBQ,SBQ_Germany.xlsx,Klootschießen,"Ihr Ball nähert sich einer scharfen Kurve. Wie passen Sie Ihren Wurf an, um auf Kurs zu bleiben?","A. Wirf härter, um es durchzuführen B. Verwenden Sie einen Seitenwurf, um ihn herumzuleiten C. Langsamer werden, um das Überschwingen zu verhindern D. Ziehen Sie die linke Seite langsam ab","Verwenden Sie einen Seitenwurf, um ihn herumzuleiten",0,"The question is about a ball approaching a sharp curve, but the context is unclear — it does not specify the sport. The term 'Wurf' (throw) is inconsistent with typical ball control in curves (e.g., in soccer, tennis, or golf). The correct answer suggests a 'Seitenwurf' (side throw), which is not a standard technique for navigating a curve in any major sport. The options are logically inconsistent with the question’s implied context. The question needs to specify the sport and use appropriate terminology (e.g., 'Schuss' in soccer, 'Fahrt' in curling, 'Bahnkontrolle' in golf).","Ihr Ball nähert sich einer scharfen Kurve auf dem Golfplatz. Wie passen Sie Ihren Schlag an, um auf Kurs zu bleiben?","['A. Schlagen Sie härter, um es durchzuführen', 'B. Verwenden Sie einen Seitenwurf, um ihn herumzuleiten', 'C. Verringern Sie die Schlagkraft, um das Überschwingen zu verhindern', 'D. Ziehen Sie die linke Seite langsam ab']","C. Verringern Sie die Schlagkraft, um das Überschwingen zu verhindern"
SBQ,SBQ_Germany.xlsx,Klootschießen,"Der Ball ist kurz davor, einen Sandketten zu treffen. Wie vermeiden Sie es sinken?","A. Wirf härter durch, um durchzusetzen B. Verwenden Sie einen Seitenwurf, um ihn herumzuleiten C. Langsamer werden, um zu vermeiden, dass sie stecken bleiben D. Zielen Sie darauf ab, dass die Kanten es umgehen können","Verwenden Sie einen Seitenwurf, um ihn herumzuleiten",0,"The question contains a factual error: 'Sandketten' is not a valid term in sports or ball games. It appears to be a mistranslation or misstatement of 'Sandkasten' (sand trap) or 'Sandbunker' (sand bunker), commonly found in golf. The context suggests a golf scenario where a ball is about to enter a sand trap, and the question asks how to avoid sinking (getting stuck). The original options also use inconsistent or incorrect terminology (e.g., 'sie stecken bleiben' refers to 'they' getting stuck, but the subject is 'der Ball'). The answer choice B is logically correct for golf, but the question and options need minimal linguistic correction to reflect standard terminology.","Der Ball ist kurz davor, in einen Sandbunker zu fallen. Wie vermeiden Sie, dass er stecken bleibt?","['A. Wirf härter durch, um durchzusetzen', 'B. Verwenden Sie einen Seitenwurf, um ihn herumzuleiten', 'C. Langsamer werden, um zu vermeiden, dass er stecken bleibt', 'D. Zielen Sie darauf ab, dass die Kanten ihn umgehen können']","Verwenden Sie einen Seitenwurf, um ihn herumzuleiten"
SBQ,SBQ_Germany.xlsx,Klootschießen,Sie nähern sich einer scharfen Kurve und müssen die Geschwindigkeit des Balls steuern. Was machst du?,"A. Wirf schneller, um die Wendung zu räumen B. Verwenden Sie einen Seitenwurf, um langsamer zu werden C. Verlangsamt, um die Geschwindigkeit zu steuern D. Ziel ist das Zentrum, es zu stabilisieren","Verwenden Sie einen Seitenwurf, um langsamer zu werden",0,"The question is factually incorrect and logically flawed. The scenario describes approaching a sharp curve and needing to 'steer the ball's speed', which is nonsensical in any known sport. Balls are not steered by human action in this way during curves; the concept of using a 'side throw' to slow down a ball in a curve is not a valid sports technique. The options also mix grammatical errors and unclear phrasing. The correct answer option is not a coherent sports instruction.",Sie nähern sich einer scharfen Kurve und müssen den Ball präzise platzieren. Was tun Sie?,"['A. Werfen Sie schneller, um die Kurve zu überwinden', 'B. Verwenden Sie einen Seitenwurf, um die Kurve besser zu nutzen', 'C. Verlangsamen Sie den Wurf, um die Kontrolle zu behalten', 'D. Zielen Sie auf das Zentrum, um die Stabilität zu erhöhen']","B. Verwenden Sie einen Seitenwurf, um die Kurve besser zu nutzen"
SBQ,SBQ_Germany.xlsx,Klootschießen,"Dein Ball geht zu einem Baum. Wie vermeiden Sie es, den Kofferraum zu treffen?","A. Verwenden Sie einen Seitenwurf, um um ihn herum zu steuern B. Wirf schneller um, um es zu umgehen C. Ziehen Sie die richtige Seite an, um sie zu vermeiden D. Verlangsamen Sie, um den Pfad anzupassen","Verwenden Sie einen Seitenwurf, um um ihn herum zu steuern",0,"The question mentions 'Dein Ball geht zu einem Baum' (Your ball goes to a tree), but then asks how to avoid hitting 'den Kofferraum' (the trunk/boot of a car), which is logically inconsistent. A ball going to a tree has no relation to a car's trunk. The context is nonsensical and not a valid sports scenario.","Dein Ball geht zu einem Baum. Wie vermeiden Sie es, den Baum zu treffen?","['A. Verwenden Sie einen Seitenwurf, um um ihn herum zu steuern', 'B. Wirf schneller um, um es zu umgehen', 'C. Ziehen Sie die richtige Seite an, um sie zu vermeiden', 'D. Verlangsamen Sie, um den Pfad anzupassen']","A. Verwenden Sie einen Seitenwurf, um um ihn herum zu steuern"
SBQ,SBQ_Germany.xlsx,Klootschießen,"Der Ball geht zu einem steilen Hang. Wie passen Sie Ihren Wurf an, um zu vermeiden, dass er zu weit rollt?","A. Wirf härter, um die Kontrolle zu erlangen B. Verwenden Sie einen Seitenwurf, um die Geschwindigkeit zu reduzieren C. Langsamer werden, um den Schwung einzustellen D. Ziel ist das Zentrum, es zu stabilisieren","Verwenden Sie einen Seitenwurf, um die Geschwindigkeit zu reduzieren",0,"The question is not factually correct in a sports context. 'Der Ball geht zu einem steilen Hang' (The ball goes to a steep slope) is ambiguous — it doesn't specify the sport. In sports like golf, cricket, or baseball, balls rolling down slopes are common, but the recommended action 'Seitenwurf' (sidearm throw) is not a standard or logical technique to reduce roll on a slope. Throwing a ball again on a slope doesn't make sense if the ball is already rolling; the goal would be to control the throw *to* the slope, not react after it's rolling. The correct strategy is to throw with less force or a higher arc, not a sidearm throw. Also, option C 'Langsamer werden, um den Schwung einzustellen' is vague and grammatically awkward. The question and options lack clarity and sports logic.","Der Ball soll auf einen steilen Hang geworfen werden. Wie passen Sie Ihren Wurf an, um zu vermeiden, dass er zu weit rollt?","['A. Wirf härter, um die Kontrolle zu erlangen', 'B. Verwenden Sie einen Seitenwurf, um die Geschwindigkeit zu reduzieren', 'C. Werfen Sie mit weniger Kraft, um das Rollen zu begrenzen', 'D. Ziel ist das Zentrum, um es zu stabilisieren']","C. Werfen Sie mit weniger Kraft, um das Rollen zu begrenzen"
SBQ,SBQ_Germany.xlsx,Klootschießen,"Sie müssen sicherstellen, dass Ihr Ball nicht in einer Wassergefahr landet. Was machst du?","A. Verwenden Sie einen Seitenwurf, um es zu vermeiden B. Wirf härter, um es zu räumen C. Langsamer werden, um die Richtung zu steuern D. Ziehen Sie die linke Seite an, um sie zu umgehen","Verwenden Sie einen Seitenwurf, um es zu vermeiden",0,"The question is in German but refers to a sports context that is ambiguous. 'Wassergefahr' (water hazard) is a golf term, but the options include 'Seitenwurf' (side throw), which is not a golf term—it's used in handball or basketball. This mismatch makes the question factually incorrect. Golfers do not perform 'Seitenwürfe'; they use 'Lay-ups', 'Fairway woods', or 'Chip shots' to avoid water hazards. The correct golf technique to avoid a water hazard is not a side throw.","Sie müssen sicherstellen, dass Ihr Ball nicht in einem Wassereinlauf landet. Was tun Sie im Golf?","['A. Verwenden Sie einen Seitenwurf, um es zu vermeiden', 'B. Schlagen Sie härter, um es zu überspringen', 'C. Wählen Sie einen anderen Schläger und spielen Sie vorsichtiger, um die Richtung zu steuern', 'D. Ziehen Sie die linke Seite an, um sie zu umgehen']","C. Wählen Sie einen anderen Schläger und spielen Sie vorsichtiger, um die Richtung zu steuern"
SBQ,SBQ_Germany.xlsx,Klootschießen,Der Ball rollt zu einem ungleichmäßigen Boden. Wie können Sie die Kontrolle wiedererlangen?,"A. Wirf härter, um den Schwung wiederzugewinnen B. Verwenden Sie einen Seitenwurf, um sich anzupassen C. Langsamer werden, um die Richtung zu steuern D. Ziel ist das Zentrum, es zu stabilisieren","Verwenden Sie einen Seitenwurf, um sich anzupassen",0,"The question is about a ball rolling on an uneven ground and asks how to regain control, but the correct answer mentions 'Seitenwurf' (side throw), which is inconsistent with a rolling ball — a throw implies an action not applicable to a ball already in motion on the ground. The scenario and answer do not logically align. The question should refer to a ball in play requiring directional adjustment, such as in soccer or handball, where a side throw or pass might be relevant.",Der Ball rollt auf unebenem Boden und verliert die Richtung. Wie können Sie die Kontrolle wiedererlangen?,"['A. Wirf härter, um den Schwung wiederzugewinnen', 'B. Verwende einen Seitenpass, um die Richtung zu korrigieren', 'C. Verlangsame dich, um die Richtung zu steuern', 'D. Ziel auf das Zentrum, um ihn zu stabilisieren']","B. Verwende einen Seitenpass, um die Richtung zu korrigieren"
SBQ,SBQ_Germany.xlsx,Klootschießen,"Ihr Ball rollt zu einem schmalen Durchgang zwischen zwei Felsen. Was solltest du tun, um durchzukommen?","A. Werfen Sie härter, um die Lücke zu räumen B. Verwenden Sie einen Seitenwurf, um ihn durchzuführen C. Langsamer werden, um die Felsen zu vermeiden D. Ziel ist das Zentrum, es zu bestehen","Verwenden Sie einen Seitenwurf, um ihn durchzuführen",0,"The question is about a ball rolling through a narrow gap between rocks, but the phrasing 'Ihr Ball rollt' (Your ball rolls) implies an ongoing action, while the options suggest a deliberate action to take (throw, aim, etc.). This is inconsistent because if the ball is already rolling, you cannot 'throw' it — you must react to its motion. Also, 'Seitenwurf' (side throw) is not a natural or logical response to a rolling ball in a narrow gap; it implies an active throw, which contradicts the rolling context. The correct action should involve controlling the roll, not throwing. Additionally, option D is grammatically incorrect ('Ziel ist das Zentrum, es zu bestehen' is not proper German).","Ihr Ball rollt durch einen schmalen Durchgang zwischen zwei Felsen. Was sollten Sie tun, um den Ball sicher durchzubringen?","['A. Werfen Sie härter, um die Lücke zu räumen', 'B. Lenken Sie den Ball mit einem Seitenwurf durch den Durchgang', 'C. Verlangsamen Sie den Ball, um die Felsen zu vermeiden', 'D. Richten Sie den Ball auf das Zentrum des Durchgangs aus']",D. Richten Sie den Ball auf das Zentrum des Durchgangs aus
SBQ,SBQ_Germany.xlsx,Klootschießen,"Sie streben ein Ziel in großer Entfernung an, aber es gibt Wind. Wie solltest du werfen?","A. Wirf härter, um den Wind zu überwinden B. Verwenden Sie einen höheren Bogen, um den Wind zu vermeiden C. Langsamer werden, um die Genauigkeit zu kontrollieren D. An die rechte Seite abzielen, um dem Wind entgegenzuwirken","Verwenden Sie einen höheren Bogen, um den Wind zu vermeiden",0,"The question is about throwing toward a distant target with wind, but it lacks context about the sport or type of throw (e.g., discus, javelin, football). The provided answer ('Verwenden Sie einen höheren Bogen, um den Wind zu vermeiden') is plausible in some contexts like archery or throwing a ball, but it is not universally correct or clearly aligned with the vague scenario. Option D ('An die rechte Seite abzielen, um dem Wind entgegenzuwirken') is more accurate for wind correction in many throwing sports, as wind typically pushes the object sideways, requiring an aim adjustment, not just a higher arc. The question and options are ambiguous and could mislead.","Sie werfen einen Ball auf ein Ziel in großer Entfernung, aber es weht ein seitlicher Wind. Wie sollten Sie abzielen?","['A. Werfen Sie härter, um den Wind zu überwinden', 'B. Verwenden Sie einen höheren Bogen, um den Wind zu vermeiden', 'C. Werfen Sie langsamer, um die Genauigkeit zu kontrollieren', 'D. An die Seite gegen den Wind abzielen, um dem Wind entgegenzuwirken']","D. An die Seite gegen den Wind abzielen, um dem Wind entgegenzuwirken"
SBQ,SBQ_Germany.xlsx,Klootschießen,"Der Ball geht zu einer steilen Steigung. Wie stellen Sie sicher, dass es nicht zurückrollt?","A. Verwenden Sie einen Seitenwurf, um es zu verlangsamen B. Werfen Sie härter, um bergauf zu schieben C. Ziehen Sie die linke Seite an, um sie zu leiten D. Mit mehr Kraft zur Macht werfen","Verwenden Sie einen Seitenwurf, um es zu verlangsamen",0,"The question is factually incorrect and nonsensical in a sports context. A ball going up a steep slope is not a standard sports scenario, and the phrasing 'Der Ball geht zu einer steilen Steigung' is grammatically awkward and unclear. It implies the ball is moving toward a slope rather than rolling up it. Additionally, the options are poorly worded and contain non-standard or incorrect German phrases (e.g., 'Mit mehr Kraft zur Macht werfen'). The correct answer option also uses 'verlangsamen' (slow down), which contradicts the goal of preventing rollback — slowing down would make rollback more likely. The intended concept is likely about using spin or angle to control the ball's motion on a slope, but the question and options are linguistically and logically flawed.","Der Ball rollt eine steile Steigung hinauf. Wie verhindern Sie, dass er zurückrollt?","['A. Verwenden Sie einen Seitenwurf, um eine Seitwärtsdrehung zu erzeugen', 'B. Werfen Sie härter, um ihn höher hinaufzuwerfen', 'C. Ziehen Sie die linke Seite an, um ihn zu leiten', 'D. Werfen Sie mit mehr Kraft, um die Gravitation zu überwinden']","A. Verwenden Sie einen Seitenwurf, um eine Seitwärtsdrehung zu erzeugen"
SBQ,SBQ_Germany.xlsx,Klootschießen,"Ihr Ball geht zu einem kleinen Bad im Boden. Wie vermeiden Sie es daran, Geschwindigkeit zu verlieren?","A. Wirf schneller um, um den Schwung aufrechtzuerhalten B. Verwenden Sie einen Seitenwurf, um darüber zu gleiten C. Verlangsamen Sie, um die Flugbahn anzupassen D. Ziehen Sie die rechte Seite an, um sie zu umgehen","Verwenden Sie einen Seitenwurf, um darüber zu gleiten",0,"The question contains a factual error: 'kleinen Bad im Boden' (small bath in the ground) is nonsensical in the context of sports or ball movement. It likely intends to refer to a 'Bodenloch' (hole in the ground) or 'Bodenunebenheit' (ground irregularity), as seen in sports like golf or cricket. The term 'Bad' (bath) is completely inappropriate and confuses the context.","Ihr Ball geht in ein kleines Loch im Boden. Wie vermeiden Sie es, Geschwindigkeit zu verlieren?","['A. Wirf schneller um, um den Schwung aufrechtzuerhalten', 'B. Verwenden Sie einen Seitenwurf, um darüber zu gleiten', 'C. Verlangsamen Sie, um die Flugbahn anzupassen', 'D. Ziehen Sie die rechte Seite an, um sie zu umgehen']","Verwenden Sie einen Seitenwurf, um darüber zu gleiten"
SBQ,SBQ_Germany.xlsx,Klootschießen,"Der Ball rollt zu einem Kiesfleck. Was ist der beste Weg, um zu vermeiden, dass es stecken bleibt?","A. Wirf härter durch, um durchzusetzen B. Verwenden Sie einen Seitenwurf, um darüber zu gleiten C. Ziehen Sie die linke Seite an, um sie zu vermeiden D. Langsamer werden, um die Geschwindigkeit einzustellen","Verwenden Sie einen Seitenwurf, um darüber zu gleiten",0,"The question is factually incorrect and illogical. In sports like curling or bowling, a ball rolling toward a pebble or gravel spot would not typically be avoided by a 'side throw' — this is not a standard or accurate technique. Also, 'Kiesfleck' (pebble spot) is not a standard term in sports contexts; it may be a mistranslation or misuse. The question implies a scenario that doesn't align with real sports mechanics, making it invalid as a sports MCQ.","Der Ball rollt auf eine unebene Stelle. Was ist der beste Weg, um zu vermeiden, dass er abgelenkt wird?","['A. Wirf härter, um durchzusetzen', 'B. Verwende einen Seitenwurf, um die Bahn zu korrigieren', 'C. Ziehe die linke Seite an, um die Richtung zu ändern', 'D. Verringere die Geschwindigkeit, um die Kontrolle zu behalten']","D. Verringere die Geschwindigkeit, um die Kontrolle zu behalten"
SBQ,SBQ_Germany.xlsx,Klootschießen,Sie nähern sich einem Baum mit niedrigen Zweigen. Wie sollten Sie Ihren Wurf anpassen?,"A. Werfen Sie höher, um die Zweige zu klären B. Verwenden Sie einen Seitenwurf, um es zu vermeiden C. Wirf härter, unter sie zu gehen D. Verlangsamen Sie, um den Winkel einzustellen","Werfen Sie höher, um die Zweige zu klären",0,"The question is about approaching a tree with low branches and adjusting a throw, but it lacks context about the sport or the object being thrown (e.g., basketball, frisbee, ball). This makes it ambiguous and not logically sound as a sports MCQ. The correct answer assumes a generic throwing scenario, but without specifying the activity, the question fails as a valid sports-related multiple-choice question.","Sie nähern sich einem Baum mit niedrigen Zweigen, während Sie einen Basketball werfen. Wie sollten Sie Ihren Wurf anpassen?","['A. Werfen Sie höher, um die Zweige zu klären', 'B. Verwenden Sie einen Seitenwurf, um es zu vermeiden', 'C. Werfen Sie härter, um unter den Zweigen durchzukommen', 'D. Verlangsamen Sie, um den Winkel einzustellen']","A. Werfen Sie höher, um die Zweige zu klären"
SBQ,SBQ_Germany.xlsx,Klootschießen,"Dein Ball geht auf einen Stück Eis zu. Wie stellen Sie sicher, dass es nicht zu weit gleitet?","A. Verwenden Sie einen Seitenwurf, um die Geschwindigkeit zu steuern B. Wurf schneller, um zu vermeiden, um zu rutschen C. Langsamer werden, um das Ziel anzupassen D. Ziehen Sie die richtige Seite an, um sie zu leiten","Verwenden Sie einen Seitenwurf, um die Geschwindigkeit zu steuern",0,"The question is about a ball moving toward a piece of ice, which is not a standard sports scenario. The context is unclear and likely mistranslated or misapplied — 'Dein Ball geht auf einen Stück Eis zu' suggests ice as a surface, but the answer refers to a 'Seitenwurf' (side throw), which is typical in curling or similar sports where stones are slid on ice. However, the question mentions 'Ball' (ball), not 'Stein' (stone), and 'Stück Eis' (piece of ice) is grammatically incorrect and semantically odd. The options also contain grammatical errors and illogical phrasing (e.g., 'Ziehen Sie die richtige Seite an' is nonsensical). The correct answer implies curling mechanics, but the question is not properly framed for that sport.",Ihr Stein gleitet auf dem Eis und wird zu weit bringen. Wie können Sie die Gleitweite kontrollieren?,"['A. Verwenden Sie einen Seitenwurf, um die Geschwindigkeit zu steuern', 'B. Werfen Sie schneller, um zu vermeiden, dass er zu weit gleitet', 'C. Werfen Sie langsamer, um die Gleitweite zu reduzieren', 'D. Ziehen Sie die Steinseite an, um ihn zu lenken']","A. Verwenden Sie einen Seitenwurf, um die Geschwindigkeit zu steuern"
SBQ,SBQ_Germany.xlsx,Klootschießen,"Der Ball ist kurz davor, einen Blätterhaufen zu treffen. Wie verhindern Sie, dass es stecken bleibt?","A. Sich schneller werfen, um durchzudrücken B. Verwenden Sie einen Seitenwurf, um darüber zu gleiten C. Langsamer werden, um zu vermeiden, dass sie stecken bleiben D. Ziel ist das Zentrum, es zu vermeiden","Verwenden Sie einen Seitenwurf, um darüber zu gleiten",0,"The question is not factually or logically correct because it refers to 'Der Ball' (the ball) approaching a pile of leaves, but the context of 'verhindern, dass es stecken bleibt' (prevent it from getting stuck) is ambiguous and not standard in any recognized sport. The options also mix grammatical gender incorrectly ('es' for 'Ball' is neuter, but options use 'sie' for feminine). Additionally, the correct answer option B uses 'darüber zu gleiten' (to glide over), which is not a standard technique in any sport involving balls and leaves. The scenario is unrealistic and not grounded in sports rules or physics.","Der Ball ist kurz davor, einen Pfütze zu treffen. Wie verhindern Sie, dass er abprallt oder seine Richtung verliert?","['A. Sich schneller werfen, um durchzudrücken', 'B. Verwenden Sie einen Seitenwurf, um darüber zu gleiten', 'C. Langsamer werfen, um zu vermeiden, dass er abprallt', 'D. Ziel auf das Zentrum der Pfütze, um die Richtung zu halten']","C. Langsamer werfen, um zu vermeiden, dass er abprallt"
SBQ,SBQ_Germany.xlsx,Klootschießen,Der bevorstehende Kurs ist gewunden und Sie müssen die Richtung des Balls steuern. Was solltest du tun?,"A. Werfen Sie härter, um die Geschwindigkeit aufrechtzuerhalten B. Verwenden Sie einen Seitenwurf, um es um Kurven zu führen C. Anstreben, um die rechte Seite zu stabilisieren D. Verlangsamen Sie, um die Richtung einzustellen","Verwenden Sie einen Seitenwurf, um es um Kurven zu führen",0,"The question refers to 'der bevorstehende Kurs' (upcoming course) and 'Richtung des Balls' (direction of the ball), which is ambiguous and not clearly tied to a specific sport. The term 'Kurs' could mean a course in golf, a path in bowling, or a track in soccer, but the context is missing. Additionally, 'Seitenwurf' (side throw) is not a standard technique for navigating curves in most sports — it's more relevant in baseball or cricket, but even then, it doesn't typically apply to 'steering' a ball around a course. The answer option is not factually consistent with common sports mechanics.",Der bevorstehende Loch ist gewunden und Sie müssen die Richtung des Balls steuern. Was solltest du tun?,"['A. Werfen Sie härter, um die Geschwindigkeit aufrechtzuerhalten', 'B. Verwenden Sie einen Seitenwurf, um es um Kurven zu führen', 'C. Anstreben, um die rechte Seite zu stabilisieren', 'D. Verlangsamen Sie, um die Richtung einzustellen']","D. Verlangsamen Sie, um die Richtung einzustellen"
SBQ,SBQ_Germany.xlsx,Klootschießen,"Ihr Ball geht auf eine Wassergefahr zu. Wie vermeiden Sie es, wenn Sie hineinfallen?","A. Verwenden Sie einen Seitenwurf, um ihn wegzusperren B. Werfen Sie härter, um die Gefahr zu beseitigen C. Verlangsamen Sie, um die Richtung einzustellen D. Ziehen Sie die linke Seite an, um sie zu vermeiden","Verwenden Sie einen Seitenwurf, um ihn wegzusperren",0,"The question is about a ball going toward a water hazard, but the answer refers to 'using a side throw to block it away', which is not a valid or logical golf or sports technique for avoiding water hazards. In golf (the most likely context), players do not throw the ball; they strike it with a club. The question and answer are factually inconsistent with standard sports rules. The options also do not reflect proper golf procedures like taking a drop, playing it as lies, or using a club to hit the ball away from danger.","Ihr Ball geht auf eine Wassergefahr zu. Was tun Sie, um den Ball zu retten?","['A. Spielen Sie den Ball mit einem Seitenwurf zurück', 'B. Schlagen Sie härter, um die Gefahr zu überwinden', 'C. Nehmen Sie eine Strafstrafe in Kauf und spielen Sie von der letzten Stelle erneut', 'D. Ziehen Sie die linke Seite an, um die Richtung zu ändern']",C. Nehmen Sie eine Strafstrafe in Kauf und spielen Sie von der letzten Stelle erneut
SBQ,SBQ_Germany.xlsx,Klootschießen,"Der Ball ist kurz davor, einen großen Felsbrocken in der Mitte des Pfades zu treffen. Wie vermeiden Sie es?","A. Werfen Sie härter, um es durchzubrechen B. Verwenden Sie einen Seitenwurf, um sich um sie herum zu krümmen C. Verlangsamen Sie, um zu vermeiden, es zu treffen D. Ziehen Sie die linke Seite an, um sie zu umgehen","Verwenden Sie einen Seitenwurf, um sich um sie herum zu krümmen",0,"The question describes a ball about to hit a rock 'in the middle of the path', implying a physical obstacle in a trajectory, but the context is unclear — it does not specify the sport or activity (e.g., golf, bowling, curling). The correct answer suggests a 'side throw' to curve around the obstacle, which is only logically valid in sports like golf or curling where curved trajectories are possible. However, the phrasing 'vermeiden Sie es' (avoid it) is ambiguous — are you avoiding the rock or the ball hitting the rock? Also, option D uses 'linke Seite anziehen' (pull left side), which is inconsistent with the German sports terminology and unclear. The answer option B uses 'sich um sie herum zu krümmen' — 'sie' is feminine, but 'Felsbrocken' is masculine, creating a grammatical error.","Der Ball ist kurz davor, einen großen Felsbrocken in der Mitte der Bahn zu treffen. Wie können Sie vermeiden, dass der Ball den Felsbrocken trifft?","['A. Werfen Sie härter, um es durchzubrechen', 'B. Verwenden Sie einen Seitenwurf, um ihn um den Felsbrocken herum zu krümmen', 'C. Verlangsamen Sie, um zu vermeiden, dass der Ball den Felsbrocken trifft', 'D. Ziehen Sie die linke Seite an, um ihn zu umgehen']","Verwenden Sie einen Seitenwurf, um ihn um den Felsbrocken herum zu krümmen"
SBQ,SBQ_Germany.xlsx,Klootschießen,Der Ball geht zu einer scharfen Biegung. Wie kontrollieren Sie seine Richtung?,"A. Wirf schneller um die Kurve zu räumen B. Verwenden Sie einen Seitenwurf, um um ihn herum zu steuern C. Verlangsamen Sie, um den Winkel einzustellen D. Ziehen Sie die richtige Seite an, um sie zu vermeiden","Verwenden Sie einen Seitenwurf, um um ihn herum zu steuern",0,"The question is factually incorrect and logically incoherent. 'Der Ball geht zu einer scharfen Biegung' (The ball goes to a sharp bend) is not a standard or meaningful sports phrase. It implies the ball itself is moving toward a bend, which is ambiguous and does not describe a clear scenario for controlling direction in any recognized sport. The correct answer option mentions 'Seitenwurf' (side throw), which is not a standard technique for controlling a ball's direction in most sports — it sounds more like a misinterpretation of a pass or curve. The question lacks context (e.g., sport, situation) and the options are poorly phrased or nonsensical in practical sports terminology.",Der Ball kommt mit einer scharfen Kurve auf dich zu. Wie kontrollierst du seine Richtung?,"['A. Wirf schneller, um die Kurve zu überwinden', 'B. Verwende einen Seitenpass, um ihn abzulenken', 'C. Verlangsame deine Bewegung, um den Winkel besser einzuschätzen', 'D. Ziehe die rechte Seite an, um ihn zu vermeiden']","B. Verwende einen Seitenpass, um ihn abzulenken"
SBQ,SBQ_Germany.xlsx,Klootschießen,"Sie nähern sich einer schmalen Lücke zwischen zwei Bäumen. Wie stellt man sicher, dass der Ball durchgeht?","A. Wirf schneller die Lücke ab B. Verwenden Sie einen Seitenwurf, um sich durchzudrücken C. Langsamer werden, um sorgfältig einzustellen D. Ziel ist das Zentrum, es zu bestehen","Verwenden Sie einen Seitenwurf, um sich durchzudrücken",0,"The question is in German and refers to a scenario of approaching a narrow gap between two trees, likely in a sport like golf or tennis. However, the correct answer 'Verwenden Sie einen Seitenwurf, um sich durchzudrücken' (Use a sidearm throw to push through) is not logically consistent with typical sports where precision through a narrow gap is required (e.g., golf, tennis, or cricket). A sidearm throw is not a standard or recommended technique for navigating tight spaces — instead, control and precision (slowing down, aiming carefully) are key. The question also lacks context: what sport? What is 'der Ball'? The answer option is grammatically awkward ('um sich durchzudrücken' implies the person is pushing through, not the ball). The question and answer are factually misleading and not aligned with standard sports knowledge.","Sie nähern sich einer schmalen Lücke zwischen zwei Bäumen mit einem Golfball. Wie stellen Sie sicher, dass der Ball durch die Lücke geht?","['A. Werfen Sie schneller, um die Lücke zu erreichen', 'B. Verwenden Sie einen Seitenwurf, um den Ball durchzudrücken', 'C. Verlangsamen Sie den Schwung, um präzise zu zielen', 'D. Zielen Sie auf das Zentrum der Lücke']",D. Zielen Sie auf das Zentrum der Lücke
SBQ,SBQ_Germany.xlsx,Klootschießen,"Ihr Ball rollt in Richtung eines steilen Hügels. Wie verhindern Sie, dass es zurückrollt?","A. Werfen Sie härter, um bergauf zu schieben B. Verwenden Sie einen Seitenwurf, um die Geschwindigkeit zu steuern C. Langsamer werden, um zu verhindern D. Ziehen Sie die linke Seite an, um sie zu leiten","Verwenden Sie einen Seitenwurf, um die Geschwindigkeit zu steuern",0,"The question is about a ball rolling toward a steep hill and how to prevent it from rolling back, but the correct answer ('Use a side throw to control speed') is physically inconsistent with the scenario. A side throw (Seitenwurf) implies actively throwing the ball, while the question describes the ball already rolling. The scenario demands a technique to stop or control a rolling ball, not to throw it. The answer should relate to ball control in motion, such as using body position or footwork, not a throw. Also, option C ('Langsamer werden, um zu verhindern') is grammatically incomplete and unclear.","Ihr Ball rollt einen steilen Hügel hinauf. Wie verhindern Sie, dass er nach dem Erreichen des Gipfels zurückrollt?","['A. Werfen Sie härter, um bergauf zu schieben', 'B. Verwenden Sie einen Seitenwurf, um die Geschwindigkeit zu steuern', 'C. Bremsen Sie den Ball mit dem Fuß, um ihn zu stoppen', 'D. Ziehen Sie die linke Seite an, um sie zu leiten']","Bremsen Sie den Ball mit dem Fuß, um ihn zu stoppen"
SBQ,SBQ_Germany.xlsx,Klootschießen,Der Weg ist voller Hindernisse. Wie navigieren Sie durch sie?,"A. Verwenden Sie einen Seitenwurf, um um sie herum zu steuern B. Wirf härter durch, um durchzusetzen C. Verlangsamen Sie und passen Sie Ihr Ziel an D. Ziel ist das Zentrum, sie zu vermeiden","Verwenden Sie einen Seitenwurf, um um sie herum zu steuern",0,"The question is in German and appears to be about navigating obstacles, but it lacks context — it does not specify the sport or scenario (e.g., basketball, soccer, handball). Without this, the question is ambiguous and not factually grounded in sports knowledge. The correct answer (A) implies a sidearm throw, which is relevant in sports like handball or basketball, but the question does not make this clear. The options also contain inconsistent phrasing and logic (e.g., option D is grammatically malformed).",Der Weg zum Korb ist voller Hindernisse. Wie navigieren Sie durch sie im Handball?,"['A. Verwenden Sie einen Seitenwurf, um um sie herum zu steuern', 'B. Werfen Sie härter durch, um durchzusetzen', 'C. Verlangsamen Sie und passen Sie Ihr Ziel an', 'D. Ziel ist das Zentrum, um sie zu vermeiden']","A. Verwenden Sie einen Seitenwurf, um um sie herum zu steuern"
SBQ,SBQ_Germany.xlsx,Klootschießen,Der Ball geht zu einer scharfen Steigung. Wie passen Sie Ihren Wurf an?,"A. Wirf härter, um die Steigung zu besteigen B. Verwenden Sie einen Seitenwurf, um die Geschwindigkeit zu steuern C. Langsamer werden, um den Schwung aufrechtzuerhalten D. Ziehen Sie die richtige Seite an, um sie zu leiten","Verwenden Sie einen Seitenwurf, um die Geschwindigkeit zu steuern",0,"The question 'Der Ball geht zu einer scharfen Steigung' is factually incorrect and illogical in the context of sports (likely baseball, softball, or similar). A ball does not 'go to a sharp incline' — this phrasing suggests the ball is moving toward a terrain feature, which is not how throwing mechanics are typically described. The correct context should be about throwing a ball up an incline or on a sloped surface, and the answer options should logically relate to adjusting the throw for such a condition. The given answer 'Verwenden Sie einen Seitenwurf, um die Geschwindigkeit zu steuern' is also not the most accurate response; controlling speed on an incline is better achieved by adjusting force or angle, not necessarily a sidearm throw.",Der Ball soll eine scharfe Steigung hinaufgeworfen werden. Wie passen Sie Ihren Wurf an?,"['A. Wirf härter, um die Steigung zu besteigen', 'B. Verwenden Sie einen Seitenwurf, um die Geschwindigkeit zu steuern', 'C. Wirf sanfter, um den Schwung aufrechtzuerhalten', 'D. Ziehen Sie die richtige Seite an, um sie zu leiten']","A. Wirf härter, um die Steigung zu besteigen"
SBQ,SBQ_Germany.xlsx,Klootschießen,"Sie nähern sich dem Ende des Kurses und müssen sicherstellen, dass der Ball verlangsamt. Was machst du?","A. Wirf härter, um es zu stoppen B. Verwenden Sie einen Seitenwurf, um es zu verlangsamen C. Langsamer werden, um die Richtung zu steuern D. Ziehen Sie die linke Seite an, um sie zu leiten","Verwenden Sie einen Seitenwurf, um es zu verlangsamen",0,"The question refers to 'den Ball verlangsamen' (slowing down the ball) in the context of approaching the end of a course, but the phrasing is ambiguous and lacks clear sport context. The correct answer mentions 'Seitenwurf' (side throw), which is not a standard or logical method to slow down a ball in most sports. This suggests the question may be referring to a specific sport like Korfball or a local game, but it's not specified. The options are inconsistent with typical ball-control mechanics — throwing harder or using a side throw doesn't logically slow a ball; decelerating movement or using friction/technique does. The question and answer are factually flawed.",Sie nähern sich dem Ende des Kurses und müssen den Ball kontrolliert verlangsamen. Was tun Sie?,"['A. Werfen Sie härter, um den Ball zu stoppen', 'B. Verwenden Sie einen Seitenwurf, um den Ball zu verlangsamen', 'C. Verlangsamen Sie Ihre Bewegung, um die Richtung und Geschwindigkeit zu steuern', 'D. Ziehen Sie die linke Seite an, um den Ball zu leiten']","Verlangsamen Sie Ihre Bewegung, um die Richtung und Geschwindigkeit zu steuern"
SBQ,SBQ_Germany.xlsx,Klootschießen,"Der Kurs hat eine Menge nasser Schlamm. Wie vermeiden Sie, dass der Ball stecken bleibt?","A. Wirf härter durch, um durchzusetzen B. Verwenden Sie einen Seitenwurf, um es zu vermeiden C. Verlangsamen Sie, um die Geschwindigkeit des Balls zu steuern D. Ziehen Sie die rechte Seite an, um sie zu umgehen","Verwenden Sie einen Seitenwurf, um es zu vermeiden",0,"The question is not factually correct because it refers to 'Kurs' (course) with 'nasser Schlamm' (wet mud), which is ambiguous and not standard terminology in sports. In sports like golf or football, muddy conditions are common, but 'Kurs' is not the correct term for a playing field in this context. Also, the options mix German sports terminology inconsistently — 'Seitenwurf' (side throw) is not a standard technique to avoid getting stuck in mud in most sports. The correct context is likely golf, where a 'Bahn' (fairway) or 'Grüne' (green) might be muddy, and the solution would involve using a higher-lofted club or a different swing, not a 'Seitenwurf'. The provided answer is not logically sound for any standard sport.","Der Fairway ist mit nassen Schlamm bedeckt. Wie vermeiden Sie, dass der Ball stecken bleibt?","['A. Schlagen Sie härter, um durchzusetzen', 'B. Verwenden Sie einen Seitenwurf, um es zu vermeiden', 'C. Verlangsamen Sie den Schwung, um die Kontrolle zu behalten', 'D. Ziehen Sie die rechte Seite an, um sie zu umgehen']","C. Verlangsamen Sie den Schwung, um die Kontrolle zu behalten"
SBQ,SBQ_Germany.xlsx,Klootschießen,"Ihr Ball ist kurz davor, einen niedrigen Baumstumpf zu treffen. Wie vermeiden Sie es?","A. Verwenden Sie einen Seitenwurf, um es zu vermeiden B. Wirf härter, um es zu räumen C. Langsamer werden, um die Richtung einzustellen D. Ziel ist das Zentrum, es zu klären","Verwenden Sie einen Seitenwurf, um es zu vermeiden",0,"The question is ambiguous and lacks context. It mentions 'Ihr Ball' (your ball) but does not specify the sport. The options refer to throwing or aiming, which suggests a ball-throwing sport like baseball, cricket, or handball, but this is not clarified. Additionally, option D is grammatically incorrect ('Zentrum, es zu klären' is not proper German). The correct answer (A) is plausible but the question needs to specify the sport and fix the grammar to be a valid MCQ.","Ihr Ball ist kurz davor, einen niedrigen Baumstumpf zu treffen, während Sie einen Seitenwurf ausführen. Wie vermeiden Sie den Aufprall?","['A. Verwenden Sie einen Seitenwurf, um es zu vermeiden', 'B. Werfen Sie härter, um es zu überwinden', 'C. Verlangsamen Sie den Wurf, um die Richtung einzustellen', 'D. Zielen Sie auf das Zentrum, um es zu überwinden']","A. Verwenden Sie einen Seitenwurf, um es zu vermeiden"
SBQ,SBQ_Germany.xlsx,Klootschießen,Der Ball geht zu einer scharfen Kurve. Wie vermeiden Sie das Überschwingen?,"A. Wirf schneller die Kurve ab B. Verwenden Sie einen Seitenwurf, um ihn herumzuleiten C. Langsamer werden, um die Richtung zu steuern D. Ziehen Sie die rechte Seite ab, die langsamer werden kann","Verwenden Sie einen Seitenwurf, um ihn herumzuleiten",0,"The question is factually incorrect and illogical. In sports like baseball or cricket, a 'scharfe Kurve' (sharp curve) refers to a pitched or bowled ball that curves in flight. The phrase 'Der Ball geht zu einer scharfen Kurve' is grammatically awkward and implies the ball itself is turning into a curve, rather than being thrown with a curve. Additionally, the correct answer option 'Verwenden Sie einen Seitenwurf, um ihn herumzuleiten' (Use a sidearm throw to deflect it around) is not a standard or logical technique for handling a curveball — it confuses the action of throwing a curve with reacting to one. The proper way to handle a curveball is to adjust timing and stance, not to use a sidearm throw to 'deflect' it. The options are also poorly worded and inconsistent in grammar and terminology.",Der Ball kommt mit einer scharfen Kurve angeflogen. Wie können Sie ihn besser treffen?,"['A. Schneller werfen, um die Kurve zu überholen', 'B. Einen Seitenwurf verwenden, um ihn abzuleiten', 'C. Langsamer werden und die Richtung voraussehen', 'D. Die rechte Hand stärker ziehen, um mehr Drehung zu erzeugen']",C. Langsamer werden und die Richtung voraussehen
SBQ,SBQ_Germany.xlsx,Klootschießen,"Sie nähern sich einem Stück Felsen. Wie passen Sie sich an, um sicherzustellen, dass der Ball den Kurs nicht vom Kurs abspricht?","A. Wirf härter durch, um durchzusetzen B. Verwenden Sie einen Seitenwurf, um ihn zu stabilisieren C. Verlangsamen Sie, um die Geschwindigkeit einzustellen D. Ziehen Sie die linke Seite an, um sie zu leiten","Verwenden Sie einen Seitenwurf, um ihn zu stabilisieren",0,"The question is in German and refers to 'Ball' and 'Kurs', implying a sport involving throwing or rolling a ball (e.g., bowling, curling, or bocce), but the context 'nähern sich einem Stück Felsen' (approaching a rock) is ambiguous and not clearly tied to any standard sports rule or technique. The answer option 'Verwenden Sie einen Seitenwurf, um ihn zu stabilisieren' (Use a sidearm throw to stabilize it) is not a universally recognized or logical technique for avoiding deviation near a rock in any mainstream sport. The entire scenario lacks factual grounding in sports mechanics. Additionally, 'Kurs nicht vom Kurs abspricht' is a tautological and grammatically incorrect phrase (repeating 'Kurs').","Sie nähern sich einem Stein. Wie passen Sie Ihre Wurftechnik an, um sicherzustellen, dass der Ball nicht von der gewünschten Bahn abweicht?","['A. Werfen Sie härter, um durchzusetzen', 'B. Verwenden Sie einen Seitenwurf, um die Kontrolle zu verbessern', 'C. Verlangsamen Sie Ihre Bewegung, um die Geschwindigkeit zu reduzieren', 'D. Ziehen Sie die linke Seite an, um die Richtung zu korrigieren']","B. Verwenden Sie einen Seitenwurf, um die Kontrolle zu verbessern"
SBQ,SBQ_Germany.xlsx,Klootschießen,"Der Ball geht zu einem schmalen, kurvenreichen Pfad. Wie navigieren Sie durch das?","A. Werfen Sie härter, um die Geschwindigkeit aufrechtzuerhalten B. Verwenden Sie einen Seitenwurf, um ihn durch den Weg zu führen C. Verlangsamen Sie, um die Richtung einzustellen D. Ziel ist das Zentrum, es zu stabilisieren","Verwenden Sie einen Seitenwurf, um ihn durch den Weg zu führen",0,"The question is not factually or logically correct because it describes a ball moving toward a 'narrow, winding path' without specifying the context (e.g., sport, object, or action). The phrasing 'Der Ball geht zu...' implies the ball is moving toward the path, not that the player is trying to guide it through it. This makes the question ambiguous and unanswerable in a sports context. Additionally, the options include non-standard or unclear phrasing like 'es zu stabilisieren' without clear subject reference.","Der Ball soll durch einen schmalen, kurvenreichen Pfad geleitet werden. Wie navigieren Sie ihn durch den Pfad?","['A. Werfen Sie härter, um die Geschwindigkeit aufrechtzuerhalten', 'B. Verwenden Sie einen Seitenwurf, um ihn durch den Weg zu führen', 'C. Verlangsamen Sie, um die Richtung einzustellen', 'D. Zielen Sie auf das Zentrum, um ihn zu stabilisieren']","B. Verwenden Sie einen Seitenwurf, um ihn durch den Weg zu führen"
SBQ,SBQ_Germany.xlsx,Klootschießen,Dein Ball geht auf einen Sandstück zu. Wie vermeiden Sie es am Versinken?,"A. Verwenden Sie einen Seitenwurf, um darüber zu gleiten B. Härter werfen, um durchzubrechen C. Langsamer werden, um das Ziel anzupassen D. Ziehen Sie die linke Seite an, um sie zu vermeiden","Verwenden Sie einen Seitenwurf, um darüber zu gleiten",0,"The question is about a ball going toward a sand piece ('Sandstück'), which is ambiguous and not standard terminology in sports. It likely intends to refer to a sand trap (e.g., in golf), but the phrasing is unclear. Additionally, the options contain non-sport-appropriate or illogical advice (e.g., 'Ziehen Sie die linke Seite an' is meaningless in this context). The correct answer suggests a 'Seitenwurf' (side throw), which is not a standard technique in golf or most ball sports for escaping sand — the correct technique is using a sand wedge with an open face and a steep swing, not a throw. Thus, the entire question is factually incorrect for any recognized sport.","Ihr Ball landet in einem Sandfall. Wie vermeiden Sie es, dass er im Sand stecken bleibt?","['A. Verwenden Sie einen Sandwedgelift mit geöffneter Schlagfläche, um den Ball herauszuspielen', 'B. Schlagen Sie härter, um durch den Sand zu brechen', 'C. Spielen Sie langsamer, um das Ziel besser anzupassen', 'D. Ziehen Sie die linke Seite an, um den Sand zu vermeiden']","A. Verwenden Sie einen Sandwedgelift mit geöffneter Schlagfläche, um den Ball herauszuspielen"
SBQ,SBQ_Germany.xlsx,Klootschießen,"Der Ball ist kurz davor, einen großen Stein zu treffen. Wie verhindern Sie, dass es vom Kurs abprallt?","A. Härter werfen, um durchzubrechen B. Verwenden Sie einen Seitenwurf, um um ihn herum zu steuern C. Langsamer werden, um Auswirkungen zu vermeiden D. Ziehen Sie die richtige Seite an, um sie zu vermeiden","Verwenden Sie einen Seitenwurf, um um ihn herum zu steuern",0,"The question is factually incorrect and logically flawed because it refers to a ball about to hit a 'großen Stein' (large stone) in a sports context without specifying the sport. In most sports (e.g., soccer, baseball, golf), avoiding a large stone by using a side throw is not a standard or logical technique — stones are not typical obstacles in regulated play. Additionally, the phrasing 'Der Ball ist kurz davor, einen großen Stein zu treffen' implies the ball is already in motion and the player must react, but the options suggest actions the player takes to throw or control the ball, which is inconsistent. The correct answer option B is not a realistic or standard sports technique. The question lacks context and is not a valid MCQ for sports knowledge.","Der Ball ist kurz davor, einen Hindernisblock zu treffen. Wie verhindern Sie, dass er abprallt?","['A. Härter werfen, um durchzubrechen', 'B. Verwenden Sie einen Seitenwurf, um um ihn herum zu steuern', 'C. Langsamer werfen, um Auswirkungen zu minimieren', 'D. Ziehen Sie die richtige Seite an, um sie zu vermeiden']","Verwenden Sie einen Seitenwurf, um um ihn herum zu steuern"
SBQ,SBQ_Germany.xlsx,Klootschießen,"Ihr Ball rollt zu einem Stück hohes Gras. Wie stellen Sie sicher, dass es auf Kurs bleibt?","A. Wirf härter durch, um durchzusetzen B. Verwenden Sie einen Seitenwurf, um ihn zu leiten C. Verlangsamen Sie, um den Pfad anzupassen D. Ziel ist das Zentrum, es zu stabilisieren","Verwenden Sie einen Seitenwurf, um ihn zu leiten",0,"The question is about a ball rolling into tall grass, but the context is unclear — it does not specify the sport. The answer 'Verwenden Sie einen Seitenwurf, um ihn zu leiten' (Use a side throw to guide it) is illogical because a side throw is an action to launch the ball, not to retrieve or guide a ball already rolling in grass. The options do not align with realistic ball control in tall grass (e.g., in golf, you would mark and lift; in soccer, you would stop it). The question fails as a valid MCQ due to lack of sport context and implausible answer.","Ihr Ball rollt in hohes Gras beim Golf. Wie verfahren Sie korrekt, um ihn zu finden und wieder in Spiel zu bringen?","['A. Werfen Sie härter, um durch das Gras zu dringen', 'B. Verwenden Sie einen Seitenwurf, um ihn zu leiten', 'C. Markieren Sie die Position, heben Sie den Ball auf und setzen ihn an der nächsten Stelle ab', 'D. Ziel auf das Zentrum des Grases, um ihn zu stabilisieren']","C. Markieren Sie die Position, heben Sie den Ball auf und setzen ihn an der nächsten Stelle ab"
